asin,title,timestamp,price,price_type,fetch_time,data_source
B09B8X9ZGH,Echo Dot (5th Gen),2025-11-18T17:14:40.506356+00:00,55.81,amazon,2026-05-17T17:14:40.510362+00:00,seed (simulated history - replace with Keepa API)
B09B8X9ZGH,Echo Dot (5th Gen),2025-11-19T17:14:40.506356+00:00,54.76,amazon,2026-05-17T17:14:40.510407+00:00,seed (simulated history - replace with Keepa API)
B09B8X9ZGH,Echo Dot (5th Gen),2025-11-20T17:14:40.506356+00:00,40.86,amazon,2026-05-17T17:14:40.510434+00:00,seed (simulated history - replace with Keepa API)
B09B8X9ZGH,Echo Dot (5th Gen),2025-11-21T17:14:40.506356+00:00,40.86,amazon,2026-05-17T17:14:40.510457+00:00,seed (simulated history - replace with Keepa API)
B09B8X9ZGH,Echo Dot (5th Gen),2025-11-22T17:14:40.506356+00:00,41.7,amazon,2026-05-17T17:14:40.510479+00:00,seed (simulated history - replace with Keepa API)
B09B8X9ZGH,Echo Dot (5th Gen),2025-11-23T17:14:40.506356+00:00,42.91,amazon,2026-05-17T17:14:40.510506+00:00,seed (simulated history - replace with Keepa API)
B09B8X9ZGH,Echo Dot (5th Gen),2025-11-24T17:14:40.506356+00:00,40.28,amazon,2026-05-17T17:14:40.510526+00:00,seed (simulated history - replace with Keepa API)
B09B8X9ZGH,Echo Dot (5th Gen),2025-11-25T17:14:40.506356+00:00,40.38,amazon,2026-05-17T17:14:40.510617+00:00,seed (simulated history - replace with Keepa API)
B09B8X9ZGH,Echo Dot (5th Gen),2025-11-26T17:14:40.506356+00:00,40.3,amazon,2026-05-17T17:14:40.510642+00:00,seed (simulated history - replace with Keepa API)
B09B8X9ZGH,Echo Dot (5th Gen),2025-11-27T17:14:40.506356+00:00,39.72,amazon,2026-05-17T17:14:40.510692+00:00,seed (simulated history - replace with Keepa API)
B09B8X9ZGH,Echo Dot (5th Gen),2025-11-28T17:14:40.506356+00:00,36.93,amazon,2026-05-17T17:14:40.510717+00:00,seed (simulated history - replace with Keepa API)
B09B8X9ZGH,Echo Dot (5th Gen),2025-11-29T17:14:40.506356+00:00,42.81,amazon,2026-05-17T17:14:40.510737+00:00,seed (simulated history - replace with Keepa API)
B09B8X9ZGH,Echo Dot (5th Gen),2025-11-30T17:14:40.506356+00:00,42.59,amazon,2026-05-17T17:14:40.510756+00:00,seed (simulated history - replace with Keepa API)
B09B8X9ZGH,Echo Dot (5th Gen),2025-12-01T17:14:40.506356+00:00,52.48,amazon,2026-05-17T17:14:40.510778+00:00,seed (simulated history - replace with Keepa API)
B09B8X9ZGH,Echo Dot (5th Gen),2025-12-02T17:14:40.506356+00:00,53.49,amazon,2026-05-17T17:14:40.510798+00:00,seed (simulated history - replace with Keepa API)
B09B8X9ZGH,Echo Dot (5th Gen),2025-12-03T17:14:40.506356+00:00,52.66,amazon,2026-05-17T17:14:40.510820+00:00,seed (simulated history - replace with Keepa API)
B09B8X9ZGH,Echo Dot (5th Gen),2025-12-04T17:14:40.506356+00:00,55.1,amazon,2026-05-17T17:14:40.510839+00:00,seed (simulated history - replace with Keepa API)
B09B8X9ZGH,Echo Dot (5th Gen),2025-12-05T17:14:40.506356+00:00,40.46,amazon,2026-05-17T17:14:40.510883+00:00,seed (simulated history - replace with Keepa API)
B09B8X9ZGH,Echo Dot (5th Gen),2025-12-06T17:14:40.506356+00:00,54.0,amazon,2026-05-17T17:14:40.510904+00:00,seed (simulated history - replace with Keepa API)
B09B8X9ZGH,Echo Dot (5th Gen),2025-12-07T17:14:40.506356+00:00,56.55,amazon,2026-05-17T17:14:40.510924+00:00,seed (simulated history - replace with Keepa API)
B09B8X9ZGH,Echo Dot (5th Gen),2025-12-08T17:14:40.506356+00:00,53.3,amazon,2026-05-17T17:14:40.510944+00:00,seed (simulated history - replace with Keepa API)
B09B8X9ZGH,Echo Dot (5th Gen),2025-12-09T17:14:40.506356+00:00,39.22,amazon,2026-05-17T17:14:40.510971+00:00,seed (simulated history - replace with Keepa API)
B09B8X9ZGH,Echo Dot (5th Gen),2025-12-10T17:14:40.506356+00:00,56.35,amazon,2026-05-17T17:14:40.510997+00:00,seed (simulated history - replace with Keepa API)
B09B8X9ZGH,Echo Dot (5th Gen),2025-12-11T17:14:40.506356+00:00,52.98,amazon,2026-05-17T17:14:40.511091+00:00,seed (simulated history - replace with Keepa API)
B09B8X9ZGH,Echo Dot (5th Gen),2025-12-12T17:14:40.506356+00:00,52.8,amazon,2026-05-17T17:14:40.511115+00:00,seed (simulated history - replace with Keepa API)
B09B8X9ZGH,Echo Dot (5th Gen),2025-12-13T17:14:40.506356+00:00,55.31,amazon,2026-05-17T17:14:40.511136+00:00,seed (simulated history - replace with Keepa API)
B09B8X9ZGH,Echo Dot (5th Gen),2025-12-14T17:14:40.506356+00:00,56.21,amazon,2026-05-17T17:14:40.511157+00:00,seed (simulated history - replace with Keepa API)
B09B8X9ZGH,Echo Dot (5th Gen),2025-12-15T17:14:40.506356+00:00,55.27,amazon,2026-05-17T17:14:40.511178+00:00,seed (simulated history - replace with Keepa API)
B09B8X9ZGH,Echo Dot (5th Gen),2025-12-16T17:14:40.506356+00:00,54.8,amazon,2026-05-17T17:14:40.511198+00:00,seed (simulated history - replace with Keepa API)
B09B8X9ZGH,Echo Dot (5th Gen),2025-12-17T17:14:40.506356+00:00,54.49,amazon,2026-05-17T17:14:40.511232+00:00,seed (simulated history - replace with Keepa API)
B09B8X9ZGH,Echo Dot (5th Gen),2025-12-18T17:14:40.506356+00:00,54.23,amazon,2026-05-17T17:14:40.511253+00:00,seed (simulated history - replace with Keepa API)
B09B8X9ZGH,Echo Dot (5th Gen),2025-12-19T17:14:40.506356+00:00,56.73,amazon,2026-05-17T17:14:40.511273+00:00,seed (simulated history - replace with Keepa API)
B09B8X9ZGH,Echo Dot (5th Gen),2025-12-20T17:14:40.506356+00:00,55.52,amazon,2026-05-17T17:14:40.511292+00:00,seed (simulated history - replace with Keepa API)
B09B8X9ZGH,Echo Dot (5th Gen),2025-12-21T17:14:40.506356+00:00,54.35,amazon,2026-05-17T17:14:40.511312+00:00,seed (simulated history - replace with Keepa API)
B09B8X9ZGH,Echo Dot (5th Gen),2025-12-22T17:14:40.506356+00:00,39.41,amazon,2026-05-17T17:14:40.511342+00:00,seed (simulated history - replace with Keepa API)
B09B8X9ZGH,Echo Dot (5th Gen),2025-12-23T17:14:40.506356+00:00,56.0,amazon,2026-05-17T17:14:40.511373+00:00,seed (simulated history - replace with Keepa API)
B09B8X9ZGH,Echo Dot (5th Gen),2025-12-24T17:14:40.506356+00:00,56.47,amazon,2026-05-17T17:14:40.511392+00:00,seed (simulated history - replace with Keepa API)
B09B8X9ZGH,Echo Dot (5th Gen),2025-12-25T17:14:40.506356+00:00,56.24,amazon,2026-05-17T17:14:40.511413+00:00,seed (simulated history - replace with Keepa API)
B09B8X9ZGH,Echo Dot (5th Gen),2025-12-26T17:14:40.506356+00:00,52.5,amazon,2026-05-17T17:14:40.511431+00:00,seed (simulated history - replace with Keepa API)
B09B8X9ZGH,Echo Dot (5th Gen),2025-12-27T17:14:40.506356+00:00,56.8,amazon,2026-05-17T17:14:40.511451+00:00,seed (simulated history - replace with Keepa API)
B09B8X9ZGH,Echo Dot (5th Gen),2025-12-28T17:14:40.506356+00:00,56.94,amazon,2026-05-17T17:14:40.511470+00:00,seed (simulated history - replace with Keepa API)
B09B8X9ZGH,Echo Dot (5th Gen),2025-12-29T17:14:40.506356+00:00,53.51,amazon,2026-05-17T17:14:40.511495+00:00,seed (simulated history - replace with Keepa API)
B09B8X9ZGH,Echo Dot (5th Gen),2025-12-30T17:14:40.506356+00:00,53.28,amazon,2026-05-17T17:14:40.511519+00:00,seed (simulated history - replace with Keepa API)
B09B8X9ZGH,Echo Dot (5th Gen),2025-12-31T17:14:40.506356+00:00,54.86,amazon,2026-05-17T17:14:40.511557+00:00,seed (simulated history - replace with Keepa API)
B09B8X9ZGH,Echo Dot (5th Gen),2026-01-01T17:14:40.506356+00:00,57.46,amazon,2026-05-17T17:14:40.511580+00:00,seed (simulated history - replace with Keepa API)
B09B8X9ZGH,Echo Dot (5th Gen),2026-01-02T17:14:40.506356+00:00,55.55,amazon,2026-05-17T17:14:40.511597+00:00,seed (simulated history - replace with Keepa API)
B09B8X9ZGH,Echo Dot (5th Gen),2026-01-03T17:14:40.506356+00:00,54.33,amazon,2026-05-17T17:14:40.511615+00:00,seed (simulated history - replace with Keepa API)
B09B8X9ZGH,Echo Dot (5th Gen),2026-01-04T17:14:40.506356+00:00,42.39,amazon,2026-05-17T17:14:40.511646+00:00,seed (simulated history - replace with Keepa API)
B09B8X9ZGH,Echo Dot (5th Gen),2026-01-05T17:14:40.506356+00:00,55.14,amazon,2026-05-17T17:14:40.511663+00:00,seed (simulated history - replace with Keepa API)
B09B8X9ZGH,Echo Dot (5th Gen),2026-01-06T17:14:40.506356+00:00,51.71,amazon,2026-05-17T17:14:40.511681+00:00,seed (simulated history - replace with Keepa API)
B09B8X9ZGH,Echo Dot (5th Gen),2026-01-07T17:14:40.506356+00:00,57.43,amazon,2026-05-17T17:14:40.511701+00:00,seed (simulated history - replace with Keepa API)
B09B8X9ZGH,Echo Dot (5th Gen),2026-01-08T17:14:40.506356+00:00,54.14,amazon,2026-05-17T17:14:40.511721+00:00,seed (simulated history - replace with Keepa API)
B09B8X9ZGH,Echo Dot (5th Gen),2026-01-09T17:14:40.506356+00:00,53.66,amazon,2026-05-17T17:14:40.511743+00:00,seed (simulated history - replace with Keepa API)
B09B8X9ZGH,Echo Dot (5th Gen),2026-01-10T17:14:40.506356+00:00,54.16,amazon,2026-05-17T17:14:40.511766+00:00,seed (simulated history - replace with Keepa API)
B09B8X9ZGH,Echo Dot (5th Gen),2026-01-11T17:14:40.506356+00:00,56.5,amazon,2026-05-17T17:14:40.511799+00:00,seed (simulated history - replace with Keepa API)
B09B8X9ZGH,Echo Dot (5th Gen),2026-01-12T17:14:40.506356+00:00,55.53,amazon,2026-05-17T17:14:40.511820+00:00,seed (simulated history - replace with Keepa API)
B09B8X9ZGH,Echo Dot (5th Gen),2026-01-13T17:14:40.506356+00:00,55.15,amazon,2026-05-17T17:14:40.511842+00:00,seed (simulated history - replace with Keepa API)
B09B8X9ZGH,Echo Dot (5th Gen),2026-01-14T17:14:40.506356+00:00,56.59,amazon,2026-05-17T17:14:40.511865+00:00,seed (simulated history - replace with Keepa API)
B09B8X9ZGH,Echo Dot (5th Gen),2026-01-15T17:14:40.506356+00:00,53.83,amazon,2026-05-17T17:14:40.511886+00:00,seed (simulated history - replace with Keepa API)
B09B8X9ZGH,Echo Dot (5th Gen),2026-01-16T17:14:40.506356+00:00,54.45,amazon,2026-05-17T17:14:40.511906+00:00,seed (simulated history - replace with Keepa API)
B09B8X9ZGH,Echo Dot (5th Gen),2026-01-17T17:14:40.506356+00:00,44.36,amazon,2026-05-17T17:14:40.511937+00:00,seed (simulated history - replace with Keepa API)
B09B8X9ZGH,Echo Dot (5th Gen),2026-01-18T17:14:40.506356+00:00,55.42,amazon,2026-05-17T17:14:40.511959+00:00,seed (simulated history - replace with Keepa API)
B09B8X9ZGH,Echo Dot (5th Gen),2026-01-19T17:14:40.506356+00:00,54.34,amazon,2026-05-17T17:14:40.511987+00:00,seed (simulated history - replace with Keepa API)
B09B8X9ZGH,Echo Dot (5th Gen),2026-01-20T17:14:40.506356+00:00,54.51,amazon,2026-05-17T17:14:40.512025+00:00,seed (simulated history - replace with Keepa API)
B09B8X9ZGH,Echo Dot (5th Gen),2026-01-21T17:14:40.506356+00:00,55.34,amazon,2026-05-17T17:14:40.512053+00:00,seed (simulated history - replace with Keepa API)
B09B8X9ZGH,Echo Dot (5th Gen),2026-01-22T17:14:40.506356+00:00,51.65,amazon,2026-05-17T17:14:40.512077+00:00,seed (simulated history - replace with Keepa API)
B09B8X9ZGH,Echo Dot (5th Gen),2026-01-23T17:14:40.506356+00:00,54.96,amazon,2026-05-17T17:14:40.512099+00:00,seed (simulated history - replace with Keepa API)
B09B8X9ZGH,Echo Dot (5th Gen),2026-01-24T17:14:40.506356+00:00,52.23,amazon,2026-05-17T17:14:40.512172+00:00,seed (simulated history - replace with Keepa API)
B09B8X9ZGH,Echo Dot (5th Gen),2026-01-25T17:14:40.506356+00:00,55.16,amazon,2026-05-17T17:14:40.512223+00:00,seed (simulated history - replace with Keepa API)
B09B8X9ZGH,Echo Dot (5th Gen),2026-01-26T17:14:40.506356+00:00,54.28,amazon,2026-05-17T17:14:40.512242+00:00,seed (simulated history - replace with Keepa API)
B09B8X9ZGH,Echo Dot (5th Gen),2026-01-27T17:14:40.506356+00:00,55.78,amazon,2026-05-17T17:14:40.512260+00:00,seed (simulated history - replace with Keepa API)
B09B8X9ZGH,Echo Dot (5th Gen),2026-01-28T17:14:40.506356+00:00,54.56,amazon,2026-05-17T17:14:40.512277+00:00,seed (simulated history - replace with Keepa API)
B09B8X9ZGH,Echo Dot (5th Gen),2026-01-29T17:14:40.506356+00:00,55.55,amazon,2026-05-17T17:14:40.512294+00:00,seed (simulated history - replace with Keepa API)
B09B8X9ZGH,Echo Dot (5th Gen),2026-01-30T17:14:40.506356+00:00,54.98,amazon,2026-05-17T17:14:40.512312+00:00,seed (simulated history - replace with Keepa API)
B09B8X9ZGH,Echo Dot (5th Gen),2026-01-31T17:14:40.506356+00:00,53.71,amazon,2026-05-17T17:14:40.512335+00:00,seed (simulated history - replace with Keepa API)
B09B8X9ZGH,Echo Dot (5th Gen),2026-02-01T17:14:40.506356+00:00,56.27,amazon,2026-05-17T17:14:40.512353+00:00,seed (simulated history - replace with Keepa API)
B09B8X9ZGH,Echo Dot (5th Gen),2026-02-02T17:14:40.506356+00:00,57.31,amazon,2026-05-17T17:14:40.512370+00:00,seed (simulated history - replace with Keepa API)
B09B8X9ZGH,Echo Dot (5th Gen),2026-02-03T17:14:40.506356+00:00,57.29,amazon,2026-05-17T17:14:40.512391+00:00,seed (simulated history - replace with Keepa API)
B09B8X9ZGH,Echo Dot (5th Gen),2026-02-04T17:14:40.506356+00:00,54.18,amazon,2026-05-17T17:14:40.512408+00:00,seed (simulated history - replace with Keepa API)
B09B8X9ZGH,Echo Dot (5th Gen),2026-02-05T17:14:40.506356+00:00,44.52,amazon,2026-05-17T17:14:40.512442+00:00,seed (simulated history - replace with Keepa API)
B09B8X9ZGH,Echo Dot (5th Gen),2026-02-06T17:14:40.506356+00:00,52.43,amazon,2026-05-17T17:14:40.512460+00:00,seed (simulated history - replace with Keepa API)
B09B8X9ZGH,Echo Dot (5th Gen),2026-02-07T17:14:40.506356+00:00,55.1,amazon,2026-05-17T17:14:40.512478+00:00,seed (simulated history - replace with Keepa API)
B09B8X9ZGH,Echo Dot (5th Gen),2026-02-08T17:14:40.506356+00:00,53.47,amazon,2026-05-17T17:14:40.512501+00:00,seed (simulated history - replace with Keepa API)
B09B8X9ZGH,Echo Dot (5th Gen),2026-02-09T17:14:40.506356+00:00,57.55,amazon,2026-05-17T17:14:40.512519+00:00,seed (simulated history - replace with Keepa API)
B09B8X9ZGH,Echo Dot (5th Gen),2026-02-10T17:14:40.506356+00:00,53.7,amazon,2026-05-17T17:14:40.512536+00:00,seed (simulated history - replace with Keepa API)
B09B8X9ZGH,Echo Dot (5th Gen),2026-02-11T17:14:40.506356+00:00,54.46,amazon,2026-05-17T17:14:40.512570+00:00,seed (simulated history - replace with Keepa API)
B09B8X9ZGH,Echo Dot (5th Gen),2026-02-12T17:14:40.506356+00:00,56.33,amazon,2026-05-17T17:14:40.512590+00:00,seed (simulated history - replace with Keepa API)
B09B8X9ZGH,Echo Dot (5th Gen),2026-02-13T17:14:40.506356+00:00,52.96,amazon,2026-05-17T17:14:40.512611+00:00,seed (simulated history - replace with Keepa API)
B09B8X9ZGH,Echo Dot (5th Gen),2026-02-14T17:14:40.506356+00:00,52.34,amazon,2026-05-17T17:14:40.512628+00:00,seed (simulated history - replace with Keepa API)
B09B8X9ZGH,Echo Dot (5th Gen),2026-02-15T17:14:40.506356+00:00,55.29,amazon,2026-05-17T17:14:40.512646+00:00,seed (simulated history - replace with Keepa API)
B09B8X9ZGH,Echo Dot (5th Gen),2026-02-16T17:14:40.506356+00:00,55.42,amazon,2026-05-17T17:14:40.512664+00:00,seed (simulated history - replace with Keepa API)
B09B8X9ZGH,Echo Dot (5th Gen),2026-02-17T17:14:40.506356+00:00,56.28,amazon,2026-05-17T17:14:40.512681+00:00,seed (simulated history - replace with Keepa API)
B09B8X9ZGH,Echo Dot (5th Gen),2026-02-18T17:14:40.506356+00:00,55.85,amazon,2026-05-17T17:14:40.512698+00:00,seed (simulated history - replace with Keepa API)
B09B8X9ZGH,Echo Dot (5th Gen),2026-02-19T17:14:40.506356+00:00,55.48,amazon,2026-05-17T17:14:40.512720+00:00,seed (simulated history - replace with Keepa API)
B09B8X9ZGH,Echo Dot (5th Gen),2026-02-20T17:14:40.506356+00:00,53.87,amazon,2026-05-17T17:14:40.512740+00:00,seed (simulated history - replace with Keepa API)
B09B8X9ZGH,Echo Dot (5th Gen),2026-02-21T17:14:40.506356+00:00,55.37,amazon,2026-05-17T17:14:40.512757+00:00,seed (simulated history - replace with Keepa API)
B09B8X9ZGH,Echo Dot (5th Gen),2026-02-22T17:14:40.506356+00:00,48.21,amazon,2026-05-17T17:14:40.512780+00:00,seed (simulated history - replace with Keepa API)
B09B8X9ZGH,Echo Dot (5th Gen),2026-02-23T17:14:40.506356+00:00,53.81,amazon,2026-05-17T17:14:40.512798+00:00,seed (simulated history - replace with Keepa API)
B09B8X9ZGH,Echo Dot (5th Gen),2026-02-24T17:14:40.506356+00:00,56.72,amazon,2026-05-17T17:14:40.512815+00:00,seed (simulated history - replace with Keepa API)
B09B8X9ZGH,Echo Dot (5th Gen),2026-02-25T17:14:40.506356+00:00,57.18,amazon,2026-05-17T17:14:40.512832+00:00,seed (simulated history - replace with Keepa API)
B09B8X9ZGH,Echo Dot (5th Gen),2026-02-26T17:14:40.506356+00:00,53.75,amazon,2026-05-17T17:14:40.512849+00:00,seed (simulated history - replace with Keepa API)
B09B8X9ZGH,Echo Dot (5th Gen),2026-02-27T17:14:40.506356+00:00,53.13,amazon,2026-05-17T17:14:40.512866+00:00,seed (simulated history - replace with Keepa API)
B09B8X9ZGH,Echo Dot (5th Gen),2026-02-28T17:14:40.506356+00:00,55.69,amazon,2026-05-17T17:14:40.512883+00:00,seed (simulated history - replace with Keepa API)
B09B8X9ZGH,Echo Dot (5th Gen),2026-03-01T17:14:40.506356+00:00,56.54,amazon,2026-05-17T17:14:40.512901+00:00,seed (simulated history - replace with Keepa API)
B09B8X9ZGH,Echo Dot (5th Gen),2026-03-02T17:14:40.506356+00:00,52.73,amazon,2026-05-17T17:14:40.512918+00:00,seed (simulated history - replace with Keepa API)
B09B8X9ZGH,Echo Dot (5th Gen),2026-03-03T17:14:40.506356+00:00,53.72,amazon,2026-05-17T17:14:40.512939+00:00,seed (simulated history - replace with Keepa API)
B09B8X9ZGH,Echo Dot (5th Gen),2026-03-04T17:14:40.506356+00:00,56.44,amazon,2026-05-17T17:14:40.512956+00:00,seed (simulated history - replace with Keepa API)
B09B8X9ZGH,Echo Dot (5th Gen),2026-03-05T17:14:40.506356+00:00,54.59,amazon,2026-05-17T17:14:40.512973+00:00,seed (simulated history - replace with Keepa API)
B09B8X9ZGH,Echo Dot (5th Gen),2026-03-06T17:14:40.506356+00:00,59.5,amazon,2026-05-17T17:14:40.512994+00:00,seed (simulated history - replace with Keepa API)
B09B8X9ZGH,Echo Dot (5th Gen),2026-03-07T17:14:40.506356+00:00,55.14,amazon,2026-05-17T17:14:40.513023+00:00,seed (simulated history - replace with Keepa API)
B09B8X9ZGH,Echo Dot (5th Gen),2026-03-08T17:14:40.506356+00:00,40.8,amazon,2026-05-17T17:14:40.513046+00:00,seed (simulated history - replace with Keepa API)
B09B8X9ZGH,Echo Dot (5th Gen),2026-03-09T17:14:40.506356+00:00,56.6,amazon,2026-05-17T17:14:40.513064+00:00,seed (simulated history - replace with Keepa API)
B09B8X9ZGH,Echo Dot (5th Gen),2026-03-10T17:14:40.506356+00:00,38.91,amazon,2026-05-17T17:14:40.513086+00:00,seed (simulated history - replace with Keepa API)
B09B8X9ZGH,Echo Dot (5th Gen),2026-03-11T17:14:40.506356+00:00,56.17,amazon,2026-05-17T17:14:40.513107+00:00,seed (simulated history - replace with Keepa API)
B09B8X9ZGH,Echo Dot (5th Gen),2026-03-12T17:14:40.506356+00:00,54.24,amazon,2026-05-17T17:14:40.513124+00:00,seed (simulated history - replace with Keepa API)
B09B8X9ZGH,Echo Dot (5th Gen),2026-03-13T17:14:40.506356+00:00,56.27,amazon,2026-05-17T17:14:40.513141+00:00,seed (simulated history - replace with Keepa API)
B09B8X9ZGH,Echo Dot (5th Gen),2026-03-14T17:14:40.506356+00:00,53.46,amazon,2026-05-17T17:14:40.513160+00:00,seed (simulated history - replace with Keepa API)
B09B8X9ZGH,Echo Dot (5th Gen),2026-03-15T17:14:40.506356+00:00,54.14,amazon,2026-05-17T17:14:40.513177+00:00,seed (simulated history - replace with Keepa API)
B09B8X9ZGH,Echo Dot (5th Gen),2026-03-16T17:14:40.506356+00:00,56.03,amazon,2026-05-17T17:14:40.513194+00:00,seed (simulated history - replace with Keepa API)
B09B8X9ZGH,Echo Dot (5th Gen),2026-03-17T17:14:40.506356+00:00,57.9,amazon,2026-05-17T17:14:40.513211+00:00,seed (simulated history - replace with Keepa API)
B09B8X9ZGH,Echo Dot (5th Gen),2026-03-18T17:14:40.506356+00:00,56.73,amazon,2026-05-17T17:14:40.513667+00:00,seed (simulated history - replace with Keepa API)
B09B8X9ZGH,Echo Dot (5th Gen),2026-03-19T17:14:40.506356+00:00,55.07,amazon,2026-05-17T17:14:40.513694+00:00,seed (simulated history - replace with Keepa API)
B09B8X9ZGH,Echo Dot (5th Gen),2026-03-20T17:14:40.506356+00:00,53.41,amazon,2026-05-17T17:14:40.513712+00:00,seed (simulated history - replace with Keepa API)
B09B8X9ZGH,Echo Dot (5th Gen),2026-03-21T17:14:40.506356+00:00,57.27,amazon,2026-05-17T17:14:40.513731+00:00,seed (simulated history - replace with Keepa API)
B09B8X9ZGH,Echo Dot (5th Gen),2026-03-22T17:14:40.506356+00:00,55.49,amazon,2026-05-17T17:14:40.513748+00:00,seed (simulated history - replace with Keepa API)
B09B8X9ZGH,Echo Dot (5th Gen),2026-03-23T17:14:40.506356+00:00,55.41,amazon,2026-05-17T17:14:40.513768+00:00,seed (simulated history - replace with Keepa API)
B09B8X9ZGH,Echo Dot (5th Gen),2026-03-24T17:14:40.506356+00:00,57.36,amazon,2026-05-17T17:14:40.513813+00:00,seed (simulated history - replace with Keepa API)
B09B8X9ZGH,Echo Dot (5th Gen),2026-03-25T17:14:40.506356+00:00,55.0,amazon,2026-05-17T17:14:40.513831+00:00,seed (simulated history - replace with Keepa API)
B09B8X9ZGH,Echo Dot (5th Gen),2026-03-26T17:14:40.506356+00:00,55.37,amazon,2026-05-17T17:14:40.513851+00:00,seed (simulated history - replace with Keepa API)
B09B8X9ZGH,Echo Dot (5th Gen),2026-03-27T17:14:40.506356+00:00,55.28,amazon,2026-05-17T17:14:40.513875+00:00,seed (simulated history - replace with Keepa API)
B09B8X9ZGH,Echo Dot (5th Gen),2026-03-28T17:14:40.506356+00:00,44.64,amazon,2026-05-17T17:14:40.513928+00:00,seed (simulated history - replace with Keepa API)
B09B8X9ZGH,Echo Dot (5th Gen),2026-03-29T17:14:40.506356+00:00,53.58,amazon,2026-05-17T17:14:40.513959+00:00,seed (simulated history - replace with Keepa API)
B09B8X9ZGH,Echo Dot (5th Gen),2026-03-30T17:14:40.506356+00:00,50.21,amazon,2026-05-17T17:14:40.514017+00:00,seed (simulated history - replace with Keepa API)
B09B8X9ZGH,Echo Dot (5th Gen),2026-03-31T17:14:40.506356+00:00,52.33,amazon,2026-05-17T17:14:40.514041+00:00,seed (simulated history - replace with Keepa API)
B09B8X9ZGH,Echo Dot (5th Gen),2026-04-01T17:14:40.506356+00:00,53.52,amazon,2026-05-17T17:14:40.514064+00:00,seed (simulated history - replace with Keepa API)
B09B8X9ZGH,Echo Dot (5th Gen),2026-04-02T17:14:40.506356+00:00,54.44,amazon,2026-05-17T17:14:40.514085+00:00,seed (simulated history - replace with Keepa API)
B09B8X9ZGH,Echo Dot (5th Gen),2026-04-03T17:14:40.506356+00:00,55.9,amazon,2026-05-17T17:14:40.514107+00:00,seed (simulated history - replace with Keepa API)
B09B8X9ZGH,Echo Dot (5th Gen),2026-04-04T17:14:40.506356+00:00,52.89,amazon,2026-05-17T17:14:40.514129+00:00,seed (simulated history - replace with Keepa API)
B09B8X9ZGH,Echo Dot (5th Gen),2026-04-05T17:14:40.506356+00:00,58.93,amazon,2026-05-17T17:14:40.514150+00:00,seed (simulated history - replace with Keepa API)
B09B8X9ZGH,Echo Dot (5th Gen),2026-04-06T17:14:40.506356+00:00,58.03,amazon,2026-05-17T17:14:40.514172+00:00,seed (simulated history - replace with Keepa API)
B09B8X9ZGH,Echo Dot (5th Gen),2026-04-07T17:14:40.506356+00:00,55.01,amazon,2026-05-17T17:14:40.514193+00:00,seed (simulated history - replace with Keepa API)
B09B8X9ZGH,Echo Dot (5th Gen),2026-04-08T17:14:40.506356+00:00,55.72,amazon,2026-05-17T17:14:40.514215+00:00,seed (simulated history - replace with Keepa API)
B09B8X9ZGH,Echo Dot (5th Gen),2026-04-09T17:14:40.506356+00:00,54.26,amazon,2026-05-17T17:14:40.514238+00:00,seed (simulated history - replace with Keepa API)
B09B8X9ZGH,Echo Dot (5th Gen),2026-04-10T17:14:40.506356+00:00,36.15,amazon,2026-05-17T17:14:40.514269+00:00,seed (simulated history - replace with Keepa API)
B09B8X9ZGH,Echo Dot (5th Gen),2026-04-11T17:14:40.506356+00:00,55.82,amazon,2026-05-17T17:14:40.514352+00:00,seed (simulated history - replace with Keepa API)
B09B8X9ZGH,Echo Dot (5th Gen),2026-04-12T17:14:40.506356+00:00,56.42,amazon,2026-05-17T17:14:40.514386+00:00,seed (simulated history - replace with Keepa API)
B09B8X9ZGH,Echo Dot (5th Gen),2026-04-13T17:14:40.506356+00:00,54.21,amazon,2026-05-17T17:14:40.514407+00:00,seed (simulated history - replace with Keepa API)
B09B8X9ZGH,Echo Dot (5th Gen),2026-04-14T17:14:40.506356+00:00,53.91,amazon,2026-05-17T17:14:40.514428+00:00,seed (simulated history - replace with Keepa API)
B09B8X9ZGH,Echo Dot (5th Gen),2026-04-15T17:14:40.506356+00:00,52.91,amazon,2026-05-17T17:14:40.514449+00:00,seed (simulated history - replace with Keepa API)
B09B8X9ZGH,Echo Dot (5th Gen),2026-04-16T17:14:40.506356+00:00,56.5,amazon,2026-05-17T17:14:40.514472+00:00,seed (simulated history - replace with Keepa API)
B09B8X9ZGH,Echo Dot (5th Gen),2026-04-17T17:14:40.506356+00:00,58.49,amazon,2026-05-17T17:14:40.514501+00:00,seed (simulated history - replace with Keepa API)
B09B8X9ZGH,Echo Dot (5th Gen),2026-04-18T17:14:40.506356+00:00,56.69,amazon,2026-05-17T17:14:40.514524+00:00,seed (simulated history - replace with Keepa API)
B09B8X9ZGH,Echo Dot (5th Gen),2026-04-19T17:14:40.506356+00:00,50.3,amazon,2026-05-17T17:14:40.514597+00:00,seed (simulated history - replace with Keepa API)
B09B8X9ZGH,Echo Dot (5th Gen),2026-04-20T17:14:40.506356+00:00,47.88,amazon,2026-05-17T17:14:40.514626+00:00,seed (simulated history - replace with Keepa API)
B09B8X9ZGH,Echo Dot (5th Gen),2026-04-21T17:14:40.506356+00:00,55.72,amazon,2026-05-17T17:14:40.514649+00:00,seed (simulated history - replace with Keepa API)
B09B8X9ZGH,Echo Dot (5th Gen),2026-04-22T17:14:40.506356+00:00,56.27,amazon,2026-05-17T17:14:40.514670+00:00,seed (simulated history - replace with Keepa API)
B09B8X9ZGH,Echo Dot (5th Gen),2026-04-23T17:14:40.506356+00:00,49.64,amazon,2026-05-17T17:14:40.514698+00:00,seed (simulated history - replace with Keepa API)
B09B8X9ZGH,Echo Dot (5th Gen),2026-04-24T17:14:40.506356+00:00,53.3,amazon,2026-05-17T17:14:40.514721+00:00,seed (simulated history - replace with Keepa API)
B09B8X9ZGH,Echo Dot (5th Gen),2026-04-25T17:14:40.506356+00:00,57.68,amazon,2026-05-17T17:14:40.514744+00:00,seed (simulated history - replace with Keepa API)
B09B8X9ZGH,Echo Dot (5th Gen),2026-04-26T17:14:40.506356+00:00,43.01,amazon,2026-05-17T17:14:40.514772+00:00,seed (simulated history - replace with Keepa API)
B09B8X9ZGH,Echo Dot (5th Gen),2026-04-27T17:14:40.506356+00:00,55.09,amazon,2026-05-17T17:14:40.514794+00:00,seed (simulated history - replace with Keepa API)
B09B8X9ZGH,Echo Dot (5th Gen),2026-04-28T17:14:40.506356+00:00,58.86,amazon,2026-05-17T17:14:40.514816+00:00,seed (simulated history - replace with Keepa API)
B09B8X9ZGH,Echo Dot (5th Gen),2026-04-29T17:14:40.506356+00:00,54.66,amazon,2026-05-17T17:14:40.514838+00:00,seed (simulated history - replace with Keepa API)
B09B8X9ZGH,Echo Dot (5th Gen),2026-04-30T17:14:40.506356+00:00,55.09,amazon,2026-05-17T17:14:40.514858+00:00,seed (simulated history - replace with Keepa API)
B09B8X9ZGH,Echo Dot (5th Gen),2026-05-01T17:14:40.506356+00:00,51.86,amazon,2026-05-17T17:14:40.514880+00:00,seed (simulated history - replace with Keepa API)
B09B8X9ZGH,Echo Dot (5th Gen),2026-05-02T17:14:40.506356+00:00,57.1,amazon,2026-05-17T17:14:40.514901+00:00,seed (simulated history - replace with Keepa API)
B09B8X9ZGH,Echo Dot (5th Gen),2026-05-03T17:14:40.506356+00:00,56.12,amazon,2026-05-17T17:14:40.514923+00:00,seed (simulated history - replace with Keepa API)
B09B8X9ZGH,Echo Dot (5th Gen),2026-05-04T17:14:40.506356+00:00,55.11,amazon,2026-05-17T17:14:40.514944+00:00,seed (simulated history - replace with Keepa API)
B09B8X9ZGH,Echo Dot (5th Gen),2026-05-05T17:14:40.506356+00:00,54.19,amazon,2026-05-17T17:14:40.514965+00:00,seed (simulated history - replace with Keepa API)
B09B8X9ZGH,Echo Dot (5th Gen),2026-05-06T17:14:40.506356+00:00,55.33,amazon,2026-05-17T17:14:40.514994+00:00,seed (simulated history - replace with Keepa API)
B09B8X9ZGH,Echo Dot (5th Gen),2026-05-07T17:14:40.506356+00:00,53.96,amazon,2026-05-17T17:14:40.515029+00:00,seed (simulated history - replace with Keepa API)
B09B8X9ZGH,Echo Dot (5th Gen),2026-05-08T17:14:40.506356+00:00,54.4,amazon,2026-05-17T17:14:40.515058+00:00,seed (simulated history - replace with Keepa API)
B09B8X9ZGH,Echo Dot (5th Gen),2026-05-09T17:14:40.506356+00:00,55.59,amazon,2026-05-17T17:14:40.515080+00:00,seed (simulated history - replace with Keepa API)
B09B8X9ZGH,Echo Dot (5th Gen),2026-05-10T17:14:40.506356+00:00,55.95,amazon,2026-05-17T17:14:40.515104+00:00,seed (simulated history - replace with Keepa API)
B09B8X9ZGH,Echo Dot (5th Gen),2026-05-11T17:14:40.506356+00:00,55.9,amazon,2026-05-17T17:14:40.515126+00:00,seed (simulated history - replace with Keepa API)
B09B8X9ZGH,Echo Dot (5th Gen),2026-05-12T17:14:40.506356+00:00,53.82,amazon,2026-05-17T17:14:40.515148+00:00,seed (simulated history - replace with Keepa API)
B09B8X9ZGH,Echo Dot (5th Gen),2026-05-13T17:14:40.506356+00:00,52.04,amazon,2026-05-17T17:14:40.515174+00:00,seed (simulated history - replace with Keepa API)
B09B8X9ZGH,Echo Dot (5th Gen),2026-05-14T17:14:40.506356+00:00,52.98,amazon,2026-05-17T17:14:40.515196+00:00,seed (simulated history - replace with Keepa API)
B09B8X9ZGH,Echo Dot (5th Gen),2026-05-15T17:14:40.506356+00:00,57.55,amazon,2026-05-17T17:14:40.515218+00:00,seed (simulated history - replace with Keepa API)
B09B8X9ZGH,Echo Dot (5th Gen),2026-05-16T17:14:40.506356+00:00,54.26,amazon,2026-05-17T17:14:40.515240+00:00,seed (simulated history - replace with Keepa API)
B09B8X9ZGH,Echo Dot (5th Gen),2026-05-17T17:14:40.506356+00:00,55.01,amazon,2026-05-17T17:14:40.515262+00:00,seed (simulated history - replace with Keepa API)
B08N5WRWNW,Fire TV Stick 4K Max,2025-11-18T17:14:40.506356+00:00,66.81,amazon,2026-05-17T17:14:40.517853+00:00,seed (simulated history - replace with Keepa API)
B08N5WRWNW,Fire TV Stick 4K Max,2025-11-19T17:14:40.506356+00:00,46.26,amazon,2026-05-17T17:14:40.517926+00:00,seed (simulated history - replace with Keepa API)
B08N5WRWNW,Fire TV Stick 4K Max,2025-11-20T17:14:40.506356+00:00,50.41,amazon,2026-05-17T17:14:40.517954+00:00,seed (simulated history - replace with Keepa API)
B08N5WRWNW,Fire TV Stick 4K Max,2025-11-21T17:14:40.506356+00:00,48.21,amazon,2026-05-17T17:14:40.517977+00:00,seed (simulated history - replace with Keepa API)
B08N5WRWNW,Fire TV Stick 4K Max,2025-11-22T17:14:40.506356+00:00,47.55,amazon,2026-05-17T17:14:40.518025+00:00,seed (simulated history - replace with Keepa API)
B08N5WRWNW,Fire TV Stick 4K Max,2025-11-23T17:14:40.506356+00:00,52.47,amazon,2026-05-17T17:14:40.518047+00:00,seed (simulated history - replace with Keepa API)
B08N5WRWNW,Fire TV Stick 4K Max,2025-11-24T17:14:40.506356+00:00,50.82,amazon,2026-05-17T17:14:40.518069+00:00,seed (simulated history - replace with Keepa API)
B08N5WRWNW,Fire TV Stick 4K Max,2025-11-25T17:14:40.506356+00:00,45.25,amazon,2026-05-17T17:14:40.518091+00:00,seed (simulated history - replace with Keepa API)
B08N5WRWNW,Fire TV Stick 4K Max,2025-11-26T17:14:40.506356+00:00,47.87,amazon,2026-05-17T17:14:40.518113+00:00,seed (simulated history - replace with Keepa API)
B08N5WRWNW,Fire TV Stick 4K Max,2025-11-27T17:14:40.506356+00:00,51.09,amazon,2026-05-17T17:14:40.518134+00:00,seed (simulated history - replace with Keepa API)
B08N5WRWNW,Fire TV Stick 4K Max,2025-11-28T17:14:40.506356+00:00,46.41,amazon,2026-05-17T17:14:40.518169+00:00,seed (simulated history - replace with Keepa API)
B08N5WRWNW,Fire TV Stick 4K Max,2025-11-29T17:14:40.506356+00:00,50.25,amazon,2026-05-17T17:14:40.518191+00:00,seed (simulated history - replace with Keepa API)
B08N5WRWNW,Fire TV Stick 4K Max,2025-11-30T17:14:40.506356+00:00,50.04,amazon,2026-05-17T17:14:40.518232+00:00,seed (simulated history - replace with Keepa API)
B08N5WRWNW,Fire TV Stick 4K Max,2025-12-01T17:14:40.506356+00:00,63.63,amazon,2026-05-17T17:14:40.518259+00:00,seed (simulated history - replace with Keepa API)
B08N5WRWNW,Fire TV Stick 4K Max,2025-12-02T17:14:40.506356+00:00,64.97,amazon,2026-05-17T17:14:40.518282+00:00,seed (simulated history - replace with Keepa API)
B08N5WRWNW,Fire TV Stick 4K Max,2025-12-03T17:14:40.506356+00:00,64.39,amazon,2026-05-17T17:14:40.518306+00:00,seed (simulated history - replace with Keepa API)
B08N5WRWNW,Fire TV Stick 4K Max,2025-12-04T17:14:40.506356+00:00,66.56,amazon,2026-05-17T17:14:40.518329+00:00,seed (simulated history - replace with Keepa API)
B08N5WRWNW,Fire TV Stick 4K Max,2025-12-05T17:14:40.506356+00:00,66.19,amazon,2026-05-17T17:14:40.518351+00:00,seed (simulated history - replace with Keepa API)
B08N5WRWNW,Fire TV Stick 4K Max,2025-12-06T17:14:40.506356+00:00,67.64,amazon,2026-05-17T17:14:40.518373+00:00,seed (simulated history - replace with Keepa API)
B08N5WRWNW,Fire TV Stick 4K Max,2025-12-07T17:14:40.506356+00:00,64.15,amazon,2026-05-17T17:14:40.518394+00:00,seed (simulated history - replace with Keepa API)
B08N5WRWNW,Fire TV Stick 4K Max,2025-12-08T17:14:40.506356+00:00,65.39,amazon,2026-05-17T17:14:40.518420+00:00,seed (simulated history - replace with Keepa API)
B08N5WRWNW,Fire TV Stick 4K Max,2025-12-09T17:14:40.506356+00:00,67.24,amazon,2026-05-17T17:14:40.518441+00:00,seed (simulated history - replace with Keepa API)
B08N5WRWNW,Fire TV Stick 4K Max,2025-12-10T17:14:40.506356+00:00,64.06,amazon,2026-05-17T17:14:40.518464+00:00,seed (simulated history - replace with Keepa API)
B08N5WRWNW,Fire TV Stick 4K Max,2025-12-11T17:14:40.506356+00:00,63.69,amazon,2026-05-17T17:14:40.518496+00:00,seed (simulated history - replace with Keepa API)
B08N5WRWNW,Fire TV Stick 4K Max,2025-12-12T17:14:40.506356+00:00,67.64,amazon,2026-05-17T17:14:40.518520+00:00,seed (simulated history - replace with Keepa API)
B08N5WRWNW,Fire TV Stick 4K Max,2025-12-13T17:14:40.506356+00:00,61.02,amazon,2026-05-17T17:14:40.518572+00:00,seed (simulated history - replace with Keepa API)
B08N5WRWNW,Fire TV Stick 4K Max,2025-12-14T17:14:40.506356+00:00,68.05,amazon,2026-05-17T17:14:40.518598+00:00,seed (simulated history - replace with Keepa API)
B08N5WRWNW,Fire TV Stick 4K Max,2025-12-15T17:14:40.506356+00:00,64.4,amazon,2026-05-17T17:14:40.518621+00:00,seed (simulated history - replace with Keepa API)
B08N5WRWNW,Fire TV Stick 4K Max,2025-12-16T17:14:40.506356+00:00,64.98,amazon,2026-05-17T17:14:40.518692+00:00,seed (simulated history - replace with Keepa API)
B08N5WRWNW,Fire TV Stick 4K Max,2025-12-17T17:14:40.506356+00:00,67.47,amazon,2026-05-17T17:14:40.518736+00:00,seed (simulated history - replace with Keepa API)
B08N5WRWNW,Fire TV Stick 4K Max,2025-12-18T17:14:40.506356+00:00,66.49,amazon,2026-05-17T17:14:40.518759+00:00,seed (simulated history - replace with Keepa API)
B08N5WRWNW,Fire TV Stick 4K Max,2025-12-19T17:14:40.506356+00:00,62.17,amazon,2026-05-17T17:14:40.518782+00:00,seed (simulated history - replace with Keepa API)
B08N5WRWNW,Fire TV Stick 4K Max,2025-12-20T17:14:40.506356+00:00,63.34,amazon,2026-05-17T17:14:40.518805+00:00,seed (simulated history - replace with Keepa API)
B08N5WRWNW,Fire TV Stick 4K Max,2025-12-21T17:14:40.506356+00:00,65.13,amazon,2026-05-17T17:14:40.518827+00:00,seed (simulated history - replace with Keepa API)
B08N5WRWNW,Fire TV Stick 4K Max,2025-12-22T17:14:40.506356+00:00,66.91,amazon,2026-05-17T17:14:40.518855+00:00,seed (simulated history - replace with Keepa API)
B08N5WRWNW,Fire TV Stick 4K Max,2025-12-23T17:14:40.506356+00:00,65.91,amazon,2026-05-17T17:14:40.518878+00:00,seed (simulated history - replace with Keepa API)
B08N5WRWNW,Fire TV Stick 4K Max,2025-12-24T17:14:40.506356+00:00,65.1,amazon,2026-05-17T17:14:40.518899+00:00,seed (simulated history - replace with Keepa API)
B08N5WRWNW,Fire TV Stick 4K Max,2025-12-25T17:14:40.506356+00:00,64.15,amazon,2026-05-17T17:14:40.518920+00:00,seed (simulated history - replace with Keepa API)
B08N5WRWNW,Fire TV Stick 4K Max,2025-12-26T17:14:40.506356+00:00,68.62,amazon,2026-05-17T17:14:40.518941+00:00,seed (simulated history - replace with Keepa API)
B08N5WRWNW,Fire TV Stick 4K Max,2025-12-27T17:14:40.506356+00:00,64.77,amazon,2026-05-17T17:14:40.518964+00:00,seed (simulated history - replace with Keepa API)
B08N5WRWNW,Fire TV Stick 4K Max,2025-12-28T17:14:40.506356+00:00,66.89,amazon,2026-05-17T17:14:40.518995+00:00,seed (simulated history - replace with Keepa API)
B08N5WRWNW,Fire TV Stick 4K Max,2025-12-29T17:14:40.506356+00:00,64.68,amazon,2026-05-17T17:14:40.519031+00:00,seed (simulated history - replace with Keepa API)
B08N5WRWNW,Fire TV Stick 4K Max,2025-12-30T17:14:40.506356+00:00,62.35,amazon,2026-05-17T17:14:40.519061+00:00,seed (simulated history - replace with Keepa API)
B08N5WRWNW,Fire TV Stick 4K Max,2025-12-31T17:14:40.506356+00:00,61.26,amazon,2026-05-17T17:14:40.519084+00:00,seed (simulated history - replace with Keepa API)
B08N5WRWNW,Fire TV Stick 4K Max,2026-01-01T17:14:40.506356+00:00,65.7,amazon,2026-05-17T17:14:40.519107+00:00,seed (simulated history - replace with Keepa API)
B08N5WRWNW,Fire TV Stick 4K Max,2026-01-02T17:14:40.506356+00:00,66.44,amazon,2026-05-17T17:14:40.519128+00:00,seed (simulated history - replace with Keepa API)
B08N5WRWNW,Fire TV Stick 4K Max,2026-01-03T17:14:40.506356+00:00,67.87,amazon,2026-05-17T17:14:40.519150+00:00,seed (simulated history - replace with Keepa API)
B08N5WRWNW,Fire TV Stick 4K Max,2026-01-04T17:14:40.506356+00:00,64.85,amazon,2026-05-17T17:14:40.519171+00:00,seed (simulated history - replace with Keepa API)
B08N5WRWNW,Fire TV Stick 4K Max,2026-01-05T17:14:40.506356+00:00,64.44,amazon,2026-05-17T17:14:40.519193+00:00,seed (simulated history - replace with Keepa API)
B08N5WRWNW,Fire TV Stick 4K Max,2026-01-06T17:14:40.506356+00:00,65.57,amazon,2026-05-17T17:14:40.519222+00:00,seed (simulated history - replace with Keepa API)
B08N5WRWNW,Fire TV Stick 4K Max,2026-01-07T17:14:40.506356+00:00,62.85,amazon,2026-05-17T17:14:40.519244+00:00,seed (simulated history - replace with Keepa API)
B08N5WRWNW,Fire TV Stick 4K Max,2026-01-08T17:14:40.506356+00:00,65.53,amazon,2026-05-17T17:14:40.519273+00:00,seed (simulated history - replace with Keepa API)
B08N5WRWNW,Fire TV Stick 4K Max,2026-01-09T17:14:40.506356+00:00,65.53,amazon,2026-05-17T17:14:40.519302+00:00,seed (simulated history - replace with Keepa API)
B08N5WRWNW,Fire TV Stick 4K Max,2026-01-10T17:14:40.506356+00:00,65.0,amazon,2026-05-17T17:14:40.519326+00:00,seed (simulated history - replace with Keepa API)
B08N5WRWNW,Fire TV Stick 4K Max,2026-01-11T17:14:40.506356+00:00,65.08,amazon,2026-05-17T17:14:40.519348+00:00,seed (simulated history - replace with Keepa API)
B08N5WRWNW,Fire TV Stick 4K Max,2026-01-12T17:14:40.506356+00:00,64.11,amazon,2026-05-17T17:14:40.519368+00:00,seed (simulated history - replace with Keepa API)
B08N5WRWNW,Fire TV Stick 4K Max,2026-01-13T17:14:40.506356+00:00,66.2,amazon,2026-05-17T17:14:40.519386+00:00,seed (simulated history - replace with Keepa API)
B08N5WRWNW,Fire TV Stick 4K Max,2026-01-14T17:14:40.506356+00:00,65.22,amazon,2026-05-17T17:14:40.519406+00:00,seed (simulated history - replace with Keepa API)
B08N5WRWNW,Fire TV Stick 4K Max,2026-01-15T17:14:40.506356+00:00,65.99,amazon,2026-05-17T17:14:40.519429+00:00,seed (simulated history - replace with Keepa API)
B08N5WRWNW,Fire TV Stick 4K Max,2026-01-16T17:14:40.506356+00:00,62.0,amazon,2026-05-17T17:14:40.519450+00:00,seed (simulated history - replace with Keepa API)
B08N5WRWNW,Fire TV Stick 4K Max,2026-01-17T17:14:40.506356+00:00,67.48,amazon,2026-05-17T17:14:40.519473+00:00,seed (simulated history - replace with Keepa API)
B08N5WRWNW,Fire TV Stick 4K Max,2026-01-18T17:14:40.506356+00:00,68.01,amazon,2026-05-17T17:14:40.519505+00:00,seed (simulated history - replace with Keepa API)
B08N5WRWNW,Fire TV Stick 4K Max,2026-01-19T17:14:40.506356+00:00,65.22,amazon,2026-05-17T17:14:40.519528+00:00,seed (simulated history - replace with Keepa API)
B08N5WRWNW,Fire TV Stick 4K Max,2026-01-20T17:14:40.506356+00:00,69.01,amazon,2026-05-17T17:14:40.520653+00:00,seed (simulated history - replace with Keepa API)
B08N5WRWNW,Fire TV Stick 4K Max,2026-01-21T17:14:40.506356+00:00,68.41,amazon,2026-05-17T17:14:40.520693+00:00,seed (simulated history - replace with Keepa API)
B08N5WRWNW,Fire TV Stick 4K Max,2026-01-22T17:14:40.506356+00:00,66.25,amazon,2026-05-17T17:14:40.520714+00:00,seed (simulated history - replace with Keepa API)
B08N5WRWNW,Fire TV Stick 4K Max,2026-01-23T17:14:40.506356+00:00,67.66,amazon,2026-05-17T17:14:40.520735+00:00,seed (simulated history - replace with Keepa API)
B08N5WRWNW,Fire TV Stick 4K Max,2026-01-24T17:14:40.506356+00:00,67.05,amazon,2026-05-17T17:14:40.520753+00:00,seed (simulated history - replace with Keepa API)
B08N5WRWNW,Fire TV Stick 4K Max,2026-01-25T17:14:40.506356+00:00,61.56,amazon,2026-05-17T17:14:40.520785+00:00,seed (simulated history - replace with Keepa API)
B08N5WRWNW,Fire TV Stick 4K Max,2026-01-26T17:14:40.506356+00:00,64.46,amazon,2026-05-17T17:14:40.520802+00:00,seed (simulated history - replace with Keepa API)
B08N5WRWNW,Fire TV Stick 4K Max,2026-01-27T17:14:40.506356+00:00,66.39,amazon,2026-05-17T17:14:40.520870+00:00,seed (simulated history - replace with Keepa API)
B08N5WRWNW,Fire TV Stick 4K Max,2026-01-28T17:14:40.506356+00:00,68.17,amazon,2026-05-17T17:14:40.520891+00:00,seed (simulated history - replace with Keepa API)
B08N5WRWNW,Fire TV Stick 4K Max,2026-01-29T17:14:40.506356+00:00,62.3,amazon,2026-05-17T17:14:40.520909+00:00,seed (simulated history - replace with Keepa API)
B08N5WRWNW,Fire TV Stick 4K Max,2026-01-30T17:14:40.506356+00:00,61.67,amazon,2026-05-17T17:14:40.520927+00:00,seed (simulated history - replace with Keepa API)
B08N5WRWNW,Fire TV Stick 4K Max,2026-01-31T17:14:40.506356+00:00,64.88,amazon,2026-05-17T17:14:40.520944+00:00,seed (simulated history - replace with Keepa API)
B08N5WRWNW,Fire TV Stick 4K Max,2026-02-01T17:14:40.506356+00:00,60.96,amazon,2026-05-17T17:14:40.520962+00:00,seed (simulated history - replace with Keepa API)
B08N5WRWNW,Fire TV Stick 4K Max,2026-02-02T17:14:40.506356+00:00,64.82,amazon,2026-05-17T17:14:40.520995+00:00,seed (simulated history - replace with Keepa API)
B08N5WRWNW,Fire TV Stick 4K Max,2026-02-03T17:14:40.506356+00:00,65.7,amazon,2026-05-17T17:14:40.521045+00:00,seed (simulated history - replace with Keepa API)
B08N5WRWNW,Fire TV Stick 4K Max,2026-02-04T17:14:40.506356+00:00,63.16,amazon,2026-05-17T17:14:40.521065+00:00,seed (simulated history - replace with Keepa API)
B08N5WRWNW,Fire TV Stick 4K Max,2026-02-05T17:14:40.506356+00:00,64.87,amazon,2026-05-17T17:14:40.521081+00:00,seed (simulated history - replace with Keepa API)
B08N5WRWNW,Fire TV Stick 4K Max,2026-02-06T17:14:40.506356+00:00,66.85,amazon,2026-05-17T17:14:40.521098+00:00,seed (simulated history - replace with Keepa API)
B08N5WRWNW,Fire TV Stick 4K Max,2026-02-07T17:14:40.506356+00:00,63.96,amazon,2026-05-17T17:14:40.521115+00:00,seed (simulated history - replace with Keepa API)
B08N5WRWNW,Fire TV Stick 4K Max,2026-02-08T17:14:40.506356+00:00,63.44,amazon,2026-05-17T17:14:40.521132+00:00,seed (simulated history - replace with Keepa API)
B08N5WRWNW,Fire TV Stick 4K Max,2026-02-09T17:14:40.506356+00:00,64.78,amazon,2026-05-17T17:14:40.521152+00:00,seed (simulated history - replace with Keepa API)
B08N5WRWNW,Fire TV Stick 4K Max,2026-02-10T17:14:40.506356+00:00,62.97,amazon,2026-05-17T17:14:40.521173+00:00,seed (simulated history - replace with Keepa API)
B08N5WRWNW,Fire TV Stick 4K Max,2026-02-11T17:14:40.506356+00:00,51.93,amazon,2026-05-17T17:14:40.521217+00:00,seed (simulated history - replace with Keepa API)
B08N5WRWNW,Fire TV Stick 4K Max,2026-02-12T17:14:40.506356+00:00,65.06,amazon,2026-05-17T17:14:40.521253+00:00,seed (simulated history - replace with Keepa API)
B08N5WRWNW,Fire TV Stick 4K Max,2026-02-13T17:14:40.506356+00:00,66.65,amazon,2026-05-17T17:14:40.521276+00:00,seed (simulated history - replace with Keepa API)
B08N5WRWNW,Fire TV Stick 4K Max,2026-02-14T17:14:40.506356+00:00,63.78,amazon,2026-05-17T17:14:40.521307+00:00,seed (simulated history - replace with Keepa API)
B08N5WRWNW,Fire TV Stick 4K Max,2026-02-15T17:14:40.506356+00:00,63.92,amazon,2026-05-17T17:14:40.521330+00:00,seed (simulated history - replace with Keepa API)
B08N5WRWNW,Fire TV Stick 4K Max,2026-02-16T17:14:40.506356+00:00,62.6,amazon,2026-05-17T17:14:40.521354+00:00,seed (simulated history - replace with Keepa API)
B08N5WRWNW,Fire TV Stick 4K Max,2026-02-17T17:14:40.506356+00:00,63.77,amazon,2026-05-17T17:14:40.521377+00:00,seed (simulated history - replace with Keepa API)
B08N5WRWNW,Fire TV Stick 4K Max,2026-02-18T17:14:40.506356+00:00,50.94,amazon,2026-05-17T17:14:40.521416+00:00,seed (simulated history - replace with Keepa API)
B08N5WRWNW,Fire TV Stick 4K Max,2026-02-19T17:14:40.506356+00:00,66.11,amazon,2026-05-17T17:14:40.521440+00:00,seed (simulated history - replace with Keepa API)
B08N5WRWNW,Fire TV Stick 4K Max,2026-02-20T17:14:40.506356+00:00,65.6,amazon,2026-05-17T17:14:40.521462+00:00,seed (simulated history - replace with Keepa API)
B08N5WRWNW,Fire TV Stick 4K Max,2026-02-21T17:14:40.506356+00:00,64.74,amazon,2026-05-17T17:14:40.521493+00:00,seed (simulated history - replace with Keepa API)
B08N5WRWNW,Fire TV Stick 4K Max,2026-02-22T17:14:40.506356+00:00,63.13,amazon,2026-05-17T17:14:40.521517+00:00,seed (simulated history - replace with Keepa API)
B08N5WRWNW,Fire TV Stick 4K Max,2026-02-23T17:14:40.506356+00:00,52.83,amazon,2026-05-17T17:14:40.521578+00:00,seed (simulated history - replace with Keepa API)
B08N5WRWNW,Fire TV Stick 4K Max,2026-02-24T17:14:40.506356+00:00,62.22,amazon,2026-05-17T17:14:40.521603+00:00,seed (simulated history - replace with Keepa API)
B08N5WRWNW,Fire TV Stick 4K Max,2026-02-25T17:14:40.506356+00:00,63.48,amazon,2026-05-17T17:14:40.521627+00:00,seed (simulated history - replace with Keepa API)
B08N5WRWNW,Fire TV Stick 4K Max,2026-02-26T17:14:40.506356+00:00,64.31,amazon,2026-05-17T17:14:40.521648+00:00,seed (simulated history - replace with Keepa API)
B08N5WRWNW,Fire TV Stick 4K Max,2026-02-27T17:14:40.506356+00:00,67.05,amazon,2026-05-17T17:14:40.521671+00:00,seed (simulated history - replace with Keepa API)
B08N5WRWNW,Fire TV Stick 4K Max,2026-02-28T17:14:40.506356+00:00,66.26,amazon,2026-05-17T17:14:40.521701+00:00,seed (simulated history - replace with Keepa API)
B08N5WRWNW,Fire TV Stick 4K Max,2026-03-01T17:14:40.506356+00:00,69.62,amazon,2026-05-17T17:14:40.521723+00:00,seed (simulated history - replace with Keepa API)
B08N5WRWNW,Fire TV Stick 4K Max,2026-03-02T17:14:40.506356+00:00,66.97,amazon,2026-05-17T17:14:40.521745+00:00,seed (simulated history - replace with Keepa API)
B08N5WRWNW,Fire TV Stick 4K Max,2026-03-03T17:14:40.506356+00:00,64.23,amazon,2026-05-17T17:14:40.521768+00:00,seed (simulated history - replace with Keepa API)
B08N5WRWNW,Fire TV Stick 4K Max,2026-03-04T17:14:40.506356+00:00,63.69,amazon,2026-05-17T17:14:40.521790+00:00,seed (simulated history - replace with Keepa API)
B08N5WRWNW,Fire TV Stick 4K Max,2026-03-05T17:14:40.506356+00:00,61.26,amazon,2026-05-17T17:14:40.521818+00:00,seed (simulated history - replace with Keepa API)
B08N5WRWNW,Fire TV Stick 4K Max,2026-03-06T17:14:40.506356+00:00,66.83,amazon,2026-05-17T17:14:40.521841+00:00,seed (simulated history - replace with Keepa API)
B08N5WRWNW,Fire TV Stick 4K Max,2026-03-07T17:14:40.506356+00:00,64.29,amazon,2026-05-17T17:14:40.521862+00:00,seed (simulated history - replace with Keepa API)
B08N5WRWNW,Fire TV Stick 4K Max,2026-03-08T17:14:40.506356+00:00,64.53,amazon,2026-05-17T17:14:40.521885+00:00,seed (simulated history - replace with Keepa API)
B08N5WRWNW,Fire TV Stick 4K Max,2026-03-09T17:14:40.506356+00:00,64.25,amazon,2026-05-17T17:14:40.521997+00:00,seed (simulated history - replace with Keepa API)
B08N5WRWNW,Fire TV Stick 4K Max,2026-03-10T17:14:40.506356+00:00,64.18,amazon,2026-05-17T17:14:40.522036+00:00,seed (simulated history - replace with Keepa API)
B08N5WRWNW,Fire TV Stick 4K Max,2026-03-11T17:14:40.506356+00:00,60.11,amazon,2026-05-17T17:14:40.522059+00:00,seed (simulated history - replace with Keepa API)
B08N5WRWNW,Fire TV Stick 4K Max,2026-03-12T17:14:40.506356+00:00,66.32,amazon,2026-05-17T17:14:40.522082+00:00,seed (simulated history - replace with Keepa API)
B08N5WRWNW,Fire TV Stick 4K Max,2026-03-13T17:14:40.506356+00:00,65.75,amazon,2026-05-17T17:14:40.522104+00:00,seed (simulated history - replace with Keepa API)
B08N5WRWNW,Fire TV Stick 4K Max,2026-03-14T17:14:40.506356+00:00,64.82,amazon,2026-05-17T17:14:40.522126+00:00,seed (simulated history - replace with Keepa API)
B08N5WRWNW,Fire TV Stick 4K Max,2026-03-15T17:14:40.506356+00:00,63.58,amazon,2026-05-17T17:14:40.522149+00:00,seed (simulated history - replace with Keepa API)
B08N5WRWNW,Fire TV Stick 4K Max,2026-03-16T17:14:40.506356+00:00,63.95,amazon,2026-05-17T17:14:40.522171+00:00,seed (simulated history - replace with Keepa API)
B08N5WRWNW,Fire TV Stick 4K Max,2026-03-17T17:14:40.506356+00:00,68.97,amazon,2026-05-17T17:14:40.522193+00:00,seed (simulated history - replace with Keepa API)
B08N5WRWNW,Fire TV Stick 4K Max,2026-03-18T17:14:40.506356+00:00,68.15,amazon,2026-05-17T17:14:40.522215+00:00,seed (simulated history - replace with Keepa API)
B08N5WRWNW,Fire TV Stick 4K Max,2026-03-19T17:14:40.506356+00:00,63.89,amazon,2026-05-17T17:14:40.522237+00:00,seed (simulated history - replace with Keepa API)
B08N5WRWNW,Fire TV Stick 4K Max,2026-03-20T17:14:40.506356+00:00,63.04,amazon,2026-05-17T17:14:40.522259+00:00,seed (simulated history - replace with Keepa API)
B08N5WRWNW,Fire TV Stick 4K Max,2026-03-21T17:14:40.506356+00:00,64.1,amazon,2026-05-17T17:14:40.522282+00:00,seed (simulated history - replace with Keepa API)
B08N5WRWNW,Fire TV Stick 4K Max,2026-03-22T17:14:40.506356+00:00,64.39,amazon,2026-05-17T17:14:40.522305+00:00,seed (simulated history - replace with Keepa API)
B08N5WRWNW,Fire TV Stick 4K Max,2026-03-23T17:14:40.506356+00:00,62.77,amazon,2026-05-17T17:14:40.522327+00:00,seed (simulated history - replace with Keepa API)
B08N5WRWNW,Fire TV Stick 4K Max,2026-03-24T17:14:40.506356+00:00,65.51,amazon,2026-05-17T17:14:40.522349+00:00,seed (simulated history - replace with Keepa API)
B08N5WRWNW,Fire TV Stick 4K Max,2026-03-25T17:14:40.506356+00:00,64.7,amazon,2026-05-17T17:14:40.522385+00:00,seed (simulated history - replace with Keepa API)
B08N5WRWNW,Fire TV Stick 4K Max,2026-03-26T17:14:40.506356+00:00,64.2,amazon,2026-05-17T17:14:40.522409+00:00,seed (simulated history - replace with Keepa API)
B08N5WRWNW,Fire TV Stick 4K Max,2026-03-27T17:14:40.506356+00:00,63.82,amazon,2026-05-17T17:14:40.522431+00:00,seed (simulated history - replace with Keepa API)
B08N5WRWNW,Fire TV Stick 4K Max,2026-03-28T17:14:40.506356+00:00,66.47,amazon,2026-05-17T17:14:40.522452+00:00,seed (simulated history - replace with Keepa API)
B08N5WRWNW,Fire TV Stick 4K Max,2026-03-29T17:14:40.506356+00:00,63.58,amazon,2026-05-17T17:14:40.522475+00:00,seed (simulated history - replace with Keepa API)
B08N5WRWNW,Fire TV Stick 4K Max,2026-03-30T17:14:40.506356+00:00,69.74,amazon,2026-05-17T17:14:40.522508+00:00,seed (simulated history - replace with Keepa API)
B08N5WRWNW,Fire TV Stick 4K Max,2026-03-31T17:14:40.506356+00:00,65.32,amazon,2026-05-17T17:14:40.522530+00:00,seed (simulated history - replace with Keepa API)
B08N5WRWNW,Fire TV Stick 4K Max,2026-04-01T17:14:40.506356+00:00,65.16,amazon,2026-05-17T17:14:40.523126+00:00,seed (simulated history - replace with Keepa API)
B08N5WRWNW,Fire TV Stick 4K Max,2026-04-02T17:14:40.506356+00:00,65.94,amazon,2026-05-17T17:14:40.523176+00:00,seed (simulated history - replace with Keepa API)
B08N5WRWNW,Fire TV Stick 4K Max,2026-04-03T17:14:40.506356+00:00,68.07,amazon,2026-05-17T17:14:40.523203+00:00,seed (simulated history - replace with Keepa API)
B08N5WRWNW,Fire TV Stick 4K Max,2026-04-04T17:14:40.506356+00:00,63.83,amazon,2026-05-17T17:14:40.523228+00:00,seed (simulated history - replace with Keepa API)
B08N5WRWNW,Fire TV Stick 4K Max,2026-04-05T17:14:40.506356+00:00,66.14,amazon,2026-05-17T17:14:40.523250+00:00,seed (simulated history - replace with Keepa API)
B08N5WRWNW,Fire TV Stick 4K Max,2026-04-06T17:14:40.506356+00:00,66.05,amazon,2026-05-17T17:14:40.523274+00:00,seed (simulated history - replace with Keepa API)
B08N5WRWNW,Fire TV Stick 4K Max,2026-04-07T17:14:40.506356+00:00,67.01,amazon,2026-05-17T17:14:40.523297+00:00,seed (simulated history - replace with Keepa API)
B08N5WRWNW,Fire TV Stick 4K Max,2026-04-08T17:14:40.506356+00:00,64.46,amazon,2026-05-17T17:14:40.523320+00:00,seed (simulated history - replace with Keepa API)
B08N5WRWNW,Fire TV Stick 4K Max,2026-04-09T17:14:40.506356+00:00,66.84,amazon,2026-05-17T17:14:40.523342+00:00,seed (simulated history - replace with Keepa API)
B08N5WRWNW,Fire TV Stick 4K Max,2026-04-10T17:14:40.506356+00:00,63.67,amazon,2026-05-17T17:14:40.523363+00:00,seed (simulated history - replace with Keepa API)
B08N5WRWNW,Fire TV Stick 4K Max,2026-04-11T17:14:40.506356+00:00,60.64,amazon,2026-05-17T17:14:40.523385+00:00,seed (simulated history - replace with Keepa API)
B08N5WRWNW,Fire TV Stick 4K Max,2026-04-12T17:14:40.506356+00:00,61.91,amazon,2026-05-17T17:14:40.523405+00:00,seed (simulated history - replace with Keepa API)
B08N5WRWNW,Fire TV Stick 4K Max,2026-04-13T17:14:40.506356+00:00,65.02,amazon,2026-05-17T17:14:40.523444+00:00,seed (simulated history - replace with Keepa API)
B08N5WRWNW,Fire TV Stick 4K Max,2026-04-14T17:14:40.506356+00:00,66.73,amazon,2026-05-17T17:14:40.523467+00:00,seed (simulated history - replace with Keepa API)
B08N5WRWNW,Fire TV Stick 4K Max,2026-04-15T17:14:40.506356+00:00,65.18,amazon,2026-05-17T17:14:40.523498+00:00,seed (simulated history - replace with Keepa API)
B08N5WRWNW,Fire TV Stick 4K Max,2026-04-16T17:14:40.506356+00:00,65.31,amazon,2026-05-17T17:14:40.523521+00:00,seed (simulated history - replace with Keepa API)
B08N5WRWNW,Fire TV Stick 4K Max,2026-04-17T17:14:40.506356+00:00,66.1,amazon,2026-05-17T17:14:40.523574+00:00,seed (simulated history - replace with Keepa API)
B08N5WRWNW,Fire TV Stick 4K Max,2026-04-18T17:14:40.506356+00:00,65.98,amazon,2026-05-17T17:14:40.523599+00:00,seed (simulated history - replace with Keepa API)
B08N5WRWNW,Fire TV Stick 4K Max,2026-04-19T17:14:40.506356+00:00,67.42,amazon,2026-05-17T17:14:40.523621+00:00,seed (simulated history - replace with Keepa API)
B08N5WRWNW,Fire TV Stick 4K Max,2026-04-20T17:14:40.506356+00:00,64.04,amazon,2026-05-17T17:14:40.523648+00:00,seed (simulated history - replace with Keepa API)
B08N5WRWNW,Fire TV Stick 4K Max,2026-04-21T17:14:40.506356+00:00,65.78,amazon,2026-05-17T17:14:40.523670+00:00,seed (simulated history - replace with Keepa API)
B08N5WRWNW,Fire TV Stick 4K Max,2026-04-22T17:14:40.506356+00:00,67.93,amazon,2026-05-17T17:14:40.523692+00:00,seed (simulated history - replace with Keepa API)
B08N5WRWNW,Fire TV Stick 4K Max,2026-04-23T17:14:40.506356+00:00,65.77,amazon,2026-05-17T17:14:40.523714+00:00,seed (simulated history - replace with Keepa API)
B08N5WRWNW,Fire TV Stick 4K Max,2026-04-24T17:14:40.506356+00:00,67.5,amazon,2026-05-17T17:14:40.523737+00:00,seed (simulated history - replace with Keepa API)
B08N5WRWNW,Fire TV Stick 4K Max,2026-04-25T17:14:40.506356+00:00,64.12,amazon,2026-05-17T17:14:40.523759+00:00,seed (simulated history - replace with Keepa API)
B08N5WRWNW,Fire TV Stick 4K Max,2026-04-26T17:14:40.506356+00:00,66.87,amazon,2026-05-17T17:14:40.523780+00:00,seed (simulated history - replace with Keepa API)
B08N5WRWNW,Fire TV Stick 4K Max,2026-04-27T17:14:40.506356+00:00,66.89,amazon,2026-05-17T17:14:40.523802+00:00,seed (simulated history - replace with Keepa API)
B08N5WRWNW,Fire TV Stick 4K Max,2026-04-28T17:14:40.506356+00:00,61.81,amazon,2026-05-17T17:14:40.523828+00:00,seed (simulated history - replace with Keepa API)
B08N5WRWNW,Fire TV Stick 4K Max,2026-04-29T17:14:40.506356+00:00,65.54,amazon,2026-05-17T17:14:40.523850+00:00,seed (simulated history - replace with Keepa API)
B08N5WRWNW,Fire TV Stick 4K Max,2026-04-30T17:14:40.506356+00:00,65.32,amazon,2026-05-17T17:14:40.523872+00:00,seed (simulated history - replace with Keepa API)
B08N5WRWNW,Fire TV Stick 4K Max,2026-05-01T17:14:40.506356+00:00,66.62,amazon,2026-05-17T17:14:40.523892+00:00,seed (simulated history - replace with Keepa API)
B08N5WRWNW,Fire TV Stick 4K Max,2026-05-02T17:14:40.506356+00:00,65.34,amazon,2026-05-17T17:14:40.523913+00:00,seed (simulated history - replace with Keepa API)
B08N5WRWNW,Fire TV Stick 4K Max,2026-05-03T17:14:40.506356+00:00,52.31,amazon,2026-05-17T17:14:40.523966+00:00,seed (simulated history - replace with Keepa API)
B08N5WRWNW,Fire TV Stick 4K Max,2026-05-04T17:14:40.506356+00:00,65.2,amazon,2026-05-17T17:14:40.523997+00:00,seed (simulated history - replace with Keepa API)
B08N5WRWNW,Fire TV Stick 4K Max,2026-05-05T17:14:40.506356+00:00,66.41,amazon,2026-05-17T17:14:40.524033+00:00,seed (simulated history - replace with Keepa API)
B08N5WRWNW,Fire TV Stick 4K Max,2026-05-06T17:14:40.506356+00:00,63.45,amazon,2026-05-17T17:14:40.524055+00:00,seed (simulated history - replace with Keepa API)
B08N5WRWNW,Fire TV Stick 4K Max,2026-05-07T17:14:40.506356+00:00,65.91,amazon,2026-05-17T17:14:40.524126+00:00,seed (simulated history - replace with Keepa API)
B08N5WRWNW,Fire TV Stick 4K Max,2026-05-08T17:14:40.506356+00:00,68.1,amazon,2026-05-17T17:14:40.524165+00:00,seed (simulated history - replace with Keepa API)
B08N5WRWNW,Fire TV Stick 4K Max,2026-05-09T17:14:40.506356+00:00,63.99,amazon,2026-05-17T17:14:40.524192+00:00,seed (simulated history - replace with Keepa API)
B08N5WRWNW,Fire TV Stick 4K Max,2026-05-10T17:14:40.506356+00:00,63.06,amazon,2026-05-17T17:14:40.524214+00:00,seed (simulated history - replace with Keepa API)
B08N5WRWNW,Fire TV Stick 4K Max,2026-05-11T17:14:40.506356+00:00,64.74,amazon,2026-05-17T17:14:40.524235+00:00,seed (simulated history - replace with Keepa API)
B08N5WRWNW,Fire TV Stick 4K Max,2026-05-12T17:14:40.506356+00:00,65.1,amazon,2026-05-17T17:14:40.524257+00:00,seed (simulated history - replace with Keepa API)
B08N5WRWNW,Fire TV Stick 4K Max,2026-05-13T17:14:40.506356+00:00,67.12,amazon,2026-05-17T17:14:40.524278+00:00,seed (simulated history - replace with Keepa API)
B08N5WRWNW,Fire TV Stick 4K Max,2026-05-14T17:14:40.506356+00:00,64.68,amazon,2026-05-17T17:14:40.524300+00:00,seed (simulated history - replace with Keepa API)
B08N5WRWNW,Fire TV Stick 4K Max,2026-05-15T17:14:40.506356+00:00,53.32,amazon,2026-05-17T17:14:40.524348+00:00,seed (simulated history - replace with Keepa API)
B08N5WRWNW,Fire TV Stick 4K Max,2026-05-16T17:14:40.506356+00:00,66.65,amazon,2026-05-17T17:14:40.524372+00:00,seed (simulated history - replace with Keepa API)
B08N5WRWNW,Fire TV Stick 4K Max,2026-05-17T17:14:40.506356+00:00,60.47,amazon,2026-05-17T17:14:40.524393+00:00,seed (simulated history - replace with Keepa API)
B0BXZY32WB,Fire TV Stick HD,2025-11-18T17:14:40.506356+00:00,41.51,amazon,2026-05-17T17:14:40.527223+00:00,seed (simulated history - replace with Keepa API)
B0BXZY32WB,Fire TV Stick HD,2025-11-19T17:14:40.506356+00:00,39.01,amazon,2026-05-17T17:14:40.527258+00:00,seed (simulated history - replace with Keepa API)
B0BXZY32WB,Fire TV Stick HD,2025-11-20T17:14:40.506356+00:00,28.64,amazon,2026-05-17T17:14:40.527283+00:00,seed (simulated history - replace with Keepa API)
B0BXZY32WB,Fire TV Stick HD,2025-11-21T17:14:40.506356+00:00,29.81,amazon,2026-05-17T17:14:40.527310+00:00,seed (simulated history - replace with Keepa API)
B0BXZY32WB,Fire TV Stick HD,2025-11-22T17:14:40.506356+00:00,29.98,amazon,2026-05-17T17:14:40.527350+00:00,seed (simulated history - replace with Keepa API)
B0BXZY32WB,Fire TV Stick HD,2025-11-23T17:14:40.506356+00:00,28.41,amazon,2026-05-17T17:14:40.527372+00:00,seed (simulated history - replace with Keepa API)
B0BXZY32WB,Fire TV Stick HD,2025-11-24T17:14:40.506356+00:00,30.96,amazon,2026-05-17T17:14:40.527392+00:00,seed (simulated history - replace with Keepa API)
B0BXZY32WB,Fire TV Stick HD,2025-11-25T17:14:40.506356+00:00,29.8,amazon,2026-05-17T17:14:40.527412+00:00,seed (simulated history - replace with Keepa API)
B0BXZY32WB,Fire TV Stick HD,2025-11-26T17:14:40.506356+00:00,31.29,amazon,2026-05-17T17:14:40.527434+00:00,seed (simulated history - replace with Keepa API)
B0BXZY32WB,Fire TV Stick HD,2025-11-27T17:14:40.506356+00:00,27.78,amazon,2026-05-17T17:14:40.527455+00:00,seed (simulated history - replace with Keepa API)
B0BXZY32WB,Fire TV Stick HD,2025-11-28T17:14:40.506356+00:00,28.77,amazon,2026-05-17T17:14:40.527477+00:00,seed (simulated history - replace with Keepa API)
B0BXZY32WB,Fire TV Stick HD,2025-11-29T17:14:40.506356+00:00,30.61,amazon,2026-05-17T17:14:40.527507+00:00,seed (simulated history - replace with Keepa API)
B0BXZY32WB,Fire TV Stick HD,2025-11-30T17:14:40.506356+00:00,29.03,amazon,2026-05-17T17:14:40.527529+00:00,seed (simulated history - replace with Keepa API)
B0BXZY32WB,Fire TV Stick HD,2025-12-01T17:14:40.506356+00:00,39.79,amazon,2026-05-17T17:14:40.527580+00:00,seed (simulated history - replace with Keepa API)
B0BXZY32WB,Fire TV Stick HD,2025-12-02T17:14:40.506356+00:00,43.08,amazon,2026-05-17T17:14:40.527604+00:00,seed (simulated history - replace with Keepa API)
B0BXZY32WB,Fire TV Stick HD,2025-12-03T17:14:40.506356+00:00,40.06,amazon,2026-05-17T17:14:40.527627+00:00,seed (simulated history - replace with Keepa API)
B0BXZY32WB,Fire TV Stick HD,2025-12-04T17:14:40.506356+00:00,40.23,amazon,2026-05-17T17:14:40.527650+00:00,seed (simulated history - replace with Keepa API)
B0BXZY32WB,Fire TV Stick HD,2025-12-05T17:14:40.506356+00:00,39.82,amazon,2026-05-17T17:14:40.527672+00:00,seed (simulated history - replace with Keepa API)
B0BXZY32WB,Fire TV Stick HD,2025-12-06T17:14:40.506356+00:00,39.95,amazon,2026-05-17T17:14:40.527694+00:00,seed (simulated history - replace with Keepa API)
B0BXZY32WB,Fire TV Stick HD,2025-12-07T17:14:40.506356+00:00,39.34,amazon,2026-05-17T17:14:40.527716+00:00,seed (simulated history - replace with Keepa API)
B0BXZY32WB,Fire TV Stick HD,2025-12-08T17:14:40.506356+00:00,39.68,amazon,2026-05-17T17:14:40.527738+00:00,seed (simulated history - replace with Keepa API)
B0BXZY32WB,Fire TV Stick HD,2025-12-09T17:14:40.506356+00:00,41.79,amazon,2026-05-17T17:14:40.527760+00:00,seed (simulated history - replace with Keepa API)
B0BXZY32WB,Fire TV Stick HD,2025-12-10T17:14:40.506356+00:00,41.48,amazon,2026-05-17T17:14:40.527792+00:00,seed (simulated history - replace with Keepa API)
B0BXZY32WB,Fire TV Stick HD,2025-12-11T17:14:40.506356+00:00,37.5,amazon,2026-05-17T17:14:40.527816+00:00,seed (simulated history - replace with Keepa API)
B0BXZY32WB,Fire TV Stick HD,2025-12-12T17:14:40.506356+00:00,38.3,amazon,2026-05-17T17:14:40.527847+00:00,seed (simulated history - replace with Keepa API)
B0BXZY32WB,Fire TV Stick HD,2025-12-13T17:14:40.506356+00:00,39.06,amazon,2026-05-17T17:14:40.527869+00:00,seed (simulated history - replace with Keepa API)
B0BXZY32WB,Fire TV Stick HD,2025-12-14T17:14:40.506356+00:00,35.34,amazon,2026-05-17T17:14:40.527921+00:00,seed (simulated history - replace with Keepa API)
B0BXZY32WB,Fire TV Stick HD,2025-12-15T17:14:40.506356+00:00,41.52,amazon,2026-05-17T17:14:40.527944+00:00,seed (simulated history - replace with Keepa API)
B0BXZY32WB,Fire TV Stick HD,2025-12-16T17:14:40.506356+00:00,40.11,amazon,2026-05-17T17:14:40.527967+00:00,seed (simulated history - replace with Keepa API)
B0BXZY32WB,Fire TV Stick HD,2025-12-17T17:14:40.506356+00:00,39.83,amazon,2026-05-17T17:14:40.527996+00:00,seed (simulated history - replace with Keepa API)
B0BXZY32WB,Fire TV Stick HD,2025-12-18T17:14:40.506356+00:00,39.57,amazon,2026-05-17T17:14:40.528034+00:00,seed (simulated history - replace with Keepa API)
B0BXZY32WB,Fire TV Stick HD,2025-12-19T17:14:40.506356+00:00,39.72,amazon,2026-05-17T17:14:40.528058+00:00,seed (simulated history - replace with Keepa API)
B0BXZY32WB,Fire TV Stick HD,2025-12-20T17:14:40.506356+00:00,40.27,amazon,2026-05-17T17:14:40.528081+00:00,seed (simulated history - replace with Keepa API)
B0BXZY32WB,Fire TV Stick HD,2025-12-21T17:14:40.506356+00:00,40.29,amazon,2026-05-17T17:14:40.528104+00:00,seed (simulated history - replace with Keepa API)
B0BXZY32WB,Fire TV Stick HD,2025-12-22T17:14:40.506356+00:00,39.2,amazon,2026-05-17T17:14:40.528128+00:00,seed (simulated history - replace with Keepa API)
B0BXZY32WB,Fire TV Stick HD,2025-12-23T17:14:40.506356+00:00,34.18,amazon,2026-05-17T17:14:40.528272+00:00,seed (simulated history - replace with Keepa API)
B0BXZY32WB,Fire TV Stick HD,2025-12-24T17:14:40.506356+00:00,40.38,amazon,2026-05-17T17:14:40.528303+00:00,seed (simulated history - replace with Keepa API)
B0BXZY32WB,Fire TV Stick HD,2025-12-25T17:14:40.506356+00:00,38.49,amazon,2026-05-17T17:14:40.528326+00:00,seed (simulated history - replace with Keepa API)
B0BXZY32WB,Fire TV Stick HD,2025-12-26T17:14:40.506356+00:00,39.36,amazon,2026-05-17T17:14:40.528349+00:00,seed (simulated history - replace with Keepa API)
B0BXZY32WB,Fire TV Stick HD,2025-12-27T17:14:40.506356+00:00,41.25,amazon,2026-05-17T17:14:40.528459+00:00,seed (simulated history - replace with Keepa API)
B0BXZY32WB,Fire TV Stick HD,2025-12-28T17:14:40.506356+00:00,38.12,amazon,2026-05-17T17:14:40.528496+00:00,seed (simulated history - replace with Keepa API)
B0BXZY32WB,Fire TV Stick HD,2025-12-29T17:14:40.506356+00:00,40.72,amazon,2026-05-17T17:14:40.528520+00:00,seed (simulated history - replace with Keepa API)
B0BXZY32WB,Fire TV Stick HD,2025-12-30T17:14:40.506356+00:00,37.49,amazon,2026-05-17T17:14:40.528565+00:00,seed (simulated history - replace with Keepa API)
B0BXZY32WB,Fire TV Stick HD,2025-12-31T17:14:40.506356+00:00,42.03,amazon,2026-05-17T17:14:40.528605+00:00,seed (simulated history - replace with Keepa API)
B0BXZY32WB,Fire TV Stick HD,2026-01-01T17:14:40.506356+00:00,39.34,amazon,2026-05-17T17:14:40.528623+00:00,seed (simulated history - replace with Keepa API)
B0BXZY32WB,Fire TV Stick HD,2026-01-02T17:14:40.506356+00:00,40.47,amazon,2026-05-17T17:14:40.528641+00:00,seed (simulated history - replace with Keepa API)
B0BXZY32WB,Fire TV Stick HD,2026-01-03T17:14:40.506356+00:00,40.13,amazon,2026-05-17T17:14:40.528659+00:00,seed (simulated history - replace with Keepa API)
B0BXZY32WB,Fire TV Stick HD,2026-01-04T17:14:40.506356+00:00,34.02,amazon,2026-05-17T17:14:40.528696+00:00,seed (simulated history - replace with Keepa API)
B0BXZY32WB,Fire TV Stick HD,2026-01-05T17:14:40.506356+00:00,42.58,amazon,2026-05-17T17:14:40.528724+00:00,seed (simulated history - replace with Keepa API)
B0BXZY32WB,Fire TV Stick HD,2026-01-06T17:14:40.506356+00:00,40.8,amazon,2026-05-17T17:14:40.528745+00:00,seed (simulated history - replace with Keepa API)
B0BXZY32WB,Fire TV Stick HD,2026-01-07T17:14:40.506356+00:00,38.44,amazon,2026-05-17T17:14:40.528765+00:00,seed (simulated history - replace with Keepa API)
B0BXZY32WB,Fire TV Stick HD,2026-01-08T17:14:40.506356+00:00,28.8,amazon,2026-05-17T17:14:40.528799+00:00,seed (simulated history - replace with Keepa API)
B0BXZY32WB,Fire TV Stick HD,2026-01-09T17:14:40.506356+00:00,40.22,amazon,2026-05-17T17:14:40.528821+00:00,seed (simulated history - replace with Keepa API)
B0BXZY32WB,Fire TV Stick HD,2026-01-10T17:14:40.506356+00:00,38.82,amazon,2026-05-17T17:14:40.528842+00:00,seed (simulated history - replace with Keepa API)
B0BXZY32WB,Fire TV Stick HD,2026-01-11T17:14:40.506356+00:00,41.22,amazon,2026-05-17T17:14:40.528864+00:00,seed (simulated history - replace with Keepa API)
B0BXZY32WB,Fire TV Stick HD,2026-01-12T17:14:40.506356+00:00,35.46,amazon,2026-05-17T17:14:40.528895+00:00,seed (simulated history - replace with Keepa API)
B0BXZY32WB,Fire TV Stick HD,2026-01-13T17:14:40.506356+00:00,41.93,amazon,2026-05-17T17:14:40.528915+00:00,seed (simulated history - replace with Keepa API)
B0BXZY32WB,Fire TV Stick HD,2026-01-14T17:14:40.506356+00:00,41.87,amazon,2026-05-17T17:14:40.528945+00:00,seed (simulated history - replace with Keepa API)
B0BXZY32WB,Fire TV Stick HD,2026-01-15T17:14:40.506356+00:00,39.8,amazon,2026-05-17T17:14:40.528967+00:00,seed (simulated history - replace with Keepa API)
B0BXZY32WB,Fire TV Stick HD,2026-01-16T17:14:40.506356+00:00,40.96,amazon,2026-05-17T17:14:40.529001+00:00,seed (simulated history - replace with Keepa API)
B0BXZY32WB,Fire TV Stick HD,2026-01-17T17:14:40.506356+00:00,39.57,amazon,2026-05-17T17:14:40.529037+00:00,seed (simulated history - replace with Keepa API)
B0BXZY32WB,Fire TV Stick HD,2026-01-18T17:14:40.506356+00:00,40.23,amazon,2026-05-17T17:14:40.529059+00:00,seed (simulated history - replace with Keepa API)
B0BXZY32WB,Fire TV Stick HD,2026-01-19T17:14:40.506356+00:00,38.16,amazon,2026-05-17T17:14:40.529081+00:00,seed (simulated history - replace with Keepa API)
B0BXZY32WB,Fire TV Stick HD,2026-01-20T17:14:40.506356+00:00,39.03,amazon,2026-05-17T17:14:40.529112+00:00,seed (simulated history - replace with Keepa API)
B0BXZY32WB,Fire TV Stick HD,2026-01-21T17:14:40.506356+00:00,40.68,amazon,2026-05-17T17:14:40.529135+00:00,seed (simulated history - replace with Keepa API)
B0BXZY32WB,Fire TV Stick HD,2026-01-22T17:14:40.506356+00:00,37.89,amazon,2026-05-17T17:14:40.529157+00:00,seed (simulated history - replace with Keepa API)
B0BXZY32WB,Fire TV Stick HD,2026-01-23T17:14:40.506356+00:00,40.1,amazon,2026-05-17T17:14:40.529180+00:00,seed (simulated history - replace with Keepa API)
B0BXZY32WB,Fire TV Stick HD,2026-01-24T17:14:40.506356+00:00,34.11,amazon,2026-05-17T17:14:40.529216+00:00,seed (simulated history - replace with Keepa API)
B0BXZY32WB,Fire TV Stick HD,2026-01-25T17:14:40.506356+00:00,39.3,amazon,2026-05-17T17:14:40.529239+00:00,seed (simulated history - replace with Keepa API)
B0BXZY32WB,Fire TV Stick HD,2026-01-26T17:14:40.506356+00:00,40.14,amazon,2026-05-17T17:14:40.529260+00:00,seed (simulated history - replace with Keepa API)
B0BXZY32WB,Fire TV Stick HD,2026-01-27T17:14:40.506356+00:00,41.37,amazon,2026-05-17T17:14:40.529283+00:00,seed (simulated history - replace with Keepa API)
B0BXZY32WB,Fire TV Stick HD,2026-01-28T17:14:40.506356+00:00,39.15,amazon,2026-05-17T17:14:40.529306+00:00,seed (simulated history - replace with Keepa API)
B0BXZY32WB,Fire TV Stick HD,2026-01-29T17:14:40.506356+00:00,39.95,amazon,2026-05-17T17:14:40.529328+00:00,seed (simulated history - replace with Keepa API)
B0BXZY32WB,Fire TV Stick HD,2026-01-30T17:14:40.506356+00:00,42.11,amazon,2026-05-17T17:14:40.529351+00:00,seed (simulated history - replace with Keepa API)
B0BXZY32WB,Fire TV Stick HD,2026-01-31T17:14:40.506356+00:00,40.84,amazon,2026-05-17T17:14:40.529381+00:00,seed (simulated history - replace with Keepa API)
B0BXZY32WB,Fire TV Stick HD,2026-02-01T17:14:40.506356+00:00,39.32,amazon,2026-05-17T17:14:40.529402+00:00,seed (simulated history - replace with Keepa API)
B0BXZY32WB,Fire TV Stick HD,2026-02-02T17:14:40.506356+00:00,40.74,amazon,2026-05-17T17:14:40.529423+00:00,seed (simulated history - replace with Keepa API)
B0BXZY32WB,Fire TV Stick HD,2026-02-03T17:14:40.506356+00:00,38.11,amazon,2026-05-17T17:14:40.529442+00:00,seed (simulated history - replace with Keepa API)
B0BXZY32WB,Fire TV Stick HD,2026-02-04T17:14:40.506356+00:00,39.9,amazon,2026-05-17T17:14:40.529460+00:00,seed (simulated history - replace with Keepa API)
B0BXZY32WB,Fire TV Stick HD,2026-02-05T17:14:40.506356+00:00,40.73,amazon,2026-05-17T17:14:40.529587+00:00,seed (simulated history - replace with Keepa API)
B0BXZY32WB,Fire TV Stick HD,2026-02-06T17:14:40.506356+00:00,40.45,amazon,2026-05-17T17:14:40.529650+00:00,seed (simulated history - replace with Keepa API)
B0BXZY32WB,Fire TV Stick HD,2026-02-07T17:14:40.506356+00:00,40.72,amazon,2026-05-17T17:14:40.529675+00:00,seed (simulated history - replace with Keepa API)
B0BXZY32WB,Fire TV Stick HD,2026-02-08T17:14:40.506356+00:00,40.99,amazon,2026-05-17T17:14:40.529711+00:00,seed (simulated history - replace with Keepa API)
B0BXZY32WB,Fire TV Stick HD,2026-02-09T17:14:40.506356+00:00,40.54,amazon,2026-05-17T17:14:40.529734+00:00,seed (simulated history - replace with Keepa API)
B0BXZY32WB,Fire TV Stick HD,2026-02-10T17:14:40.506356+00:00,40.51,amazon,2026-05-17T17:14:40.529757+00:00,seed (simulated history - replace with Keepa API)
B0BXZY32WB,Fire TV Stick HD,2026-02-11T17:14:40.506356+00:00,40.24,amazon,2026-05-17T17:14:40.529779+00:00,seed (simulated history - replace with Keepa API)
B0BXZY32WB,Fire TV Stick HD,2026-02-12T17:14:40.506356+00:00,38.69,amazon,2026-05-17T17:14:40.529802+00:00,seed (simulated history - replace with Keepa API)
B0BXZY32WB,Fire TV Stick HD,2026-02-13T17:14:40.506356+00:00,41.25,amazon,2026-05-17T17:14:40.529825+00:00,seed (simulated history - replace with Keepa API)
B0BXZY32WB,Fire TV Stick HD,2026-02-14T17:14:40.506356+00:00,39.94,amazon,2026-05-17T17:14:40.529847+00:00,seed (simulated history - replace with Keepa API)
B0BXZY32WB,Fire TV Stick HD,2026-02-15T17:14:40.506356+00:00,40.81,amazon,2026-05-17T17:14:40.529876+00:00,seed (simulated history - replace with Keepa API)
B0BXZY32WB,Fire TV Stick HD,2026-02-16T17:14:40.506356+00:00,32.35,amazon,2026-05-17T17:14:40.529926+00:00,seed (simulated history - replace with Keepa API)
B0BXZY32WB,Fire TV Stick HD,2026-02-17T17:14:40.506356+00:00,39.37,amazon,2026-05-17T17:14:40.529949+00:00,seed (simulated history - replace with Keepa API)
B0BXZY32WB,Fire TV Stick HD,2026-02-18T17:14:40.506356+00:00,38.74,amazon,2026-05-17T17:14:40.529971+00:00,seed (simulated history - replace with Keepa API)
B0BXZY32WB,Fire TV Stick HD,2026-02-19T17:14:40.506356+00:00,41.52,amazon,2026-05-17T17:14:40.530019+00:00,seed (simulated history - replace with Keepa API)
B0BXZY32WB,Fire TV Stick HD,2026-02-20T17:14:40.506356+00:00,40.48,amazon,2026-05-17T17:14:40.530045+00:00,seed (simulated history - replace with Keepa API)
B0BXZY32WB,Fire TV Stick HD,2026-02-21T17:14:40.506356+00:00,37.67,amazon,2026-05-17T17:14:40.530071+00:00,seed (simulated history - replace with Keepa API)
B0BXZY32WB,Fire TV Stick HD,2026-02-22T17:14:40.506356+00:00,41.03,amazon,2026-05-17T17:14:40.530094+00:00,seed (simulated history - replace with Keepa API)
B0BXZY32WB,Fire TV Stick HD,2026-02-23T17:14:40.506356+00:00,40.33,amazon,2026-05-17T17:14:40.530116+00:00,seed (simulated history - replace with Keepa API)
B0BXZY32WB,Fire TV Stick HD,2026-02-24T17:14:40.506356+00:00,40.85,amazon,2026-05-17T17:14:40.530139+00:00,seed (simulated history - replace with Keepa API)
B0BXZY32WB,Fire TV Stick HD,2026-02-25T17:14:40.506356+00:00,40.05,amazon,2026-05-17T17:14:40.530170+00:00,seed (simulated history - replace with Keepa API)
B0BXZY32WB,Fire TV Stick HD,2026-02-26T17:14:40.506356+00:00,41.46,amazon,2026-05-17T17:14:40.530193+00:00,seed (simulated history - replace with Keepa API)
B0BXZY32WB,Fire TV Stick HD,2026-02-27T17:14:40.506356+00:00,39.17,amazon,2026-05-17T17:14:40.530216+00:00,seed (simulated history - replace with Keepa API)
B0BXZY32WB,Fire TV Stick HD,2026-02-28T17:14:40.506356+00:00,41.09,amazon,2026-05-17T17:14:40.530726+00:00,seed (simulated history - replace with Keepa API)
B0BXZY32WB,Fire TV Stick HD,2026-03-01T17:14:40.506356+00:00,40.37,amazon,2026-05-17T17:14:40.530799+00:00,seed (simulated history - replace with Keepa API)
B0BXZY32WB,Fire TV Stick HD,2026-03-02T17:14:40.506356+00:00,37.97,amazon,2026-05-17T17:14:40.530828+00:00,seed (simulated history - replace with Keepa API)
B0BXZY32WB,Fire TV Stick HD,2026-03-03T17:14:40.506356+00:00,37.88,amazon,2026-05-17T17:14:40.530852+00:00,seed (simulated history - replace with Keepa API)
B0BXZY32WB,Fire TV Stick HD,2026-03-04T17:14:40.506356+00:00,39.63,amazon,2026-05-17T17:14:40.530891+00:00,seed (simulated history - replace with Keepa API)
B0BXZY32WB,Fire TV Stick HD,2026-03-05T17:14:40.506356+00:00,39.02,amazon,2026-05-17T17:14:40.530914+00:00,seed (simulated history - replace with Keepa API)
B0BXZY32WB,Fire TV Stick HD,2026-03-06T17:14:40.506356+00:00,37.67,amazon,2026-05-17T17:14:40.530936+00:00,seed (simulated history - replace with Keepa API)
B0BXZY32WB,Fire TV Stick HD,2026-03-07T17:14:40.506356+00:00,38.54,amazon,2026-05-17T17:14:40.530959+00:00,seed (simulated history - replace with Keepa API)
B0BXZY32WB,Fire TV Stick HD,2026-03-08T17:14:40.506356+00:00,39.79,amazon,2026-05-17T17:14:40.530992+00:00,seed (simulated history - replace with Keepa API)
B0BXZY32WB,Fire TV Stick HD,2026-03-09T17:14:40.506356+00:00,39.0,amazon,2026-05-17T17:14:40.531052+00:00,seed (simulated history - replace with Keepa API)
B0BXZY32WB,Fire TV Stick HD,2026-03-10T17:14:40.506356+00:00,42.76,amazon,2026-05-17T17:14:40.531077+00:00,seed (simulated history - replace with Keepa API)
B0BXZY32WB,Fire TV Stick HD,2026-03-11T17:14:40.506356+00:00,39.19,amazon,2026-05-17T17:14:40.531101+00:00,seed (simulated history - replace with Keepa API)
B0BXZY32WB,Fire TV Stick HD,2026-03-12T17:14:40.506356+00:00,41.39,amazon,2026-05-17T17:14:40.531123+00:00,seed (simulated history - replace with Keepa API)
B0BXZY32WB,Fire TV Stick HD,2026-03-13T17:14:40.506356+00:00,41.93,amazon,2026-05-17T17:14:40.531146+00:00,seed (simulated history - replace with Keepa API)
B0BXZY32WB,Fire TV Stick HD,2026-03-14T17:14:40.506356+00:00,39.37,amazon,2026-05-17T17:14:40.531169+00:00,seed (simulated history - replace with Keepa API)
B0BXZY32WB,Fire TV Stick HD,2026-03-15T17:14:40.506356+00:00,39.27,amazon,2026-05-17T17:14:40.531190+00:00,seed (simulated history - replace with Keepa API)
B0BXZY32WB,Fire TV Stick HD,2026-03-16T17:14:40.506356+00:00,39.39,amazon,2026-05-17T17:14:40.531213+00:00,seed (simulated history - replace with Keepa API)
B0BXZY32WB,Fire TV Stick HD,2026-03-17T17:14:40.506356+00:00,39.79,amazon,2026-05-17T17:14:40.531235+00:00,seed (simulated history - replace with Keepa API)
B0BXZY32WB,Fire TV Stick HD,2026-03-18T17:14:40.506356+00:00,39.54,amazon,2026-05-17T17:14:40.531254+00:00,seed (simulated history - replace with Keepa API)
B0BXZY32WB,Fire TV Stick HD,2026-03-19T17:14:40.506356+00:00,38.58,amazon,2026-05-17T17:14:40.531286+00:00,seed (simulated history - replace with Keepa API)
B0BXZY32WB,Fire TV Stick HD,2026-03-20T17:14:40.506356+00:00,40.4,amazon,2026-05-17T17:14:40.531302+00:00,seed (simulated history - replace with Keepa API)
B0BXZY32WB,Fire TV Stick HD,2026-03-21T17:14:40.506356+00:00,39.54,amazon,2026-05-17T17:14:40.531320+00:00,seed (simulated history - replace with Keepa API)
B0BXZY32WB,Fire TV Stick HD,2026-03-22T17:14:40.506356+00:00,42.82,amazon,2026-05-17T17:14:40.531343+00:00,seed (simulated history - replace with Keepa API)
B0BXZY32WB,Fire TV Stick HD,2026-03-23T17:14:40.506356+00:00,41.12,amazon,2026-05-17T17:14:40.531365+00:00,seed (simulated history - replace with Keepa API)
B0BXZY32WB,Fire TV Stick HD,2026-03-24T17:14:40.506356+00:00,39.56,amazon,2026-05-17T17:14:40.531386+00:00,seed (simulated history - replace with Keepa API)
B0BXZY32WB,Fire TV Stick HD,2026-03-25T17:14:40.506356+00:00,40.69,amazon,2026-05-17T17:14:40.531408+00:00,seed (simulated history - replace with Keepa API)
B0BXZY32WB,Fire TV Stick HD,2026-03-26T17:14:40.506356+00:00,40.64,amazon,2026-05-17T17:14:40.531431+00:00,seed (simulated history - replace with Keepa API)
B0BXZY32WB,Fire TV Stick HD,2026-03-27T17:14:40.506356+00:00,41.29,amazon,2026-05-17T17:14:40.531453+00:00,seed (simulated history - replace with Keepa API)
B0BXZY32WB,Fire TV Stick HD,2026-03-28T17:14:40.506356+00:00,37.89,amazon,2026-05-17T17:14:40.531475+00:00,seed (simulated history - replace with Keepa API)
B0BXZY32WB,Fire TV Stick HD,2026-03-29T17:14:40.506356+00:00,38.48,amazon,2026-05-17T17:14:40.531509+00:00,seed (simulated history - replace with Keepa API)
B0BXZY32WB,Fire TV Stick HD,2026-03-30T17:14:40.506356+00:00,38.98,amazon,2026-05-17T17:14:40.531531+00:00,seed (simulated history - replace with Keepa API)
B0BXZY32WB,Fire TV Stick HD,2026-03-31T17:14:40.506356+00:00,39.98,amazon,2026-05-17T17:14:40.531579+00:00,seed (simulated history - replace with Keepa API)
B0BXZY32WB,Fire TV Stick HD,2026-04-01T17:14:40.506356+00:00,35.81,amazon,2026-05-17T17:14:40.531601+00:00,seed (simulated history - replace with Keepa API)
B0BXZY32WB,Fire TV Stick HD,2026-04-02T17:14:40.506356+00:00,38.95,amazon,2026-05-17T17:14:40.533501+00:00,seed (simulated history - replace with Keepa API)
B0BXZY32WB,Fire TV Stick HD,2026-04-03T17:14:40.506356+00:00,41.58,amazon,2026-05-17T17:14:40.533672+00:00,seed (simulated history - replace with Keepa API)
B0BXZY32WB,Fire TV Stick HD,2026-04-04T17:14:40.506356+00:00,38.63,amazon,2026-05-17T17:14:40.533708+00:00,seed (simulated history - replace with Keepa API)
B0BXZY32WB,Fire TV Stick HD,2026-04-05T17:14:40.506356+00:00,40.28,amazon,2026-05-17T17:14:40.533735+00:00,seed (simulated history - replace with Keepa API)
B0BXZY32WB,Fire TV Stick HD,2026-04-06T17:14:40.506356+00:00,40.36,amazon,2026-05-17T17:14:40.533760+00:00,seed (simulated history - replace with Keepa API)
B0BXZY32WB,Fire TV Stick HD,2026-04-07T17:14:40.506356+00:00,40.48,amazon,2026-05-17T17:14:40.533787+00:00,seed (simulated history - replace with Keepa API)
B0BXZY32WB,Fire TV Stick HD,2026-04-08T17:14:40.506356+00:00,40.85,amazon,2026-05-17T17:14:40.533819+00:00,seed (simulated history - replace with Keepa API)
B0BXZY32WB,Fire TV Stick HD,2026-04-09T17:14:40.506356+00:00,41.2,amazon,2026-05-17T17:14:40.533843+00:00,seed (simulated history - replace with Keepa API)
B0BXZY32WB,Fire TV Stick HD,2026-04-10T17:14:40.506356+00:00,41.83,amazon,2026-05-17T17:14:40.533866+00:00,seed (simulated history - replace with Keepa API)
B0BXZY32WB,Fire TV Stick HD,2026-04-11T17:14:40.506356+00:00,39.55,amazon,2026-05-17T17:14:40.533889+00:00,seed (simulated history - replace with Keepa API)
B0BXZY32WB,Fire TV Stick HD,2026-04-12T17:14:40.506356+00:00,38.99,amazon,2026-05-17T17:14:40.533910+00:00,seed (simulated history - replace with Keepa API)
B0BXZY32WB,Fire TV Stick HD,2026-04-13T17:14:40.506356+00:00,40.49,amazon,2026-05-17T17:14:40.533933+00:00,seed (simulated history - replace with Keepa API)
B0BXZY32WB,Fire TV Stick HD,2026-04-14T17:14:40.506356+00:00,34.18,amazon,2026-05-17T17:14:40.533994+00:00,seed (simulated history - replace with Keepa API)
B0BXZY32WB,Fire TV Stick HD,2026-04-15T17:14:40.506356+00:00,40.22,amazon,2026-05-17T17:14:40.534036+00:00,seed (simulated history - replace with Keepa API)
B0BXZY32WB,Fire TV Stick HD,2026-04-16T17:14:40.506356+00:00,40.05,amazon,2026-05-17T17:14:40.534059+00:00,seed (simulated history - replace with Keepa API)
B0BXZY32WB,Fire TV Stick HD,2026-04-17T17:14:40.506356+00:00,40.76,amazon,2026-05-17T17:14:40.534096+00:00,seed (simulated history - replace with Keepa API)
B0BXZY32WB,Fire TV Stick HD,2026-04-18T17:14:40.506356+00:00,42.59,amazon,2026-05-17T17:14:40.534120+00:00,seed (simulated history - replace with Keepa API)
B0BXZY32WB,Fire TV Stick HD,2026-04-19T17:14:40.506356+00:00,40.29,amazon,2026-05-17T17:14:40.534144+00:00,seed (simulated history - replace with Keepa API)
B0BXZY32WB,Fire TV Stick HD,2026-04-20T17:14:40.506356+00:00,41.88,amazon,2026-05-17T17:14:40.534166+00:00,seed (simulated history - replace with Keepa API)
B0BXZY32WB,Fire TV Stick HD,2026-04-21T17:14:40.506356+00:00,40.72,amazon,2026-05-17T17:14:40.534189+00:00,seed (simulated history - replace with Keepa API)
B0BXZY32WB,Fire TV Stick HD,2026-04-22T17:14:40.506356+00:00,40.21,amazon,2026-05-17T17:14:40.534212+00:00,seed (simulated history - replace with Keepa API)
B0BXZY32WB,Fire TV Stick HD,2026-04-23T17:14:40.506356+00:00,39.45,amazon,2026-05-17T17:14:40.534235+00:00,seed (simulated history - replace with Keepa API)
B0BXZY32WB,Fire TV Stick HD,2026-04-24T17:14:40.506356+00:00,40.22,amazon,2026-05-17T17:14:40.534257+00:00,seed (simulated history - replace with Keepa API)
B0BXZY32WB,Fire TV Stick HD,2026-04-25T17:14:40.506356+00:00,40.15,amazon,2026-05-17T17:14:40.534281+00:00,seed (simulated history - replace with Keepa API)
B0BXZY32WB,Fire TV Stick HD,2026-04-26T17:14:40.506356+00:00,39.15,amazon,2026-05-17T17:14:40.534307+00:00,seed (simulated history - replace with Keepa API)
B0BXZY32WB,Fire TV Stick HD,2026-04-27T17:14:40.506356+00:00,39.32,amazon,2026-05-17T17:14:40.534337+00:00,seed (simulated history - replace with Keepa API)
B0BXZY32WB,Fire TV Stick HD,2026-04-28T17:14:40.506356+00:00,36.27,amazon,2026-05-17T17:14:40.534375+00:00,seed (simulated history - replace with Keepa API)
B0BXZY32WB,Fire TV Stick HD,2026-04-29T17:14:40.506356+00:00,39.83,amazon,2026-05-17T17:14:40.534396+00:00,seed (simulated history - replace with Keepa API)
B0BXZY32WB,Fire TV Stick HD,2026-04-30T17:14:40.506356+00:00,37.55,amazon,2026-05-17T17:14:40.534416+00:00,seed (simulated history - replace with Keepa API)
B0BXZY32WB,Fire TV Stick HD,2026-05-01T17:14:40.506356+00:00,37.95,amazon,2026-05-17T17:14:40.534439+00:00,seed (simulated history - replace with Keepa API)
B0BXZY32WB,Fire TV Stick HD,2026-05-02T17:14:40.506356+00:00,39.5,amazon,2026-05-17T17:14:40.534461+00:00,seed (simulated history - replace with Keepa API)
B0BXZY32WB,Fire TV Stick HD,2026-05-03T17:14:40.506356+00:00,38.51,amazon,2026-05-17T17:14:40.534492+00:00,seed (simulated history - replace with Keepa API)
B0BXZY32WB,Fire TV Stick HD,2026-05-04T17:14:40.506356+00:00,39.78,amazon,2026-05-17T17:14:40.534517+00:00,seed (simulated history - replace with Keepa API)
B0BXZY32WB,Fire TV Stick HD,2026-05-05T17:14:40.506356+00:00,41.34,amazon,2026-05-17T17:14:40.534622+00:00,seed (simulated history - replace with Keepa API)
B0BXZY32WB,Fire TV Stick HD,2026-05-06T17:14:40.506356+00:00,41.56,amazon,2026-05-17T17:14:40.534667+00:00,seed (simulated history - replace with Keepa API)
B0BXZY32WB,Fire TV Stick HD,2026-05-07T17:14:40.506356+00:00,39.72,amazon,2026-05-17T17:14:40.534690+00:00,seed (simulated history - replace with Keepa API)
B0BXZY32WB,Fire TV Stick HD,2026-05-08T17:14:40.506356+00:00,38.61,amazon,2026-05-17T17:14:40.534712+00:00,seed (simulated history - replace with Keepa API)
B0BXZY32WB,Fire TV Stick HD,2026-05-09T17:14:40.506356+00:00,38.52,amazon,2026-05-17T17:14:40.534734+00:00,seed (simulated history - replace with Keepa API)
B0BXZY32WB,Fire TV Stick HD,2026-05-10T17:14:40.506356+00:00,41.98,amazon,2026-05-17T17:14:40.534767+00:00,seed (simulated history - replace with Keepa API)
B0BXZY32WB,Fire TV Stick HD,2026-05-11T17:14:40.506356+00:00,41.07,amazon,2026-05-17T17:14:40.534790+00:00,seed (simulated history - replace with Keepa API)
B0BXZY32WB,Fire TV Stick HD,2026-05-12T17:14:40.506356+00:00,39.74,amazon,2026-05-17T17:14:40.534812+00:00,seed (simulated history - replace with Keepa API)
B0BXZY32WB,Fire TV Stick HD,2026-05-13T17:14:40.506356+00:00,40.08,amazon,2026-05-17T17:14:40.534841+00:00,seed (simulated history - replace with Keepa API)
B0BXZY32WB,Fire TV Stick HD,2026-05-14T17:14:40.506356+00:00,39.71,amazon,2026-05-17T17:14:40.534864+00:00,seed (simulated history - replace with Keepa API)
B0BXZY32WB,Fire TV Stick HD,2026-05-15T17:14:40.506356+00:00,40.6,amazon,2026-05-17T17:14:40.534886+00:00,seed (simulated history - replace with Keepa API)
B0BXZY32WB,Fire TV Stick HD,2026-05-16T17:14:40.506356+00:00,39.96,amazon,2026-05-17T17:14:40.534905+00:00,seed (simulated history - replace with Keepa API)
B0BXZY32WB,Fire TV Stick HD,2026-05-17T17:14:40.506356+00:00,40.84,amazon,2026-05-17T17:14:40.534932+00:00,seed (simulated history - replace with Keepa API)
B0CX23V2ZK,Echo Pop,2025-11-18T17:14:40.506356+00:00,40.86,amazon,2026-05-17T17:14:40.536336+00:00,seed (simulated history - replace with Keepa API)
B0CX23V2ZK,Echo Pop,2025-11-19T17:14:40.506356+00:00,27.49,amazon,2026-05-17T17:14:40.536419+00:00,seed (simulated history - replace with Keepa API)
B0CX23V2ZK,Echo Pop,2025-11-20T17:14:40.506356+00:00,30.38,amazon,2026-05-17T17:14:40.536444+00:00,seed (simulated history - replace with Keepa API)
B0CX23V2ZK,Echo Pop,2025-11-21T17:14:40.506356+00:00,31.49,amazon,2026-05-17T17:14:40.536468+00:00,seed (simulated history - replace with Keepa API)
B0CX23V2ZK,Echo Pop,2025-11-22T17:14:40.506356+00:00,30.58,amazon,2026-05-17T17:14:40.536502+00:00,seed (simulated history - replace with Keepa API)
B0CX23V2ZK,Echo Pop,2025-11-23T17:14:40.506356+00:00,28.76,amazon,2026-05-17T17:14:40.536522+00:00,seed (simulated history - replace with Keepa API)
B0CX23V2ZK,Echo Pop,2025-11-24T17:14:40.506356+00:00,29.93,amazon,2026-05-17T17:14:40.536569+00:00,seed (simulated history - replace with Keepa API)
B0CX23V2ZK,Echo Pop,2025-11-25T17:14:40.506356+00:00,30.44,amazon,2026-05-17T17:14:40.536593+00:00,seed (simulated history - replace with Keepa API)
B0CX23V2ZK,Echo Pop,2025-11-26T17:14:40.506356+00:00,29.08,amazon,2026-05-17T17:14:40.536615+00:00,seed (simulated history - replace with Keepa API)
B0CX23V2ZK,Echo Pop,2025-11-27T17:14:40.506356+00:00,28.36,amazon,2026-05-17T17:14:40.536635+00:00,seed (simulated history - replace with Keepa API)
B0CX23V2ZK,Echo Pop,2025-11-28T17:14:40.506356+00:00,29.61,amazon,2026-05-17T17:14:40.536657+00:00,seed (simulated history - replace with Keepa API)
B0CX23V2ZK,Echo Pop,2025-11-29T17:14:40.506356+00:00,29.1,amazon,2026-05-17T17:14:40.536677+00:00,seed (simulated history - replace with Keepa API)
B0CX23V2ZK,Echo Pop,2025-11-30T17:14:40.506356+00:00,29.98,amazon,2026-05-17T17:14:40.536698+00:00,seed (simulated history - replace with Keepa API)
B0CX23V2ZK,Echo Pop,2025-12-01T17:14:40.506356+00:00,38.08,amazon,2026-05-17T17:14:40.536724+00:00,seed (simulated history - replace with Keepa API)
B0CX23V2ZK,Echo Pop,2025-12-02T17:14:40.506356+00:00,40.67,amazon,2026-05-17T17:14:40.536811+00:00,seed (simulated history - replace with Keepa API)
B0CX23V2ZK,Echo Pop,2025-12-03T17:14:40.506356+00:00,39.66,amazon,2026-05-17T17:14:40.536840+00:00,seed (simulated history - replace with Keepa API)
B0CX23V2ZK,Echo Pop,2025-12-04T17:14:40.506356+00:00,39.96,amazon,2026-05-17T17:14:40.536864+00:00,seed (simulated history - replace with Keepa API)
B0CX23V2ZK,Echo Pop,2025-12-05T17:14:40.506356+00:00,42.96,amazon,2026-05-17T17:14:40.536888+00:00,seed (simulated history - replace with Keepa API)
B0CX23V2ZK,Echo Pop,2025-12-06T17:14:40.506356+00:00,39.4,amazon,2026-05-17T17:14:40.536932+00:00,seed (simulated history - replace with Keepa API)
B0CX23V2ZK,Echo Pop,2025-12-07T17:14:40.506356+00:00,32.59,amazon,2026-05-17T17:14:40.536979+00:00,seed (simulated history - replace with Keepa API)
B0CX23V2ZK,Echo Pop,2025-12-08T17:14:40.506356+00:00,40.56,amazon,2026-05-17T17:14:40.537036+00:00,seed (simulated history - replace with Keepa API)
B0CX23V2ZK,Echo Pop,2025-12-09T17:14:40.506356+00:00,39.99,amazon,2026-05-17T17:14:40.537054+00:00,seed (simulated history - replace with Keepa API)
B0CX23V2ZK,Echo Pop,2025-12-10T17:14:40.506356+00:00,38.6,amazon,2026-05-17T17:14:40.537074+00:00,seed (simulated history - replace with Keepa API)
B0CX23V2ZK,Echo Pop,2025-12-11T17:14:40.506356+00:00,39.72,amazon,2026-05-17T17:14:40.537096+00:00,seed (simulated history - replace with Keepa API)
B0CX23V2ZK,Echo Pop,2025-12-12T17:14:40.506356+00:00,40.02,amazon,2026-05-17T17:14:40.537118+00:00,seed (simulated history - replace with Keepa API)
B0CX23V2ZK,Echo Pop,2025-12-13T17:14:40.506356+00:00,35.07,amazon,2026-05-17T17:14:40.537152+00:00,seed (simulated history - replace with Keepa API)
B0CX23V2ZK,Echo Pop,2025-12-14T17:14:40.506356+00:00,39.17,amazon,2026-05-17T17:14:40.537176+00:00,seed (simulated history - replace with Keepa API)
B0CX23V2ZK,Echo Pop,2025-12-15T17:14:40.506356+00:00,40.22,amazon,2026-05-17T17:14:40.537198+00:00,seed (simulated history - replace with Keepa API)
B0CX23V2ZK,Echo Pop,2025-12-16T17:14:40.506356+00:00,38.72,amazon,2026-05-17T17:14:40.537222+00:00,seed (simulated history - replace with Keepa API)
B0CX23V2ZK,Echo Pop,2025-12-17T17:14:40.506356+00:00,39.4,amazon,2026-05-17T17:14:40.537245+00:00,seed (simulated history - replace with Keepa API)
B0CX23V2ZK,Echo Pop,2025-12-18T17:14:40.506356+00:00,39.46,amazon,2026-05-17T17:14:40.537267+00:00,seed (simulated history - replace with Keepa API)
B0CX23V2ZK,Echo Pop,2025-12-19T17:14:40.506356+00:00,42.16,amazon,2026-05-17T17:14:40.537291+00:00,seed (simulated history - replace with Keepa API)
B0CX23V2ZK,Echo Pop,2025-12-20T17:14:40.506356+00:00,40.42,amazon,2026-05-17T17:14:40.537314+00:00,seed (simulated history - replace with Keepa API)
B0CX23V2ZK,Echo Pop,2025-12-21T17:14:40.506356+00:00,39.29,amazon,2026-05-17T17:14:40.537336+00:00,seed (simulated history - replace with Keepa API)
B0CX23V2ZK,Echo Pop,2025-12-22T17:14:40.506356+00:00,41.3,amazon,2026-05-17T17:14:40.537358+00:00,seed (simulated history - replace with Keepa API)
B0CX23V2ZK,Echo Pop,2025-12-23T17:14:40.506356+00:00,40.13,amazon,2026-05-17T17:14:40.537382+00:00,seed (simulated history - replace with Keepa API)
B0CX23V2ZK,Echo Pop,2025-12-24T17:14:40.506356+00:00,41.13,amazon,2026-05-17T17:14:40.537401+00:00,seed (simulated history - replace with Keepa API)
B0CX23V2ZK,Echo Pop,2025-12-25T17:14:40.506356+00:00,40.47,amazon,2026-05-17T17:14:40.537422+00:00,seed (simulated history - replace with Keepa API)
B0CX23V2ZK,Echo Pop,2025-12-26T17:14:40.506356+00:00,42.61,amazon,2026-05-17T17:14:40.537455+00:00,seed (simulated history - replace with Keepa API)
B0CX23V2ZK,Echo Pop,2025-12-27T17:14:40.506356+00:00,38.75,amazon,2026-05-17T17:14:40.537491+00:00,seed (simulated history - replace with Keepa API)
B0CX23V2ZK,Echo Pop,2025-12-28T17:14:40.506356+00:00,39.36,amazon,2026-05-17T17:14:40.537517+00:00,seed (simulated history - replace with Keepa API)
B0CX23V2ZK,Echo Pop,2025-12-29T17:14:40.506356+00:00,43.55,amazon,2026-05-17T17:14:40.537562+00:00,seed (simulated history - replace with Keepa API)
B0CX23V2ZK,Echo Pop,2025-12-30T17:14:40.506356+00:00,39.87,amazon,2026-05-17T17:14:40.537587+00:00,seed (simulated history - replace with Keepa API)
B0CX23V2ZK,Echo Pop,2025-12-31T17:14:40.506356+00:00,38.64,amazon,2026-05-17T17:14:40.537609+00:00,seed (simulated history - replace with Keepa API)
B0CX23V2ZK,Echo Pop,2026-01-01T17:14:40.506356+00:00,40.67,amazon,2026-05-17T17:14:40.537631+00:00,seed (simulated history - replace with Keepa API)
B0CX23V2ZK,Echo Pop,2026-01-02T17:14:40.506356+00:00,41.3,amazon,2026-05-17T17:14:40.537660+00:00,seed (simulated history - replace with Keepa API)
B0CX23V2ZK,Echo Pop,2026-01-03T17:14:40.506356+00:00,39.86,amazon,2026-05-17T17:14:40.537686+00:00,seed (simulated history - replace with Keepa API)
B0CX23V2ZK,Echo Pop,2026-01-04T17:14:40.506356+00:00,37.75,amazon,2026-05-17T17:14:40.537709+00:00,seed (simulated history - replace with Keepa API)
B0CX23V2ZK,Echo Pop,2026-01-05T17:14:40.506356+00:00,38.91,amazon,2026-05-17T17:14:40.537731+00:00,seed (simulated history - replace with Keepa API)
B0CX23V2ZK,Echo Pop,2026-01-06T17:14:40.506356+00:00,38.12,amazon,2026-05-17T17:14:40.537750+00:00,seed (simulated history - replace with Keepa API)
B0CX23V2ZK,Echo Pop,2026-01-07T17:14:40.506356+00:00,42.39,amazon,2026-05-17T17:14:40.537771+00:00,seed (simulated history - replace with Keepa API)
B0CX23V2ZK,Echo Pop,2026-01-08T17:14:40.506356+00:00,38.03,amazon,2026-05-17T17:14:40.537788+00:00,seed (simulated history - replace with Keepa API)
B0CX23V2ZK,Echo Pop,2026-01-09T17:14:40.506356+00:00,39.3,amazon,2026-05-17T17:14:40.537808+00:00,seed (simulated history - replace with Keepa API)
B0CX23V2ZK,Echo Pop,2026-01-10T17:14:40.506356+00:00,40.63,amazon,2026-05-17T17:14:40.537903+00:00,seed (simulated history - replace with Keepa API)
B0CX23V2ZK,Echo Pop,2026-01-11T17:14:40.506356+00:00,38.49,amazon,2026-05-17T17:14:40.537936+00:00,seed (simulated history - replace with Keepa API)
B0CX23V2ZK,Echo Pop,2026-01-12T17:14:40.506356+00:00,40.47,amazon,2026-05-17T17:14:40.537959+00:00,seed (simulated history - replace with Keepa API)
B0CX23V2ZK,Echo Pop,2026-01-13T17:14:40.506356+00:00,39.17,amazon,2026-05-17T17:14:40.537989+00:00,seed (simulated history - replace with Keepa API)
B0CX23V2ZK,Echo Pop,2026-01-14T17:14:40.506356+00:00,40.38,amazon,2026-05-17T17:14:40.538038+00:00,seed (simulated history - replace with Keepa API)
B0CX23V2ZK,Echo Pop,2026-01-15T17:14:40.506356+00:00,39.64,amazon,2026-05-17T17:14:40.538060+00:00,seed (simulated history - replace with Keepa API)
B0CX23V2ZK,Echo Pop,2026-01-16T17:14:40.506356+00:00,39.8,amazon,2026-05-17T17:14:40.538083+00:00,seed (simulated history - replace with Keepa API)
B0CX23V2ZK,Echo Pop,2026-01-17T17:14:40.506356+00:00,41.26,amazon,2026-05-17T17:14:40.538105+00:00,seed (simulated history - replace with Keepa API)
B0CX23V2ZK,Echo Pop,2026-01-18T17:14:40.506356+00:00,38.6,amazon,2026-05-17T17:14:40.538128+00:00,seed (simulated history - replace with Keepa API)
B0CX23V2ZK,Echo Pop,2026-01-19T17:14:40.506356+00:00,40.37,amazon,2026-05-17T17:14:40.538149+00:00,seed (simulated history - replace with Keepa API)
B0CX23V2ZK,Echo Pop,2026-01-20T17:14:40.506356+00:00,40.96,amazon,2026-05-17T17:14:40.538172+00:00,seed (simulated history - replace with Keepa API)
B0CX23V2ZK,Echo Pop,2026-01-21T17:14:40.506356+00:00,38.5,amazon,2026-05-17T17:14:40.538195+00:00,seed (simulated history - replace with Keepa API)
B0CX23V2ZK,Echo Pop,2026-01-22T17:14:40.506356+00:00,38.12,amazon,2026-05-17T17:14:40.538217+00:00,seed (simulated history - replace with Keepa API)
B0CX23V2ZK,Echo Pop,2026-01-23T17:14:40.506356+00:00,39.66,amazon,2026-05-17T17:14:40.538239+00:00,seed (simulated history - replace with Keepa API)
B0CX23V2ZK,Echo Pop,2026-01-24T17:14:40.506356+00:00,37.48,amazon,2026-05-17T17:14:40.538262+00:00,seed (simulated history - replace with Keepa API)
B0CX23V2ZK,Echo Pop,2026-01-25T17:14:40.506356+00:00,40.29,amazon,2026-05-17T17:14:40.538285+00:00,seed (simulated history - replace with Keepa API)
B0CX23V2ZK,Echo Pop,2026-01-26T17:14:40.506356+00:00,40.77,amazon,2026-05-17T17:14:40.538307+00:00,seed (simulated history - replace with Keepa API)
B0CX23V2ZK,Echo Pop,2026-01-27T17:14:40.506356+00:00,38.32,amazon,2026-05-17T17:14:40.538329+00:00,seed (simulated history - replace with Keepa API)
B0CX23V2ZK,Echo Pop,2026-01-28T17:14:40.506356+00:00,41.01,amazon,2026-05-17T17:14:40.538360+00:00,seed (simulated history - replace with Keepa API)
B0CX23V2ZK,Echo Pop,2026-01-29T17:14:40.506356+00:00,41.46,amazon,2026-05-17T17:14:40.538382+00:00,seed (simulated history - replace with Keepa API)
B0CX23V2ZK,Echo Pop,2026-01-30T17:14:40.506356+00:00,40.43,amazon,2026-05-17T17:14:40.538402+00:00,seed (simulated history - replace with Keepa API)
B0CX23V2ZK,Echo Pop,2026-01-31T17:14:40.506356+00:00,41.55,amazon,2026-05-17T17:14:40.538429+00:00,seed (simulated history - replace with Keepa API)
B0CX23V2ZK,Echo Pop,2026-02-01T17:14:40.506356+00:00,39.6,amazon,2026-05-17T17:14:40.538452+00:00,seed (simulated history - replace with Keepa API)
B0CX23V2ZK,Echo Pop,2026-02-02T17:14:40.506356+00:00,39.33,amazon,2026-05-17T17:14:40.538474+00:00,seed (simulated history - replace with Keepa API)
B0CX23V2ZK,Echo Pop,2026-02-03T17:14:40.506356+00:00,39.83,amazon,2026-05-17T17:14:40.538511+00:00,seed (simulated history - replace with Keepa API)
B0CX23V2ZK,Echo Pop,2026-02-04T17:14:40.506356+00:00,38.75,amazon,2026-05-17T17:14:40.538533+00:00,seed (simulated history - replace with Keepa API)
B0CX23V2ZK,Echo Pop,2026-02-05T17:14:40.506356+00:00,39.28,amazon,2026-05-17T17:14:40.539077+00:00,seed (simulated history - replace with Keepa API)
B0CX23V2ZK,Echo Pop,2026-02-06T17:14:40.506356+00:00,40.0,amazon,2026-05-17T17:14:40.539111+00:00,seed (simulated history - replace with Keepa API)
B0CX23V2ZK,Echo Pop,2026-02-07T17:14:40.506356+00:00,40.16,amazon,2026-05-17T17:14:40.539136+00:00,seed (simulated history - replace with Keepa API)
B0CX23V2ZK,Echo Pop,2026-02-08T17:14:40.506356+00:00,40.53,amazon,2026-05-17T17:14:40.539160+00:00,seed (simulated history - replace with Keepa API)
B0CX23V2ZK,Echo Pop,2026-02-09T17:14:40.506356+00:00,37.47,amazon,2026-05-17T17:14:40.539183+00:00,seed (simulated history - replace with Keepa API)
B0CX23V2ZK,Echo Pop,2026-02-10T17:14:40.506356+00:00,43.51,amazon,2026-05-17T17:14:40.539205+00:00,seed (simulated history - replace with Keepa API)
B0CX23V2ZK,Echo Pop,2026-02-11T17:14:40.506356+00:00,38.86,amazon,2026-05-17T17:14:40.539228+00:00,seed (simulated history - replace with Keepa API)
B0CX23V2ZK,Echo Pop,2026-02-12T17:14:40.506356+00:00,40.76,amazon,2026-05-17T17:14:40.539251+00:00,seed (simulated history - replace with Keepa API)
B0CX23V2ZK,Echo Pop,2026-02-13T17:14:40.506356+00:00,40.32,amazon,2026-05-17T17:14:40.539274+00:00,seed (simulated history - replace with Keepa API)
B0CX23V2ZK,Echo Pop,2026-02-14T17:14:40.506356+00:00,39.21,amazon,2026-05-17T17:14:40.539296+00:00,seed (simulated history - replace with Keepa API)
B0CX23V2ZK,Echo Pop,2026-02-15T17:14:40.506356+00:00,40.65,amazon,2026-05-17T17:14:40.539318+00:00,seed (simulated history - replace with Keepa API)
B0CX23V2ZK,Echo Pop,2026-02-16T17:14:40.506356+00:00,38.89,amazon,2026-05-17T17:14:40.539341+00:00,seed (simulated history - replace with Keepa API)
B0CX23V2ZK,Echo Pop,2026-02-17T17:14:40.506356+00:00,39.95,amazon,2026-05-17T17:14:40.539363+00:00,seed (simulated history - replace with Keepa API)
B0CX23V2ZK,Echo Pop,2026-02-18T17:14:40.506356+00:00,42.39,amazon,2026-05-17T17:14:40.539384+00:00,seed (simulated history - replace with Keepa API)
B0CX23V2ZK,Echo Pop,2026-02-19T17:14:40.506356+00:00,39.45,amazon,2026-05-17T17:14:40.539406+00:00,seed (simulated history - replace with Keepa API)
B0CX23V2ZK,Echo Pop,2026-02-20T17:14:40.506356+00:00,40.07,amazon,2026-05-17T17:14:40.539427+00:00,seed (simulated history - replace with Keepa API)
B0CX23V2ZK,Echo Pop,2026-02-21T17:14:40.506356+00:00,38.7,amazon,2026-05-17T17:14:40.539448+00:00,seed (simulated history - replace with Keepa API)
B0CX23V2ZK,Echo Pop,2026-02-22T17:14:40.506356+00:00,40.79,amazon,2026-05-17T17:14:40.539498+00:00,seed (simulated history - replace with Keepa API)
B0CX23V2ZK,Echo Pop,2026-02-23T17:14:40.506356+00:00,39.06,amazon,2026-05-17T17:14:40.539617+00:00,seed (simulated history - replace with Keepa API)
B0CX23V2ZK,Echo Pop,2026-02-24T17:14:40.506356+00:00,40.35,amazon,2026-05-17T17:14:40.539645+00:00,seed (simulated history - replace with Keepa API)
B0CX23V2ZK,Echo Pop,2026-02-25T17:14:40.506356+00:00,41.2,amazon,2026-05-17T17:14:40.539715+00:00,seed (simulated history - replace with Keepa API)
B0CX23V2ZK,Echo Pop,2026-02-26T17:14:40.506356+00:00,39.69,amazon,2026-05-17T17:14:40.539741+00:00,seed (simulated history - replace with Keepa API)
B0CX23V2ZK,Echo Pop,2026-02-27T17:14:40.506356+00:00,40.67,amazon,2026-05-17T17:14:40.539764+00:00,seed (simulated history - replace with Keepa API)
B0CX23V2ZK,Echo Pop,2026-02-28T17:14:40.506356+00:00,40.42,amazon,2026-05-17T17:14:40.539786+00:00,seed (simulated history - replace with Keepa API)
B0CX23V2ZK,Echo Pop,2026-03-01T17:14:40.506356+00:00,41.25,amazon,2026-05-17T17:14:40.539809+00:00,seed (simulated history - replace with Keepa API)
B0CX23V2ZK,Echo Pop,2026-03-02T17:14:40.506356+00:00,40.67,amazon,2026-05-17T17:14:40.539831+00:00,seed (simulated history - replace with Keepa API)
B0CX23V2ZK,Echo Pop,2026-03-03T17:14:40.506356+00:00,41.54,amazon,2026-05-17T17:14:40.539853+00:00,seed (simulated history - replace with Keepa API)
B0CX23V2ZK,Echo Pop,2026-03-04T17:14:40.506356+00:00,39.68,amazon,2026-05-17T17:14:40.539875+00:00,seed (simulated history - replace with Keepa API)
B0CX23V2ZK,Echo Pop,2026-03-05T17:14:40.506356+00:00,38.46,amazon,2026-05-17T17:14:40.539896+00:00,seed (simulated history - replace with Keepa API)
B0CX23V2ZK,Echo Pop,2026-03-06T17:14:40.506356+00:00,38.02,amazon,2026-05-17T17:14:40.539915+00:00,seed (simulated history - replace with Keepa API)
B0CX23V2ZK,Echo Pop,2026-03-07T17:14:40.506356+00:00,38.13,amazon,2026-05-17T17:14:40.539937+00:00,seed (simulated history - replace with Keepa API)
B0CX23V2ZK,Echo Pop,2026-03-08T17:14:40.506356+00:00,39.63,amazon,2026-05-17T17:14:40.539959+00:00,seed (simulated history - replace with Keepa API)
B0CX23V2ZK,Echo Pop,2026-03-09T17:14:40.506356+00:00,40.19,amazon,2026-05-17T17:14:40.539980+00:00,seed (simulated history - replace with Keepa API)
B0CX23V2ZK,Echo Pop,2026-03-10T17:14:40.506356+00:00,39.15,amazon,2026-05-17T17:14:40.541239+00:00,seed (simulated history - replace with Keepa API)
B0CX23V2ZK,Echo Pop,2026-03-11T17:14:40.506356+00:00,37.29,amazon,2026-05-17T17:14:40.541278+00:00,seed (simulated history - replace with Keepa API)
B0CX23V2ZK,Echo Pop,2026-03-12T17:14:40.506356+00:00,39.17,amazon,2026-05-17T17:14:40.541306+00:00,seed (simulated history - replace with Keepa API)
B0CX23V2ZK,Echo Pop,2026-03-13T17:14:40.506356+00:00,39.45,amazon,2026-05-17T17:14:40.541331+00:00,seed (simulated history - replace with Keepa API)
B0CX23V2ZK,Echo Pop,2026-03-14T17:14:40.506356+00:00,39.97,amazon,2026-05-17T17:14:40.541373+00:00,seed (simulated history - replace with Keepa API)
B0CX23V2ZK,Echo Pop,2026-03-15T17:14:40.506356+00:00,41.72,amazon,2026-05-17T17:14:40.541394+00:00,seed (simulated history - replace with Keepa API)
B0CX23V2ZK,Echo Pop,2026-03-16T17:14:40.506356+00:00,37.8,amazon,2026-05-17T17:14:40.541415+00:00,seed (simulated history - replace with Keepa API)
B0CX23V2ZK,Echo Pop,2026-03-17T17:14:40.506356+00:00,40.81,amazon,2026-05-17T17:14:40.541437+00:00,seed (simulated history - replace with Keepa API)
B0CX23V2ZK,Echo Pop,2026-03-18T17:14:40.506356+00:00,40.68,amazon,2026-05-17T17:14:40.541459+00:00,seed (simulated history - replace with Keepa API)
B0CX23V2ZK,Echo Pop,2026-03-19T17:14:40.506356+00:00,39.69,amazon,2026-05-17T17:14:40.541491+00:00,seed (simulated history - replace with Keepa API)
B0CX23V2ZK,Echo Pop,2026-03-20T17:14:40.506356+00:00,40.46,amazon,2026-05-17T17:14:40.541525+00:00,seed (simulated history - replace with Keepa API)
B0CX23V2ZK,Echo Pop,2026-03-21T17:14:40.506356+00:00,39.76,amazon,2026-05-17T17:14:40.541575+00:00,seed (simulated history - replace with Keepa API)
B0CX23V2ZK,Echo Pop,2026-03-22T17:14:40.506356+00:00,40.65,amazon,2026-05-17T17:14:40.541599+00:00,seed (simulated history - replace with Keepa API)
B0CX23V2ZK,Echo Pop,2026-03-23T17:14:40.506356+00:00,38.95,amazon,2026-05-17T17:14:40.541622+00:00,seed (simulated history - replace with Keepa API)
B0CX23V2ZK,Echo Pop,2026-03-24T17:14:40.506356+00:00,38.81,amazon,2026-05-17T17:14:40.541652+00:00,seed (simulated history - replace with Keepa API)
B0CX23V2ZK,Echo Pop,2026-03-25T17:14:40.506356+00:00,37.7,amazon,2026-05-17T17:14:40.541676+00:00,seed (simulated history - replace with Keepa API)
B0CX23V2ZK,Echo Pop,2026-03-26T17:14:40.506356+00:00,40.47,amazon,2026-05-17T17:14:40.541699+00:00,seed (simulated history - replace with Keepa API)
B0CX23V2ZK,Echo Pop,2026-03-27T17:14:40.506356+00:00,39.27,amazon,2026-05-17T17:14:40.541721+00:00,seed (simulated history - replace with Keepa API)
B0CX23V2ZK,Echo Pop,2026-03-28T17:14:40.506356+00:00,38.09,amazon,2026-05-17T17:14:40.541748+00:00,seed (simulated history - replace with Keepa API)
B0CX23V2ZK,Echo Pop,2026-03-29T17:14:40.506356+00:00,38.83,amazon,2026-05-17T17:14:40.541771+00:00,seed (simulated history - replace with Keepa API)
B0CX23V2ZK,Echo Pop,2026-03-30T17:14:40.506356+00:00,40.65,amazon,2026-05-17T17:14:40.541794+00:00,seed (simulated history - replace with Keepa API)
B0CX23V2ZK,Echo Pop,2026-03-31T17:14:40.506356+00:00,40.18,amazon,2026-05-17T17:14:40.541816+00:00,seed (simulated history - replace with Keepa API)
B0CX23V2ZK,Echo Pop,2026-04-01T17:14:40.506356+00:00,38.87,amazon,2026-05-17T17:14:40.541840+00:00,seed (simulated history - replace with Keepa API)
B0CX23V2ZK,Echo Pop,2026-04-02T17:14:40.506356+00:00,41.67,amazon,2026-05-17T17:14:40.541868+00:00,seed (simulated history - replace with Keepa API)
B0CX23V2ZK,Echo Pop,2026-04-03T17:14:40.506356+00:00,30.84,amazon,2026-05-17T17:14:40.541923+00:00,seed (simulated history - replace with Keepa API)
B0CX23V2ZK,Echo Pop,2026-04-04T17:14:40.506356+00:00,40.14,amazon,2026-05-17T17:14:40.541947+00:00,seed (simulated history - replace with Keepa API)
B0CX23V2ZK,Echo Pop,2026-04-05T17:14:40.506356+00:00,40.64,amazon,2026-05-17T17:14:40.541968+00:00,seed (simulated history - replace with Keepa API)
B0CX23V2ZK,Echo Pop,2026-04-06T17:14:40.506356+00:00,39.15,amazon,2026-05-17T17:14:40.542001+00:00,seed (simulated history - replace with Keepa API)
B0CX23V2ZK,Echo Pop,2026-04-07T17:14:40.506356+00:00,39.19,amazon,2026-05-17T17:14:40.542037+00:00,seed (simulated history - replace with Keepa API)
B0CX23V2ZK,Echo Pop,2026-04-08T17:14:40.506356+00:00,38.5,amazon,2026-05-17T17:14:40.542061+00:00,seed (simulated history - replace with Keepa API)
B0CX23V2ZK,Echo Pop,2026-04-09T17:14:40.506356+00:00,39.16,amazon,2026-05-17T17:14:40.542083+00:00,seed (simulated history - replace with Keepa API)
B0CX23V2ZK,Echo Pop,2026-04-10T17:14:40.506356+00:00,39.64,amazon,2026-05-17T17:14:40.542106+00:00,seed (simulated history - replace with Keepa API)
B0CX23V2ZK,Echo Pop,2026-04-11T17:14:40.506356+00:00,41.49,amazon,2026-05-17T17:14:40.542128+00:00,seed (simulated history - replace with Keepa API)
B0CX23V2ZK,Echo Pop,2026-04-12T17:14:40.506356+00:00,38.99,amazon,2026-05-17T17:14:40.542152+00:00,seed (simulated history - replace with Keepa API)
B0CX23V2ZK,Echo Pop,2026-04-13T17:14:40.506356+00:00,42.56,amazon,2026-05-17T17:14:40.542235+00:00,seed (simulated history - replace with Keepa API)
B0CX23V2ZK,Echo Pop,2026-04-14T17:14:40.506356+00:00,40.75,amazon,2026-05-17T17:14:40.542275+00:00,seed (simulated history - replace with Keepa API)
B0CX23V2ZK,Echo Pop,2026-04-15T17:14:40.506356+00:00,40.49,amazon,2026-05-17T17:14:40.542300+00:00,seed (simulated history - replace with Keepa API)
B0CX23V2ZK,Echo Pop,2026-04-16T17:14:40.506356+00:00,40.04,amazon,2026-05-17T17:14:40.542322+00:00,seed (simulated history - replace with Keepa API)
B0CX23V2ZK,Echo Pop,2026-04-17T17:14:40.506356+00:00,39.81,amazon,2026-05-17T17:14:40.542344+00:00,seed (simulated history - replace with Keepa API)
B0CX23V2ZK,Echo Pop,2026-04-18T17:14:40.506356+00:00,39.32,amazon,2026-05-17T17:14:40.542367+00:00,seed (simulated history - replace with Keepa API)
B0CX23V2ZK,Echo Pop,2026-04-19T17:14:40.506356+00:00,38.35,amazon,2026-05-17T17:14:40.542389+00:00,seed (simulated history - replace with Keepa API)
B0CX23V2ZK,Echo Pop,2026-04-20T17:14:40.506356+00:00,39.03,amazon,2026-05-17T17:14:40.542409+00:00,seed (simulated history - replace with Keepa API)
B0CX23V2ZK,Echo Pop,2026-04-21T17:14:40.506356+00:00,41.96,amazon,2026-05-17T17:14:40.542430+00:00,seed (simulated history - replace with Keepa API)
B0CX23V2ZK,Echo Pop,2026-04-22T17:14:40.506356+00:00,40.67,amazon,2026-05-17T17:14:40.542459+00:00,seed (simulated history - replace with Keepa API)
B0CX23V2ZK,Echo Pop,2026-04-23T17:14:40.506356+00:00,41.94,amazon,2026-05-17T17:14:40.542491+00:00,seed (simulated history - replace with Keepa API)
B0CX23V2ZK,Echo Pop,2026-04-24T17:14:40.506356+00:00,39.29,amazon,2026-05-17T17:14:40.542514+00:00,seed (simulated history - replace with Keepa API)
B0CX23V2ZK,Echo Pop,2026-04-25T17:14:40.506356+00:00,38.77,amazon,2026-05-17T17:14:40.542537+00:00,seed (simulated history - replace with Keepa API)
B0CX23V2ZK,Echo Pop,2026-04-26T17:14:40.506356+00:00,40.03,amazon,2026-05-17T17:14:40.542584+00:00,seed (simulated history - replace with Keepa API)
B0CX23V2ZK,Echo Pop,2026-04-27T17:14:40.506356+00:00,39.07,amazon,2026-05-17T17:14:40.542606+00:00,seed (simulated history - replace with Keepa API)
B0CX23V2ZK,Echo Pop,2026-04-28T17:14:40.506356+00:00,40.27,amazon,2026-05-17T17:14:40.542629+00:00,seed (simulated history - replace with Keepa API)
B0CX23V2ZK,Echo Pop,2026-04-29T17:14:40.506356+00:00,38.12,amazon,2026-05-17T17:14:40.542652+00:00,seed (simulated history - replace with Keepa API)
B0CX23V2ZK,Echo Pop,2026-04-30T17:14:40.506356+00:00,37.6,amazon,2026-05-17T17:14:40.542674+00:00,seed (simulated history - replace with Keepa API)
B0CX23V2ZK,Echo Pop,2026-05-01T17:14:40.506356+00:00,40.44,amazon,2026-05-17T17:14:40.542696+00:00,seed (simulated history - replace with Keepa API)
B0CX23V2ZK,Echo Pop,2026-05-02T17:14:40.506356+00:00,42.0,amazon,2026-05-17T17:14:40.542719+00:00,seed (simulated history - replace with Keepa API)
B0CX23V2ZK,Echo Pop,2026-05-03T17:14:40.506356+00:00,40.49,amazon,2026-05-17T17:14:40.542741+00:00,seed (simulated history - replace with Keepa API)
B0CX23V2ZK,Echo Pop,2026-05-04T17:14:40.506356+00:00,40.66,amazon,2026-05-17T17:14:40.542763+00:00,seed (simulated history - replace with Keepa API)
B0CX23V2ZK,Echo Pop,2026-05-05T17:14:40.506356+00:00,40.08,amazon,2026-05-17T17:14:40.542785+00:00,seed (simulated history - replace with Keepa API)
B0CX23V2ZK,Echo Pop,2026-05-06T17:14:40.506356+00:00,40.19,amazon,2026-05-17T17:14:40.542807+00:00,seed (simulated history - replace with Keepa API)
B0CX23V2ZK,Echo Pop,2026-05-07T17:14:40.506356+00:00,38.29,amazon,2026-05-17T17:14:40.542829+00:00,seed (simulated history - replace with Keepa API)
B0CX23V2ZK,Echo Pop,2026-05-08T17:14:40.506356+00:00,39.11,amazon,2026-05-17T17:14:40.542852+00:00,seed (simulated history - replace with Keepa API)
B0CX23V2ZK,Echo Pop,2026-05-09T17:14:40.506356+00:00,41.47,amazon,2026-05-17T17:14:40.542883+00:00,seed (simulated history - replace with Keepa API)
B0CX23V2ZK,Echo Pop,2026-05-10T17:14:40.506356+00:00,38.68,amazon,2026-05-17T17:14:40.542910+00:00,seed (simulated history - replace with Keepa API)
B0CX23V2ZK,Echo Pop,2026-05-11T17:14:40.506356+00:00,39.61,amazon,2026-05-17T17:14:40.542936+00:00,seed (simulated history - replace with Keepa API)
B0CX23V2ZK,Echo Pop,2026-05-12T17:14:40.506356+00:00,41.45,amazon,2026-05-17T17:14:40.542958+00:00,seed (simulated history - replace with Keepa API)
B0CX23V2ZK,Echo Pop,2026-05-13T17:14:40.506356+00:00,40.16,amazon,2026-05-17T17:14:40.542978+00:00,seed (simulated history - replace with Keepa API)
B0CX23V2ZK,Echo Pop,2026-05-14T17:14:40.506356+00:00,40.22,amazon,2026-05-17T17:14:40.543022+00:00,seed (simulated history - replace with Keepa API)
B0CX23V2ZK,Echo Pop,2026-05-15T17:14:40.506356+00:00,39.62,amazon,2026-05-17T17:14:40.543044+00:00,seed (simulated history - replace with Keepa API)
B0CX23V2ZK,Echo Pop,2026-05-16T17:14:40.506356+00:00,34.42,amazon,2026-05-17T17:14:40.543089+00:00,seed (simulated history - replace with Keepa API)
B0CX23V2ZK,Echo Pop,2026-05-17T17:14:40.506356+00:00,41.14,amazon,2026-05-17T17:14:40.543111+00:00,seed (simulated history - replace with Keepa API)
B0C6JW4BHX,Apple AirTag 4-Pack,2025-11-18T17:14:40.506356+00:00,96.91,amazon,2026-05-17T17:14:40.544701+00:00,seed (simulated history - replace with Keepa API)
B0C6JW4BHX,Apple AirTag 4-Pack,2025-11-19T17:14:40.506356+00:00,98.29,amazon,2026-05-17T17:14:40.544765+00:00,seed (simulated history - replace with Keepa API)
B0C6JW4BHX,Apple AirTag 4-Pack,2025-11-20T17:14:40.506356+00:00,71.73,amazon,2026-05-17T17:14:40.544797+00:00,seed (simulated history - replace with Keepa API)
B0C6JW4BHX,Apple AirTag 4-Pack,2025-11-21T17:14:40.506356+00:00,69.49,amazon,2026-05-17T17:14:40.544818+00:00,seed (simulated history - replace with Keepa API)
B0C6JW4BHX,Apple AirTag 4-Pack,2025-11-22T17:14:40.506356+00:00,80.65,amazon,2026-05-17T17:14:40.544838+00:00,seed (simulated history - replace with Keepa API)
B0C6JW4BHX,Apple AirTag 4-Pack,2025-11-23T17:14:40.506356+00:00,70.89,amazon,2026-05-17T17:14:40.544857+00:00,seed (simulated history - replace with Keepa API)
B0C6JW4BHX,Apple AirTag 4-Pack,2025-11-24T17:14:40.506356+00:00,76.73,amazon,2026-05-17T17:14:40.544877+00:00,seed (simulated history - replace with Keepa API)
B0C6JW4BHX,Apple AirTag 4-Pack,2025-11-25T17:14:40.506356+00:00,74.34,amazon,2026-05-17T17:14:40.544896+00:00,seed (simulated history - replace with Keepa API)
B0C6JW4BHX,Apple AirTag 4-Pack,2025-11-26T17:14:40.506356+00:00,75.0,amazon,2026-05-17T17:14:40.544916+00:00,seed (simulated history - replace with Keepa API)
B0C6JW4BHX,Apple AirTag 4-Pack,2025-11-27T17:14:40.506356+00:00,74.25,amazon,2026-05-17T17:14:40.544935+00:00,seed (simulated history - replace with Keepa API)
B0C6JW4BHX,Apple AirTag 4-Pack,2025-11-28T17:14:40.506356+00:00,73.11,amazon,2026-05-17T17:14:40.544953+00:00,seed (simulated history - replace with Keepa API)
B0C6JW4BHX,Apple AirTag 4-Pack,2025-11-29T17:14:40.506356+00:00,75.63,amazon,2026-05-17T17:14:40.544972+00:00,seed (simulated history - replace with Keepa API)
B0C6JW4BHX,Apple AirTag 4-Pack,2025-11-30T17:14:40.506356+00:00,72.95,amazon,2026-05-17T17:14:40.544999+00:00,seed (simulated history - replace with Keepa API)
B0C6JW4BHX,Apple AirTag 4-Pack,2025-12-01T17:14:40.506356+00:00,102.46,amazon,2026-05-17T17:14:40.545053+00:00,seed (simulated history - replace with Keepa API)
B0C6JW4BHX,Apple AirTag 4-Pack,2025-12-02T17:14:40.506356+00:00,99.79,amazon,2026-05-17T17:14:40.545074+00:00,seed (simulated history - replace with Keepa API)
B0C6JW4BHX,Apple AirTag 4-Pack,2025-12-03T17:14:40.506356+00:00,99.96,amazon,2026-05-17T17:14:40.545094+00:00,seed (simulated history - replace with Keepa API)
B0C6JW4BHX,Apple AirTag 4-Pack,2025-12-04T17:14:40.506356+00:00,98.48,amazon,2026-05-17T17:14:40.545114+00:00,seed (simulated history - replace with Keepa API)
B0C6JW4BHX,Apple AirTag 4-Pack,2025-12-05T17:14:40.506356+00:00,96.76,amazon,2026-05-17T17:14:40.545134+00:00,seed (simulated history - replace with Keepa API)
B0C6JW4BHX,Apple AirTag 4-Pack,2025-12-06T17:14:40.506356+00:00,99.08,amazon,2026-05-17T17:14:40.545158+00:00,seed (simulated history - replace with Keepa API)
B0C6JW4BHX,Apple AirTag 4-Pack,2025-12-07T17:14:40.506356+00:00,98.97,amazon,2026-05-17T17:14:40.545180+00:00,seed (simulated history - replace with Keepa API)
B0C6JW4BHX,Apple AirTag 4-Pack,2025-12-08T17:14:40.506356+00:00,98.93,amazon,2026-05-17T17:14:40.545200+00:00,seed (simulated history - replace with Keepa API)
B0C6JW4BHX,Apple AirTag 4-Pack,2025-12-09T17:14:40.506356+00:00,101.43,amazon,2026-05-17T17:14:40.545219+00:00,seed (simulated history - replace with Keepa API)
B0C6JW4BHX,Apple AirTag 4-Pack,2025-12-10T17:14:40.506356+00:00,99.03,amazon,2026-05-17T17:14:40.545239+00:00,seed (simulated history - replace with Keepa API)
B0C6JW4BHX,Apple AirTag 4-Pack,2025-12-11T17:14:40.506356+00:00,95.1,amazon,2026-05-17T17:14:40.545259+00:00,seed (simulated history - replace with Keepa API)
B0C6JW4BHX,Apple AirTag 4-Pack,2025-12-12T17:14:40.506356+00:00,84.61,amazon,2026-05-17T17:14:40.545302+00:00,seed (simulated history - replace with Keepa API)
B0C6JW4BHX,Apple AirTag 4-Pack,2025-12-13T17:14:40.506356+00:00,98.44,amazon,2026-05-17T17:14:40.545323+00:00,seed (simulated history - replace with Keepa API)
B0C6JW4BHX,Apple AirTag 4-Pack,2025-12-14T17:14:40.506356+00:00,100.51,amazon,2026-05-17T17:14:40.545342+00:00,seed (simulated history - replace with Keepa API)
B0C6JW4BHX,Apple AirTag 4-Pack,2025-12-15T17:14:40.506356+00:00,99.16,amazon,2026-05-17T17:14:40.545362+00:00,seed (simulated history - replace with Keepa API)
B0C6JW4BHX,Apple AirTag 4-Pack,2025-12-16T17:14:40.506356+00:00,90.42,amazon,2026-05-17T17:14:40.545381+00:00,seed (simulated history - replace with Keepa API)
B0C6JW4BHX,Apple AirTag 4-Pack,2025-12-17T17:14:40.506356+00:00,99.87,amazon,2026-05-17T17:14:40.545400+00:00,seed (simulated history - replace with Keepa API)
B0C6JW4BHX,Apple AirTag 4-Pack,2025-12-18T17:14:40.506356+00:00,100.6,amazon,2026-05-17T17:14:40.545420+00:00,seed (simulated history - replace with Keepa API)
B0C6JW4BHX,Apple AirTag 4-Pack,2025-12-19T17:14:40.506356+00:00,95.19,amazon,2026-05-17T17:14:40.545439+00:00,seed (simulated history - replace with Keepa API)
B0C6JW4BHX,Apple AirTag 4-Pack,2025-12-20T17:14:40.506356+00:00,96.95,amazon,2026-05-17T17:14:40.546696+00:00,seed (simulated history - replace with Keepa API)
B0C6JW4BHX,Apple AirTag 4-Pack,2025-12-21T17:14:40.506356+00:00,98.81,amazon,2026-05-17T17:14:40.546727+00:00,seed (simulated history - replace with Keepa API)
B0C6JW4BHX,Apple AirTag 4-Pack,2025-12-22T17:14:40.506356+00:00,97.33,amazon,2026-05-17T17:14:40.546746+00:00,seed (simulated history - replace with Keepa API)
B0C6JW4BHX,Apple AirTag 4-Pack,2025-12-23T17:14:40.506356+00:00,97.78,amazon,2026-05-17T17:14:40.546763+00:00,seed (simulated history - replace with Keepa API)
B0C6JW4BHX,Apple AirTag 4-Pack,2025-12-24T17:14:40.506356+00:00,99.9,amazon,2026-05-17T17:14:40.546781+00:00,seed (simulated history - replace with Keepa API)
B0C6JW4BHX,Apple AirTag 4-Pack,2025-12-25T17:14:40.506356+00:00,97.14,amazon,2026-05-17T17:14:40.546801+00:00,seed (simulated history - replace with Keepa API)
B0C6JW4BHX,Apple AirTag 4-Pack,2025-12-26T17:14:40.506356+00:00,94.44,amazon,2026-05-17T17:14:40.546818+00:00,seed (simulated history - replace with Keepa API)
B0C6JW4BHX,Apple AirTag 4-Pack,2025-12-27T17:14:40.506356+00:00,101.71,amazon,2026-05-17T17:14:40.546835+00:00,seed (simulated history - replace with Keepa API)
B0C6JW4BHX,Apple AirTag 4-Pack,2025-12-28T17:14:40.506356+00:00,95.9,amazon,2026-05-17T17:14:40.546852+00:00,seed (simulated history - replace with Keepa API)
B0C6JW4BHX,Apple AirTag 4-Pack,2025-12-29T17:14:40.506356+00:00,98.38,amazon,2026-05-17T17:14:40.546869+00:00,seed (simulated history - replace with Keepa API)
B0C6JW4BHX,Apple AirTag 4-Pack,2025-12-30T17:14:40.506356+00:00,97.49,amazon,2026-05-17T17:14:40.546886+00:00,seed (simulated history - replace with Keepa API)
B0C6JW4BHX,Apple AirTag 4-Pack,2025-12-31T17:14:40.506356+00:00,95.52,amazon,2026-05-17T17:14:40.546920+00:00,seed (simulated history - replace with Keepa API)
B0C6JW4BHX,Apple AirTag 4-Pack,2026-01-01T17:14:40.506356+00:00,83.47,amazon,2026-05-17T17:14:40.546960+00:00,seed (simulated history - replace with Keepa API)
B0C6JW4BHX,Apple AirTag 4-Pack,2026-01-02T17:14:40.506356+00:00,101.26,amazon,2026-05-17T17:14:40.546977+00:00,seed (simulated history - replace with Keepa API)
B0C6JW4BHX,Apple AirTag 4-Pack,2026-01-03T17:14:40.506356+00:00,97.38,amazon,2026-05-17T17:14:40.547001+00:00,seed (simulated history - replace with Keepa API)
B0C6JW4BHX,Apple AirTag 4-Pack,2026-01-04T17:14:40.506356+00:00,100.16,amazon,2026-05-17T17:14:40.547030+00:00,seed (simulated history - replace with Keepa API)
B0C6JW4BHX,Apple AirTag 4-Pack,2026-01-05T17:14:40.506356+00:00,98.95,amazon,2026-05-17T17:14:40.547045+00:00,seed (simulated history - replace with Keepa API)
B0C6JW4BHX,Apple AirTag 4-Pack,2026-01-06T17:14:40.506356+00:00,100.72,amazon,2026-05-17T17:14:40.547062+00:00,seed (simulated history - replace with Keepa API)
B0C6JW4BHX,Apple AirTag 4-Pack,2026-01-07T17:14:40.506356+00:00,102.55,amazon,2026-05-17T17:14:40.547079+00:00,seed (simulated history - replace with Keepa API)
B0C6JW4BHX,Apple AirTag 4-Pack,2026-01-08T17:14:40.506356+00:00,98.53,amazon,2026-05-17T17:14:40.547130+00:00,seed (simulated history - replace with Keepa API)
B0C6JW4BHX,Apple AirTag 4-Pack,2026-01-09T17:14:40.506356+00:00,97.68,amazon,2026-05-17T17:14:40.547164+00:00,seed (simulated history - replace with Keepa API)
B0C6JW4BHX,Apple AirTag 4-Pack,2026-01-10T17:14:40.506356+00:00,96.37,amazon,2026-05-17T17:14:40.547181+00:00,seed (simulated history - replace with Keepa API)
B0C6JW4BHX,Apple AirTag 4-Pack,2026-01-11T17:14:40.506356+00:00,94.93,amazon,2026-05-17T17:14:40.547201+00:00,seed (simulated history - replace with Keepa API)
B0C6JW4BHX,Apple AirTag 4-Pack,2026-01-12T17:14:40.506356+00:00,94.21,amazon,2026-05-17T17:14:40.547220+00:00,seed (simulated history - replace with Keepa API)
B0C6JW4BHX,Apple AirTag 4-Pack,2026-01-13T17:14:40.506356+00:00,97.01,amazon,2026-05-17T17:14:40.547242+00:00,seed (simulated history - replace with Keepa API)
B0C6JW4BHX,Apple AirTag 4-Pack,2026-01-14T17:14:40.506356+00:00,102.09,amazon,2026-05-17T17:14:40.547268+00:00,seed (simulated history - replace with Keepa API)
B0C6JW4BHX,Apple AirTag 4-Pack,2026-01-15T17:14:40.506356+00:00,73.26,amazon,2026-05-17T17:14:40.547305+00:00,seed (simulated history - replace with Keepa API)
B0C6JW4BHX,Apple AirTag 4-Pack,2026-01-16T17:14:40.506356+00:00,97.55,amazon,2026-05-17T17:14:40.547327+00:00,seed (simulated history - replace with Keepa API)
B0C6JW4BHX,Apple AirTag 4-Pack,2026-01-17T17:14:40.506356+00:00,103.19,amazon,2026-05-17T17:14:40.547349+00:00,seed (simulated history - replace with Keepa API)
B0C6JW4BHX,Apple AirTag 4-Pack,2026-01-18T17:14:40.506356+00:00,102.61,amazon,2026-05-17T17:14:40.547370+00:00,seed (simulated history - replace with Keepa API)
B0C6JW4BHX,Apple AirTag 4-Pack,2026-01-19T17:14:40.506356+00:00,97.1,amazon,2026-05-17T17:14:40.547391+00:00,seed (simulated history - replace with Keepa API)
B0C6JW4BHX,Apple AirTag 4-Pack,2026-01-20T17:14:40.506356+00:00,99.5,amazon,2026-05-17T17:14:40.547411+00:00,seed (simulated history - replace with Keepa API)
B0C6JW4BHX,Apple AirTag 4-Pack,2026-01-21T17:14:40.506356+00:00,99.26,amazon,2026-05-17T17:14:40.547433+00:00,seed (simulated history - replace with Keepa API)
B0C6JW4BHX,Apple AirTag 4-Pack,2026-01-22T17:14:40.506356+00:00,92.54,amazon,2026-05-17T17:14:40.547462+00:00,seed (simulated history - replace with Keepa API)
B0C6JW4BHX,Apple AirTag 4-Pack,2026-01-23T17:14:40.506356+00:00,97.91,amazon,2026-05-17T17:14:40.547492+00:00,seed (simulated history - replace with Keepa API)
B0C6JW4BHX,Apple AirTag 4-Pack,2026-01-24T17:14:40.506356+00:00,70.71,amazon,2026-05-17T17:14:40.547522+00:00,seed (simulated history - replace with Keepa API)
B0C6JW4BHX,Apple AirTag 4-Pack,2026-01-25T17:14:40.506356+00:00,96.62,amazon,2026-05-17T17:14:40.547619+00:00,seed (simulated history - replace with Keepa API)
B0C6JW4BHX,Apple AirTag 4-Pack,2026-01-26T17:14:40.506356+00:00,102.86,amazon,2026-05-17T17:14:40.547695+00:00,seed (simulated history - replace with Keepa API)
B0C6JW4BHX,Apple AirTag 4-Pack,2026-01-27T17:14:40.506356+00:00,101.02,amazon,2026-05-17T17:14:40.547715+00:00,seed (simulated history - replace with Keepa API)
B0C6JW4BHX,Apple AirTag 4-Pack,2026-01-28T17:14:40.506356+00:00,102.44,amazon,2026-05-17T17:14:40.547736+00:00,seed (simulated history - replace with Keepa API)
B0C6JW4BHX,Apple AirTag 4-Pack,2026-01-29T17:14:40.506356+00:00,99.84,amazon,2026-05-17T17:14:40.547753+00:00,seed (simulated history - replace with Keepa API)
B0C6JW4BHX,Apple AirTag 4-Pack,2026-01-30T17:14:40.506356+00:00,96.9,amazon,2026-05-17T17:14:40.547769+00:00,seed (simulated history - replace with Keepa API)
B0C6JW4BHX,Apple AirTag 4-Pack,2026-01-31T17:14:40.506356+00:00,100.8,amazon,2026-05-17T17:14:40.547786+00:00,seed (simulated history - replace with Keepa API)
B0C6JW4BHX,Apple AirTag 4-Pack,2026-02-01T17:14:40.506356+00:00,102.89,amazon,2026-05-17T17:14:40.547803+00:00,seed (simulated history - replace with Keepa API)
B0C6JW4BHX,Apple AirTag 4-Pack,2026-02-02T17:14:40.506356+00:00,99.84,amazon,2026-05-17T17:14:40.547819+00:00,seed (simulated history - replace with Keepa API)
B0C6JW4BHX,Apple AirTag 4-Pack,2026-02-03T17:14:40.506356+00:00,96.25,amazon,2026-05-17T17:14:40.547835+00:00,seed (simulated history - replace with Keepa API)
B0C6JW4BHX,Apple AirTag 4-Pack,2026-02-04T17:14:40.506356+00:00,97.27,amazon,2026-05-17T17:14:40.547852+00:00,seed (simulated history - replace with Keepa API)
B0C6JW4BHX,Apple AirTag 4-Pack,2026-02-05T17:14:40.506356+00:00,99.11,amazon,2026-05-17T17:14:40.547868+00:00,seed (simulated history - replace with Keepa API)
B0C6JW4BHX,Apple AirTag 4-Pack,2026-02-06T17:14:40.506356+00:00,103.32,amazon,2026-05-17T17:14:40.547886+00:00,seed (simulated history - replace with Keepa API)
B0C6JW4BHX,Apple AirTag 4-Pack,2026-02-07T17:14:40.506356+00:00,104.34,amazon,2026-05-17T17:14:40.547903+00:00,seed (simulated history - replace with Keepa API)
B0C6JW4BHX,Apple AirTag 4-Pack,2026-02-08T17:14:40.506356+00:00,96.46,amazon,2026-05-17T17:14:40.547920+00:00,seed (simulated history - replace with Keepa API)
B0C6JW4BHX,Apple AirTag 4-Pack,2026-02-09T17:14:40.506356+00:00,100.07,amazon,2026-05-17T17:14:40.547937+00:00,seed (simulated history - replace with Keepa API)
B0C6JW4BHX,Apple AirTag 4-Pack,2026-02-10T17:14:40.506356+00:00,97.23,amazon,2026-05-17T17:14:40.547953+00:00,seed (simulated history - replace with Keepa API)
B0C6JW4BHX,Apple AirTag 4-Pack,2026-02-11T17:14:40.506356+00:00,95.19,amazon,2026-05-17T17:14:40.547969+00:00,seed (simulated history - replace with Keepa API)
B0C6JW4BHX,Apple AirTag 4-Pack,2026-02-12T17:14:40.506356+00:00,100.72,amazon,2026-05-17T17:14:40.547994+00:00,seed (simulated history - replace with Keepa API)
B0C6JW4BHX,Apple AirTag 4-Pack,2026-02-13T17:14:40.506356+00:00,99.44,amazon,2026-05-17T17:14:40.548024+00:00,seed (simulated history - replace with Keepa API)
B0C6JW4BHX,Apple AirTag 4-Pack,2026-02-14T17:14:40.506356+00:00,99.63,amazon,2026-05-17T17:14:40.548043+00:00,seed (simulated history - replace with Keepa API)
B0C6JW4BHX,Apple AirTag 4-Pack,2026-02-15T17:14:40.506356+00:00,98.51,amazon,2026-05-17T17:14:40.548062+00:00,seed (simulated history - replace with Keepa API)
B0C6JW4BHX,Apple AirTag 4-Pack,2026-02-16T17:14:40.506356+00:00,99.9,amazon,2026-05-17T17:14:40.548082+00:00,seed (simulated history - replace with Keepa API)
B0C6JW4BHX,Apple AirTag 4-Pack,2026-02-17T17:14:40.506356+00:00,99.79,amazon,2026-05-17T17:14:40.548112+00:00,seed (simulated history - replace with Keepa API)
B0C6JW4BHX,Apple AirTag 4-Pack,2026-02-18T17:14:40.506356+00:00,101.49,amazon,2026-05-17T17:14:40.548131+00:00,seed (simulated history - replace with Keepa API)
B0C6JW4BHX,Apple AirTag 4-Pack,2026-02-19T17:14:40.506356+00:00,96.58,amazon,2026-05-17T17:14:40.548150+00:00,seed (simulated history - replace with Keepa API)
B0C6JW4BHX,Apple AirTag 4-Pack,2026-02-20T17:14:40.506356+00:00,101.64,amazon,2026-05-17T17:14:40.548175+00:00,seed (simulated history - replace with Keepa API)
B0C6JW4BHX,Apple AirTag 4-Pack,2026-02-21T17:14:40.506356+00:00,101.18,amazon,2026-05-17T17:14:40.548196+00:00,seed (simulated history - replace with Keepa API)
B0C6JW4BHX,Apple AirTag 4-Pack,2026-02-22T17:14:40.506356+00:00,99.97,amazon,2026-05-17T17:14:40.548217+00:00,seed (simulated history - replace with Keepa API)
B0C6JW4BHX,Apple AirTag 4-Pack,2026-02-23T17:14:40.506356+00:00,85.93,amazon,2026-05-17T17:14:40.548259+00:00,seed (simulated history - replace with Keepa API)
B0C6JW4BHX,Apple AirTag 4-Pack,2026-02-24T17:14:40.506356+00:00,100.19,amazon,2026-05-17T17:14:40.548280+00:00,seed (simulated history - replace with Keepa API)
B0C6JW4BHX,Apple AirTag 4-Pack,2026-02-25T17:14:40.506356+00:00,97.07,amazon,2026-05-17T17:14:40.548300+00:00,seed (simulated history - replace with Keepa API)
B0C6JW4BHX,Apple AirTag 4-Pack,2026-02-26T17:14:40.506356+00:00,102.68,amazon,2026-05-17T17:14:40.548321+00:00,seed (simulated history - replace with Keepa API)
B0C6JW4BHX,Apple AirTag 4-Pack,2026-02-27T17:14:40.506356+00:00,99.06,amazon,2026-05-17T17:14:40.548340+00:00,seed (simulated history - replace with Keepa API)
B0C6JW4BHX,Apple AirTag 4-Pack,2026-02-28T17:14:40.506356+00:00,99.72,amazon,2026-05-17T17:14:40.548359+00:00,seed (simulated history - replace with Keepa API)
B0C6JW4BHX,Apple AirTag 4-Pack,2026-03-01T17:14:40.506356+00:00,106.73,amazon,2026-05-17T17:14:40.548379+00:00,seed (simulated history - replace with Keepa API)
B0C6JW4BHX,Apple AirTag 4-Pack,2026-03-02T17:14:40.506356+00:00,101.24,amazon,2026-05-17T17:14:40.548398+00:00,seed (simulated history - replace with Keepa API)
B0C6JW4BHX,Apple AirTag 4-Pack,2026-03-03T17:14:40.506356+00:00,100.13,amazon,2026-05-17T17:14:40.548418+00:00,seed (simulated history - replace with Keepa API)
B0C6JW4BHX,Apple AirTag 4-Pack,2026-03-04T17:14:40.506356+00:00,83.8,amazon,2026-05-17T17:14:40.548445+00:00,seed (simulated history - replace with Keepa API)
B0C6JW4BHX,Apple AirTag 4-Pack,2026-03-05T17:14:40.506356+00:00,95.36,amazon,2026-05-17T17:14:40.548464+00:00,seed (simulated history - replace with Keepa API)
B0C6JW4BHX,Apple AirTag 4-Pack,2026-03-06T17:14:40.506356+00:00,102.83,amazon,2026-05-17T17:14:40.548490+00:00,seed (simulated history - replace with Keepa API)
B0C6JW4BHX,Apple AirTag 4-Pack,2026-03-07T17:14:40.506356+00:00,97.74,amazon,2026-05-17T17:14:40.548511+00:00,seed (simulated history - replace with Keepa API)
B0C6JW4BHX,Apple AirTag 4-Pack,2026-03-08T17:14:40.506356+00:00,101.14,amazon,2026-05-17T17:14:40.548536+00:00,seed (simulated history - replace with Keepa API)
B0C6JW4BHX,Apple AirTag 4-Pack,2026-03-09T17:14:40.506356+00:00,103.3,amazon,2026-05-17T17:14:40.548581+00:00,seed (simulated history - replace with Keepa API)
B0C6JW4BHX,Apple AirTag 4-Pack,2026-03-10T17:14:40.506356+00:00,74.86,amazon,2026-05-17T17:14:40.548610+00:00,seed (simulated history - replace with Keepa API)
B0C6JW4BHX,Apple AirTag 4-Pack,2026-03-11T17:14:40.506356+00:00,78.66,amazon,2026-05-17T17:14:40.548723+00:00,seed (simulated history - replace with Keepa API)
B0C6JW4BHX,Apple AirTag 4-Pack,2026-03-12T17:14:40.506356+00:00,94.69,amazon,2026-05-17T17:14:40.548761+00:00,seed (simulated history - replace with Keepa API)
B0C6JW4BHX,Apple AirTag 4-Pack,2026-03-13T17:14:40.506356+00:00,95.71,amazon,2026-05-17T17:14:40.548782+00:00,seed (simulated history - replace with Keepa API)
B0C6JW4BHX,Apple AirTag 4-Pack,2026-03-14T17:14:40.506356+00:00,96.57,amazon,2026-05-17T17:14:40.548802+00:00,seed (simulated history - replace with Keepa API)
B0C6JW4BHX,Apple AirTag 4-Pack,2026-03-15T17:14:40.506356+00:00,92.78,amazon,2026-05-17T17:14:40.548823+00:00,seed (simulated history - replace with Keepa API)
B0C6JW4BHX,Apple AirTag 4-Pack,2026-03-16T17:14:40.506356+00:00,93.95,amazon,2026-05-17T17:14:40.548846+00:00,seed (simulated history - replace with Keepa API)
B0C6JW4BHX,Apple AirTag 4-Pack,2026-03-17T17:14:40.506356+00:00,103.33,amazon,2026-05-17T17:14:40.548866+00:00,seed (simulated history - replace with Keepa API)
B0C6JW4BHX,Apple AirTag 4-Pack,2026-03-18T17:14:40.506356+00:00,102.46,amazon,2026-05-17T17:14:40.548901+00:00,seed (simulated history - replace with Keepa API)
B0C6JW4BHX,Apple AirTag 4-Pack,2026-03-19T17:14:40.506356+00:00,97.3,amazon,2026-05-17T17:14:40.548924+00:00,seed (simulated history - replace with Keepa API)
B0C6JW4BHX,Apple AirTag 4-Pack,2026-03-20T17:14:40.506356+00:00,105.58,amazon,2026-05-17T17:14:40.548945+00:00,seed (simulated history - replace with Keepa API)
B0C6JW4BHX,Apple AirTag 4-Pack,2026-03-21T17:14:40.506356+00:00,98.12,amazon,2026-05-17T17:14:40.548965+00:00,seed (simulated history - replace with Keepa API)
B0C6JW4BHX,Apple AirTag 4-Pack,2026-03-22T17:14:40.506356+00:00,104.53,amazon,2026-05-17T17:14:40.548990+00:00,seed (simulated history - replace with Keepa API)
B0C6JW4BHX,Apple AirTag 4-Pack,2026-03-23T17:14:40.506356+00:00,104.6,amazon,2026-05-17T17:14:40.549024+00:00,seed (simulated history - replace with Keepa API)
B0C6JW4BHX,Apple AirTag 4-Pack,2026-03-24T17:14:40.506356+00:00,97.14,amazon,2026-05-17T17:14:40.549047+00:00,seed (simulated history - replace with Keepa API)
B0C6JW4BHX,Apple AirTag 4-Pack,2026-03-25T17:14:40.506356+00:00,101.46,amazon,2026-05-17T17:14:40.549068+00:00,seed (simulated history - replace with Keepa API)
B0C6JW4BHX,Apple AirTag 4-Pack,2026-03-26T17:14:40.506356+00:00,102.31,amazon,2026-05-17T17:14:40.549107+00:00,seed (simulated history - replace with Keepa API)
B0C6JW4BHX,Apple AirTag 4-Pack,2026-03-27T17:14:40.506356+00:00,97.07,amazon,2026-05-17T17:14:40.549128+00:00,seed (simulated history - replace with Keepa API)
B0C6JW4BHX,Apple AirTag 4-Pack,2026-03-28T17:14:40.506356+00:00,90.76,amazon,2026-05-17T17:14:40.549153+00:00,seed (simulated history - replace with Keepa API)
B0C6JW4BHX,Apple AirTag 4-Pack,2026-03-29T17:14:40.506356+00:00,101.38,amazon,2026-05-17T17:14:40.549174+00:00,seed (simulated history - replace with Keepa API)
B0C6JW4BHX,Apple AirTag 4-Pack,2026-03-30T17:14:40.506356+00:00,96.5,amazon,2026-05-17T17:14:40.549195+00:00,seed (simulated history - replace with Keepa API)
B0C6JW4BHX,Apple AirTag 4-Pack,2026-03-31T17:14:40.506356+00:00,98.6,amazon,2026-05-17T17:14:40.549213+00:00,seed (simulated history - replace with Keepa API)
B0C6JW4BHX,Apple AirTag 4-Pack,2026-04-01T17:14:40.506356+00:00,99.56,amazon,2026-05-17T17:14:40.549234+00:00,seed (simulated history - replace with Keepa API)
B0C6JW4BHX,Apple AirTag 4-Pack,2026-04-02T17:14:40.506356+00:00,100.71,amazon,2026-05-17T17:14:40.549253+00:00,seed (simulated history - replace with Keepa API)
B0C6JW4BHX,Apple AirTag 4-Pack,2026-04-03T17:14:40.506356+00:00,97.96,amazon,2026-05-17T17:14:40.549274+00:00,seed (simulated history - replace with Keepa API)
B0C6JW4BHX,Apple AirTag 4-Pack,2026-04-04T17:14:40.506356+00:00,99.78,amazon,2026-05-17T17:14:40.549297+00:00,seed (simulated history - replace with Keepa API)
B0C6JW4BHX,Apple AirTag 4-Pack,2026-04-05T17:14:40.506356+00:00,102.56,amazon,2026-05-17T17:14:40.549316+00:00,seed (simulated history - replace with Keepa API)
B0C6JW4BHX,Apple AirTag 4-Pack,2026-04-06T17:14:40.506356+00:00,93.25,amazon,2026-05-17T17:14:40.549336+00:00,seed (simulated history - replace with Keepa API)
B0C6JW4BHX,Apple AirTag 4-Pack,2026-04-07T17:14:40.506356+00:00,84.43,amazon,2026-05-17T17:14:40.549375+00:00,seed (simulated history - replace with Keepa API)
B0C6JW4BHX,Apple AirTag 4-Pack,2026-04-08T17:14:40.506356+00:00,95.51,amazon,2026-05-17T17:14:40.549396+00:00,seed (simulated history - replace with Keepa API)
B0C6JW4BHX,Apple AirTag 4-Pack,2026-04-09T17:14:40.506356+00:00,99.42,amazon,2026-05-17T17:14:40.549414+00:00,seed (simulated history - replace with Keepa API)
B0C6JW4BHX,Apple AirTag 4-Pack,2026-04-10T17:14:40.506356+00:00,93.75,amazon,2026-05-17T17:14:40.549433+00:00,seed (simulated history - replace with Keepa API)
B0C6JW4BHX,Apple AirTag 4-Pack,2026-04-11T17:14:40.506356+00:00,97.62,amazon,2026-05-17T17:14:40.549453+00:00,seed (simulated history - replace with Keepa API)
B0C6JW4BHX,Apple AirTag 4-Pack,2026-04-12T17:14:40.506356+00:00,94.26,amazon,2026-05-17T17:14:40.549478+00:00,seed (simulated history - replace with Keepa API)
B0C6JW4BHX,Apple AirTag 4-Pack,2026-04-13T17:14:40.506356+00:00,100.53,amazon,2026-05-17T17:14:40.549505+00:00,seed (simulated history - replace with Keepa API)
B0C6JW4BHX,Apple AirTag 4-Pack,2026-04-14T17:14:40.506356+00:00,97.42,amazon,2026-05-17T17:14:40.549525+00:00,seed (simulated history - replace with Keepa API)
B0C6JW4BHX,Apple AirTag 4-Pack,2026-04-15T17:14:40.506356+00:00,98.92,amazon,2026-05-17T17:14:40.549572+00:00,seed (simulated history - replace with Keepa API)
B0C6JW4BHX,Apple AirTag 4-Pack,2026-04-16T17:14:40.506356+00:00,104.26,amazon,2026-05-17T17:14:40.549599+00:00,seed (simulated history - replace with Keepa API)
B0C6JW4BHX,Apple AirTag 4-Pack,2026-04-17T17:14:40.506356+00:00,97.21,amazon,2026-05-17T17:14:40.549617+00:00,seed (simulated history - replace with Keepa API)
B0C6JW4BHX,Apple AirTag 4-Pack,2026-04-18T17:14:40.506356+00:00,100.39,amazon,2026-05-17T17:14:40.549634+00:00,seed (simulated history - replace with Keepa API)
B0C6JW4BHX,Apple AirTag 4-Pack,2026-04-19T17:14:40.506356+00:00,101.28,amazon,2026-05-17T17:14:40.549651+00:00,seed (simulated history - replace with Keepa API)
B0C6JW4BHX,Apple AirTag 4-Pack,2026-04-20T17:14:40.506356+00:00,102.64,amazon,2026-05-17T17:14:40.549669+00:00,seed (simulated history - replace with Keepa API)
B0C6JW4BHX,Apple AirTag 4-Pack,2026-04-21T17:14:40.506356+00:00,98.7,amazon,2026-05-17T17:14:40.549687+00:00,seed (simulated history - replace with Keepa API)
B0C6JW4BHX,Apple AirTag 4-Pack,2026-04-22T17:14:40.506356+00:00,98.4,amazon,2026-05-17T17:14:40.549704+00:00,seed (simulated history - replace with Keepa API)
B0C6JW4BHX,Apple AirTag 4-Pack,2026-04-23T17:14:40.506356+00:00,98.33,amazon,2026-05-17T17:14:40.549720+00:00,seed (simulated history - replace with Keepa API)
B0C6JW4BHX,Apple AirTag 4-Pack,2026-04-24T17:14:40.506356+00:00,100.09,amazon,2026-05-17T17:14:40.549738+00:00,seed (simulated history - replace with Keepa API)
B0C6JW4BHX,Apple AirTag 4-Pack,2026-04-25T17:14:40.506356+00:00,103.43,amazon,2026-05-17T17:14:40.549757+00:00,seed (simulated history - replace with Keepa API)
B0C6JW4BHX,Apple AirTag 4-Pack,2026-04-26T17:14:40.506356+00:00,98.19,amazon,2026-05-17T17:14:40.549849+00:00,seed (simulated history - replace with Keepa API)
B0C6JW4BHX,Apple AirTag 4-Pack,2026-04-27T17:14:40.506356+00:00,91.8,amazon,2026-05-17T17:14:40.549880+00:00,seed (simulated history - replace with Keepa API)
B0C6JW4BHX,Apple AirTag 4-Pack,2026-04-28T17:14:40.506356+00:00,101.63,amazon,2026-05-17T17:14:40.549902+00:00,seed (simulated history - replace with Keepa API)
B0C6JW4BHX,Apple AirTag 4-Pack,2026-04-29T17:14:40.506356+00:00,99.2,amazon,2026-05-17T17:14:40.549923+00:00,seed (simulated history - replace with Keepa API)
B0C6JW4BHX,Apple AirTag 4-Pack,2026-04-30T17:14:40.506356+00:00,100.53,amazon,2026-05-17T17:14:40.549943+00:00,seed (simulated history - replace with Keepa API)
B0C6JW4BHX,Apple AirTag 4-Pack,2026-05-01T17:14:40.506356+00:00,94.36,amazon,2026-05-17T17:14:40.549965+00:00,seed (simulated history - replace with Keepa API)
B0C6JW4BHX,Apple AirTag 4-Pack,2026-05-02T17:14:40.506356+00:00,97.43,amazon,2026-05-17T17:14:40.549993+00:00,seed (simulated history - replace with Keepa API)
B0C6JW4BHX,Apple AirTag 4-Pack,2026-05-03T17:14:40.506356+00:00,101.36,amazon,2026-05-17T17:14:40.550028+00:00,seed (simulated history - replace with Keepa API)
B0C6JW4BHX,Apple AirTag 4-Pack,2026-05-04T17:14:40.506356+00:00,95.27,amazon,2026-05-17T17:14:40.550051+00:00,seed (simulated history - replace with Keepa API)
B0C6JW4BHX,Apple AirTag 4-Pack,2026-05-05T17:14:40.506356+00:00,100.39,amazon,2026-05-17T17:14:40.550072+00:00,seed (simulated history - replace with Keepa API)
B0C6JW4BHX,Apple AirTag 4-Pack,2026-05-06T17:14:40.506356+00:00,98.89,amazon,2026-05-17T17:14:40.550108+00:00,seed (simulated history - replace with Keepa API)
B0C6JW4BHX,Apple AirTag 4-Pack,2026-05-07T17:14:40.506356+00:00,96.82,amazon,2026-05-17T17:14:40.550130+00:00,seed (simulated history - replace with Keepa API)
B0C6JW4BHX,Apple AirTag 4-Pack,2026-05-08T17:14:40.506356+00:00,96.59,amazon,2026-05-17T17:14:40.550156+00:00,seed (simulated history - replace with Keepa API)
B0C6JW4BHX,Apple AirTag 4-Pack,2026-05-09T17:14:40.506356+00:00,95.98,amazon,2026-05-17T17:14:40.550178+00:00,seed (simulated history - replace with Keepa API)
B0C6JW4BHX,Apple AirTag 4-Pack,2026-05-10T17:14:40.506356+00:00,99.18,amazon,2026-05-17T17:14:40.550197+00:00,seed (simulated history - replace with Keepa API)
B0C6JW4BHX,Apple AirTag 4-Pack,2026-05-11T17:14:40.506356+00:00,99.52,amazon,2026-05-17T17:14:40.550215+00:00,seed (simulated history - replace with Keepa API)
B0C6JW4BHX,Apple AirTag 4-Pack,2026-05-12T17:14:40.506356+00:00,97.91,amazon,2026-05-17T17:14:40.550231+00:00,seed (simulated history - replace with Keepa API)
B0C6JW4BHX,Apple AirTag 4-Pack,2026-05-13T17:14:40.506356+00:00,95.82,amazon,2026-05-17T17:14:40.550249+00:00,seed (simulated history - replace with Keepa API)
B0C6JW4BHX,Apple AirTag 4-Pack,2026-05-14T17:14:40.506356+00:00,90.32,amazon,2026-05-17T17:14:40.550268+00:00,seed (simulated history - replace with Keepa API)
B0C6JW4BHX,Apple AirTag 4-Pack,2026-05-15T17:14:40.506356+00:00,100.3,amazon,2026-05-17T17:14:40.550289+00:00,seed (simulated history - replace with Keepa API)
B0C6JW4BHX,Apple AirTag 4-Pack,2026-05-16T17:14:40.506356+00:00,101.68,amazon,2026-05-17T17:14:40.550308+00:00,seed (simulated history - replace with Keepa API)
B0C6JW4BHX,Apple AirTag 4-Pack,2026-05-17T17:14:40.506356+00:00,100.84,amazon,2026-05-17T17:14:40.550327+00:00,seed (simulated history - replace with Keepa API)
B0D7L2G9X8,Apple AirPods 4,2025-11-18T17:14:40.506356+00:00,136.96,amazon,2026-05-17T17:14:40.551763+00:00,seed (simulated history - replace with Keepa API)
B0D7L2G9X8,Apple AirPods 4,2025-11-19T17:14:40.506356+00:00,128.29,amazon,2026-05-17T17:14:40.551795+00:00,seed (simulated history - replace with Keepa API)
B0D7L2G9X8,Apple AirPods 4,2025-11-20T17:14:40.506356+00:00,102.07,amazon,2026-05-17T17:14:40.551819+00:00,seed (simulated history - replace with Keepa API)
B0D7L2G9X8,Apple AirPods 4,2025-11-21T17:14:40.506356+00:00,94.32,amazon,2026-05-17T17:14:40.551840+00:00,seed (simulated history - replace with Keepa API)
B0D7L2G9X8,Apple AirPods 4,2025-11-22T17:14:40.506356+00:00,99.08,amazon,2026-05-17T17:14:40.551860+00:00,seed (simulated history - replace with Keepa API)
B0D7L2G9X8,Apple AirPods 4,2025-11-23T17:14:40.506356+00:00,94.01,amazon,2026-05-17T17:14:40.551880+00:00,seed (simulated history - replace with Keepa API)
B0D7L2G9X8,Apple AirPods 4,2025-11-24T17:14:40.506356+00:00,94.77,amazon,2026-05-17T17:14:40.551897+00:00,seed (simulated history - replace with Keepa API)
B0D7L2G9X8,Apple AirPods 4,2025-11-25T17:14:40.506356+00:00,101.25,amazon,2026-05-17T17:14:40.551922+00:00,seed (simulated history - replace with Keepa API)
B0D7L2G9X8,Apple AirPods 4,2025-11-26T17:14:40.506356+00:00,93.78,amazon,2026-05-17T17:14:40.552002+00:00,seed (simulated history - replace with Keepa API)
B0D7L2G9X8,Apple AirPods 4,2025-11-27T17:14:40.506356+00:00,91.15,amazon,2026-05-17T17:14:40.552039+00:00,seed (simulated history - replace with Keepa API)
B0D7L2G9X8,Apple AirPods 4,2025-11-28T17:14:40.506356+00:00,97.12,amazon,2026-05-17T17:14:40.552058+00:00,seed (simulated history - replace with Keepa API)
B0D7L2G9X8,Apple AirPods 4,2025-11-29T17:14:40.506356+00:00,95.35,amazon,2026-05-17T17:14:40.552077+00:00,seed (simulated history - replace with Keepa API)
B0D7L2G9X8,Apple AirPods 4,2025-11-30T17:14:40.506356+00:00,98.73,amazon,2026-05-17T17:14:40.552096+00:00,seed (simulated history - replace with Keepa API)
B0D7L2G9X8,Apple AirPods 4,2025-12-01T17:14:40.506356+00:00,130.23,amazon,2026-05-17T17:14:40.552118+00:00,seed (simulated history - replace with Keepa API)
B0D7L2G9X8,Apple AirPods 4,2025-12-02T17:14:40.506356+00:00,114.29,amazon,2026-05-17T17:14:40.552158+00:00,seed (simulated history - replace with Keepa API)
B0D7L2G9X8,Apple AirPods 4,2025-12-03T17:14:40.506356+00:00,132.42,amazon,2026-05-17T17:14:40.552186+00:00,seed (simulated history - replace with Keepa API)
B0D7L2G9X8,Apple AirPods 4,2025-12-04T17:14:40.506356+00:00,128.7,amazon,2026-05-17T17:14:40.552207+00:00,seed (simulated history - replace with Keepa API)
B0D7L2G9X8,Apple AirPods 4,2025-12-05T17:14:40.506356+00:00,130.16,amazon,2026-05-17T17:14:40.552227+00:00,seed (simulated history - replace with Keepa API)
B0D7L2G9X8,Apple AirPods 4,2025-12-06T17:14:40.506356+00:00,126.09,amazon,2026-05-17T17:14:40.552247+00:00,seed (simulated history - replace with Keepa API)
B0D7L2G9X8,Apple AirPods 4,2025-12-07T17:14:40.506356+00:00,129.44,amazon,2026-05-17T17:14:40.552266+00:00,seed (simulated history - replace with Keepa API)
B0D7L2G9X8,Apple AirPods 4,2025-12-08T17:14:40.506356+00:00,123.43,amazon,2026-05-17T17:14:40.552285+00:00,seed (simulated history - replace with Keepa API)
B0D7L2G9X8,Apple AirPods 4,2025-12-09T17:14:40.506356+00:00,136.25,amazon,2026-05-17T17:14:40.552305+00:00,seed (simulated history - replace with Keepa API)
B0D7L2G9X8,Apple AirPods 4,2025-12-10T17:14:40.506356+00:00,133.18,amazon,2026-05-17T17:14:40.552325+00:00,seed (simulated history - replace with Keepa API)
B0D7L2G9X8,Apple AirPods 4,2025-12-11T17:14:40.506356+00:00,129.26,amazon,2026-05-17T17:14:40.552345+00:00,seed (simulated history - replace with Keepa API)
B0D7L2G9X8,Apple AirPods 4,2025-12-12T17:14:40.506356+00:00,132.3,amazon,2026-05-17T17:14:40.552365+00:00,seed (simulated history - replace with Keepa API)
B0D7L2G9X8,Apple AirPods 4,2025-12-13T17:14:40.506356+00:00,126.51,amazon,2026-05-17T17:14:40.552384+00:00,seed (simulated history - replace with Keepa API)
B0D7L2G9X8,Apple AirPods 4,2025-12-14T17:14:40.506356+00:00,132.99,amazon,2026-05-17T17:14:40.552403+00:00,seed (simulated history - replace with Keepa API)
B0D7L2G9X8,Apple AirPods 4,2025-12-15T17:14:40.506356+00:00,127.7,amazon,2026-05-17T17:14:40.552430+00:00,seed (simulated history - replace with Keepa API)
B0D7L2G9X8,Apple AirPods 4,2025-12-16T17:14:40.506356+00:00,127.44,amazon,2026-05-17T17:14:40.552449+00:00,seed (simulated history - replace with Keepa API)
B0D7L2G9X8,Apple AirPods 4,2025-12-17T17:14:40.506356+00:00,125.3,amazon,2026-05-17T17:14:40.552469+00:00,seed (simulated history - replace with Keepa API)
B0D7L2G9X8,Apple AirPods 4,2025-12-18T17:14:40.506356+00:00,130.64,amazon,2026-05-17T17:14:40.552494+00:00,seed (simulated history - replace with Keepa API)
B0D7L2G9X8,Apple AirPods 4,2025-12-19T17:14:40.506356+00:00,129.09,amazon,2026-05-17T17:14:40.552514+00:00,seed (simulated history - replace with Keepa API)
B0D7L2G9X8,Apple AirPods 4,2025-12-20T17:14:40.506356+00:00,134.47,amazon,2026-05-17T17:14:40.552534+00:00,seed (simulated history - replace with Keepa API)
B0D7L2G9X8,Apple AirPods 4,2025-12-21T17:14:40.506356+00:00,124.89,amazon,2026-05-17T17:14:40.552574+00:00,seed (simulated history - replace with Keepa API)
B0D7L2G9X8,Apple AirPods 4,2025-12-22T17:14:40.506356+00:00,130.66,amazon,2026-05-17T17:14:40.552594+00:00,seed (simulated history - replace with Keepa API)
B0D7L2G9X8,Apple AirPods 4,2025-12-23T17:14:40.506356+00:00,133.6,amazon,2026-05-17T17:14:40.552615+00:00,seed (simulated history - replace with Keepa API)
B0D7L2G9X8,Apple AirPods 4,2025-12-24T17:14:40.506356+00:00,139.02,amazon,2026-05-17T17:14:40.552634+00:00,seed (simulated history - replace with Keepa API)
B0D7L2G9X8,Apple AirPods 4,2025-12-25T17:14:40.506356+00:00,129.75,amazon,2026-05-17T17:14:40.552654+00:00,seed (simulated history - replace with Keepa API)
B0D7L2G9X8,Apple AirPods 4,2025-12-26T17:14:40.506356+00:00,127.63,amazon,2026-05-17T17:14:40.552674+00:00,seed (simulated history - replace with Keepa API)
B0D7L2G9X8,Apple AirPods 4,2025-12-27T17:14:40.506356+00:00,129.65,amazon,2026-05-17T17:14:40.552694+00:00,seed (simulated history - replace with Keepa API)
B0D7L2G9X8,Apple AirPods 4,2025-12-28T17:14:40.506356+00:00,134.1,amazon,2026-05-17T17:14:40.552713+00:00,seed (simulated history - replace with Keepa API)
B0D7L2G9X8,Apple AirPods 4,2025-12-30T17:14:40.506356+00:00,128.54,amazon,2026-05-17T17:14:40.552745+00:00,seed (simulated history - replace with Keepa API)
B0D7L2G9X8,Apple AirPods 4,2025-12-31T17:14:40.506356+00:00,127.07,amazon,2026-05-17T17:14:40.552766+00:00,seed (simulated history - replace with Keepa API)
B0D7L2G9X8,Apple AirPods 4,2026-01-01T17:14:40.506356+00:00,132.84,amazon,2026-05-17T17:14:40.552786+00:00,seed (simulated history - replace with Keepa API)
B0D7L2G9X8,Apple AirPods 4,2026-01-02T17:14:40.506356+00:00,126.81,amazon,2026-05-17T17:14:40.552805+00:00,seed (simulated history - replace with Keepa API)
B0D7L2G9X8,Apple AirPods 4,2026-01-03T17:14:40.506356+00:00,127.41,amazon,2026-05-17T17:14:40.552824+00:00,seed (simulated history - replace with Keepa API)
B0D7L2G9X8,Apple AirPods 4,2026-01-04T17:14:40.506356+00:00,131.96,amazon,2026-05-17T17:14:40.552848+00:00,seed (simulated history - replace with Keepa API)
B0D7L2G9X8,Apple AirPods 4,2026-01-05T17:14:40.506356+00:00,133.86,amazon,2026-05-17T17:14:40.552868+00:00,seed (simulated history - replace with Keepa API)
B0D7L2G9X8,Apple AirPods 4,2026-01-06T17:14:40.506356+00:00,128.6,amazon,2026-05-17T17:14:40.552887+00:00,seed (simulated history - replace with Keepa API)
B0D7L2G9X8,Apple AirPods 4,2026-01-07T17:14:40.506356+00:00,133.74,amazon,2026-05-17T17:14:40.552907+00:00,seed (simulated history - replace with Keepa API)
B0D7L2G9X8,Apple AirPods 4,2026-01-08T17:14:40.506356+00:00,130.44,amazon,2026-05-17T17:14:40.552926+00:00,seed (simulated history - replace with Keepa API)
B0D7L2G9X8,Apple AirPods 4,2026-01-09T17:14:40.506356+00:00,125.94,amazon,2026-05-17T17:14:40.552945+00:00,seed (simulated history - replace with Keepa API)
B0D7L2G9X8,Apple AirPods 4,2026-01-10T17:14:40.506356+00:00,127.44,amazon,2026-05-17T17:14:40.552964+00:00,seed (simulated history - replace with Keepa API)
B0D7L2G9X8,Apple AirPods 4,2026-01-11T17:14:40.506356+00:00,131.03,amazon,2026-05-17T17:14:40.552989+00:00,seed (simulated history - replace with Keepa API)
B0D7L2G9X8,Apple AirPods 4,2026-01-12T17:14:40.506356+00:00,134.32,amazon,2026-05-17T17:14:40.553020+00:00,seed (simulated history - replace with Keepa API)
B0D7L2G9X8,Apple AirPods 4,2026-01-13T17:14:40.506356+00:00,132.92,amazon,2026-05-17T17:14:40.553136+00:00,seed (simulated history - replace with Keepa API)
B0D7L2G9X8,Apple AirPods 4,2026-01-14T17:14:40.506356+00:00,132.98,amazon,2026-05-17T17:14:40.553160+00:00,seed (simulated history - replace with Keepa API)
B0D7L2G9X8,Apple AirPods 4,2026-01-15T17:14:40.506356+00:00,123.9,amazon,2026-05-17T17:14:40.553176+00:00,seed (simulated history - replace with Keepa API)
B0D7L2G9X8,Apple AirPods 4,2026-01-16T17:14:40.506356+00:00,131.8,amazon,2026-05-17T17:14:40.553193+00:00,seed (simulated history - replace with Keepa API)
B0D7L2G9X8,Apple AirPods 4,2026-01-17T17:14:40.506356+00:00,131.58,amazon,2026-05-17T17:14:40.553209+00:00,seed (simulated history - replace with Keepa API)
B0D7L2G9X8,Apple AirPods 4,2026-01-18T17:14:40.506356+00:00,130.06,amazon,2026-05-17T17:14:40.553227+00:00,seed (simulated history - replace with Keepa API)
B0D7L2G9X8,Apple AirPods 4,2026-01-19T17:14:40.506356+00:00,131.52,amazon,2026-05-17T17:14:40.553246+00:00,seed (simulated history - replace with Keepa API)
B0D7L2G9X8,Apple AirPods 4,2026-01-20T17:14:40.506356+00:00,122.4,amazon,2026-05-17T17:14:40.553264+00:00,seed (simulated history - replace with Keepa API)
B0D7L2G9X8,Apple AirPods 4,2026-01-21T17:14:40.506356+00:00,120.19,amazon,2026-05-17T17:14:40.553283+00:00,seed (simulated history - replace with Keepa API)
B0D7L2G9X8,Apple AirPods 4,2026-01-22T17:14:40.506356+00:00,129.98,amazon,2026-05-17T17:14:40.553302+00:00,seed (simulated history - replace with Keepa API)
B0D7L2G9X8,Apple AirPods 4,2026-01-23T17:14:40.506356+00:00,128.75,amazon,2026-05-17T17:14:40.553322+00:00,seed (simulated history - replace with Keepa API)
B0D7L2G9X8,Apple AirPods 4,2026-01-24T17:14:40.506356+00:00,128.14,amazon,2026-05-17T17:14:40.553362+00:00,seed (simulated history - replace with Keepa API)
B0D7L2G9X8,Apple AirPods 4,2026-01-25T17:14:40.506356+00:00,130.63,amazon,2026-05-17T17:14:40.553385+00:00,seed (simulated history - replace with Keepa API)
B0D7L2G9X8,Apple AirPods 4,2026-01-26T17:14:40.506356+00:00,129.76,amazon,2026-05-17T17:14:40.553408+00:00,seed (simulated history - replace with Keepa API)
B0D7L2G9X8,Apple AirPods 4,2026-01-27T17:14:40.506356+00:00,92.49,amazon,2026-05-17T17:14:40.553453+00:00,seed (simulated history - replace with Keepa API)
B0D7L2G9X8,Apple AirPods 4,2026-01-28T17:14:40.506356+00:00,125.38,amazon,2026-05-17T17:14:40.553475+00:00,seed (simulated history - replace with Keepa API)
B0D7L2G9X8,Apple AirPods 4,2026-01-29T17:14:40.506356+00:00,133.2,amazon,2026-05-17T17:14:40.553512+00:00,seed (simulated history - replace with Keepa API)
B0D7L2G9X8,Apple AirPods 4,2026-01-30T17:14:40.506356+00:00,130.42,amazon,2026-05-17T17:14:40.553534+00:00,seed (simulated history - replace with Keepa API)
B0D7L2G9X8,Apple AirPods 4,2026-01-31T17:14:40.506356+00:00,136.11,amazon,2026-05-17T17:14:40.553591+00:00,seed (simulated history - replace with Keepa API)
B0D7L2G9X8,Apple AirPods 4,2026-02-01T17:14:40.506356+00:00,128.92,amazon,2026-05-17T17:14:40.553609+00:00,seed (simulated history - replace with Keepa API)
B0D7L2G9X8,Apple AirPods 4,2026-02-02T17:14:40.506356+00:00,127.83,amazon,2026-05-17T17:14:40.553627+00:00,seed (simulated history - replace with Keepa API)
B0D7L2G9X8,Apple AirPods 4,2026-02-03T17:14:40.506356+00:00,124.92,amazon,2026-05-17T17:14:40.553645+00:00,seed (simulated history - replace with Keepa API)
B0D7L2G9X8,Apple AirPods 4,2026-02-04T17:14:40.506356+00:00,90.3,amazon,2026-05-17T17:14:40.553681+00:00,seed (simulated history - replace with Keepa API)
B0D7L2G9X8,Apple AirPods 4,2026-02-05T17:14:40.506356+00:00,130.66,amazon,2026-05-17T17:14:40.553700+00:00,seed (simulated history - replace with Keepa API)
B0D7L2G9X8,Apple AirPods 4,2026-02-06T17:14:40.506356+00:00,132.48,amazon,2026-05-17T17:14:40.553717+00:00,seed (simulated history - replace with Keepa API)
B0D7L2G9X8,Apple AirPods 4,2026-02-07T17:14:40.506356+00:00,103.91,amazon,2026-05-17T17:14:40.553741+00:00,seed (simulated history - replace with Keepa API)
B0D7L2G9X8,Apple AirPods 4,2026-02-08T17:14:40.506356+00:00,126.49,amazon,2026-05-17T17:14:40.553762+00:00,seed (simulated history - replace with Keepa API)
B0D7L2G9X8,Apple AirPods 4,2026-02-09T17:14:40.506356+00:00,129.27,amazon,2026-05-17T17:14:40.553782+00:00,seed (simulated history - replace with Keepa API)
B0D7L2G9X8,Apple AirPods 4,2026-02-10T17:14:40.506356+00:00,133.5,amazon,2026-05-17T17:14:40.553803+00:00,seed (simulated history - replace with Keepa API)
B0D7L2G9X8,Apple AirPods 4,2026-02-11T17:14:40.506356+00:00,125.41,amazon,2026-05-17T17:14:40.553825+00:00,seed (simulated history - replace with Keepa API)
B0D7L2G9X8,Apple AirPods 4,2026-02-12T17:14:40.506356+00:00,129.92,amazon,2026-05-17T17:14:40.553852+00:00,seed (simulated history - replace with Keepa API)
B0D7L2G9X8,Apple AirPods 4,2026-02-13T17:14:40.506356+00:00,132.77,amazon,2026-05-17T17:14:40.553873+00:00,seed (simulated history - replace with Keepa API)
B0D7L2G9X8,Apple AirPods 4,2026-02-14T17:14:40.506356+00:00,130.94,amazon,2026-05-17T17:14:40.553892+00:00,seed (simulated history - replace with Keepa API)
B0D7L2G9X8,Apple AirPods 4,2026-02-15T17:14:40.506356+00:00,118.54,amazon,2026-05-17T17:14:40.553910+00:00,seed (simulated history - replace with Keepa API)
B0D7L2G9X8,Apple AirPods 4,2026-02-16T17:14:40.506356+00:00,131.62,amazon,2026-05-17T17:14:40.553930+00:00,seed (simulated history - replace with Keepa API)
B0D7L2G9X8,Apple AirPods 4,2026-02-17T17:14:40.506356+00:00,130.98,amazon,2026-05-17T17:14:40.553949+00:00,seed (simulated history - replace with Keepa API)
B0D7L2G9X8,Apple AirPods 4,2026-02-18T17:14:40.506356+00:00,134.32,amazon,2026-05-17T17:14:40.553968+00:00,seed (simulated history - replace with Keepa API)
B0D7L2G9X8,Apple AirPods 4,2026-02-19T17:14:40.506356+00:00,135.24,amazon,2026-05-17T17:14:40.554000+00:00,seed (simulated history - replace with Keepa API)
B0D7L2G9X8,Apple AirPods 4,2026-02-20T17:14:40.506356+00:00,134.09,amazon,2026-05-17T17:14:40.554038+00:00,seed (simulated history - replace with Keepa API)
B0D7L2G9X8,Apple AirPods 4,2026-02-21T17:14:40.506356+00:00,129.29,amazon,2026-05-17T17:14:40.554054+00:00,seed (simulated history - replace with Keepa API)
B0D7L2G9X8,Apple AirPods 4,2026-02-22T17:14:40.506356+00:00,122.8,amazon,2026-05-17T17:14:40.554070+00:00,seed (simulated history - replace with Keepa API)
B0D7L2G9X8,Apple AirPods 4,2026-02-23T17:14:40.506356+00:00,137.4,amazon,2026-05-17T17:14:40.554086+00:00,seed (simulated history - replace with Keepa API)
B0D7L2G9X8,Apple AirPods 4,2026-02-24T17:14:40.506356+00:00,128.32,amazon,2026-05-17T17:14:40.554102+00:00,seed (simulated history - replace with Keepa API)
B0D7L2G9X8,Apple AirPods 4,2026-02-25T17:14:40.506356+00:00,129.17,amazon,2026-05-17T17:14:40.554247+00:00,seed (simulated history - replace with Keepa API)
B0D7L2G9X8,Apple AirPods 4,2026-02-26T17:14:40.506356+00:00,135.56,amazon,2026-05-17T17:14:40.554273+00:00,seed (simulated history - replace with Keepa API)
B0D7L2G9X8,Apple AirPods 4,2026-02-27T17:14:40.506356+00:00,126.13,amazon,2026-05-17T17:14:40.554294+00:00,seed (simulated history - replace with Keepa API)
B0D7L2G9X8,Apple AirPods 4,2026-02-28T17:14:40.506356+00:00,107.38,amazon,2026-05-17T17:14:40.554329+00:00,seed (simulated history - replace with Keepa API)
B0D7L2G9X8,Apple AirPods 4,2026-03-01T17:14:40.506356+00:00,128.15,amazon,2026-05-17T17:14:40.554348+00:00,seed (simulated history - replace with Keepa API)
B0D7L2G9X8,Apple AirPods 4,2026-03-02T17:14:40.506356+00:00,121.0,amazon,2026-05-17T17:14:40.554369+00:00,seed (simulated history - replace with Keepa API)
B0D7L2G9X8,Apple AirPods 4,2026-03-03T17:14:40.506356+00:00,125.54,amazon,2026-05-17T17:14:40.554389+00:00,seed (simulated history - replace with Keepa API)
B0D7L2G9X8,Apple AirPods 4,2026-03-04T17:14:40.506356+00:00,113.31,amazon,2026-05-17T17:14:40.554434+00:00,seed (simulated history - replace with Keepa API)
B0D7L2G9X8,Apple AirPods 4,2026-03-05T17:14:40.506356+00:00,127.8,amazon,2026-05-17T17:14:40.554456+00:00,seed (simulated history - replace with Keepa API)
B0D7L2G9X8,Apple AirPods 4,2026-03-06T17:14:40.506356+00:00,126.09,amazon,2026-05-17T17:14:40.554475+00:00,seed (simulated history - replace with Keepa API)
B0D7L2G9X8,Apple AirPods 4,2026-03-07T17:14:40.506356+00:00,121.74,amazon,2026-05-17T17:14:40.554504+00:00,seed (simulated history - replace with Keepa API)
B0D7L2G9X8,Apple AirPods 4,2026-03-08T17:14:40.506356+00:00,129.45,amazon,2026-05-17T17:14:40.554525+00:00,seed (simulated history - replace with Keepa API)
B0D7L2G9X8,Apple AirPods 4,2026-03-09T17:14:40.506356+00:00,129.83,amazon,2026-05-17T17:14:40.554570+00:00,seed (simulated history - replace with Keepa API)
B0D7L2G9X8,Apple AirPods 4,2026-03-10T17:14:40.506356+00:00,126.09,amazon,2026-05-17T17:14:40.554591+00:00,seed (simulated history - replace with Keepa API)
B0D7L2G9X8,Apple AirPods 4,2026-03-11T17:14:40.506356+00:00,133.16,amazon,2026-05-17T17:14:40.554610+00:00,seed (simulated history - replace with Keepa API)
B0D7L2G9X8,Apple AirPods 4,2026-03-12T17:14:40.506356+00:00,129.08,amazon,2026-05-17T17:14:40.554630+00:00,seed (simulated history - replace with Keepa API)
B0D7L2G9X8,Apple AirPods 4,2026-03-13T17:14:40.506356+00:00,126.26,amazon,2026-05-17T17:14:40.554650+00:00,seed (simulated history - replace with Keepa API)
B0D7L2G9X8,Apple AirPods 4,2026-03-14T17:14:40.506356+00:00,123.14,amazon,2026-05-17T17:14:40.554670+00:00,seed (simulated history - replace with Keepa API)
B0D7L2G9X8,Apple AirPods 4,2026-03-15T17:14:40.506356+00:00,130.03,amazon,2026-05-17T17:14:40.554690+00:00,seed (simulated history - replace with Keepa API)
B0D7L2G9X8,Apple AirPods 4,2026-03-16T17:14:40.506356+00:00,130.97,amazon,2026-05-17T17:14:40.554720+00:00,seed (simulated history - replace with Keepa API)
B0D7L2G9X8,Apple AirPods 4,2026-03-17T17:14:40.506356+00:00,127.13,amazon,2026-05-17T17:14:40.554741+00:00,seed (simulated history - replace with Keepa API)
B0D7L2G9X8,Apple AirPods 4,2026-03-18T17:14:40.506356+00:00,129.57,amazon,2026-05-17T17:14:40.554761+00:00,seed (simulated history - replace with Keepa API)
B0D7L2G9X8,Apple AirPods 4,2026-03-19T17:14:40.506356+00:00,135.24,amazon,2026-05-17T17:14:40.554781+00:00,seed (simulated history - replace with Keepa API)
B0D7L2G9X8,Apple AirPods 4,2026-03-20T17:14:40.506356+00:00,132.47,amazon,2026-05-17T17:14:40.554800+00:00,seed (simulated history - replace with Keepa API)
B0D7L2G9X8,Apple AirPods 4,2026-03-21T17:14:40.506356+00:00,120.67,amazon,2026-05-17T17:14:40.554820+00:00,seed (simulated history - replace with Keepa API)
B0D7L2G9X8,Apple AirPods 4,2026-03-22T17:14:40.506356+00:00,126.22,amazon,2026-05-17T17:14:40.554839+00:00,seed (simulated history - replace with Keepa API)
B0D7L2G9X8,Apple AirPods 4,2026-03-23T17:14:40.506356+00:00,128.49,amazon,2026-05-17T17:14:40.554908+00:00,seed (simulated history - replace with Keepa API)
B0D7L2G9X8,Apple AirPods 4,2026-03-24T17:14:40.506356+00:00,129.3,amazon,2026-05-17T17:14:40.554943+00:00,seed (simulated history - replace with Keepa API)
B0D7L2G9X8,Apple AirPods 4,2026-03-25T17:14:40.506356+00:00,129.65,amazon,2026-05-17T17:14:40.554964+00:00,seed (simulated history - replace with Keepa API)
B0D7L2G9X8,Apple AirPods 4,2026-03-26T17:14:40.506356+00:00,130.71,amazon,2026-05-17T17:14:40.554991+00:00,seed (simulated history - replace with Keepa API)
B0D7L2G9X8,Apple AirPods 4,2026-03-27T17:14:40.506356+00:00,128.62,amazon,2026-05-17T17:14:40.555024+00:00,seed (simulated history - replace with Keepa API)
B0D7L2G9X8,Apple AirPods 4,2026-03-28T17:14:40.506356+00:00,129.07,amazon,2026-05-17T17:14:40.555047+00:00,seed (simulated history - replace with Keepa API)
B0D7L2G9X8,Apple AirPods 4,2026-03-29T17:14:40.506356+00:00,132.69,amazon,2026-05-17T17:14:40.555068+00:00,seed (simulated history - replace with Keepa API)
B0D7L2G9X8,Apple AirPods 4,2026-03-30T17:14:40.506356+00:00,130.11,amazon,2026-05-17T17:14:40.555088+00:00,seed (simulated history - replace with Keepa API)
B0D7L2G9X8,Apple AirPods 4,2026-03-31T17:14:40.506356+00:00,100.79,amazon,2026-05-17T17:14:40.555122+00:00,seed (simulated history - replace with Keepa API)
B0D7L2G9X8,Apple AirPods 4,2026-04-01T17:14:40.506356+00:00,129.42,amazon,2026-05-17T17:14:40.555142+00:00,seed (simulated history - replace with Keepa API)
B0D7L2G9X8,Apple AirPods 4,2026-04-02T17:14:40.506356+00:00,123.29,amazon,2026-05-17T17:14:40.555168+00:00,seed (simulated history - replace with Keepa API)
B0D7L2G9X8,Apple AirPods 4,2026-04-03T17:14:40.506356+00:00,127.12,amazon,2026-05-17T17:14:40.555188+00:00,seed (simulated history - replace with Keepa API)
B0D7L2G9X8,Apple AirPods 4,2026-04-04T17:14:40.506356+00:00,133.9,amazon,2026-05-17T17:14:40.555210+00:00,seed (simulated history - replace with Keepa API)
B0D7L2G9X8,Apple AirPods 4,2026-04-05T17:14:40.506356+00:00,125.65,amazon,2026-05-17T17:14:40.555228+00:00,seed (simulated history - replace with Keepa API)
B0D7L2G9X8,Apple AirPods 4,2026-04-06T17:14:40.506356+00:00,126.5,amazon,2026-05-17T17:14:40.555289+00:00,seed (simulated history - replace with Keepa API)
B0D7L2G9X8,Apple AirPods 4,2026-04-07T17:14:40.506356+00:00,135.87,amazon,2026-05-17T17:14:40.555316+00:00,seed (simulated history - replace with Keepa API)
B0D7L2G9X8,Apple AirPods 4,2026-04-08T17:14:40.506356+00:00,132.87,amazon,2026-05-17T17:14:40.555336+00:00,seed (simulated history - replace with Keepa API)
B0D7L2G9X8,Apple AirPods 4,2026-04-09T17:14:40.506356+00:00,126.4,amazon,2026-05-17T17:14:40.555357+00:00,seed (simulated history - replace with Keepa API)
B0D7L2G9X8,Apple AirPods 4,2026-04-10T17:14:40.506356+00:00,130.12,amazon,2026-05-17T17:14:40.555378+00:00,seed (simulated history - replace with Keepa API)
B0D7L2G9X8,Apple AirPods 4,2026-04-11T17:14:40.506356+00:00,130.01,amazon,2026-05-17T17:14:40.555408+00:00,seed (simulated history - replace with Keepa API)
B0D7L2G9X8,Apple AirPods 4,2026-04-12T17:14:40.506356+00:00,132.07,amazon,2026-05-17T17:14:40.555433+00:00,seed (simulated history - replace with Keepa API)
B0D7L2G9X8,Apple AirPods 4,2026-04-13T17:14:40.506356+00:00,122.23,amazon,2026-05-17T17:14:40.555452+00:00,seed (simulated history - replace with Keepa API)
B0D7L2G9X8,Apple AirPods 4,2026-04-14T17:14:40.506356+00:00,133.0,amazon,2026-05-17T17:14:40.555472+00:00,seed (simulated history - replace with Keepa API)
B0D7L2G9X8,Apple AirPods 4,2026-04-15T17:14:40.506356+00:00,133.36,amazon,2026-05-17T17:14:40.555499+00:00,seed (simulated history - replace with Keepa API)
B0D7L2G9X8,Apple AirPods 4,2026-04-16T17:14:40.506356+00:00,124.72,amazon,2026-05-17T17:14:40.555519+00:00,seed (simulated history - replace with Keepa API)
B0D7L2G9X8,Apple AirPods 4,2026-04-17T17:14:40.506356+00:00,128.17,amazon,2026-05-17T17:14:40.555537+00:00,seed (simulated history - replace with Keepa API)
B0D7L2G9X8,Apple AirPods 4,2026-04-18T17:14:40.506356+00:00,134.07,amazon,2026-05-17T17:14:40.555576+00:00,seed (simulated history - replace with Keepa API)
B0D7L2G9X8,Apple AirPods 4,2026-04-19T17:14:40.506356+00:00,134.4,amazon,2026-05-17T17:14:40.555593+00:00,seed (simulated history - replace with Keepa API)
B0D7L2G9X8,Apple AirPods 4,2026-04-20T17:14:40.506356+00:00,122.49,amazon,2026-05-17T17:14:40.555610+00:00,seed (simulated history - replace with Keepa API)
B0D7L2G9X8,Apple AirPods 4,2026-04-21T17:14:40.506356+00:00,125.88,amazon,2026-05-17T17:14:40.555629+00:00,seed (simulated history - replace with Keepa API)
B0D7L2G9X8,Apple AirPods 4,2026-04-22T17:14:40.506356+00:00,124.22,amazon,2026-05-17T17:14:40.555645+00:00,seed (simulated history - replace with Keepa API)
B0D7L2G9X8,Apple AirPods 4,2026-04-23T17:14:40.506356+00:00,126.71,amazon,2026-05-17T17:14:40.555662+00:00,seed (simulated history - replace with Keepa API)
B0D7L2G9X8,Apple AirPods 4,2026-04-24T17:14:40.506356+00:00,125.87,amazon,2026-05-17T17:14:40.555729+00:00,seed (simulated history - replace with Keepa API)
B0D7L2G9X8,Apple AirPods 4,2026-04-25T17:14:40.506356+00:00,104.7,amazon,2026-05-17T17:14:40.555770+00:00,seed (simulated history - replace with Keepa API)
B0D7L2G9X8,Apple AirPods 4,2026-04-26T17:14:40.506356+00:00,114.91,amazon,2026-05-17T17:14:40.555800+00:00,seed (simulated history - replace with Keepa API)
B0D7L2G9X8,Apple AirPods 4,2026-04-27T17:14:40.506356+00:00,130.58,amazon,2026-05-17T17:14:40.555822+00:00,seed (simulated history - replace with Keepa API)
B0D7L2G9X8,Apple AirPods 4,2026-04-28T17:14:40.506356+00:00,128.0,amazon,2026-05-17T17:14:40.555845+00:00,seed (simulated history - replace with Keepa API)
B0D7L2G9X8,Apple AirPods 4,2026-04-29T17:14:40.506356+00:00,135.19,amazon,2026-05-17T17:14:40.555867+00:00,seed (simulated history - replace with Keepa API)
B0D7L2G9X8,Apple AirPods 4,2026-04-30T17:14:40.506356+00:00,131.7,amazon,2026-05-17T17:14:40.555889+00:00,seed (simulated history - replace with Keepa API)
B0D7L2G9X8,Apple AirPods 4,2026-05-01T17:14:40.506356+00:00,127.71,amazon,2026-05-17T17:14:40.555926+00:00,seed (simulated history - replace with Keepa API)
B0D7L2G9X8,Apple AirPods 4,2026-05-02T17:14:40.506356+00:00,128.58,amazon,2026-05-17T17:14:40.555948+00:00,seed (simulated history - replace with Keepa API)
B0D7L2G9X8,Apple AirPods 4,2026-05-03T17:14:40.506356+00:00,130.73,amazon,2026-05-17T17:14:40.555970+00:00,seed (simulated history - replace with Keepa API)
B0D7L2G9X8,Apple AirPods 4,2026-05-04T17:14:40.506356+00:00,124.38,amazon,2026-05-17T17:14:40.555999+00:00,seed (simulated history - replace with Keepa API)
B0D7L2G9X8,Apple AirPods 4,2026-05-05T17:14:40.506356+00:00,129.55,amazon,2026-05-17T17:14:40.556035+00:00,seed (simulated history - replace with Keepa API)
B0D7L2G9X8,Apple AirPods 4,2026-05-06T17:14:40.506356+00:00,131.47,amazon,2026-05-17T17:14:40.556061+00:00,seed (simulated history - replace with Keepa API)
B0D7L2G9X8,Apple AirPods 4,2026-05-07T17:14:40.506356+00:00,130.94,amazon,2026-05-17T17:14:40.556084+00:00,seed (simulated history - replace with Keepa API)
B0D7L2G9X8,Apple AirPods 4,2026-05-08T17:14:40.506356+00:00,125.95,amazon,2026-05-17T17:14:40.556105+00:00,seed (simulated history - replace with Keepa API)
B0D7L2G9X8,Apple AirPods 4,2026-05-09T17:14:40.506356+00:00,126.6,amazon,2026-05-17T17:14:40.556125+00:00,seed (simulated history - replace with Keepa API)
B0D7L2G9X8,Apple AirPods 4,2026-05-10T17:14:40.506356+00:00,121.34,amazon,2026-05-17T17:14:40.556147+00:00,seed (simulated history - replace with Keepa API)
B0D7L2G9X8,Apple AirPods 4,2026-05-11T17:14:40.506356+00:00,131.89,amazon,2026-05-17T17:14:40.556170+00:00,seed (simulated history - replace with Keepa API)
B0D7L2G9X8,Apple AirPods 4,2026-05-12T17:14:40.506356+00:00,137.03,amazon,2026-05-17T17:14:40.556191+00:00,seed (simulated history - replace with Keepa API)
B0D7L2G9X8,Apple AirPods 4,2026-05-13T17:14:40.506356+00:00,125.44,amazon,2026-05-17T17:14:40.556212+00:00,seed (simulated history - replace with Keepa API)
B0D7L2G9X8,Apple AirPods 4,2026-05-14T17:14:40.506356+00:00,133.26,amazon,2026-05-17T17:14:40.556233+00:00,seed (simulated history - replace with Keepa API)
B0D7L2G9X8,Apple AirPods 4,2026-05-15T17:14:40.506356+00:00,136.58,amazon,2026-05-17T17:14:40.556254+00:00,seed (simulated history - replace with Keepa API)
B0D7L2G9X8,Apple AirPods 4,2026-05-16T17:14:40.506356+00:00,127.2,amazon,2026-05-17T17:14:40.556275+00:00,seed (simulated history - replace with Keepa API)
B0D7L2G9X8,Apple AirPods 4,2026-05-17T17:14:40.506356+00:00,128.59,amazon,2026-05-17T17:14:40.556297+00:00,seed (simulated history - replace with Keepa API)
B0D7L2G9X9,Apple AirPods 4 with ANC,2025-11-18T17:14:40.506356+00:00,180.36,amazon,2026-05-17T17:14:40.557706+00:00,seed (simulated history - replace with Keepa API)
B0D7L2G9X9,Apple AirPods 4 with ANC,2025-11-19T17:14:40.506356+00:00,181.51,amazon,2026-05-17T17:14:40.557740+00:00,seed (simulated history - replace with Keepa API)
B0D7L2G9X9,Apple AirPods 4 with ANC,2025-11-20T17:14:40.506356+00:00,135.9,amazon,2026-05-17T17:14:40.557761+00:00,seed (simulated history - replace with Keepa API)
B0D7L2G9X9,Apple AirPods 4 with ANC,2025-11-21T17:14:40.506356+00:00,132.15,amazon,2026-05-17T17:14:40.557794+00:00,seed (simulated history - replace with Keepa API)
B0D7L2G9X9,Apple AirPods 4 with ANC,2025-11-22T17:14:40.506356+00:00,135.7,amazon,2026-05-17T17:14:40.557811+00:00,seed (simulated history - replace with Keepa API)
B0D7L2G9X9,Apple AirPods 4 with ANC,2025-11-23T17:14:40.506356+00:00,132.41,amazon,2026-05-17T17:14:40.557832+00:00,seed (simulated history - replace with Keepa API)
B0D7L2G9X9,Apple AirPods 4 with ANC,2025-11-24T17:14:40.506356+00:00,137.59,amazon,2026-05-17T17:14:40.557848+00:00,seed (simulated history - replace with Keepa API)
B0D7L2G9X9,Apple AirPods 4 with ANC,2025-11-25T17:14:40.506356+00:00,132.27,amazon,2026-05-17T17:14:40.557866+00:00,seed (simulated history - replace with Keepa API)
B0D7L2G9X9,Apple AirPods 4 with ANC,2025-11-26T17:14:40.506356+00:00,136.28,amazon,2026-05-17T17:14:40.557883+00:00,seed (simulated history - replace with Keepa API)
B0D7L2G9X9,Apple AirPods 4 with ANC,2025-11-27T17:14:40.506356+00:00,134.09,amazon,2026-05-17T17:14:40.557902+00:00,seed (simulated history - replace with Keepa API)
B0D7L2G9X9,Apple AirPods 4 with ANC,2025-11-28T17:14:40.506356+00:00,140.3,amazon,2026-05-17T17:14:40.557921+00:00,seed (simulated history - replace with Keepa API)
B0D7L2G9X9,Apple AirPods 4 with ANC,2025-11-29T17:14:40.506356+00:00,133.97,amazon,2026-05-17T17:14:40.557939+00:00,seed (simulated history - replace with Keepa API)
B0D7L2G9X9,Apple AirPods 4 with ANC,2025-11-30T17:14:40.506356+00:00,125.3,amazon,2026-05-17T17:14:40.557958+00:00,seed (simulated history - replace with Keepa API)
B0D7L2G9X9,Apple AirPods 4 with ANC,2025-12-01T17:14:40.506356+00:00,185.78,amazon,2026-05-17T17:14:40.557977+00:00,seed (simulated history - replace with Keepa API)
B0D7L2G9X9,Apple AirPods 4 with ANC,2025-12-02T17:14:40.506356+00:00,182.44,amazon,2026-05-17T17:14:40.558034+00:00,seed (simulated history - replace with Keepa API)
B0D7L2G9X9,Apple AirPods 4 with ANC,2025-12-03T17:14:40.506356+00:00,175.11,amazon,2026-05-17T17:14:40.558054+00:00,seed (simulated history - replace with Keepa API)
B0D7L2G9X9,Apple AirPods 4 with ANC,2025-12-04T17:14:40.506356+00:00,193.58,amazon,2026-05-17T17:14:40.558078+00:00,seed (simulated history - replace with Keepa API)
B0D7L2G9X9,Apple AirPods 4 with ANC,2025-12-05T17:14:40.506356+00:00,177.55,amazon,2026-05-17T17:14:40.558099+00:00,seed (simulated history - replace with Keepa API)
B0D7L2G9X9,Apple AirPods 4 with ANC,2025-12-06T17:14:40.506356+00:00,185.41,amazon,2026-05-17T17:14:40.558119+00:00,seed (simulated history - replace with Keepa API)
B0D7L2G9X9,Apple AirPods 4 with ANC,2025-12-07T17:14:40.506356+00:00,177.19,amazon,2026-05-17T17:14:40.558136+00:00,seed (simulated history - replace with Keepa API)
B0D7L2G9X9,Apple AirPods 4 with ANC,2025-12-08T17:14:40.506356+00:00,185.26,amazon,2026-05-17T17:14:40.558153+00:00,seed (simulated history - replace with Keepa API)
B0D7L2G9X9,Apple AirPods 4 with ANC,2025-12-09T17:14:40.506356+00:00,177.9,amazon,2026-05-17T17:14:40.558180+00:00,seed (simulated history - replace with Keepa API)
B0D7L2G9X9,Apple AirPods 4 with ANC,2025-12-10T17:14:40.506356+00:00,178.27,amazon,2026-05-17T17:14:40.558203+00:00,seed (simulated history - replace with Keepa API)
B0D7L2G9X9,Apple AirPods 4 with ANC,2025-12-11T17:14:40.506356+00:00,184.39,amazon,2026-05-17T17:14:40.558224+00:00,seed (simulated history - replace with Keepa API)
B0D7L2G9X9,Apple AirPods 4 with ANC,2025-12-12T17:14:40.506356+00:00,189.51,amazon,2026-05-17T17:14:40.558245+00:00,seed (simulated history - replace with Keepa API)
B0D7L2G9X9,Apple AirPods 4 with ANC,2025-12-13T17:14:40.506356+00:00,177.7,amazon,2026-05-17T17:14:40.558265+00:00,seed (simulated history - replace with Keepa API)
B0D7L2G9X9,Apple AirPods 4 with ANC,2025-12-14T17:14:40.506356+00:00,176.8,amazon,2026-05-17T17:14:40.558285+00:00,seed (simulated history - replace with Keepa API)
B0D7L2G9X9,Apple AirPods 4 with ANC,2025-12-15T17:14:40.506356+00:00,174.99,amazon,2026-05-17T17:14:40.558302+00:00,seed (simulated history - replace with Keepa API)
B0D7L2G9X9,Apple AirPods 4 with ANC,2025-12-16T17:14:40.506356+00:00,174.2,amazon,2026-05-17T17:14:40.558319+00:00,seed (simulated history - replace with Keepa API)
B0D7L2G9X9,Apple AirPods 4 with ANC,2025-12-17T17:14:40.506356+00:00,125.3,amazon,2026-05-17T17:14:40.558359+00:00,seed (simulated history - replace with Keepa API)
B0D7L2G9X9,Apple AirPods 4 with ANC,2025-12-18T17:14:40.506356+00:00,184.12,amazon,2026-05-17T17:14:40.558381+00:00,seed (simulated history - replace with Keepa API)
B0D7L2G9X9,Apple AirPods 4 with ANC,2025-12-19T17:14:40.506356+00:00,137.44,amazon,2026-05-17T17:14:40.558406+00:00,seed (simulated history - replace with Keepa API)
B0D7L2G9X9,Apple AirPods 4 with ANC,2025-12-20T17:14:40.506356+00:00,181.77,amazon,2026-05-17T17:14:40.558427+00:00,seed (simulated history - replace with Keepa API)
B0D7L2G9X9,Apple AirPods 4 with ANC,2025-12-21T17:14:40.506356+00:00,182.84,amazon,2026-05-17T17:14:40.558445+00:00,seed (simulated history - replace with Keepa API)
B0D7L2G9X9,Apple AirPods 4 with ANC,2025-12-22T17:14:40.506356+00:00,182.74,amazon,2026-05-17T17:14:40.558466+00:00,seed (simulated history - replace with Keepa API)
B0D7L2G9X9,Apple AirPods 4 with ANC,2025-12-23T17:14:40.506356+00:00,185.35,amazon,2026-05-17T17:14:40.558492+00:00,seed (simulated history - replace with Keepa API)
B0D7L2G9X9,Apple AirPods 4 with ANC,2025-12-24T17:14:40.506356+00:00,174.88,amazon,2026-05-17T17:14:40.558513+00:00,seed (simulated history - replace with Keepa API)
B0D7L2G9X9,Apple AirPods 4 with ANC,2025-12-25T17:14:40.506356+00:00,180.14,amazon,2026-05-17T17:14:40.558532+00:00,seed (simulated history - replace with Keepa API)
B0D7L2G9X9,Apple AirPods 4 with ANC,2025-12-26T17:14:40.506356+00:00,170.19,amazon,2026-05-17T17:14:40.558667+00:00,seed (simulated history - replace with Keepa API)
B0D7L2G9X9,Apple AirPods 4 with ANC,2025-12-27T17:14:40.506356+00:00,170.23,amazon,2026-05-17T17:14:40.558709+00:00,seed (simulated history - replace with Keepa API)
B0D7L2G9X9,Apple AirPods 4 with ANC,2025-12-28T17:14:40.506356+00:00,179.57,amazon,2026-05-17T17:14:40.558727+00:00,seed (simulated history - replace with Keepa API)
B0D7L2G9X9,Apple AirPods 4 with ANC,2025-12-29T17:14:40.506356+00:00,178.28,amazon,2026-05-17T17:14:40.558747+00:00,seed (simulated history - replace with Keepa API)
B0D7L2G9X9,Apple AirPods 4 with ANC,2025-12-30T17:14:40.506356+00:00,179.16,amazon,2026-05-17T17:14:40.558772+00:00,seed (simulated history - replace with Keepa API)
B0D7L2G9X9,Apple AirPods 4 with ANC,2025-12-31T17:14:40.506356+00:00,182.27,amazon,2026-05-17T17:14:40.558789+00:00,seed (simulated history - replace with Keepa API)
B0D7L2G9X9,Apple AirPods 4 with ANC,2026-01-01T17:14:40.506356+00:00,186.81,amazon,2026-05-17T17:14:40.558807+00:00,seed (simulated history - replace with Keepa API)
B0D7L2G9X9,Apple AirPods 4 with ANC,2026-01-02T17:14:40.506356+00:00,179.02,amazon,2026-05-17T17:14:40.558826+00:00,seed (simulated history - replace with Keepa API)
B0D7L2G9X9,Apple AirPods 4 with ANC,2026-01-03T17:14:40.506356+00:00,178.13,amazon,2026-05-17T17:14:40.558847+00:00,seed (simulated history - replace with Keepa API)
B0D7L2G9X9,Apple AirPods 4 with ANC,2026-01-04T17:14:40.506356+00:00,175.19,amazon,2026-05-17T17:14:40.558869+00:00,seed (simulated history - replace with Keepa API)
B0D7L2G9X9,Apple AirPods 4 with ANC,2026-01-05T17:14:40.506356+00:00,183.69,amazon,2026-05-17T17:14:40.558889+00:00,seed (simulated history - replace with Keepa API)
B0D7L2G9X9,Apple AirPods 4 with ANC,2026-01-06T17:14:40.506356+00:00,175.62,amazon,2026-05-17T17:14:40.558906+00:00,seed (simulated history - replace with Keepa API)
B0D7L2G9X9,Apple AirPods 4 with ANC,2026-01-07T17:14:40.506356+00:00,177.51,amazon,2026-05-17T17:14:40.558927+00:00,seed (simulated history - replace with Keepa API)
B0D7L2G9X9,Apple AirPods 4 with ANC,2026-01-08T17:14:40.506356+00:00,182.4,amazon,2026-05-17T17:14:40.558949+00:00,seed (simulated history - replace with Keepa API)
B0D7L2G9X9,Apple AirPods 4 with ANC,2026-01-09T17:14:40.506356+00:00,179.42,amazon,2026-05-17T17:14:40.558971+00:00,seed (simulated history - replace with Keepa API)
B0D7L2G9X9,Apple AirPods 4 with ANC,2026-01-10T17:14:40.506356+00:00,179.12,amazon,2026-05-17T17:14:40.559016+00:00,seed (simulated history - replace with Keepa API)
B0D7L2G9X9,Apple AirPods 4 with ANC,2026-01-11T17:14:40.506356+00:00,174.41,amazon,2026-05-17T17:14:40.559041+00:00,seed (simulated history - replace with Keepa API)
B0D7L2G9X9,Apple AirPods 4 with ANC,2026-01-12T17:14:40.506356+00:00,180.8,amazon,2026-05-17T17:14:40.559062+00:00,seed (simulated history - replace with Keepa API)
B0D7L2G9X9,Apple AirPods 4 with ANC,2026-01-13T17:14:40.506356+00:00,190.75,amazon,2026-05-17T17:14:40.559084+00:00,seed (simulated history - replace with Keepa API)
B0D7L2G9X9,Apple AirPods 4 with ANC,2026-01-14T17:14:40.506356+00:00,172.07,amazon,2026-05-17T17:14:40.559106+00:00,seed (simulated history - replace with Keepa API)
B0D7L2G9X9,Apple AirPods 4 with ANC,2026-01-15T17:14:40.506356+00:00,173.06,amazon,2026-05-17T17:14:40.559129+00:00,seed (simulated history - replace with Keepa API)
B0D7L2G9X9,Apple AirPods 4 with ANC,2026-01-16T17:14:40.506356+00:00,183.2,amazon,2026-05-17T17:14:40.559149+00:00,seed (simulated history - replace with Keepa API)
B0D7L2G9X9,Apple AirPods 4 with ANC,2026-01-17T17:14:40.506356+00:00,180.27,amazon,2026-05-17T17:14:40.559172+00:00,seed (simulated history - replace with Keepa API)
B0D7L2G9X9,Apple AirPods 4 with ANC,2026-01-18T17:14:40.506356+00:00,186.36,amazon,2026-05-17T17:14:40.559204+00:00,seed (simulated history - replace with Keepa API)
B0D7L2G9X9,Apple AirPods 4 with ANC,2026-01-19T17:14:40.506356+00:00,175.03,amazon,2026-05-17T17:14:40.559226+00:00,seed (simulated history - replace with Keepa API)
B0D7L2G9X9,Apple AirPods 4 with ANC,2026-01-20T17:14:40.506356+00:00,183.78,amazon,2026-05-17T17:14:40.559248+00:00,seed (simulated history - replace with Keepa API)
B0D7L2G9X9,Apple AirPods 4 with ANC,2026-01-21T17:14:40.506356+00:00,180.8,amazon,2026-05-17T17:14:40.559271+00:00,seed (simulated history - replace with Keepa API)
B0D7L2G9X9,Apple AirPods 4 with ANC,2026-01-22T17:14:40.506356+00:00,173.91,amazon,2026-05-17T17:14:40.559302+00:00,seed (simulated history - replace with Keepa API)
B0D7L2G9X9,Apple AirPods 4 with ANC,2026-01-23T17:14:40.506356+00:00,175.64,amazon,2026-05-17T17:14:40.559327+00:00,seed (simulated history - replace with Keepa API)
B0D7L2G9X9,Apple AirPods 4 with ANC,2026-01-24T17:14:40.506356+00:00,179.08,amazon,2026-05-17T17:14:40.559349+00:00,seed (simulated history - replace with Keepa API)
B0D7L2G9X9,Apple AirPods 4 with ANC,2026-01-25T17:14:40.506356+00:00,174.39,amazon,2026-05-17T17:14:40.559371+00:00,seed (simulated history - replace with Keepa API)
B0D7L2G9X9,Apple AirPods 4 with ANC,2026-01-26T17:14:40.506356+00:00,185.04,amazon,2026-05-17T17:14:40.559391+00:00,seed (simulated history - replace with Keepa API)
B0D7L2G9X9,Apple AirPods 4 with ANC,2026-01-27T17:14:40.506356+00:00,182.91,amazon,2026-05-17T17:14:40.559411+00:00,seed (simulated history - replace with Keepa API)
B0D7L2G9X9,Apple AirPods 4 with ANC,2026-01-28T17:14:40.506356+00:00,176.38,amazon,2026-05-17T17:14:40.559432+00:00,seed (simulated history - replace with Keepa API)
B0D7L2G9X9,Apple AirPods 4 with ANC,2026-01-29T17:14:40.506356+00:00,178.14,amazon,2026-05-17T17:14:40.559453+00:00,seed (simulated history - replace with Keepa API)
B0D7L2G9X9,Apple AirPods 4 with ANC,2026-01-30T17:14:40.506356+00:00,184.07,amazon,2026-05-17T17:14:40.559473+00:00,seed (simulated history - replace with Keepa API)
B0D7L2G9X9,Apple AirPods 4 with ANC,2026-01-31T17:14:40.506356+00:00,178.65,amazon,2026-05-17T17:14:40.559503+00:00,seed (simulated history - replace with Keepa API)
B0D7L2G9X9,Apple AirPods 4 with ANC,2026-02-01T17:14:40.506356+00:00,189.64,amazon,2026-05-17T17:14:40.559525+00:00,seed (simulated history - replace with Keepa API)
B0D7L2G9X9,Apple AirPods 4 with ANC,2026-02-02T17:14:40.506356+00:00,181.8,amazon,2026-05-17T17:14:40.559575+00:00,seed (simulated history - replace with Keepa API)
B0D7L2G9X9,Apple AirPods 4 with ANC,2026-02-03T17:14:40.506356+00:00,174.62,amazon,2026-05-17T17:14:40.559599+00:00,seed (simulated history - replace with Keepa API)
B0D7L2G9X9,Apple AirPods 4 with ANC,2026-02-04T17:14:40.506356+00:00,173.33,amazon,2026-05-17T17:14:40.559621+00:00,seed (simulated history - replace with Keepa API)
B0D7L2G9X9,Apple AirPods 4 with ANC,2026-02-05T17:14:40.506356+00:00,184.68,amazon,2026-05-17T17:14:40.559642+00:00,seed (simulated history - replace with Keepa API)
B0D7L2G9X9,Apple AirPods 4 with ANC,2026-02-06T17:14:40.506356+00:00,176.65,amazon,2026-05-17T17:14:40.559708+00:00,seed (simulated history - replace with Keepa API)
B0D7L2G9X9,Apple AirPods 4 with ANC,2026-02-07T17:14:40.506356+00:00,179.75,amazon,2026-05-17T17:14:40.559770+00:00,seed (simulated history - replace with Keepa API)
B0D7L2G9X9,Apple AirPods 4 with ANC,2026-02-08T17:14:40.506356+00:00,163.79,amazon,2026-05-17T17:14:40.559791+00:00,seed (simulated history - replace with Keepa API)
B0D7L2G9X9,Apple AirPods 4 with ANC,2026-02-09T17:14:40.506356+00:00,179.09,amazon,2026-05-17T17:14:40.559812+00:00,seed (simulated history - replace with Keepa API)
B0D7L2G9X9,Apple AirPods 4 with ANC,2026-02-10T17:14:40.506356+00:00,171.46,amazon,2026-05-17T17:14:40.559834+00:00,seed (simulated history - replace with Keepa API)
B0D7L2G9X9,Apple AirPods 4 with ANC,2026-02-11T17:14:40.506356+00:00,171.39,amazon,2026-05-17T17:14:40.559854+00:00,seed (simulated history - replace with Keepa API)
B0D7L2G9X9,Apple AirPods 4 with ANC,2026-02-12T17:14:40.506356+00:00,185.63,amazon,2026-05-17T17:14:40.559884+00:00,seed (simulated history - replace with Keepa API)
B0D7L2G9X9,Apple AirPods 4 with ANC,2026-02-13T17:14:40.506356+00:00,177.28,amazon,2026-05-17T17:14:40.559904+00:00,seed (simulated history - replace with Keepa API)
B0D7L2G9X9,Apple AirPods 4 with ANC,2026-02-14T17:14:40.506356+00:00,177.01,amazon,2026-05-17T17:14:40.559925+00:00,seed (simulated history - replace with Keepa API)
B0D7L2G9X9,Apple AirPods 4 with ANC,2026-02-15T17:14:40.506356+00:00,190.3,amazon,2026-05-17T17:14:40.559944+00:00,seed (simulated history - replace with Keepa API)
B0D7L2G9X9,Apple AirPods 4 with ANC,2026-02-16T17:14:40.506356+00:00,184.21,amazon,2026-05-17T17:14:40.560057+00:00,seed (simulated history - replace with Keepa API)
B0D7L2G9X9,Apple AirPods 4 with ANC,2026-02-17T17:14:40.506356+00:00,187.6,amazon,2026-05-17T17:14:40.560083+00:00,seed (simulated history - replace with Keepa API)
B0D7L2G9X9,Apple AirPods 4 with ANC,2026-02-18T17:14:40.506356+00:00,185.84,amazon,2026-05-17T17:14:40.560105+00:00,seed (simulated history - replace with Keepa API)
B0D7L2G9X9,Apple AirPods 4 with ANC,2026-02-19T17:14:40.506356+00:00,183.35,amazon,2026-05-17T17:14:40.560127+00:00,seed (simulated history - replace with Keepa API)
B0D7L2G9X9,Apple AirPods 4 with ANC,2026-02-20T17:14:40.506356+00:00,187.31,amazon,2026-05-17T17:14:40.560150+00:00,seed (simulated history - replace with Keepa API)
B0D7L2G9X9,Apple AirPods 4 with ANC,2026-02-21T17:14:40.506356+00:00,174.91,amazon,2026-05-17T17:14:40.560171+00:00,seed (simulated history - replace with Keepa API)
B0D7L2G9X9,Apple AirPods 4 with ANC,2026-02-22T17:14:40.506356+00:00,174.28,amazon,2026-05-17T17:14:40.560194+00:00,seed (simulated history - replace with Keepa API)
B0D7L2G9X9,Apple AirPods 4 with ANC,2026-02-23T17:14:40.506356+00:00,171.41,amazon,2026-05-17T17:14:40.560215+00:00,seed (simulated history - replace with Keepa API)
B0D7L2G9X9,Apple AirPods 4 with ANC,2026-02-24T17:14:40.506356+00:00,169.64,amazon,2026-05-17T17:14:40.560236+00:00,seed (simulated history - replace with Keepa API)
B0D7L2G9X9,Apple AirPods 4 with ANC,2026-02-25T17:14:40.506356+00:00,148.17,amazon,2026-05-17T17:14:40.560283+00:00,seed (simulated history - replace with Keepa API)
B0D7L2G9X9,Apple AirPods 4 with ANC,2026-02-26T17:14:40.506356+00:00,177.77,amazon,2026-05-17T17:14:40.560310+00:00,seed (simulated history - replace with Keepa API)
B0D7L2G9X9,Apple AirPods 4 with ANC,2026-02-27T17:14:40.506356+00:00,173.66,amazon,2026-05-17T17:14:40.560332+00:00,seed (simulated history - replace with Keepa API)
B0D7L2G9X9,Apple AirPods 4 with ANC,2026-02-28T17:14:40.506356+00:00,157.44,amazon,2026-05-17T17:14:40.560361+00:00,seed (simulated history - replace with Keepa API)
B0D7L2G9X9,Apple AirPods 4 with ANC,2026-03-01T17:14:40.506356+00:00,183.21,amazon,2026-05-17T17:14:40.560383+00:00,seed (simulated history - replace with Keepa API)
B0D7L2G9X9,Apple AirPods 4 with ANC,2026-03-02T17:14:40.506356+00:00,189.84,amazon,2026-05-17T17:14:40.560402+00:00,seed (simulated history - replace with Keepa API)
B0D7L2G9X9,Apple AirPods 4 with ANC,2026-03-03T17:14:40.506356+00:00,180.16,amazon,2026-05-17T17:14:40.560423+00:00,seed (simulated history - replace with Keepa API)
B0D7L2G9X9,Apple AirPods 4 with ANC,2026-03-04T17:14:40.506356+00:00,179.65,amazon,2026-05-17T17:14:40.560443+00:00,seed (simulated history - replace with Keepa API)
B0D7L2G9X9,Apple AirPods 4 with ANC,2026-03-05T17:14:40.506356+00:00,187.31,amazon,2026-05-17T17:14:40.560465+00:00,seed (simulated history - replace with Keepa API)
B0D7L2G9X9,Apple AirPods 4 with ANC,2026-03-06T17:14:40.506356+00:00,177.72,amazon,2026-05-17T17:14:40.560494+00:00,seed (simulated history - replace with Keepa API)
B0D7L2G9X9,Apple AirPods 4 with ANC,2026-03-07T17:14:40.506356+00:00,151.63,amazon,2026-05-17T17:14:40.560524+00:00,seed (simulated history - replace with Keepa API)
B0D7L2G9X9,Apple AirPods 4 with ANC,2026-03-08T17:14:40.506356+00:00,179.55,amazon,2026-05-17T17:14:40.560586+00:00,seed (simulated history - replace with Keepa API)
B0D7L2G9X9,Apple AirPods 4 with ANC,2026-03-09T17:14:40.506356+00:00,187.32,amazon,2026-05-17T17:14:40.560612+00:00,seed (simulated history - replace with Keepa API)
B0D7L2G9X9,Apple AirPods 4 with ANC,2026-03-10T17:14:40.506356+00:00,179.88,amazon,2026-05-17T17:14:40.560629+00:00,seed (simulated history - replace with Keepa API)
B0D7L2G9X9,Apple AirPods 4 with ANC,2026-03-11T17:14:40.506356+00:00,129.2,amazon,2026-05-17T17:14:40.560662+00:00,seed (simulated history - replace with Keepa API)
B0D7L2G9X9,Apple AirPods 4 with ANC,2026-03-12T17:14:40.506356+00:00,182.6,amazon,2026-05-17T17:14:40.560682+00:00,seed (simulated history - replace with Keepa API)
B0D7L2G9X9,Apple AirPods 4 with ANC,2026-03-13T17:14:40.506356+00:00,182.64,amazon,2026-05-17T17:14:40.560703+00:00,seed (simulated history - replace with Keepa API)
B0D7L2G9X9,Apple AirPods 4 with ANC,2026-03-14T17:14:40.506356+00:00,176.87,amazon,2026-05-17T17:14:40.560732+00:00,seed (simulated history - replace with Keepa API)
B0D7L2G9X9,Apple AirPods 4 with ANC,2026-03-15T17:14:40.506356+00:00,178.04,amazon,2026-05-17T17:14:40.560808+00:00,seed (simulated history - replace with Keepa API)
B0D7L2G9X9,Apple AirPods 4 with ANC,2026-03-16T17:14:40.506356+00:00,187.98,amazon,2026-05-17T17:14:40.560839+00:00,seed (simulated history - replace with Keepa API)
B0D7L2G9X9,Apple AirPods 4 with ANC,2026-03-17T17:14:40.506356+00:00,178.42,amazon,2026-05-17T17:14:40.560859+00:00,seed (simulated history - replace with Keepa API)
B0D7L2G9X9,Apple AirPods 4 with ANC,2026-03-18T17:14:40.506356+00:00,181.88,amazon,2026-05-17T17:14:40.560887+00:00,seed (simulated history - replace with Keepa API)
B0D7L2G9X9,Apple AirPods 4 with ANC,2026-03-19T17:14:40.506356+00:00,179.28,amazon,2026-05-17T17:14:40.560904+00:00,seed (simulated history - replace with Keepa API)
B0D7L2G9X9,Apple AirPods 4 with ANC,2026-03-20T17:14:40.506356+00:00,175.44,amazon,2026-05-17T17:14:40.560923+00:00,seed (simulated history - replace with Keepa API)
B0D7L2G9X9,Apple AirPods 4 with ANC,2026-03-21T17:14:40.506356+00:00,175.79,amazon,2026-05-17T17:14:40.560943+00:00,seed (simulated history - replace with Keepa API)
B0D7L2G9X9,Apple AirPods 4 with ANC,2026-03-22T17:14:40.506356+00:00,181.11,amazon,2026-05-17T17:14:40.560964+00:00,seed (simulated history - replace with Keepa API)
B0D7L2G9X9,Apple AirPods 4 with ANC,2026-03-23T17:14:40.506356+00:00,186.59,amazon,2026-05-17T17:14:40.560991+00:00,seed (simulated history - replace with Keepa API)
B0D7L2G9X9,Apple AirPods 4 with ANC,2026-03-24T17:14:40.506356+00:00,172.03,amazon,2026-05-17T17:14:40.561042+00:00,seed (simulated history - replace with Keepa API)
B0D7L2G9X9,Apple AirPods 4 with ANC,2026-03-25T17:14:40.506356+00:00,187.47,amazon,2026-05-17T17:14:40.561063+00:00,seed (simulated history - replace with Keepa API)
B0D7L2G9X9,Apple AirPods 4 with ANC,2026-03-26T17:14:40.506356+00:00,182.43,amazon,2026-05-17T17:14:40.561084+00:00,seed (simulated history - replace with Keepa API)
B0D7L2G9X9,Apple AirPods 4 with ANC,2026-03-27T17:14:40.506356+00:00,177.73,amazon,2026-05-17T17:14:40.561104+00:00,seed (simulated history - replace with Keepa API)
B0D7L2G9X9,Apple AirPods 4 with ANC,2026-03-28T17:14:40.506356+00:00,180.77,amazon,2026-05-17T17:14:40.561125+00:00,seed (simulated history - replace with Keepa API)
B0D7L2G9X9,Apple AirPods 4 with ANC,2026-03-29T17:14:40.506356+00:00,182.33,amazon,2026-05-17T17:14:40.561143+00:00,seed (simulated history - replace with Keepa API)
B0D7L2G9X9,Apple AirPods 4 with ANC,2026-03-30T17:14:40.506356+00:00,173.15,amazon,2026-05-17T17:14:40.561163+00:00,seed (simulated history - replace with Keepa API)
B0D7L2G9X9,Apple AirPods 4 with ANC,2026-03-31T17:14:40.506356+00:00,178.16,amazon,2026-05-17T17:14:40.561183+00:00,seed (simulated history - replace with Keepa API)
B0D7L2G9X9,Apple AirPods 4 with ANC,2026-04-01T17:14:40.506356+00:00,179.02,amazon,2026-05-17T17:14:40.561203+00:00,seed (simulated history - replace with Keepa API)
B0D7L2G9X9,Apple AirPods 4 with ANC,2026-04-02T17:14:40.506356+00:00,170.27,amazon,2026-05-17T17:14:40.561223+00:00,seed (simulated history - replace with Keepa API)
B0D7L2G9X9,Apple AirPods 4 with ANC,2026-04-03T17:14:40.506356+00:00,183.52,amazon,2026-05-17T17:14:40.561241+00:00,seed (simulated history - replace with Keepa API)
B0D7L2G9X9,Apple AirPods 4 with ANC,2026-04-04T17:14:40.506356+00:00,175.68,amazon,2026-05-17T17:14:40.561263+00:00,seed (simulated history - replace with Keepa API)
B0D7L2G9X9,Apple AirPods 4 with ANC,2026-04-05T17:14:40.506356+00:00,175.97,amazon,2026-05-17T17:14:40.561283+00:00,seed (simulated history - replace with Keepa API)
B0D7L2G9X9,Apple AirPods 4 with ANC,2026-04-06T17:14:40.506356+00:00,178.55,amazon,2026-05-17T17:14:40.561311+00:00,seed (simulated history - replace with Keepa API)
B0D7L2G9X9,Apple AirPods 4 with ANC,2026-04-07T17:14:40.506356+00:00,181.41,amazon,2026-05-17T17:14:40.561331+00:00,seed (simulated history - replace with Keepa API)
B0D7L2G9X9,Apple AirPods 4 with ANC,2026-04-08T17:14:40.506356+00:00,180.99,amazon,2026-05-17T17:14:40.561353+00:00,seed (simulated history - replace with Keepa API)
B0D7L2G9X9,Apple AirPods 4 with ANC,2026-04-09T17:14:40.506356+00:00,179.26,amazon,2026-05-17T17:14:40.561374+00:00,seed (simulated history - replace with Keepa API)
B0D7L2G9X9,Apple AirPods 4 with ANC,2026-04-10T17:14:40.506356+00:00,180.78,amazon,2026-05-17T17:14:40.561394+00:00,seed (simulated history - replace with Keepa API)
B0D7L2G9X9,Apple AirPods 4 with ANC,2026-04-11T17:14:40.506356+00:00,175.15,amazon,2026-05-17T17:14:40.561415+00:00,seed (simulated history - replace with Keepa API)
B0D7L2G9X9,Apple AirPods 4 with ANC,2026-04-12T17:14:40.506356+00:00,179.84,amazon,2026-05-17T17:14:40.561435+00:00,seed (simulated history - replace with Keepa API)
B0D7L2G9X9,Apple AirPods 4 with ANC,2026-04-13T17:14:40.506356+00:00,181.95,amazon,2026-05-17T17:14:40.561453+00:00,seed (simulated history - replace with Keepa API)
B0D7L2G9X9,Apple AirPods 4 with ANC,2026-04-14T17:14:40.506356+00:00,175.88,amazon,2026-05-17T17:14:40.561473+00:00,seed (simulated history - replace with Keepa API)
B0D7L2G9X9,Apple AirPods 4 with ANC,2026-04-15T17:14:40.506356+00:00,179.14,amazon,2026-05-17T17:14:40.561498+00:00,seed (simulated history - replace with Keepa API)
B0D7L2G9X9,Apple AirPods 4 with ANC,2026-04-16T17:14:40.506356+00:00,182.07,amazon,2026-05-17T17:14:40.561526+00:00,seed (simulated history - replace with Keepa API)
B0D7L2G9X9,Apple AirPods 4 with ANC,2026-04-17T17:14:40.506356+00:00,178.54,amazon,2026-05-17T17:14:40.561566+00:00,seed (simulated history - replace with Keepa API)
B0D7L2G9X9,Apple AirPods 4 with ANC,2026-04-18T17:14:40.506356+00:00,172.32,amazon,2026-05-17T17:14:40.561583+00:00,seed (simulated history - replace with Keepa API)
B0D7L2G9X9,Apple AirPods 4 with ANC,2026-04-19T17:14:40.506356+00:00,186.48,amazon,2026-05-17T17:14:40.561599+00:00,seed (simulated history - replace with Keepa API)
B0D7L2G9X9,Apple AirPods 4 with ANC,2026-04-20T17:14:40.506356+00:00,185.31,amazon,2026-05-17T17:14:40.561615+00:00,seed (simulated history - replace with Keepa API)
B0D7L2G9X9,Apple AirPods 4 with ANC,2026-04-21T17:14:40.506356+00:00,160.74,amazon,2026-05-17T17:14:40.561648+00:00,seed (simulated history - replace with Keepa API)
B0D7L2G9X9,Apple AirPods 4 with ANC,2026-04-22T17:14:40.506356+00:00,187.39,amazon,2026-05-17T17:14:40.561665+00:00,seed (simulated history - replace with Keepa API)
B0D7L2G9X9,Apple AirPods 4 with ANC,2026-04-23T17:14:40.506356+00:00,172.29,amazon,2026-05-17T17:14:40.561682+00:00,seed (simulated history - replace with Keepa API)
B0D7L2G9X9,Apple AirPods 4 with ANC,2026-04-24T17:14:40.506356+00:00,182.25,amazon,2026-05-17T17:14:40.561700+00:00,seed (simulated history - replace with Keepa API)
B0D7L2G9X9,Apple AirPods 4 with ANC,2026-04-25T17:14:40.506356+00:00,176.48,amazon,2026-05-17T17:14:40.561717+00:00,seed (simulated history - replace with Keepa API)
B0D7L2G9X9,Apple AirPods 4 with ANC,2026-04-26T17:14:40.506356+00:00,145.31,amazon,2026-05-17T17:14:40.561744+00:00,seed (simulated history - replace with Keepa API)
B0D7L2G9X9,Apple AirPods 4 with ANC,2026-04-27T17:14:40.506356+00:00,174.72,amazon,2026-05-17T17:14:40.561764+00:00,seed (simulated history - replace with Keepa API)
B0D7L2G9X9,Apple AirPods 4 with ANC,2026-04-28T17:14:40.506356+00:00,180.82,amazon,2026-05-17T17:14:40.561780+00:00,seed (simulated history - replace with Keepa API)
B0D7L2G9X9,Apple AirPods 4 with ANC,2026-04-29T17:14:40.506356+00:00,171.78,amazon,2026-05-17T17:14:40.561796+00:00,seed (simulated history - replace with Keepa API)
B0D7L2G9X9,Apple AirPods 4 with ANC,2026-04-30T17:14:40.506356+00:00,170.39,amazon,2026-05-17T17:14:40.561812+00:00,seed (simulated history - replace with Keepa API)
B0D7L2G9X9,Apple AirPods 4 with ANC,2026-05-01T17:14:40.506356+00:00,179.54,amazon,2026-05-17T17:14:40.561828+00:00,seed (simulated history - replace with Keepa API)
B0D7L2G9X9,Apple AirPods 4 with ANC,2026-05-02T17:14:40.506356+00:00,182.16,amazon,2026-05-17T17:14:40.561908+00:00,seed (simulated history - replace with Keepa API)
B0D7L2G9X9,Apple AirPods 4 with ANC,2026-05-03T17:14:40.506356+00:00,181.18,amazon,2026-05-17T17:14:40.561949+00:00,seed (simulated history - replace with Keepa API)
B0D7L2G9X9,Apple AirPods 4 with ANC,2026-05-04T17:14:40.506356+00:00,170.52,amazon,2026-05-17T17:14:40.561975+00:00,seed (simulated history - replace with Keepa API)
B0D7L2G9X9,Apple AirPods 4 with ANC,2026-05-05T17:14:40.506356+00:00,175.19,amazon,2026-05-17T17:14:40.562002+00:00,seed (simulated history - replace with Keepa API)
B0D7L2G9X9,Apple AirPods 4 with ANC,2026-05-06T17:14:40.506356+00:00,175.79,amazon,2026-05-17T17:14:40.562033+00:00,seed (simulated history - replace with Keepa API)
B0D7L2G9X9,Apple AirPods 4 with ANC,2026-05-07T17:14:40.506356+00:00,151.61,amazon,2026-05-17T17:14:40.562072+00:00,seed (simulated history - replace with Keepa API)
B0D7L2G9X9,Apple AirPods 4 with ANC,2026-05-08T17:14:40.506356+00:00,179.17,amazon,2026-05-17T17:14:40.562090+00:00,seed (simulated history - replace with Keepa API)
B0D7L2G9X9,Apple AirPods 4 with ANC,2026-05-09T17:14:40.506356+00:00,176.81,amazon,2026-05-17T17:14:40.562110+00:00,seed (simulated history - replace with Keepa API)
B0D7L2G9X9,Apple AirPods 4 with ANC,2026-05-10T17:14:40.506356+00:00,182.69,amazon,2026-05-17T17:14:40.562129+00:00,seed (simulated history - replace with Keepa API)
B0D7L2G9X9,Apple AirPods 4 with ANC,2026-05-11T17:14:40.506356+00:00,189.61,amazon,2026-05-17T17:14:40.562146+00:00,seed (simulated history - replace with Keepa API)
B0D7L2G9X9,Apple AirPods 4 with ANC,2026-05-12T17:14:40.506356+00:00,170.6,amazon,2026-05-17T17:14:40.562165+00:00,seed (simulated history - replace with Keepa API)
B0D7L2G9X9,Apple AirPods 4 with ANC,2026-05-13T17:14:40.506356+00:00,174.17,amazon,2026-05-17T17:14:40.562184+00:00,seed (simulated history - replace with Keepa API)
B0D7L2G9X9,Apple AirPods 4 with ANC,2026-05-14T17:14:40.506356+00:00,171.86,amazon,2026-05-17T17:14:40.562205+00:00,seed (simulated history - replace with Keepa API)
B0D7L2G9X9,Apple AirPods 4 with ANC,2026-05-15T17:14:40.506356+00:00,177.98,amazon,2026-05-17T17:14:40.562236+00:00,seed (simulated history - replace with Keepa API)
B0D7L2G9X9,Apple AirPods 4 with ANC,2026-05-16T17:14:40.506356+00:00,183.95,amazon,2026-05-17T17:14:40.562257+00:00,seed (simulated history - replace with Keepa API)
B0D7L2G9X9,Apple AirPods 4 with ANC,2026-05-17T17:14:40.506356+00:00,171.21,amazon,2026-05-17T17:14:40.562279+00:00,seed (simulated history - replace with Keepa API)
B0CHX1W1XY,Apple AirPods Pro 2,2025-11-18T17:14:40.506356+00:00,248.91,amazon,2026-05-17T17:14:40.563663+00:00,seed (simulated history - replace with Keepa API)
B0CHX1W1XY,Apple AirPods Pro 2,2025-11-19T17:14:40.506356+00:00,255.63,amazon,2026-05-17T17:14:40.563700+00:00,seed (simulated history - replace with Keepa API)
B0CHX1W1XY,Apple AirPods Pro 2,2025-11-20T17:14:40.506356+00:00,183.61,amazon,2026-05-17T17:14:40.563725+00:00,seed (simulated history - replace with Keepa API)
B0CHX1W1XY,Apple AirPods Pro 2,2025-11-21T17:14:40.506356+00:00,186.83,amazon,2026-05-17T17:14:40.563747+00:00,seed (simulated history - replace with Keepa API)
B0CHX1W1XY,Apple AirPods Pro 2,2025-11-22T17:14:40.506356+00:00,192.05,amazon,2026-05-17T17:14:40.563768+00:00,seed (simulated history - replace with Keepa API)
B0CHX1W1XY,Apple AirPods Pro 2,2025-11-23T17:14:40.506356+00:00,196.2,amazon,2026-05-17T17:14:40.563790+00:00,seed (simulated history - replace with Keepa API)
B0CHX1W1XY,Apple AirPods Pro 2,2025-11-24T17:14:40.506356+00:00,184.0,amazon,2026-05-17T17:14:40.563811+00:00,seed (simulated history - replace with Keepa API)
B0CHX1W1XY,Apple AirPods Pro 2,2025-11-25T17:14:40.506356+00:00,183.18,amazon,2026-05-17T17:14:40.563833+00:00,seed (simulated history - replace with Keepa API)
B0CHX1W1XY,Apple AirPods Pro 2,2025-11-26T17:14:40.506356+00:00,193.9,amazon,2026-05-17T17:14:40.563855+00:00,seed (simulated history - replace with Keepa API)
B0CHX1W1XY,Apple AirPods Pro 2,2025-11-27T17:14:40.506356+00:00,194.5,amazon,2026-05-17T17:14:40.563876+00:00,seed (simulated history - replace with Keepa API)
B0CHX1W1XY,Apple AirPods Pro 2,2025-11-28T17:14:40.506356+00:00,192.28,amazon,2026-05-17T17:14:40.563895+00:00,seed (simulated history - replace with Keepa API)
B0CHX1W1XY,Apple AirPods Pro 2,2025-11-29T17:14:40.506356+00:00,179.64,amazon,2026-05-17T17:14:40.563930+00:00,seed (simulated history - replace with Keepa API)
B0CHX1W1XY,Apple AirPods Pro 2,2025-11-30T17:14:40.506356+00:00,189.91,amazon,2026-05-17T17:14:40.563951+00:00,seed (simulated history - replace with Keepa API)
B0CHX1W1XY,Apple AirPods Pro 2,2025-12-01T17:14:40.506356+00:00,249.82,amazon,2026-05-17T17:14:40.563974+00:00,seed (simulated history - replace with Keepa API)
B0CHX1W1XY,Apple AirPods Pro 2,2025-12-02T17:14:40.506356+00:00,256.86,amazon,2026-05-17T17:14:40.564018+00:00,seed (simulated history - replace with Keepa API)
B0CHX1W1XY,Apple AirPods Pro 2,2025-12-03T17:14:40.506356+00:00,254.16,amazon,2026-05-17T17:14:40.564053+00:00,seed (simulated history - replace with Keepa API)
B0CHX1W1XY,Apple AirPods Pro 2,2025-12-04T17:14:40.506356+00:00,229.89,amazon,2026-05-17T17:14:40.564136+00:00,seed (simulated history - replace with Keepa API)
B0CHX1W1XY,Apple AirPods Pro 2,2025-12-05T17:14:40.506356+00:00,243.54,amazon,2026-05-17T17:14:40.564183+00:00,seed (simulated history - replace with Keepa API)
B0CHX1W1XY,Apple AirPods Pro 2,2025-12-06T17:14:40.506356+00:00,241.36,amazon,2026-05-17T17:14:40.564208+00:00,seed (simulated history - replace with Keepa API)
B0CHX1W1XY,Apple AirPods Pro 2,2025-12-07T17:14:40.506356+00:00,258.09,amazon,2026-05-17T17:14:40.564231+00:00,seed (simulated history - replace with Keepa API)
B0CHX1W1XY,Apple AirPods Pro 2,2025-12-08T17:14:40.506356+00:00,255.13,amazon,2026-05-17T17:14:40.564253+00:00,seed (simulated history - replace with Keepa API)
B0CHX1W1XY,Apple AirPods Pro 2,2025-12-09T17:14:40.506356+00:00,241.06,amazon,2026-05-17T17:14:40.564275+00:00,seed (simulated history - replace with Keepa API)
B0CHX1W1XY,Apple AirPods Pro 2,2025-12-10T17:14:40.506356+00:00,240.05,amazon,2026-05-17T17:14:40.564297+00:00,seed (simulated history - replace with Keepa API)
B0CHX1W1XY,Apple AirPods Pro 2,2025-12-11T17:14:40.506356+00:00,245.56,amazon,2026-05-17T17:14:40.564320+00:00,seed (simulated history - replace with Keepa API)
B0CHX1W1XY,Apple AirPods Pro 2,2025-12-12T17:14:40.506356+00:00,240.52,amazon,2026-05-17T17:14:40.564342+00:00,seed (simulated history - replace with Keepa API)
B0CHX1W1XY,Apple AirPods Pro 2,2025-12-13T17:14:40.506356+00:00,259.9,amazon,2026-05-17T17:14:40.564363+00:00,seed (simulated history - replace with Keepa API)
B0CHX1W1XY,Apple AirPods Pro 2,2025-12-14T17:14:40.506356+00:00,236.15,amazon,2026-05-17T17:14:40.564385+00:00,seed (simulated history - replace with Keepa API)
B0CHX1W1XY,Apple AirPods Pro 2,2025-12-15T17:14:40.506356+00:00,262.46,amazon,2026-05-17T17:14:40.564406+00:00,seed (simulated history - replace with Keepa API)
B0CHX1W1XY,Apple AirPods Pro 2,2025-12-16T17:14:40.506356+00:00,251.86,amazon,2026-05-17T17:14:40.564426+00:00,seed (simulated history - replace with Keepa API)
B0CHX1W1XY,Apple AirPods Pro 2,2025-12-17T17:14:40.506356+00:00,215.13,amazon,2026-05-17T17:14:40.564470+00:00,seed (simulated history - replace with Keepa API)
B0CHX1W1XY,Apple AirPods Pro 2,2025-12-18T17:14:40.506356+00:00,249.79,amazon,2026-05-17T17:14:40.564503+00:00,seed (simulated history - replace with Keepa API)
B0CHX1W1XY,Apple AirPods Pro 2,2025-12-19T17:14:40.506356+00:00,256.86,amazon,2026-05-17T17:14:40.564525+00:00,seed (simulated history - replace with Keepa API)
B0CHX1W1XY,Apple AirPods Pro 2,2025-12-20T17:14:40.506356+00:00,241.54,amazon,2026-05-17T17:14:40.564573+00:00,seed (simulated history - replace with Keepa API)
B0CHX1W1XY,Apple AirPods Pro 2,2025-12-21T17:14:40.506356+00:00,263.91,amazon,2026-05-17T17:14:40.564607+00:00,seed (simulated history - replace with Keepa API)
B0CHX1W1XY,Apple AirPods Pro 2,2025-12-22T17:14:40.506356+00:00,272.23,amazon,2026-05-17T17:14:40.564629+00:00,seed (simulated history - replace with Keepa API)
B0CHX1W1XY,Apple AirPods Pro 2,2025-12-23T17:14:40.506356+00:00,252.99,amazon,2026-05-17T17:14:40.564647+00:00,seed (simulated history - replace with Keepa API)
B0CHX1W1XY,Apple AirPods Pro 2,2025-12-24T17:14:40.506356+00:00,255.63,amazon,2026-05-17T17:14:40.564665+00:00,seed (simulated history - replace with Keepa API)
B0CHX1W1XY,Apple AirPods Pro 2,2025-12-25T17:14:40.506356+00:00,250.72,amazon,2026-05-17T17:14:40.564686+00:00,seed (simulated history - replace with Keepa API)
B0CHX1W1XY,Apple AirPods Pro 2,2025-12-26T17:14:40.506356+00:00,252.72,amazon,2026-05-17T17:14:40.564704+00:00,seed (simulated history - replace with Keepa API)
B0CHX1W1XY,Apple AirPods Pro 2,2025-12-27T17:14:40.506356+00:00,255.27,amazon,2026-05-17T17:14:40.564723+00:00,seed (simulated history - replace with Keepa API)
B0CHX1W1XY,Apple AirPods Pro 2,2025-12-28T17:14:40.506356+00:00,244.39,amazon,2026-05-17T17:14:40.564741+00:00,seed (simulated history - replace with Keepa API)
B0CHX1W1XY,Apple AirPods Pro 2,2025-12-29T17:14:40.506356+00:00,252.28,amazon,2026-05-17T17:14:40.564758+00:00,seed (simulated history - replace with Keepa API)
B0CHX1W1XY,Apple AirPods Pro 2,2025-12-30T17:14:40.506356+00:00,254.82,amazon,2026-05-17T17:14:40.564774+00:00,seed (simulated history - replace with Keepa API)
B0CHX1W1XY,Apple AirPods Pro 2,2025-12-31T17:14:40.506356+00:00,248.96,amazon,2026-05-17T17:14:40.564790+00:00,seed (simulated history - replace with Keepa API)
B0CHX1W1XY,Apple AirPods Pro 2,2026-01-01T17:14:40.506356+00:00,254.0,amazon,2026-05-17T17:14:40.564808+00:00,seed (simulated history - replace with Keepa API)
B0CHX1W1XY,Apple AirPods Pro 2,2026-01-02T17:14:40.506356+00:00,254.2,amazon,2026-05-17T17:14:40.564828+00:00,seed (simulated history - replace with Keepa API)
B0CHX1W1XY,Apple AirPods Pro 2,2026-01-03T17:14:40.506356+00:00,188.66,amazon,2026-05-17T17:14:40.564872+00:00,seed (simulated history - replace with Keepa API)
B0CHX1W1XY,Apple AirPods Pro 2,2026-01-04T17:14:40.506356+00:00,248.55,amazon,2026-05-17T17:14:40.564890+00:00,seed (simulated history - replace with Keepa API)
B0CHX1W1XY,Apple AirPods Pro 2,2026-01-05T17:14:40.506356+00:00,252.4,amazon,2026-05-17T17:14:40.564907+00:00,seed (simulated history - replace with Keepa API)
B0CHX1W1XY,Apple AirPods Pro 2,2026-01-06T17:14:40.506356+00:00,250.44,amazon,2026-05-17T17:14:40.564927+00:00,seed (simulated history - replace with Keepa API)
B0CHX1W1XY,Apple AirPods Pro 2,2026-01-07T17:14:40.506356+00:00,258.86,amazon,2026-05-17T17:14:40.564947+00:00,seed (simulated history - replace with Keepa API)
B0CHX1W1XY,Apple AirPods Pro 2,2026-01-08T17:14:40.506356+00:00,262.59,amazon,2026-05-17T17:14:40.564967+00:00,seed (simulated history - replace with Keepa API)
B0CHX1W1XY,Apple AirPods Pro 2,2026-01-09T17:14:40.506356+00:00,249.3,amazon,2026-05-17T17:14:40.564995+00:00,seed (simulated history - replace with Keepa API)
B0CHX1W1XY,Apple AirPods Pro 2,2026-01-10T17:14:40.506356+00:00,250.82,amazon,2026-05-17T17:14:40.565028+00:00,seed (simulated history - replace with Keepa API)
B0CHX1W1XY,Apple AirPods Pro 2,2026-01-11T17:14:40.506356+00:00,259.36,amazon,2026-05-17T17:14:40.565111+00:00,seed (simulated history - replace with Keepa API)
B0CHX1W1XY,Apple AirPods Pro 2,2026-01-12T17:14:40.506356+00:00,240.65,amazon,2026-05-17T17:14:40.565133+00:00,seed (simulated history - replace with Keepa API)
B0CHX1W1XY,Apple AirPods Pro 2,2026-01-13T17:14:40.506356+00:00,241.44,amazon,2026-05-17T17:14:40.565154+00:00,seed (simulated history - replace with Keepa API)
B0CHX1W1XY,Apple AirPods Pro 2,2026-01-14T17:14:40.506356+00:00,244.15,amazon,2026-05-17T17:14:40.565205+00:00,seed (simulated history - replace with Keepa API)
B0CHX1W1XY,Apple AirPods Pro 2,2026-01-15T17:14:40.506356+00:00,254.77,amazon,2026-05-17T17:14:40.565230+00:00,seed (simulated history - replace with Keepa API)
B0CHX1W1XY,Apple AirPods Pro 2,2026-01-16T17:14:40.506356+00:00,249.52,amazon,2026-05-17T17:14:40.565251+00:00,seed (simulated history - replace with Keepa API)
B0CHX1W1XY,Apple AirPods Pro 2,2026-01-17T17:14:40.506356+00:00,244.22,amazon,2026-05-17T17:14:40.565272+00:00,seed (simulated history - replace with Keepa API)
B0CHX1W1XY,Apple AirPods Pro 2,2026-01-18T17:14:40.506356+00:00,258.34,amazon,2026-05-17T17:14:40.565292+00:00,seed (simulated history - replace with Keepa API)
B0CHX1W1XY,Apple AirPods Pro 2,2026-01-19T17:14:40.506356+00:00,237.68,amazon,2026-05-17T17:14:40.565316+00:00,seed (simulated history - replace with Keepa API)
B0CHX1W1XY,Apple AirPods Pro 2,2026-01-20T17:14:40.506356+00:00,243.88,amazon,2026-05-17T17:14:40.565338+00:00,seed (simulated history - replace with Keepa API)
B0CHX1W1XY,Apple AirPods Pro 2,2026-01-21T17:14:40.506356+00:00,247.87,amazon,2026-05-17T17:14:40.565358+00:00,seed (simulated history - replace with Keepa API)
B0CHX1W1XY,Apple AirPods Pro 2,2026-01-22T17:14:40.506356+00:00,262.55,amazon,2026-05-17T17:14:40.565378+00:00,seed (simulated history - replace with Keepa API)
B0CHX1W1XY,Apple AirPods Pro 2,2026-01-23T17:14:40.506356+00:00,244.09,amazon,2026-05-17T17:14:40.565397+00:00,seed (simulated history - replace with Keepa API)
B0CHX1W1XY,Apple AirPods Pro 2,2026-01-24T17:14:40.506356+00:00,253.04,amazon,2026-05-17T17:14:40.565417+00:00,seed (simulated history - replace with Keepa API)
B0CHX1W1XY,Apple AirPods Pro 2,2026-01-25T17:14:40.506356+00:00,247.85,amazon,2026-05-17T17:14:40.565435+00:00,seed (simulated history - replace with Keepa API)
B0CHX1W1XY,Apple AirPods Pro 2,2026-01-26T17:14:40.506356+00:00,240.14,amazon,2026-05-17T17:14:40.565456+00:00,seed (simulated history - replace with Keepa API)
B0CHX1W1XY,Apple AirPods Pro 2,2026-01-27T17:14:40.506356+00:00,252.89,amazon,2026-05-17T17:14:40.565476+00:00,seed (simulated history - replace with Keepa API)
B0CHX1W1XY,Apple AirPods Pro 2,2026-01-28T17:14:40.506356+00:00,246.8,amazon,2026-05-17T17:14:40.565502+00:00,seed (simulated history - replace with Keepa API)
B0CHX1W1XY,Apple AirPods Pro 2,2026-01-29T17:14:40.506356+00:00,245.06,amazon,2026-05-17T17:14:40.565521+00:00,seed (simulated history - replace with Keepa API)
B0CHX1W1XY,Apple AirPods Pro 2,2026-01-30T17:14:40.506356+00:00,239.08,amazon,2026-05-17T17:14:40.565567+00:00,seed (simulated history - replace with Keepa API)
B0CHX1W1XY,Apple AirPods Pro 2,2026-01-31T17:14:40.506356+00:00,249.58,amazon,2026-05-17T17:14:40.565589+00:00,seed (simulated history - replace with Keepa API)
B0CHX1W1XY,Apple AirPods Pro 2,2026-02-01T17:14:40.506356+00:00,260.31,amazon,2026-05-17T17:14:40.565609+00:00,seed (simulated history - replace with Keepa API)
B0CHX1W1XY,Apple AirPods Pro 2,2026-02-02T17:14:40.506356+00:00,244.42,amazon,2026-05-17T17:14:40.565629+00:00,seed (simulated history - replace with Keepa API)
B0CHX1W1XY,Apple AirPods Pro 2,2026-02-03T17:14:40.506356+00:00,240.72,amazon,2026-05-17T17:14:40.565648+00:00,seed (simulated history - replace with Keepa API)
B0CHX1W1XY,Apple AirPods Pro 2,2026-02-04T17:14:40.506356+00:00,236.59,amazon,2026-05-17T17:14:40.565668+00:00,seed (simulated history - replace with Keepa API)
B0CHX1W1XY,Apple AirPods Pro 2,2026-02-05T17:14:40.506356+00:00,235.95,amazon,2026-05-17T17:14:40.565688+00:00,seed (simulated history - replace with Keepa API)
B0CHX1W1XY,Apple AirPods Pro 2,2026-02-06T17:14:40.506356+00:00,248.04,amazon,2026-05-17T17:14:40.565708+00:00,seed (simulated history - replace with Keepa API)
B0CHX1W1XY,Apple AirPods Pro 2,2026-02-07T17:14:40.506356+00:00,249.65,amazon,2026-05-17T17:14:40.565728+00:00,seed (simulated history - replace with Keepa API)
B0CHX1W1XY,Apple AirPods Pro 2,2026-02-08T17:14:40.506356+00:00,251.96,amazon,2026-05-17T17:14:40.565746+00:00,seed (simulated history - replace with Keepa API)
B0CHX1W1XY,Apple AirPods Pro 2,2026-02-09T17:14:40.506356+00:00,248.38,amazon,2026-05-17T17:14:40.565766+00:00,seed (simulated history - replace with Keepa API)
B0CHX1W1XY,Apple AirPods Pro 2,2026-02-10T17:14:40.506356+00:00,250.39,amazon,2026-05-17T17:14:40.565786+00:00,seed (simulated history - replace with Keepa API)
B0CHX1W1XY,Apple AirPods Pro 2,2026-02-11T17:14:40.506356+00:00,260.19,amazon,2026-05-17T17:14:40.565806+00:00,seed (simulated history - replace with Keepa API)
B0CHX1W1XY,Apple AirPods Pro 2,2026-02-12T17:14:40.506356+00:00,185.36,amazon,2026-05-17T17:14:40.565845+00:00,seed (simulated history - replace with Keepa API)
B0CHX1W1XY,Apple AirPods Pro 2,2026-02-13T17:14:40.506356+00:00,255.06,amazon,2026-05-17T17:14:40.565866+00:00,seed (simulated history - replace with Keepa API)
B0CHX1W1XY,Apple AirPods Pro 2,2026-02-14T17:14:40.506356+00:00,240.42,amazon,2026-05-17T17:14:40.565891+00:00,seed (simulated history - replace with Keepa API)
B0CHX1W1XY,Apple AirPods Pro 2,2026-02-15T17:14:40.506356+00:00,240.61,amazon,2026-05-17T17:14:40.565913+00:00,seed (simulated history - replace with Keepa API)
B0CHX1W1XY,Apple AirPods Pro 2,2026-02-16T17:14:40.506356+00:00,242.15,amazon,2026-05-17T17:14:40.565933+00:00,seed (simulated history - replace with Keepa API)
B0CHX1W1XY,Apple AirPods Pro 2,2026-02-17T17:14:40.506356+00:00,253.12,amazon,2026-05-17T17:14:40.565951+00:00,seed (simulated history - replace with Keepa API)
B0CHX1W1XY,Apple AirPods Pro 2,2026-02-18T17:14:40.506356+00:00,251.54,amazon,2026-05-17T17:14:40.565971+00:00,seed (simulated history - replace with Keepa API)
B0CHX1W1XY,Apple AirPods Pro 2,2026-02-19T17:14:40.506356+00:00,256.82,amazon,2026-05-17T17:14:40.566001+00:00,seed (simulated history - replace with Keepa API)
B0CHX1W1XY,Apple AirPods Pro 2,2026-02-20T17:14:40.506356+00:00,203.81,amazon,2026-05-17T17:14:40.566046+00:00,seed (simulated history - replace with Keepa API)
B0CHX1W1XY,Apple AirPods Pro 2,2026-02-21T17:14:40.506356+00:00,246.56,amazon,2026-05-17T17:14:40.566065+00:00,seed (simulated history - replace with Keepa API)
B0CHX1W1XY,Apple AirPods Pro 2,2026-02-22T17:14:40.506356+00:00,236.87,amazon,2026-05-17T17:14:40.566086+00:00,seed (simulated history - replace with Keepa API)
B0CHX1W1XY,Apple AirPods Pro 2,2026-02-23T17:14:40.506356+00:00,246.12,amazon,2026-05-17T17:14:40.566110+00:00,seed (simulated history - replace with Keepa API)
B0CHX1W1XY,Apple AirPods Pro 2,2026-02-24T17:14:40.506356+00:00,252.14,amazon,2026-05-17T17:14:40.566130+00:00,seed (simulated history - replace with Keepa API)
B0CHX1W1XY,Apple AirPods Pro 2,2026-02-25T17:14:40.506356+00:00,242.54,amazon,2026-05-17T17:14:40.566150+00:00,seed (simulated history - replace with Keepa API)
B0CHX1W1XY,Apple AirPods Pro 2,2026-02-26T17:14:40.506356+00:00,247.95,amazon,2026-05-17T17:14:40.566167+00:00,seed (simulated history - replace with Keepa API)
B0CHX1W1XY,Apple AirPods Pro 2,2026-02-27T17:14:40.506356+00:00,237.01,amazon,2026-05-17T17:14:40.566187+00:00,seed (simulated history - replace with Keepa API)
B0CHX1W1XY,Apple AirPods Pro 2,2026-02-28T17:14:40.506356+00:00,245.72,amazon,2026-05-17T17:14:40.566207+00:00,seed (simulated history - replace with Keepa API)
B0CHX1W1XY,Apple AirPods Pro 2,2026-03-01T17:14:40.506356+00:00,249.12,amazon,2026-05-17T17:14:40.566227+00:00,seed (simulated history - replace with Keepa API)
B0CHX1W1XY,Apple AirPods Pro 2,2026-03-02T17:14:40.506356+00:00,248.35,amazon,2026-05-17T17:14:40.566291+00:00,seed (simulated history - replace with Keepa API)
B0CHX1W1XY,Apple AirPods Pro 2,2026-03-03T17:14:40.506356+00:00,255.03,amazon,2026-05-17T17:14:40.566318+00:00,seed (simulated history - replace with Keepa API)
B0CHX1W1XY,Apple AirPods Pro 2,2026-03-04T17:14:40.506356+00:00,241.73,amazon,2026-05-17T17:14:40.566338+00:00,seed (simulated history - replace with Keepa API)
B0CHX1W1XY,Apple AirPods Pro 2,2026-03-05T17:14:40.506356+00:00,214.41,amazon,2026-05-17T17:14:40.566367+00:00,seed (simulated history - replace with Keepa API)
B0CHX1W1XY,Apple AirPods Pro 2,2026-03-06T17:14:40.506356+00:00,253.24,amazon,2026-05-17T17:14:40.566387+00:00,seed (simulated history - replace with Keepa API)
B0CHX1W1XY,Apple AirPods Pro 2,2026-03-07T17:14:40.506356+00:00,242.16,amazon,2026-05-17T17:14:40.566408+00:00,seed (simulated history - replace with Keepa API)
B0CHX1W1XY,Apple AirPods Pro 2,2026-03-08T17:14:40.506356+00:00,242.79,amazon,2026-05-17T17:14:40.566428+00:00,seed (simulated history - replace with Keepa API)
B0CHX1W1XY,Apple AirPods Pro 2,2026-03-09T17:14:40.506356+00:00,254.09,amazon,2026-05-17T17:14:40.566448+00:00,seed (simulated history - replace with Keepa API)
B0CHX1W1XY,Apple AirPods Pro 2,2026-03-10T17:14:40.506356+00:00,260.11,amazon,2026-05-17T17:14:40.566472+00:00,seed (simulated history - replace with Keepa API)
B0CHX1W1XY,Apple AirPods Pro 2,2026-03-11T17:14:40.506356+00:00,252.73,amazon,2026-05-17T17:14:40.566503+00:00,seed (simulated history - replace with Keepa API)
B0CHX1W1XY,Apple AirPods Pro 2,2026-03-12T17:14:40.506356+00:00,252.53,amazon,2026-05-17T17:14:40.566524+00:00,seed (simulated history - replace with Keepa API)
B0CHX1W1XY,Apple AirPods Pro 2,2026-03-13T17:14:40.506356+00:00,252.6,amazon,2026-05-17T17:14:40.566563+00:00,seed (simulated history - replace with Keepa API)
B0CHX1W1XY,Apple AirPods Pro 2,2026-03-14T17:14:40.506356+00:00,239.75,amazon,2026-05-17T17:14:40.566584+00:00,seed (simulated history - replace with Keepa API)
B0CHX1W1XY,Apple AirPods Pro 2,2026-03-15T17:14:40.506356+00:00,243.3,amazon,2026-05-17T17:14:40.566602+00:00,seed (simulated history - replace with Keepa API)
B0CHX1W1XY,Apple AirPods Pro 2,2026-03-16T17:14:40.506356+00:00,249.28,amazon,2026-05-17T17:14:40.566622+00:00,seed (simulated history - replace with Keepa API)
B0CHX1W1XY,Apple AirPods Pro 2,2026-03-17T17:14:40.506356+00:00,257.02,amazon,2026-05-17T17:14:40.566642+00:00,seed (simulated history - replace with Keepa API)
B0CHX1W1XY,Apple AirPods Pro 2,2026-03-18T17:14:40.506356+00:00,266.66,amazon,2026-05-17T17:14:40.566661+00:00,seed (simulated history - replace with Keepa API)
B0CHX1W1XY,Apple AirPods Pro 2,2026-03-19T17:14:40.506356+00:00,251.27,amazon,2026-05-17T17:14:40.566681+00:00,seed (simulated history - replace with Keepa API)
B0CHX1W1XY,Apple AirPods Pro 2,2026-03-20T17:14:40.506356+00:00,254.39,amazon,2026-05-17T17:14:40.566699+00:00,seed (simulated history - replace with Keepa API)
B0CHX1W1XY,Apple AirPods Pro 2,2026-03-21T17:14:40.506356+00:00,239.0,amazon,2026-05-17T17:14:40.566719+00:00,seed (simulated history - replace with Keepa API)
B0CHX1W1XY,Apple AirPods Pro 2,2026-03-22T17:14:40.506356+00:00,254.18,amazon,2026-05-17T17:14:40.566739+00:00,seed (simulated history - replace with Keepa API)
B0CHX1W1XY,Apple AirPods Pro 2,2026-03-23T17:14:40.506356+00:00,263.88,amazon,2026-05-17T17:14:40.566759+00:00,seed (simulated history - replace with Keepa API)
B0CHX1W1XY,Apple AirPods Pro 2,2026-03-24T17:14:40.506356+00:00,243.27,amazon,2026-05-17T17:14:40.566778+00:00,seed (simulated history - replace with Keepa API)
B0CHX1W1XY,Apple AirPods Pro 2,2026-03-25T17:14:40.506356+00:00,244.89,amazon,2026-05-17T17:14:40.566797+00:00,seed (simulated history - replace with Keepa API)
B0CHX1W1XY,Apple AirPods Pro 2,2026-03-26T17:14:40.506356+00:00,215.53,amazon,2026-05-17T17:14:40.566825+00:00,seed (simulated history - replace with Keepa API)
B0CHX1W1XY,Apple AirPods Pro 2,2026-03-27T17:14:40.506356+00:00,243.84,amazon,2026-05-17T17:14:40.566845+00:00,seed (simulated history - replace with Keepa API)
B0CHX1W1XY,Apple AirPods Pro 2,2026-03-28T17:14:40.506356+00:00,249.03,amazon,2026-05-17T17:14:40.566865+00:00,seed (simulated history - replace with Keepa API)
B0CHX1W1XY,Apple AirPods Pro 2,2026-03-29T17:14:40.506356+00:00,250.88,amazon,2026-05-17T17:14:40.566884+00:00,seed (simulated history - replace with Keepa API)
B0CHX1W1XY,Apple AirPods Pro 2,2026-03-30T17:14:40.506356+00:00,246.19,amazon,2026-05-17T17:14:40.566911+00:00,seed (simulated history - replace with Keepa API)
B0CHX1W1XY,Apple AirPods Pro 2,2026-03-31T17:14:40.506356+00:00,243.78,amazon,2026-05-17T17:14:40.566931+00:00,seed (simulated history - replace with Keepa API)
B0CHX1W1XY,Apple AirPods Pro 2,2026-04-01T17:14:40.506356+00:00,245.32,amazon,2026-05-17T17:14:40.566951+00:00,seed (simulated history - replace with Keepa API)
B0CHX1W1XY,Apple AirPods Pro 2,2026-04-02T17:14:40.506356+00:00,253.05,amazon,2026-05-17T17:14:40.566970+00:00,seed (simulated history - replace with Keepa API)
B0CHX1W1XY,Apple AirPods Pro 2,2026-04-03T17:14:40.506356+00:00,241.24,amazon,2026-05-17T17:14:40.566995+00:00,seed (simulated history - replace with Keepa API)
B0CHX1W1XY,Apple AirPods Pro 2,2026-04-04T17:14:40.506356+00:00,243.81,amazon,2026-05-17T17:14:40.567023+00:00,seed (simulated history - replace with Keepa API)
B0CHX1W1XY,Apple AirPods Pro 2,2026-04-05T17:14:40.506356+00:00,251.46,amazon,2026-05-17T17:14:40.567038+00:00,seed (simulated history - replace with Keepa API)
B0CHX1W1XY,Apple AirPods Pro 2,2026-04-06T17:14:40.506356+00:00,249.74,amazon,2026-05-17T17:14:40.567064+00:00,seed (simulated history - replace with Keepa API)
B0CHX1W1XY,Apple AirPods Pro 2,2026-04-07T17:14:40.506356+00:00,236.6,amazon,2026-05-17T17:14:40.567085+00:00,seed (simulated history - replace with Keepa API)
B0CHX1W1XY,Apple AirPods Pro 2,2026-04-08T17:14:40.506356+00:00,256.84,amazon,2026-05-17T17:14:40.567104+00:00,seed (simulated history - replace with Keepa API)
B0CHX1W1XY,Apple AirPods Pro 2,2026-04-09T17:14:40.506356+00:00,245.51,amazon,2026-05-17T17:14:40.567124+00:00,seed (simulated history - replace with Keepa API)
B0CHX1W1XY,Apple AirPods Pro 2,2026-04-10T17:14:40.506356+00:00,240.44,amazon,2026-05-17T17:14:40.567144+00:00,seed (simulated history - replace with Keepa API)
B0CHX1W1XY,Apple AirPods Pro 2,2026-04-11T17:14:40.506356+00:00,238.82,amazon,2026-05-17T17:14:40.567161+00:00,seed (simulated history - replace with Keepa API)
B0CHX1W1XY,Apple AirPods Pro 2,2026-04-12T17:14:40.506356+00:00,256.95,amazon,2026-05-17T17:14:40.567181+00:00,seed (simulated history - replace with Keepa API)
B0CHX1W1XY,Apple AirPods Pro 2,2026-04-13T17:14:40.506356+00:00,233.01,amazon,2026-05-17T17:14:40.567201+00:00,seed (simulated history - replace with Keepa API)
B0CHX1W1XY,Apple AirPods Pro 2,2026-04-14T17:14:40.506356+00:00,252.12,amazon,2026-05-17T17:14:40.567221+00:00,seed (simulated history - replace with Keepa API)
B0CHX1W1XY,Apple AirPods Pro 2,2026-04-15T17:14:40.506356+00:00,255.33,amazon,2026-05-17T17:14:40.567241+00:00,seed (simulated history - replace with Keepa API)
B0CHX1W1XY,Apple AirPods Pro 2,2026-04-16T17:14:40.506356+00:00,246.09,amazon,2026-05-17T17:14:40.567259+00:00,seed (simulated history - replace with Keepa API)
B0CHX1W1XY,Apple AirPods Pro 2,2026-04-17T17:14:40.506356+00:00,260.88,amazon,2026-05-17T17:14:40.567279+00:00,seed (simulated history - replace with Keepa API)
B0CHX1W1XY,Apple AirPods Pro 2,2026-04-18T17:14:40.506356+00:00,241.62,amazon,2026-05-17T17:14:40.567309+00:00,seed (simulated history - replace with Keepa API)
B0CHX1W1XY,Apple AirPods Pro 2,2026-04-19T17:14:40.506356+00:00,252.99,amazon,2026-05-17T17:14:40.567376+00:00,seed (simulated history - replace with Keepa API)
B0CHX1W1XY,Apple AirPods Pro 2,2026-04-20T17:14:40.506356+00:00,249.84,amazon,2026-05-17T17:14:40.567405+00:00,seed (simulated history - replace with Keepa API)
B0CHX1W1XY,Apple AirPods Pro 2,2026-04-21T17:14:40.506356+00:00,262.03,amazon,2026-05-17T17:14:40.567426+00:00,seed (simulated history - replace with Keepa API)
B0CHX1W1XY,Apple AirPods Pro 2,2026-04-22T17:14:40.506356+00:00,246.9,amazon,2026-05-17T17:14:40.567446+00:00,seed (simulated history - replace with Keepa API)
B0CHX1W1XY,Apple AirPods Pro 2,2026-04-23T17:14:40.506356+00:00,252.17,amazon,2026-05-17T17:14:40.567464+00:00,seed (simulated history - replace with Keepa API)
B0CHX1W1XY,Apple AirPods Pro 2,2026-04-24T17:14:40.506356+00:00,249.79,amazon,2026-05-17T17:14:40.567489+00:00,seed (simulated history - replace with Keepa API)
B0CHX1W1XY,Apple AirPods Pro 2,2026-04-25T17:14:40.506356+00:00,237.59,amazon,2026-05-17T17:14:40.567510+00:00,seed (simulated history - replace with Keepa API)
B0CHX1W1XY,Apple AirPods Pro 2,2026-04-26T17:14:40.506356+00:00,247.91,amazon,2026-05-17T17:14:40.567530+00:00,seed (simulated history - replace with Keepa API)
B0CHX1W1XY,Apple AirPods Pro 2,2026-04-27T17:14:40.506356+00:00,244.57,amazon,2026-05-17T17:14:40.567566+00:00,seed (simulated history - replace with Keepa API)
B0CHX1W1XY,Apple AirPods Pro 2,2026-04-28T17:14:40.506356+00:00,249.84,amazon,2026-05-17T17:14:40.567590+00:00,seed (simulated history - replace with Keepa API)
B0CHX1W1XY,Apple AirPods Pro 2,2026-04-29T17:14:40.506356+00:00,252.32,amazon,2026-05-17T17:14:40.567611+00:00,seed (simulated history - replace with Keepa API)
B0CHX1W1XY,Apple AirPods Pro 2,2026-04-30T17:14:40.506356+00:00,259.02,amazon,2026-05-17T17:14:40.567631+00:00,seed (simulated history - replace with Keepa API)
B0CHX1W1XY,Apple AirPods Pro 2,2026-05-01T17:14:40.506356+00:00,231.59,amazon,2026-05-17T17:14:40.567654+00:00,seed (simulated history - replace with Keepa API)
B0CHX1W1XY,Apple AirPods Pro 2,2026-05-02T17:14:40.506356+00:00,249.0,amazon,2026-05-17T17:14:40.567674+00:00,seed (simulated history - replace with Keepa API)
B0CHX1W1XY,Apple AirPods Pro 2,2026-05-03T17:14:40.506356+00:00,239.31,amazon,2026-05-17T17:14:40.567693+00:00,seed (simulated history - replace with Keepa API)
B0CHX1W1XY,Apple AirPods Pro 2,2026-05-04T17:14:40.506356+00:00,253.1,amazon,2026-05-17T17:14:40.567713+00:00,seed (simulated history - replace with Keepa API)
B0CHX1W1XY,Apple AirPods Pro 2,2026-05-05T17:14:40.506356+00:00,265.58,amazon,2026-05-17T17:14:40.567733+00:00,seed (simulated history - replace with Keepa API)
B0CHX1W1XY,Apple AirPods Pro 2,2026-05-06T17:14:40.506356+00:00,246.49,amazon,2026-05-17T17:14:40.567753+00:00,seed (simulated history - replace with Keepa API)
B0CHX1W1XY,Apple AirPods Pro 2,2026-05-07T17:14:40.506356+00:00,243.1,amazon,2026-05-17T17:14:40.567773+00:00,seed (simulated history - replace with Keepa API)
B0CHX1W1XY,Apple AirPods Pro 2,2026-05-08T17:14:40.506356+00:00,245.47,amazon,2026-05-17T17:14:40.567796+00:00,seed (simulated history - replace with Keepa API)
B0CHX1W1XY,Apple AirPods Pro 2,2026-05-09T17:14:40.506356+00:00,239.41,amazon,2026-05-17T17:14:40.567816+00:00,seed (simulated history - replace with Keepa API)
B0CHX1W1XY,Apple AirPods Pro 2,2026-05-10T17:14:40.506356+00:00,164.57,amazon,2026-05-17T17:14:40.567848+00:00,seed (simulated history - replace with Keepa API)
B0CHX1W1XY,Apple AirPods Pro 2,2026-05-11T17:14:40.506356+00:00,250.94,amazon,2026-05-17T17:14:40.567868+00:00,seed (simulated history - replace with Keepa API)
B0CHX1W1XY,Apple AirPods Pro 2,2026-05-12T17:14:40.506356+00:00,268.58,amazon,2026-05-17T17:14:40.567886+00:00,seed (simulated history - replace with Keepa API)
B0CHX1W1XY,Apple AirPods Pro 2,2026-05-13T17:14:40.506356+00:00,240.69,amazon,2026-05-17T17:14:40.567906+00:00,seed (simulated history - replace with Keepa API)
B0CHX1W1XY,Apple AirPods Pro 2,2026-05-14T17:14:40.506356+00:00,251.1,amazon,2026-05-17T17:14:40.567926+00:00,seed (simulated history - replace with Keepa API)
B0CHX1W1XY,Apple AirPods Pro 2,2026-05-15T17:14:40.506356+00:00,262.14,amazon,2026-05-17T17:14:40.567946+00:00,seed (simulated history - replace with Keepa API)
B0CHX1W1XY,Apple AirPods Pro 2,2026-05-16T17:14:40.506356+00:00,248.6,amazon,2026-05-17T17:14:40.567965+00:00,seed (simulated history - replace with Keepa API)
B0CHX1W1XY,Apple AirPods Pro 2,2026-05-17T17:14:40.506356+00:00,258.14,amazon,2026-05-17T17:14:40.567989+00:00,seed (simulated history - replace with Keepa API)
B0BDJ3V78R,Apple AirPods 3rd Gen,2025-11-18T17:14:40.506356+00:00,162.31,amazon,2026-05-17T17:14:40.569278+00:00,seed (simulated history - replace with Keepa API)
B0BDJ3V78R,Apple AirPods 3rd Gen,2025-11-19T17:14:40.506356+00:00,167.97,amazon,2026-05-17T17:14:40.569312+00:00,seed (simulated history - replace with Keepa API)
B0BDJ3V78R,Apple AirPods 3rd Gen,2025-11-20T17:14:40.506356+00:00,122.69,amazon,2026-05-17T17:14:40.569337+00:00,seed (simulated history - replace with Keepa API)
B0BDJ3V78R,Apple AirPods 3rd Gen,2025-11-21T17:14:40.506356+00:00,126.43,amazon,2026-05-17T17:14:40.569359+00:00,seed (simulated history - replace with Keepa API)
B0BDJ3V78R,Apple AirPods 3rd Gen,2025-11-22T17:14:40.506356+00:00,133.02,amazon,2026-05-17T17:14:40.569381+00:00,seed (simulated history - replace with Keepa API)
B0BDJ3V78R,Apple AirPods 3rd Gen,2025-11-23T17:14:40.506356+00:00,124.43,amazon,2026-05-17T17:14:40.569401+00:00,seed (simulated history - replace with Keepa API)
B0BDJ3V78R,Apple AirPods 3rd Gen,2025-11-24T17:14:40.506356+00:00,126.53,amazon,2026-05-17T17:14:40.569422+00:00,seed (simulated history - replace with Keepa API)
B0BDJ3V78R,Apple AirPods 3rd Gen,2025-11-25T17:14:40.506356+00:00,127.04,amazon,2026-05-17T17:14:40.569443+00:00,seed (simulated history - replace with Keepa API)
B0BDJ3V78R,Apple AirPods 3rd Gen,2025-11-26T17:14:40.506356+00:00,131.05,amazon,2026-05-17T17:14:40.569465+00:00,seed (simulated history - replace with Keepa API)
B0BDJ3V78R,Apple AirPods 3rd Gen,2025-11-27T17:14:40.506356+00:00,115.36,amazon,2026-05-17T17:14:40.569508+00:00,seed (simulated history - replace with Keepa API)
B0BDJ3V78R,Apple AirPods 3rd Gen,2025-11-28T17:14:40.506356+00:00,123.67,amazon,2026-05-17T17:14:40.569616+00:00,seed (simulated history - replace with Keepa API)
B0BDJ3V78R,Apple AirPods 3rd Gen,2025-11-29T17:14:40.506356+00:00,127.82,amazon,2026-05-17T17:14:40.569652+00:00,seed (simulated history - replace with Keepa API)
B0BDJ3V78R,Apple AirPods 3rd Gen,2025-11-30T17:14:40.506356+00:00,132.83,amazon,2026-05-17T17:14:40.569674+00:00,seed (simulated history - replace with Keepa API)
B0BDJ3V78R,Apple AirPods 3rd Gen,2025-12-01T17:14:40.506356+00:00,166.51,amazon,2026-05-17T17:14:40.569698+00:00,seed (simulated history - replace with Keepa API)
B0BDJ3V78R,Apple AirPods 3rd Gen,2025-12-02T17:14:40.506356+00:00,163.54,amazon,2026-05-17T17:14:40.569721+00:00,seed (simulated history - replace with Keepa API)
B0BDJ3V78R,Apple AirPods 3rd Gen,2025-12-03T17:14:40.506356+00:00,165.51,amazon,2026-05-17T17:14:40.569743+00:00,seed (simulated history - replace with Keepa API)
B0BDJ3V78R,Apple AirPods 3rd Gen,2025-12-04T17:14:40.506356+00:00,168.05,amazon,2026-05-17T17:14:40.569766+00:00,seed (simulated history - replace with Keepa API)
B0BDJ3V78R,Apple AirPods 3rd Gen,2025-12-05T17:14:40.506356+00:00,165.87,amazon,2026-05-17T17:14:40.569787+00:00,seed (simulated history - replace with Keepa API)
B0BDJ3V78R,Apple AirPods 3rd Gen,2025-12-06T17:14:40.506356+00:00,151.28,amazon,2026-05-17T17:14:40.569834+00:00,seed (simulated history - replace with Keepa API)
B0BDJ3V78R,Apple AirPods 3rd Gen,2025-12-07T17:14:40.506356+00:00,173.91,amazon,2026-05-17T17:14:40.569854+00:00,seed (simulated history - replace with Keepa API)
B0BDJ3V78R,Apple AirPods 3rd Gen,2025-12-08T17:14:40.506356+00:00,167.98,amazon,2026-05-17T17:14:40.569872+00:00,seed (simulated history - replace with Keepa API)
B0BDJ3V78R,Apple AirPods 3rd Gen,2025-12-09T17:14:40.506356+00:00,168.97,amazon,2026-05-17T17:14:40.569890+00:00,seed (simulated history - replace with Keepa API)
B0BDJ3V78R,Apple AirPods 3rd Gen,2025-12-10T17:14:40.506356+00:00,165.28,amazon,2026-05-17T17:14:40.569908+00:00,seed (simulated history - replace with Keepa API)
B0BDJ3V78R,Apple AirPods 3rd Gen,2025-12-11T17:14:40.506356+00:00,169.42,amazon,2026-05-17T17:14:40.569926+00:00,seed (simulated history - replace with Keepa API)
B0BDJ3V78R,Apple AirPods 3rd Gen,2025-12-12T17:14:40.506356+00:00,172.57,amazon,2026-05-17T17:14:40.569945+00:00,seed (simulated history - replace with Keepa API)
B0BDJ3V78R,Apple AirPods 3rd Gen,2025-12-13T17:14:40.506356+00:00,173.0,amazon,2026-05-17T17:14:40.569965+00:00,seed (simulated history - replace with Keepa API)
B0BDJ3V78R,Apple AirPods 3rd Gen,2025-12-14T17:14:40.506356+00:00,171.08,amazon,2026-05-17T17:14:40.570001+00:00,seed (simulated history - replace with Keepa API)
B0BDJ3V78R,Apple AirPods 3rd Gen,2025-12-15T17:14:40.506356+00:00,164.63,amazon,2026-05-17T17:14:40.570114+00:00,seed (simulated history - replace with Keepa API)
B0BDJ3V78R,Apple AirPods 3rd Gen,2025-12-16T17:14:40.506356+00:00,166.75,amazon,2026-05-17T17:14:40.570179+00:00,seed (simulated history - replace with Keepa API)
B0BDJ3V78R,Apple AirPods 3rd Gen,2025-12-17T17:14:40.506356+00:00,166.57,amazon,2026-05-17T17:14:40.570202+00:00,seed (simulated history - replace with Keepa API)
B0BDJ3V78R,Apple AirPods 3rd Gen,2025-12-18T17:14:40.506356+00:00,170.0,amazon,2026-05-17T17:14:40.570225+00:00,seed (simulated history - replace with Keepa API)
B0BDJ3V78R,Apple AirPods 3rd Gen,2025-12-19T17:14:40.506356+00:00,170.58,amazon,2026-05-17T17:14:40.570258+00:00,seed (simulated history - replace with Keepa API)
B0BDJ3V78R,Apple AirPods 3rd Gen,2025-12-20T17:14:40.506356+00:00,169.97,amazon,2026-05-17T17:14:40.570280+00:00,seed (simulated history - replace with Keepa API)
B0BDJ3V78R,Apple AirPods 3rd Gen,2025-12-21T17:14:40.506356+00:00,173.77,amazon,2026-05-17T17:14:40.570302+00:00,seed (simulated history - replace with Keepa API)
B0BDJ3V78R,Apple AirPods 3rd Gen,2025-12-22T17:14:40.506356+00:00,178.17,amazon,2026-05-17T17:14:40.570328+00:00,seed (simulated history - replace with Keepa API)
B0BDJ3V78R,Apple AirPods 3rd Gen,2025-12-23T17:14:40.506356+00:00,167.89,amazon,2026-05-17T17:14:40.570351+00:00,seed (simulated history - replace with Keepa API)
B0BDJ3V78R,Apple AirPods 3rd Gen,2025-12-24T17:14:40.506356+00:00,163.48,amazon,2026-05-17T17:14:40.570373+00:00,seed (simulated history - replace with Keepa API)
B0BDJ3V78R,Apple AirPods 3rd Gen,2025-12-25T17:14:40.506356+00:00,165.02,amazon,2026-05-17T17:14:40.570393+00:00,seed (simulated history - replace with Keepa API)
B0BDJ3V78R,Apple AirPods 3rd Gen,2025-12-26T17:14:40.506356+00:00,169.08,amazon,2026-05-17T17:14:40.570413+00:00,seed (simulated history - replace with Keepa API)
B0BDJ3V78R,Apple AirPods 3rd Gen,2025-12-27T17:14:40.506356+00:00,173.57,amazon,2026-05-17T17:14:40.570435+00:00,seed (simulated history - replace with Keepa API)
B0BDJ3V78R,Apple AirPods 3rd Gen,2025-12-28T17:14:40.506356+00:00,164.4,amazon,2026-05-17T17:14:40.570461+00:00,seed (simulated history - replace with Keepa API)
B0BDJ3V78R,Apple AirPods 3rd Gen,2025-12-29T17:14:40.506356+00:00,176.7,amazon,2026-05-17T17:14:40.570489+00:00,seed (simulated history - replace with Keepa API)
B0BDJ3V78R,Apple AirPods 3rd Gen,2025-12-30T17:14:40.506356+00:00,165.66,amazon,2026-05-17T17:14:40.570516+00:00,seed (simulated history - replace with Keepa API)
B0BDJ3V78R,Apple AirPods 3rd Gen,2025-12-31T17:14:40.506356+00:00,173.33,amazon,2026-05-17T17:14:40.570559+00:00,seed (simulated history - replace with Keepa API)
B0BDJ3V78R,Apple AirPods 3rd Gen,2026-01-01T17:14:40.506356+00:00,169.87,amazon,2026-05-17T17:14:40.570582+00:00,seed (simulated history - replace with Keepa API)
B0BDJ3V78R,Apple AirPods 3rd Gen,2026-01-02T17:14:40.506356+00:00,171.8,amazon,2026-05-17T17:14:40.570604+00:00,seed (simulated history - replace with Keepa API)
B0BDJ3V78R,Apple AirPods 3rd Gen,2026-01-03T17:14:40.506356+00:00,172.03,amazon,2026-05-17T17:14:40.570626+00:00,seed (simulated history - replace with Keepa API)
B0BDJ3V78R,Apple AirPods 3rd Gen,2026-01-04T17:14:40.506356+00:00,164.19,amazon,2026-05-17T17:14:40.570693+00:00,seed (simulated history - replace with Keepa API)
B0BDJ3V78R,Apple AirPods 3rd Gen,2026-01-05T17:14:40.506356+00:00,173.3,amazon,2026-05-17T17:14:40.570721+00:00,seed (simulated history - replace with Keepa API)
B0BDJ3V78R,Apple AirPods 3rd Gen,2026-01-06T17:14:40.506356+00:00,162.75,amazon,2026-05-17T17:14:40.570743+00:00,seed (simulated history - replace with Keepa API)
B0BDJ3V78R,Apple AirPods 3rd Gen,2026-01-07T17:14:40.506356+00:00,165.47,amazon,2026-05-17T17:14:40.570770+00:00,seed (simulated history - replace with Keepa API)
B0BDJ3V78R,Apple AirPods 3rd Gen,2026-01-08T17:14:40.506356+00:00,171.95,amazon,2026-05-17T17:14:40.570792+00:00,seed (simulated history - replace with Keepa API)
B0BDJ3V78R,Apple AirPods 3rd Gen,2026-01-09T17:14:40.506356+00:00,138.21,amazon,2026-05-17T17:14:40.570835+00:00,seed (simulated history - replace with Keepa API)
B0BDJ3V78R,Apple AirPods 3rd Gen,2026-01-10T17:14:40.506356+00:00,112.43,amazon,2026-05-17T17:14:40.570863+00:00,seed (simulated history - replace with Keepa API)
B0BDJ3V78R,Apple AirPods 3rd Gen,2026-01-11T17:14:40.506356+00:00,131.33,amazon,2026-05-17T17:14:40.570964+00:00,seed (simulated history - replace with Keepa API)
B0BDJ3V78R,Apple AirPods 3rd Gen,2026-01-12T17:14:40.506356+00:00,161.07,amazon,2026-05-17T17:14:40.570996+00:00,seed (simulated history - replace with Keepa API)
B0BDJ3V78R,Apple AirPods 3rd Gen,2026-01-13T17:14:40.506356+00:00,172.4,amazon,2026-05-17T17:14:40.571053+00:00,seed (simulated history - replace with Keepa API)
B0BDJ3V78R,Apple AirPods 3rd Gen,2026-01-14T17:14:40.506356+00:00,167.52,amazon,2026-05-17T17:14:40.571075+00:00,seed (simulated history - replace with Keepa API)
B0BDJ3V78R,Apple AirPods 3rd Gen,2026-01-15T17:14:40.506356+00:00,166.62,amazon,2026-05-17T17:14:40.571097+00:00,seed (simulated history - replace with Keepa API)
B0BDJ3V78R,Apple AirPods 3rd Gen,2026-01-16T17:14:40.506356+00:00,172.27,amazon,2026-05-17T17:14:40.571118+00:00,seed (simulated history - replace with Keepa API)
B0BDJ3V78R,Apple AirPods 3rd Gen,2026-01-17T17:14:40.506356+00:00,174.89,amazon,2026-05-17T17:14:40.571149+00:00,seed (simulated history - replace with Keepa API)
B0BDJ3V78R,Apple AirPods 3rd Gen,2026-01-18T17:14:40.506356+00:00,164.89,amazon,2026-05-17T17:14:40.571171+00:00,seed (simulated history - replace with Keepa API)
B0BDJ3V78R,Apple AirPods 3rd Gen,2026-01-19T17:14:40.506356+00:00,168.51,amazon,2026-05-17T17:14:40.571193+00:00,seed (simulated history - replace with Keepa API)
B0BDJ3V78R,Apple AirPods 3rd Gen,2026-01-20T17:14:40.506356+00:00,137.36,amazon,2026-05-17T17:14:40.571225+00:00,seed (simulated history - replace with Keepa API)
B0BDJ3V78R,Apple AirPods 3rd Gen,2026-01-21T17:14:40.506356+00:00,170.69,amazon,2026-05-17T17:14:40.571247+00:00,seed (simulated history - replace with Keepa API)
B0BDJ3V78R,Apple AirPods 3rd Gen,2026-01-22T17:14:40.506356+00:00,176.26,amazon,2026-05-17T17:14:40.571268+00:00,seed (simulated history - replace with Keepa API)
B0BDJ3V78R,Apple AirPods 3rd Gen,2026-01-23T17:14:40.506356+00:00,172.15,amazon,2026-05-17T17:14:40.571291+00:00,seed (simulated history - replace with Keepa API)
B0BDJ3V78R,Apple AirPods 3rd Gen,2026-01-24T17:14:40.506356+00:00,130.54,amazon,2026-05-17T17:14:40.571319+00:00,seed (simulated history - replace with Keepa API)
B0BDJ3V78R,Apple AirPods 3rd Gen,2026-01-25T17:14:40.506356+00:00,174.43,amazon,2026-05-17T17:14:40.571341+00:00,seed (simulated history - replace with Keepa API)
B0BDJ3V78R,Apple AirPods 3rd Gen,2026-01-26T17:14:40.506356+00:00,179.24,amazon,2026-05-17T17:14:40.571363+00:00,seed (simulated history - replace with Keepa API)
B0BDJ3V78R,Apple AirPods 3rd Gen,2026-01-27T17:14:40.506356+00:00,177.28,amazon,2026-05-17T17:14:40.571390+00:00,seed (simulated history - replace with Keepa API)
B0BDJ3V78R,Apple AirPods 3rd Gen,2026-01-28T17:14:40.506356+00:00,177.9,amazon,2026-05-17T17:14:40.571413+00:00,seed (simulated history - replace with Keepa API)
B0BDJ3V78R,Apple AirPods 3rd Gen,2026-01-29T17:14:40.506356+00:00,177.97,amazon,2026-05-17T17:14:40.571434+00:00,seed (simulated history - replace with Keepa API)
B0BDJ3V78R,Apple AirPods 3rd Gen,2026-01-30T17:14:40.506356+00:00,166.5,amazon,2026-05-17T17:14:40.571456+00:00,seed (simulated history - replace with Keepa API)
B0BDJ3V78R,Apple AirPods 3rd Gen,2026-01-31T17:14:40.506356+00:00,172.57,amazon,2026-05-17T17:14:40.571477+00:00,seed (simulated history - replace with Keepa API)
B0BDJ3V78R,Apple AirPods 3rd Gen,2026-02-01T17:14:40.506356+00:00,169.81,amazon,2026-05-17T17:14:40.571506+00:00,seed (simulated history - replace with Keepa API)
B0BDJ3V78R,Apple AirPods 3rd Gen,2026-02-02T17:14:40.506356+00:00,161.54,amazon,2026-05-17T17:14:40.571528+00:00,seed (simulated history - replace with Keepa API)
B0BDJ3V78R,Apple AirPods 3rd Gen,2026-02-03T17:14:40.506356+00:00,169.72,amazon,2026-05-17T17:14:40.571575+00:00,seed (simulated history - replace with Keepa API)
B0BDJ3V78R,Apple AirPods 3rd Gen,2026-02-04T17:14:40.506356+00:00,174.67,amazon,2026-05-17T17:14:40.571595+00:00,seed (simulated history - replace with Keepa API)
B0BDJ3V78R,Apple AirPods 3rd Gen,2026-02-05T17:14:40.506356+00:00,171.79,amazon,2026-05-17T17:14:40.571613+00:00,seed (simulated history - replace with Keepa API)
B0BDJ3V78R,Apple AirPods 3rd Gen,2026-02-06T17:14:40.506356+00:00,168.66,amazon,2026-05-17T17:14:40.571630+00:00,seed (simulated history - replace with Keepa API)
B0BDJ3V78R,Apple AirPods 3rd Gen,2026-02-07T17:14:40.506356+00:00,165.69,amazon,2026-05-17T17:14:40.571645+00:00,seed (simulated history - replace with Keepa API)
B0BDJ3V78R,Apple AirPods 3rd Gen,2026-02-08T17:14:40.506356+00:00,171.83,amazon,2026-05-17T17:14:40.571664+00:00,seed (simulated history - replace with Keepa API)
B0BDJ3V78R,Apple AirPods 3rd Gen,2026-02-09T17:14:40.506356+00:00,168.19,amazon,2026-05-17T17:14:40.571684+00:00,seed (simulated history - replace with Keepa API)
B0BDJ3V78R,Apple AirPods 3rd Gen,2026-02-10T17:14:40.506356+00:00,174.64,amazon,2026-05-17T17:14:40.571704+00:00,seed (simulated history - replace with Keepa API)
B0BDJ3V78R,Apple AirPods 3rd Gen,2026-02-11T17:14:40.506356+00:00,174.46,amazon,2026-05-17T17:14:40.571791+00:00,seed (simulated history - replace with Keepa API)
B0BDJ3V78R,Apple AirPods 3rd Gen,2026-02-12T17:14:40.506356+00:00,171.05,amazon,2026-05-17T17:14:40.571824+00:00,seed (simulated history - replace with Keepa API)
B0BDJ3V78R,Apple AirPods 3rd Gen,2026-02-13T17:14:40.506356+00:00,163.82,amazon,2026-05-17T17:14:40.571843+00:00,seed (simulated history - replace with Keepa API)
B0BDJ3V78R,Apple AirPods 3rd Gen,2026-02-14T17:14:40.506356+00:00,166.98,amazon,2026-05-17T17:14:40.571861+00:00,seed (simulated history - replace with Keepa API)
B0BDJ3V78R,Apple AirPods 3rd Gen,2026-02-15T17:14:40.506356+00:00,178.23,amazon,2026-05-17T17:14:40.571881+00:00,seed (simulated history - replace with Keepa API)
B0BDJ3V78R,Apple AirPods 3rd Gen,2026-02-16T17:14:40.506356+00:00,171.65,amazon,2026-05-17T17:14:40.571896+00:00,seed (simulated history - replace with Keepa API)
B0BDJ3V78R,Apple AirPods 3rd Gen,2026-02-17T17:14:40.506356+00:00,175.75,amazon,2026-05-17T17:14:40.571911+00:00,seed (simulated history - replace with Keepa API)
B0BDJ3V78R,Apple AirPods 3rd Gen,2026-02-18T17:14:40.506356+00:00,164.03,amazon,2026-05-17T17:14:40.571929+00:00,seed (simulated history - replace with Keepa API)
B0BDJ3V78R,Apple AirPods 3rd Gen,2026-02-19T17:14:40.506356+00:00,184.52,amazon,2026-05-17T17:14:40.571946+00:00,seed (simulated history - replace with Keepa API)
B0BDJ3V78R,Apple AirPods 3rd Gen,2026-02-20T17:14:40.506356+00:00,160.61,amazon,2026-05-17T17:14:40.571962+00:00,seed (simulated history - replace with Keepa API)
B0BDJ3V78R,Apple AirPods 3rd Gen,2026-02-21T17:14:40.506356+00:00,171.73,amazon,2026-05-17T17:14:40.571979+00:00,seed (simulated history - replace with Keepa API)
B0BDJ3V78R,Apple AirPods 3rd Gen,2026-02-22T17:14:40.506356+00:00,160.18,amazon,2026-05-17T17:14:40.572017+00:00,seed (simulated history - replace with Keepa API)
B0BDJ3V78R,Apple AirPods 3rd Gen,2026-02-23T17:14:40.506356+00:00,143.43,amazon,2026-05-17T17:14:40.572056+00:00,seed (simulated history - replace with Keepa API)
B0BDJ3V78R,Apple AirPods 3rd Gen,2026-02-24T17:14:40.506356+00:00,169.99,amazon,2026-05-17T17:14:40.572073+00:00,seed (simulated history - replace with Keepa API)
B0BDJ3V78R,Apple AirPods 3rd Gen,2026-02-25T17:14:40.506356+00:00,165.16,amazon,2026-05-17T17:14:40.572090+00:00,seed (simulated history - replace with Keepa API)
B0BDJ3V78R,Apple AirPods 3rd Gen,2026-02-26T17:14:40.506356+00:00,163.27,amazon,2026-05-17T17:14:40.572107+00:00,seed (simulated history - replace with Keepa API)
B0BDJ3V78R,Apple AirPods 3rd Gen,2026-02-27T17:14:40.506356+00:00,172.16,amazon,2026-05-17T17:14:40.572124+00:00,seed (simulated history - replace with Keepa API)
B0BDJ3V78R,Apple AirPods 3rd Gen,2026-02-28T17:14:40.506356+00:00,172.19,amazon,2026-05-17T17:14:40.572140+00:00,seed (simulated history - replace with Keepa API)
B0BDJ3V78R,Apple AirPods 3rd Gen,2026-03-01T17:14:40.506356+00:00,164.92,amazon,2026-05-17T17:14:40.572159+00:00,seed (simulated history - replace with Keepa API)
B0BDJ3V78R,Apple AirPods 3rd Gen,2026-03-02T17:14:40.506356+00:00,170.28,amazon,2026-05-17T17:14:40.572176+00:00,seed (simulated history - replace with Keepa API)
B0BDJ3V78R,Apple AirPods 3rd Gen,2026-03-03T17:14:40.506356+00:00,173.16,amazon,2026-05-17T17:14:40.572214+00:00,seed (simulated history - replace with Keepa API)
B0BDJ3V78R,Apple AirPods 3rd Gen,2026-03-04T17:14:40.506356+00:00,166.38,amazon,2026-05-17T17:14:40.572236+00:00,seed (simulated history - replace with Keepa API)
B0BDJ3V78R,Apple AirPods 3rd Gen,2026-03-05T17:14:40.506356+00:00,168.0,amazon,2026-05-17T17:14:40.572258+00:00,seed (simulated history - replace with Keepa API)
B0BDJ3V78R,Apple AirPods 3rd Gen,2026-03-06T17:14:40.506356+00:00,167.96,amazon,2026-05-17T17:14:40.572280+00:00,seed (simulated history - replace with Keepa API)
B0BDJ3V78R,Apple AirPods 3rd Gen,2026-03-07T17:14:40.506356+00:00,165.21,amazon,2026-05-17T17:14:40.572306+00:00,seed (simulated history - replace with Keepa API)
B0BDJ3V78R,Apple AirPods 3rd Gen,2026-03-08T17:14:40.506356+00:00,168.1,amazon,2026-05-17T17:14:40.572328+00:00,seed (simulated history - replace with Keepa API)
B0BDJ3V78R,Apple AirPods 3rd Gen,2026-03-09T17:14:40.506356+00:00,161.15,amazon,2026-05-17T17:14:40.572358+00:00,seed (simulated history - replace with Keepa API)
B0BDJ3V78R,Apple AirPods 3rd Gen,2026-03-10T17:14:40.506356+00:00,167.7,amazon,2026-05-17T17:14:40.572381+00:00,seed (simulated history - replace with Keepa API)
B0BDJ3V78R,Apple AirPods 3rd Gen,2026-03-11T17:14:40.506356+00:00,167.78,amazon,2026-05-17T17:14:40.572401+00:00,seed (simulated history - replace with Keepa API)
B0BDJ3V78R,Apple AirPods 3rd Gen,2026-03-12T17:14:40.506356+00:00,168.69,amazon,2026-05-17T17:14:40.572422+00:00,seed (simulated history - replace with Keepa API)
B0BDJ3V78R,Apple AirPods 3rd Gen,2026-03-13T17:14:40.506356+00:00,171.43,amazon,2026-05-17T17:14:40.572443+00:00,seed (simulated history - replace with Keepa API)
B0BDJ3V78R,Apple AirPods 3rd Gen,2026-03-14T17:14:40.506356+00:00,162.9,amazon,2026-05-17T17:14:40.572465+00:00,seed (simulated history - replace with Keepa API)
B0BDJ3V78R,Apple AirPods 3rd Gen,2026-03-15T17:14:40.506356+00:00,163.72,amazon,2026-05-17T17:14:40.572493+00:00,seed (simulated history - replace with Keepa API)
B0BDJ3V78R,Apple AirPods 3rd Gen,2026-03-16T17:14:40.506356+00:00,165.1,amazon,2026-05-17T17:14:40.572516+00:00,seed (simulated history - replace with Keepa API)
B0BDJ3V78R,Apple AirPods 3rd Gen,2026-03-17T17:14:40.506356+00:00,162.43,amazon,2026-05-17T17:14:40.572537+00:00,seed (simulated history - replace with Keepa API)
B0BDJ3V78R,Apple AirPods 3rd Gen,2026-03-18T17:14:40.506356+00:00,172.02,amazon,2026-05-17T17:14:40.572587+00:00,seed (simulated history - replace with Keepa API)
B0BDJ3V78R,Apple AirPods 3rd Gen,2026-03-19T17:14:40.506356+00:00,166.17,amazon,2026-05-17T17:14:40.572608+00:00,seed (simulated history - replace with Keepa API)
B0BDJ3V78R,Apple AirPods 3rd Gen,2026-03-20T17:14:40.506356+00:00,168.84,amazon,2026-05-17T17:14:40.572630+00:00,seed (simulated history - replace with Keepa API)
B0BDJ3V78R,Apple AirPods 3rd Gen,2026-03-21T17:14:40.506356+00:00,164.7,amazon,2026-05-17T17:14:40.572652+00:00,seed (simulated history - replace with Keepa API)
B0BDJ3V78R,Apple AirPods 3rd Gen,2026-03-22T17:14:40.506356+00:00,167.18,amazon,2026-05-17T17:14:40.572673+00:00,seed (simulated history - replace with Keepa API)
B0BDJ3V78R,Apple AirPods 3rd Gen,2026-03-23T17:14:40.506356+00:00,170.53,amazon,2026-05-17T17:14:40.572694+00:00,seed (simulated history - replace with Keepa API)
B0BDJ3V78R,Apple AirPods 3rd Gen,2026-03-24T17:14:40.506356+00:00,170.77,amazon,2026-05-17T17:14:40.572716+00:00,seed (simulated history - replace with Keepa API)
B0BDJ3V78R,Apple AirPods 3rd Gen,2026-03-25T17:14:40.506356+00:00,163.91,amazon,2026-05-17T17:14:40.572738+00:00,seed (simulated history - replace with Keepa API)
B0BDJ3V78R,Apple AirPods 3rd Gen,2026-03-26T17:14:40.506356+00:00,168.59,amazon,2026-05-17T17:14:40.572767+00:00,seed (simulated history - replace with Keepa API)
B0BDJ3V78R,Apple AirPods 3rd Gen,2026-03-27T17:14:40.506356+00:00,164.78,amazon,2026-05-17T17:14:40.572789+00:00,seed (simulated history - replace with Keepa API)
B0BDJ3V78R,Apple AirPods 3rd Gen,2026-03-28T17:14:40.506356+00:00,168.41,amazon,2026-05-17T17:14:40.572810+00:00,seed (simulated history - replace with Keepa API)
B0BDJ3V78R,Apple AirPods 3rd Gen,2026-03-29T17:14:40.506356+00:00,165.78,amazon,2026-05-17T17:14:40.572894+00:00,seed (simulated history - replace with Keepa API)
B0BDJ3V78R,Apple AirPods 3rd Gen,2026-03-30T17:14:40.506356+00:00,178.29,amazon,2026-05-17T17:14:40.572922+00:00,seed (simulated history - replace with Keepa API)
B0BDJ3V78R,Apple AirPods 3rd Gen,2026-03-31T17:14:40.506356+00:00,173.13,amazon,2026-05-17T17:14:40.572944+00:00,seed (simulated history - replace with Keepa API)
B0BDJ3V78R,Apple AirPods 3rd Gen,2026-04-01T17:14:40.506356+00:00,171.0,amazon,2026-05-17T17:14:40.572966+00:00,seed (simulated history - replace with Keepa API)
B0BDJ3V78R,Apple AirPods 3rd Gen,2026-04-02T17:14:40.506356+00:00,159.23,amazon,2026-05-17T17:14:40.572995+00:00,seed (simulated history - replace with Keepa API)
B0BDJ3V78R,Apple AirPods 3rd Gen,2026-04-03T17:14:40.506356+00:00,167.59,amazon,2026-05-17T17:14:40.573040+00:00,seed (simulated history - replace with Keepa API)
B0BDJ3V78R,Apple AirPods 3rd Gen,2026-04-04T17:14:40.506356+00:00,173.28,amazon,2026-05-17T17:14:40.573063+00:00,seed (simulated history - replace with Keepa API)
B0BDJ3V78R,Apple AirPods 3rd Gen,2026-04-05T17:14:40.506356+00:00,168.73,amazon,2026-05-17T17:14:40.573088+00:00,seed (simulated history - replace with Keepa API)
B0BDJ3V78R,Apple AirPods 3rd Gen,2026-04-06T17:14:40.506356+00:00,177.64,amazon,2026-05-17T17:14:40.573109+00:00,seed (simulated history - replace with Keepa API)
B0BDJ3V78R,Apple AirPods 3rd Gen,2026-04-07T17:14:40.506356+00:00,173.82,amazon,2026-05-17T17:14:40.573131+00:00,seed (simulated history - replace with Keepa API)
B0BDJ3V78R,Apple AirPods 3rd Gen,2026-04-08T17:14:40.506356+00:00,167.14,amazon,2026-05-17T17:14:40.573152+00:00,seed (simulated history - replace with Keepa API)
B0BDJ3V78R,Apple AirPods 3rd Gen,2026-04-09T17:14:40.506356+00:00,176.92,amazon,2026-05-17T17:14:40.573174+00:00,seed (simulated history - replace with Keepa API)
B0BDJ3V78R,Apple AirPods 3rd Gen,2026-04-10T17:14:40.506356+00:00,167.61,amazon,2026-05-17T17:14:40.573195+00:00,seed (simulated history - replace with Keepa API)
B0BDJ3V78R,Apple AirPods 3rd Gen,2026-04-11T17:14:40.506356+00:00,178.65,amazon,2026-05-17T17:14:40.573217+00:00,seed (simulated history - replace with Keepa API)
B0BDJ3V78R,Apple AirPods 3rd Gen,2026-04-12T17:14:40.506356+00:00,177.24,amazon,2026-05-17T17:14:40.573239+00:00,seed (simulated history - replace with Keepa API)
B0BDJ3V78R,Apple AirPods 3rd Gen,2026-04-13T17:14:40.506356+00:00,170.5,amazon,2026-05-17T17:14:40.573261+00:00,seed (simulated history - replace with Keepa API)
B0BDJ3V78R,Apple AirPods 3rd Gen,2026-04-14T17:14:40.506356+00:00,161.31,amazon,2026-05-17T17:14:40.573282+00:00,seed (simulated history - replace with Keepa API)
B0BDJ3V78R,Apple AirPods 3rd Gen,2026-04-15T17:14:40.506356+00:00,170.1,amazon,2026-05-17T17:14:40.573309+00:00,seed (simulated history - replace with Keepa API)
B0BDJ3V78R,Apple AirPods 3rd Gen,2026-04-16T17:14:40.506356+00:00,163.44,amazon,2026-05-17T17:14:40.573330+00:00,seed (simulated history - replace with Keepa API)
B0BDJ3V78R,Apple AirPods 3rd Gen,2026-04-17T17:14:40.506356+00:00,165.92,amazon,2026-05-17T17:14:40.573351+00:00,seed (simulated history - replace with Keepa API)
B0BDJ3V78R,Apple AirPods 3rd Gen,2026-04-18T17:14:40.506356+00:00,166.27,amazon,2026-05-17T17:14:40.573372+00:00,seed (simulated history - replace with Keepa API)
B0BDJ3V78R,Apple AirPods 3rd Gen,2026-04-19T17:14:40.506356+00:00,163.4,amazon,2026-05-17T17:14:40.573393+00:00,seed (simulated history - replace with Keepa API)
B0BDJ3V78R,Apple AirPods 3rd Gen,2026-04-20T17:14:40.506356+00:00,170.12,amazon,2026-05-17T17:14:40.576392+00:00,seed (simulated history - replace with Keepa API)
B0BDJ3V78R,Apple AirPods 3rd Gen,2026-04-21T17:14:40.506356+00:00,165.36,amazon,2026-05-17T17:14:40.576568+00:00,seed (simulated history - replace with Keepa API)
B0BDJ3V78R,Apple AirPods 3rd Gen,2026-04-22T17:14:40.506356+00:00,167.83,amazon,2026-05-17T17:14:40.576603+00:00,seed (simulated history - replace with Keepa API)
B0BDJ3V78R,Apple AirPods 3rd Gen,2026-04-23T17:14:40.506356+00:00,166.31,amazon,2026-05-17T17:14:40.576627+00:00,seed (simulated history - replace with Keepa API)
B0BDJ3V78R,Apple AirPods 3rd Gen,2026-04-24T17:14:40.506356+00:00,171.45,amazon,2026-05-17T17:14:40.576650+00:00,seed (simulated history - replace with Keepa API)
B0BDJ3V78R,Apple AirPods 3rd Gen,2026-04-25T17:14:40.506356+00:00,171.07,amazon,2026-05-17T17:14:40.576670+00:00,seed (simulated history - replace with Keepa API)
B0BDJ3V78R,Apple AirPods 3rd Gen,2026-04-26T17:14:40.506356+00:00,167.44,amazon,2026-05-17T17:14:40.576690+00:00,seed (simulated history - replace with Keepa API)
B0BDJ3V78R,Apple AirPods 3rd Gen,2026-04-27T17:14:40.506356+00:00,171.71,amazon,2026-05-17T17:14:40.576711+00:00,seed (simulated history - replace with Keepa API)
B0BDJ3V78R,Apple AirPods 3rd Gen,2026-04-28T17:14:40.506356+00:00,175.23,amazon,2026-05-17T17:14:40.576732+00:00,seed (simulated history - replace with Keepa API)
B0BDJ3V78R,Apple AirPods 3rd Gen,2026-04-29T17:14:40.506356+00:00,158.42,amazon,2026-05-17T17:14:40.576771+00:00,seed (simulated history - replace with Keepa API)
B0BDJ3V78R,Apple AirPods 3rd Gen,2026-04-30T17:14:40.506356+00:00,166.04,amazon,2026-05-17T17:14:40.576791+00:00,seed (simulated history - replace with Keepa API)
B0BDJ3V78R,Apple AirPods 3rd Gen,2026-05-01T17:14:40.506356+00:00,164.25,amazon,2026-05-17T17:14:40.576813+00:00,seed (simulated history - replace with Keepa API)
B0BDJ3V78R,Apple AirPods 3rd Gen,2026-05-02T17:14:40.506356+00:00,165.61,amazon,2026-05-17T17:14:40.576834+00:00,seed (simulated history - replace with Keepa API)
B0BDJ3V78R,Apple AirPods 3rd Gen,2026-05-03T17:14:40.506356+00:00,157.65,amazon,2026-05-17T17:14:40.576855+00:00,seed (simulated history - replace with Keepa API)
B0BDJ3V78R,Apple AirPods 3rd Gen,2026-05-04T17:14:40.506356+00:00,158.25,amazon,2026-05-17T17:14:40.576878+00:00,seed (simulated history - replace with Keepa API)
B0BDJ3V78R,Apple AirPods 3rd Gen,2026-05-05T17:14:40.506356+00:00,155.07,amazon,2026-05-17T17:14:40.576904+00:00,seed (simulated history - replace with Keepa API)
B0BDJ3V78R,Apple AirPods 3rd Gen,2026-05-06T17:14:40.506356+00:00,166.47,amazon,2026-05-17T17:14:40.576929+00:00,seed (simulated history - replace with Keepa API)
B0BDJ3V78R,Apple AirPods 3rd Gen,2026-05-07T17:14:40.506356+00:00,166.33,amazon,2026-05-17T17:14:40.576950+00:00,seed (simulated history - replace with Keepa API)
B0BDJ3V78R,Apple AirPods 3rd Gen,2026-05-08T17:14:40.506356+00:00,176.04,amazon,2026-05-17T17:14:40.576971+00:00,seed (simulated history - replace with Keepa API)
B0BDJ3V78R,Apple AirPods 3rd Gen,2026-05-09T17:14:40.506356+00:00,169.72,amazon,2026-05-17T17:14:40.576997+00:00,seed (simulated history - replace with Keepa API)
B0BDJ3V78R,Apple AirPods 3rd Gen,2026-05-10T17:14:40.506356+00:00,158.2,amazon,2026-05-17T17:14:40.577029+00:00,seed (simulated history - replace with Keepa API)
B0BDJ3V78R,Apple AirPods 3rd Gen,2026-05-11T17:14:40.506356+00:00,171.58,amazon,2026-05-17T17:14:40.577045+00:00,seed (simulated history - replace with Keepa API)
B0BDJ3V78R,Apple AirPods 3rd Gen,2026-05-12T17:14:40.506356+00:00,153.38,amazon,2026-05-17T17:14:40.577085+00:00,seed (simulated history - replace with Keepa API)
B0BDJ3V78R,Apple AirPods 3rd Gen,2026-05-13T17:14:40.506356+00:00,175.08,amazon,2026-05-17T17:14:40.577106+00:00,seed (simulated history - replace with Keepa API)
B0BDJ3V78R,Apple AirPods 3rd Gen,2026-05-14T17:14:40.506356+00:00,135.81,amazon,2026-05-17T17:14:40.577131+00:00,seed (simulated history - replace with Keepa API)
B0BDJ3V78R,Apple AirPods 3rd Gen,2026-05-15T17:14:40.506356+00:00,166.11,amazon,2026-05-17T17:14:40.577152+00:00,seed (simulated history - replace with Keepa API)
B0BDJ3V78R,Apple AirPods 3rd Gen,2026-05-16T17:14:40.506356+00:00,170.67,amazon,2026-05-17T17:14:40.577173+00:00,seed (simulated history - replace with Keepa API)
B0BDJ3V78R,Apple AirPods 3rd Gen,2026-05-17T17:14:40.506356+00:00,166.89,amazon,2026-05-17T17:14:40.577193+00:00,seed (simulated history - replace with Keepa API)
B0D7Q7GDKP,Apple Watch SE (2nd Gen),2025-11-18T17:14:40.506356+00:00,240.56,amazon,2026-05-17T17:14:40.578366+00:00,seed (simulated history - replace with Keepa API)
B0D7Q7GDKP,Apple Watch SE (2nd Gen),2025-11-19T17:14:40.506356+00:00,245.0,amazon,2026-05-17T17:14:40.578414+00:00,seed (simulated history - replace with Keepa API)
B0D7Q7GDKP,Apple Watch SE (2nd Gen),2025-11-20T17:14:40.506356+00:00,189.43,amazon,2026-05-17T17:14:40.578439+00:00,seed (simulated history - replace with Keepa API)
B0D7Q7GDKP,Apple Watch SE (2nd Gen),2025-11-21T17:14:40.506356+00:00,192.38,amazon,2026-05-17T17:14:40.578460+00:00,seed (simulated history - replace with Keepa API)
B0D7Q7GDKP,Apple Watch SE (2nd Gen),2025-11-22T17:14:40.506356+00:00,178.4,amazon,2026-05-17T17:14:40.578479+00:00,seed (simulated history - replace with Keepa API)
B0D7Q7GDKP,Apple Watch SE (2nd Gen),2025-11-23T17:14:40.506356+00:00,192.3,amazon,2026-05-17T17:14:40.578506+00:00,seed (simulated history - replace with Keepa API)
B0D7Q7GDKP,Apple Watch SE (2nd Gen),2025-11-24T17:14:40.506356+00:00,187.6,amazon,2026-05-17T17:14:40.578566+00:00,seed (simulated history - replace with Keepa API)
B0D7Q7GDKP,Apple Watch SE (2nd Gen),2025-11-25T17:14:40.506356+00:00,181.97,amazon,2026-05-17T17:14:40.578586+00:00,seed (simulated history - replace with Keepa API)
B0D7Q7GDKP,Apple Watch SE (2nd Gen),2025-11-26T17:14:40.506356+00:00,185.51,amazon,2026-05-17T17:14:40.578609+00:00,seed (simulated history - replace with Keepa API)
B0D7Q7GDKP,Apple Watch SE (2nd Gen),2025-11-27T17:14:40.506356+00:00,198.21,amazon,2026-05-17T17:14:40.578626+00:00,seed (simulated history - replace with Keepa API)
B0D7Q7GDKP,Apple Watch SE (2nd Gen),2025-11-28T17:14:40.506356+00:00,187.78,amazon,2026-05-17T17:14:40.578643+00:00,seed (simulated history - replace with Keepa API)
B0D7Q7GDKP,Apple Watch SE (2nd Gen),2025-11-29T17:14:40.506356+00:00,181.5,amazon,2026-05-17T17:14:40.578661+00:00,seed (simulated history - replace with Keepa API)
B0D7Q7GDKP,Apple Watch SE (2nd Gen),2025-11-30T17:14:40.506356+00:00,177.75,amazon,2026-05-17T17:14:40.578677+00:00,seed (simulated history - replace with Keepa API)
B0D7Q7GDKP,Apple Watch SE (2nd Gen),2025-12-01T17:14:40.506356+00:00,252.78,amazon,2026-05-17T17:14:40.578698+00:00,seed (simulated history - replace with Keepa API)
B0D7Q7GDKP,Apple Watch SE (2nd Gen),2025-12-02T17:14:40.506356+00:00,250.46,amazon,2026-05-17T17:14:40.578715+00:00,seed (simulated history - replace with Keepa API)
B0D7Q7GDKP,Apple Watch SE (2nd Gen),2025-12-03T17:14:40.506356+00:00,240.24,amazon,2026-05-17T17:14:40.578736+00:00,seed (simulated history - replace with Keepa API)
B0D7Q7GDKP,Apple Watch SE (2nd Gen),2025-12-04T17:14:40.506356+00:00,257.57,amazon,2026-05-17T17:14:40.578757+00:00,seed (simulated history - replace with Keepa API)
B0D7Q7GDKP,Apple Watch SE (2nd Gen),2025-12-05T17:14:40.506356+00:00,251.48,amazon,2026-05-17T17:14:40.578779+00:00,seed (simulated history - replace with Keepa API)
B0D7Q7GDKP,Apple Watch SE (2nd Gen),2025-12-06T17:14:40.506356+00:00,252.98,amazon,2026-05-17T17:14:40.578800+00:00,seed (simulated history - replace with Keepa API)
B0D7Q7GDKP,Apple Watch SE (2nd Gen),2025-12-07T17:14:40.506356+00:00,256.4,amazon,2026-05-17T17:14:40.578821+00:00,seed (simulated history - replace with Keepa API)
B0D7Q7GDKP,Apple Watch SE (2nd Gen),2025-12-08T17:14:40.506356+00:00,256.76,amazon,2026-05-17T17:14:40.578843+00:00,seed (simulated history - replace with Keepa API)
B0D7Q7GDKP,Apple Watch SE (2nd Gen),2025-12-09T17:14:40.506356+00:00,240.87,amazon,2026-05-17T17:14:40.578865+00:00,seed (simulated history - replace with Keepa API)
B0D7Q7GDKP,Apple Watch SE (2nd Gen),2025-12-10T17:14:40.506356+00:00,239.44,amazon,2026-05-17T17:14:40.578970+00:00,seed (simulated history - replace with Keepa API)
B0D7Q7GDKP,Apple Watch SE (2nd Gen),2025-12-11T17:14:40.506356+00:00,242.87,amazon,2026-05-17T17:14:40.579027+00:00,seed (simulated history - replace with Keepa API)
B0D7Q7GDKP,Apple Watch SE (2nd Gen),2025-12-12T17:14:40.506356+00:00,239.65,amazon,2026-05-17T17:14:40.579052+00:00,seed (simulated history - replace with Keepa API)
B0D7Q7GDKP,Apple Watch SE (2nd Gen),2025-12-13T17:14:40.506356+00:00,245.5,amazon,2026-05-17T17:14:40.579085+00:00,seed (simulated history - replace with Keepa API)
B0D7Q7GDKP,Apple Watch SE (2nd Gen),2025-12-14T17:14:40.506356+00:00,240.37,amazon,2026-05-17T17:14:40.579107+00:00,seed (simulated history - replace with Keepa API)
B0D7Q7GDKP,Apple Watch SE (2nd Gen),2025-12-15T17:14:40.506356+00:00,240.82,amazon,2026-05-17T17:14:40.579130+00:00,seed (simulated history - replace with Keepa API)
B0D7Q7GDKP,Apple Watch SE (2nd Gen),2025-12-16T17:14:40.506356+00:00,251.23,amazon,2026-05-17T17:14:40.579151+00:00,seed (simulated history - replace with Keepa API)
B0D7Q7GDKP,Apple Watch SE (2nd Gen),2025-12-17T17:14:40.506356+00:00,236.68,amazon,2026-05-17T17:14:40.579173+00:00,seed (simulated history - replace with Keepa API)
B0D7Q7GDKP,Apple Watch SE (2nd Gen),2025-12-18T17:14:40.506356+00:00,249.07,amazon,2026-05-17T17:14:40.579195+00:00,seed (simulated history - replace with Keepa API)
B0D7Q7GDKP,Apple Watch SE (2nd Gen),2025-12-19T17:14:40.506356+00:00,255.16,amazon,2026-05-17T17:14:40.579217+00:00,seed (simulated history - replace with Keepa API)
B0D7Q7GDKP,Apple Watch SE (2nd Gen),2025-12-20T17:14:40.506356+00:00,255.1,amazon,2026-05-17T17:14:40.579244+00:00,seed (simulated history - replace with Keepa API)
B0D7Q7GDKP,Apple Watch SE (2nd Gen),2025-12-21T17:14:40.506356+00:00,253.23,amazon,2026-05-17T17:14:40.579271+00:00,seed (simulated history - replace with Keepa API)
B0D7Q7GDKP,Apple Watch SE (2nd Gen),2025-12-22T17:14:40.506356+00:00,218.74,amazon,2026-05-17T17:14:40.579318+00:00,seed (simulated history - replace with Keepa API)
B0D7Q7GDKP,Apple Watch SE (2nd Gen),2025-12-23T17:14:40.506356+00:00,241.91,amazon,2026-05-17T17:14:40.579341+00:00,seed (simulated history - replace with Keepa API)
B0D7Q7GDKP,Apple Watch SE (2nd Gen),2025-12-24T17:14:40.506356+00:00,262.05,amazon,2026-05-17T17:14:40.579363+00:00,seed (simulated history - replace with Keepa API)
B0D7Q7GDKP,Apple Watch SE (2nd Gen),2025-12-25T17:14:40.506356+00:00,257.48,amazon,2026-05-17T17:14:40.579385+00:00,seed (simulated history - replace with Keepa API)
B0D7Q7GDKP,Apple Watch SE (2nd Gen),2025-12-26T17:14:40.506356+00:00,240.74,amazon,2026-05-17T17:14:40.579459+00:00,seed (simulated history - replace with Keepa API)
B0D7Q7GDKP,Apple Watch SE (2nd Gen),2025-12-27T17:14:40.506356+00:00,245.05,amazon,2026-05-17T17:14:40.579500+00:00,seed (simulated history - replace with Keepa API)
B0D7Q7GDKP,Apple Watch SE (2nd Gen),2025-12-28T17:14:40.506356+00:00,241.11,amazon,2026-05-17T17:14:40.579523+00:00,seed (simulated history - replace with Keepa API)
B0D7Q7GDKP,Apple Watch SE (2nd Gen),2025-12-29T17:14:40.506356+00:00,251.63,amazon,2026-05-17T17:14:40.579598+00:00,seed (simulated history - replace with Keepa API)
B0D7Q7GDKP,Apple Watch SE (2nd Gen),2025-12-30T17:14:40.506356+00:00,244.74,amazon,2026-05-17T17:14:40.579626+00:00,seed (simulated history - replace with Keepa API)
B0D7Q7GDKP,Apple Watch SE (2nd Gen),2025-12-31T17:14:40.506356+00:00,234.72,amazon,2026-05-17T17:14:40.579649+00:00,seed (simulated history - replace with Keepa API)
B0D7Q7GDKP,Apple Watch SE (2nd Gen),2026-01-01T17:14:40.506356+00:00,248.49,amazon,2026-05-17T17:14:40.579672+00:00,seed (simulated history - replace with Keepa API)
B0D7Q7GDKP,Apple Watch SE (2nd Gen),2026-01-02T17:14:40.506356+00:00,255.81,amazon,2026-05-17T17:14:40.579707+00:00,seed (simulated history - replace with Keepa API)
B0D7Q7GDKP,Apple Watch SE (2nd Gen),2026-01-03T17:14:40.506356+00:00,249.79,amazon,2026-05-17T17:14:40.579728+00:00,seed (simulated history - replace with Keepa API)
B0D7Q7GDKP,Apple Watch SE (2nd Gen),2026-01-04T17:14:40.506356+00:00,253.06,amazon,2026-05-17T17:14:40.579751+00:00,seed (simulated history - replace with Keepa API)
B0D7Q7GDKP,Apple Watch SE (2nd Gen),2026-01-05T17:14:40.506356+00:00,250.49,amazon,2026-05-17T17:14:40.579772+00:00,seed (simulated history - replace with Keepa API)
B0D7Q7GDKP,Apple Watch SE (2nd Gen),2026-01-06T17:14:40.506356+00:00,254.47,amazon,2026-05-17T17:14:40.579794+00:00,seed (simulated history - replace with Keepa API)
B0D7Q7GDKP,Apple Watch SE (2nd Gen),2026-01-07T17:14:40.506356+00:00,251.16,amazon,2026-05-17T17:14:40.579815+00:00,seed (simulated history - replace with Keepa API)
B0D7Q7GDKP,Apple Watch SE (2nd Gen),2026-01-08T17:14:40.506356+00:00,248.08,amazon,2026-05-17T17:14:40.579837+00:00,seed (simulated history - replace with Keepa API)
B0D7Q7GDKP,Apple Watch SE (2nd Gen),2026-01-09T17:14:40.506356+00:00,249.7,amazon,2026-05-17T17:14:40.579858+00:00,seed (simulated history - replace with Keepa API)
B0D7Q7GDKP,Apple Watch SE (2nd Gen),2026-01-10T17:14:40.506356+00:00,202.62,amazon,2026-05-17T17:14:40.579899+00:00,seed (simulated history - replace with Keepa API)
B0D7Q7GDKP,Apple Watch SE (2nd Gen),2026-01-11T17:14:40.506356+00:00,253.5,amazon,2026-05-17T17:14:40.579918+00:00,seed (simulated history - replace with Keepa API)
B0D7Q7GDKP,Apple Watch SE (2nd Gen),2026-01-12T17:14:40.506356+00:00,235.97,amazon,2026-05-17T17:14:40.579935+00:00,seed (simulated history - replace with Keepa API)
B0D7Q7GDKP,Apple Watch SE (2nd Gen),2026-01-13T17:14:40.506356+00:00,253.35,amazon,2026-05-17T17:14:40.579952+00:00,seed (simulated history - replace with Keepa API)
B0D7Q7GDKP,Apple Watch SE (2nd Gen),2026-01-14T17:14:40.506356+00:00,248.51,amazon,2026-05-17T17:14:40.579980+00:00,seed (simulated history - replace with Keepa API)
B0D7Q7GDKP,Apple Watch SE (2nd Gen),2026-01-15T17:14:40.506356+00:00,252.37,amazon,2026-05-17T17:14:40.580024+00:00,seed (simulated history - replace with Keepa API)
B0D7Q7GDKP,Apple Watch SE (2nd Gen),2026-01-16T17:14:40.506356+00:00,249.97,amazon,2026-05-17T17:14:40.580042+00:00,seed (simulated history - replace with Keepa API)
B0D7Q7GDKP,Apple Watch SE (2nd Gen),2026-01-17T17:14:40.506356+00:00,246.75,amazon,2026-05-17T17:14:40.580061+00:00,seed (simulated history - replace with Keepa API)
B0D7Q7GDKP,Apple Watch SE (2nd Gen),2026-01-18T17:14:40.506356+00:00,238.42,amazon,2026-05-17T17:14:40.580081+00:00,seed (simulated history - replace with Keepa API)
B0D7Q7GDKP,Apple Watch SE (2nd Gen),2026-01-19T17:14:40.506356+00:00,253.88,amazon,2026-05-17T17:14:40.580100+00:00,seed (simulated history - replace with Keepa API)
B0D7Q7GDKP,Apple Watch SE (2nd Gen),2026-01-20T17:14:40.506356+00:00,252.21,amazon,2026-05-17T17:14:40.580119+00:00,seed (simulated history - replace with Keepa API)
B0D7Q7GDKP,Apple Watch SE (2nd Gen),2026-01-21T17:14:40.506356+00:00,252.24,amazon,2026-05-17T17:14:40.580144+00:00,seed (simulated history - replace with Keepa API)
B0D7Q7GDKP,Apple Watch SE (2nd Gen),2026-01-22T17:14:40.506356+00:00,257.62,amazon,2026-05-17T17:14:40.580162+00:00,seed (simulated history - replace with Keepa API)
B0D7Q7GDKP,Apple Watch SE (2nd Gen),2026-01-23T17:14:40.506356+00:00,245.13,amazon,2026-05-17T17:14:40.580182+00:00,seed (simulated history - replace with Keepa API)
B0D7Q7GDKP,Apple Watch SE (2nd Gen),2026-01-24T17:14:40.506356+00:00,248.49,amazon,2026-05-17T17:14:40.580203+00:00,seed (simulated history - replace with Keepa API)
B0D7Q7GDKP,Apple Watch SE (2nd Gen),2026-01-25T17:14:40.506356+00:00,242.64,amazon,2026-05-17T17:14:40.580224+00:00,seed (simulated history - replace with Keepa API)
B0D7Q7GDKP,Apple Watch SE (2nd Gen),2026-01-26T17:14:40.506356+00:00,244.85,amazon,2026-05-17T17:14:40.580246+00:00,seed (simulated history - replace with Keepa API)
B0D7Q7GDKP,Apple Watch SE (2nd Gen),2026-01-27T17:14:40.506356+00:00,239.28,amazon,2026-05-17T17:14:40.580317+00:00,seed (simulated history - replace with Keepa API)
B0D7Q7GDKP,Apple Watch SE (2nd Gen),2026-01-28T17:14:40.506356+00:00,243.08,amazon,2026-05-17T17:14:40.580397+00:00,seed (simulated history - replace with Keepa API)
B0D7Q7GDKP,Apple Watch SE (2nd Gen),2026-01-29T17:14:40.506356+00:00,232.29,amazon,2026-05-17T17:14:40.580423+00:00,seed (simulated history - replace with Keepa API)
B0D7Q7GDKP,Apple Watch SE (2nd Gen),2026-01-30T17:14:40.506356+00:00,202.93,amazon,2026-05-17T17:14:40.580466+00:00,seed (simulated history - replace with Keepa API)
B0D7Q7GDKP,Apple Watch SE (2nd Gen),2026-01-31T17:14:40.506356+00:00,263.62,amazon,2026-05-17T17:14:40.580531+00:00,seed (simulated history - replace with Keepa API)
B0D7Q7GDKP,Apple Watch SE (2nd Gen),2026-02-01T17:14:40.506356+00:00,252.39,amazon,2026-05-17T17:14:40.580584+00:00,seed (simulated history - replace with Keepa API)
B0D7Q7GDKP,Apple Watch SE (2nd Gen),2026-02-02T17:14:40.506356+00:00,241.66,amazon,2026-05-17T17:14:40.580607+00:00,seed (simulated history - replace with Keepa API)
B0D7Q7GDKP,Apple Watch SE (2nd Gen),2026-02-03T17:14:40.506356+00:00,246.44,amazon,2026-05-17T17:14:40.580629+00:00,seed (simulated history - replace with Keepa API)
B0D7Q7GDKP,Apple Watch SE (2nd Gen),2026-02-04T17:14:40.506356+00:00,250.27,amazon,2026-05-17T17:14:40.580651+00:00,seed (simulated history - replace with Keepa API)
B0D7Q7GDKP,Apple Watch SE (2nd Gen),2026-02-05T17:14:40.506356+00:00,253.56,amazon,2026-05-17T17:14:40.580672+00:00,seed (simulated history - replace with Keepa API)
B0D7Q7GDKP,Apple Watch SE (2nd Gen),2026-02-06T17:14:40.506356+00:00,250.17,amazon,2026-05-17T17:14:40.580695+00:00,seed (simulated history - replace with Keepa API)
B0D7Q7GDKP,Apple Watch SE (2nd Gen),2026-02-07T17:14:40.506356+00:00,254.34,amazon,2026-05-17T17:14:40.580717+00:00,seed (simulated history - replace with Keepa API)
B0D7Q7GDKP,Apple Watch SE (2nd Gen),2026-02-08T17:14:40.506356+00:00,233.69,amazon,2026-05-17T17:14:40.580779+00:00,seed (simulated history - replace with Keepa API)
B0D7Q7GDKP,Apple Watch SE (2nd Gen),2026-02-09T17:14:40.506356+00:00,252.18,amazon,2026-05-17T17:14:40.580818+00:00,seed (simulated history - replace with Keepa API)
B0D7Q7GDKP,Apple Watch SE (2nd Gen),2026-02-10T17:14:40.506356+00:00,257.94,amazon,2026-05-17T17:14:40.580845+00:00,seed (simulated history - replace with Keepa API)
B0D7Q7GDKP,Apple Watch SE (2nd Gen),2026-02-11T17:14:40.506356+00:00,246.84,amazon,2026-05-17T17:14:40.580868+00:00,seed (simulated history - replace with Keepa API)
B0D7Q7GDKP,Apple Watch SE (2nd Gen),2026-02-12T17:14:40.506356+00:00,243.15,amazon,2026-05-17T17:14:40.580890+00:00,seed (simulated history - replace with Keepa API)
B0D7Q7GDKP,Apple Watch SE (2nd Gen),2026-02-13T17:14:40.506356+00:00,244.85,amazon,2026-05-17T17:14:40.580909+00:00,seed (simulated history - replace with Keepa API)
B0D7Q7GDKP,Apple Watch SE (2nd Gen),2026-02-14T17:14:40.506356+00:00,250.53,amazon,2026-05-17T17:14:40.580931+00:00,seed (simulated history - replace with Keepa API)
B0D7Q7GDKP,Apple Watch SE (2nd Gen),2026-02-15T17:14:40.506356+00:00,205.6,amazon,2026-05-17T17:14:40.580971+00:00,seed (simulated history - replace with Keepa API)
B0D7Q7GDKP,Apple Watch SE (2nd Gen),2026-02-16T17:14:40.506356+00:00,246.51,amazon,2026-05-17T17:14:40.581002+00:00,seed (simulated history - replace with Keepa API)
B0D7Q7GDKP,Apple Watch SE (2nd Gen),2026-02-17T17:14:40.506356+00:00,250.14,amazon,2026-05-17T17:14:40.581063+00:00,seed (simulated history - replace with Keepa API)
B0D7Q7GDKP,Apple Watch SE (2nd Gen),2026-02-18T17:14:40.506356+00:00,256.61,amazon,2026-05-17T17:14:40.581086+00:00,seed (simulated history - replace with Keepa API)
B0D7Q7GDKP,Apple Watch SE (2nd Gen),2026-02-19T17:14:40.506356+00:00,251.64,amazon,2026-05-17T17:14:40.581108+00:00,seed (simulated history - replace with Keepa API)
B0D7Q7GDKP,Apple Watch SE (2nd Gen),2026-02-20T17:14:40.506356+00:00,247.09,amazon,2026-05-17T17:14:40.581129+00:00,seed (simulated history - replace with Keepa API)
B0D7Q7GDKP,Apple Watch SE (2nd Gen),2026-02-21T17:14:40.506356+00:00,259.24,amazon,2026-05-17T17:14:40.581152+00:00,seed (simulated history - replace with Keepa API)
B0D7Q7GDKP,Apple Watch SE (2nd Gen),2026-02-22T17:14:40.506356+00:00,259.68,amazon,2026-05-17T17:14:40.581173+00:00,seed (simulated history - replace with Keepa API)
B0D7Q7GDKP,Apple Watch SE (2nd Gen),2026-02-23T17:14:40.506356+00:00,263.86,amazon,2026-05-17T17:14:40.581195+00:00,seed (simulated history - replace with Keepa API)
B0D7Q7GDKP,Apple Watch SE (2nd Gen),2026-02-24T17:14:40.506356+00:00,251.62,amazon,2026-05-17T17:14:40.581217+00:00,seed (simulated history - replace with Keepa API)
B0D7Q7GDKP,Apple Watch SE (2nd Gen),2026-02-25T17:14:40.506356+00:00,246.77,amazon,2026-05-17T17:14:40.581238+00:00,seed (simulated history - replace with Keepa API)
B0D7Q7GDKP,Apple Watch SE (2nd Gen),2026-02-26T17:14:40.506356+00:00,251.05,amazon,2026-05-17T17:14:40.581260+00:00,seed (simulated history - replace with Keepa API)
B0D7Q7GDKP,Apple Watch SE (2nd Gen),2026-02-27T17:14:40.506356+00:00,247.27,amazon,2026-05-17T17:14:40.581282+00:00,seed (simulated history - replace with Keepa API)
B0D7Q7GDKP,Apple Watch SE (2nd Gen),2026-02-28T17:14:40.506356+00:00,257.7,amazon,2026-05-17T17:14:40.581301+00:00,seed (simulated history - replace with Keepa API)
B0D7Q7GDKP,Apple Watch SE (2nd Gen),2026-03-01T17:14:40.506356+00:00,253.89,amazon,2026-05-17T17:14:40.581328+00:00,seed (simulated history - replace with Keepa API)
B0D7Q7GDKP,Apple Watch SE (2nd Gen),2026-03-02T17:14:40.506356+00:00,245.46,amazon,2026-05-17T17:14:40.581349+00:00,seed (simulated history - replace with Keepa API)
B0D7Q7GDKP,Apple Watch SE (2nd Gen),2026-03-03T17:14:40.506356+00:00,254.03,amazon,2026-05-17T17:14:40.581371+00:00,seed (simulated history - replace with Keepa API)
B0D7Q7GDKP,Apple Watch SE (2nd Gen),2026-03-04T17:14:40.506356+00:00,197.37,amazon,2026-05-17T17:14:40.581408+00:00,seed (simulated history - replace with Keepa API)
B0D7Q7GDKP,Apple Watch SE (2nd Gen),2026-03-05T17:14:40.506356+00:00,248.29,amazon,2026-05-17T17:14:40.581430+00:00,seed (simulated history - replace with Keepa API)
B0D7Q7GDKP,Apple Watch SE (2nd Gen),2026-03-06T17:14:40.506356+00:00,252.13,amazon,2026-05-17T17:14:40.581456+00:00,seed (simulated history - replace with Keepa API)
B0D7Q7GDKP,Apple Watch SE (2nd Gen),2026-03-07T17:14:40.506356+00:00,256.78,amazon,2026-05-17T17:14:40.581478+00:00,seed (simulated history - replace with Keepa API)
B0D7Q7GDKP,Apple Watch SE (2nd Gen),2026-03-08T17:14:40.506356+00:00,253.36,amazon,2026-05-17T17:14:40.581506+00:00,seed (simulated history - replace with Keepa API)
B0D7Q7GDKP,Apple Watch SE (2nd Gen),2026-03-09T17:14:40.506356+00:00,243.72,amazon,2026-05-17T17:14:40.581528+00:00,seed (simulated history - replace with Keepa API)
B0D7Q7GDKP,Apple Watch SE (2nd Gen),2026-03-10T17:14:40.506356+00:00,200.44,amazon,2026-05-17T17:14:40.581637+00:00,seed (simulated history - replace with Keepa API)
B0D7Q7GDKP,Apple Watch SE (2nd Gen),2026-03-11T17:14:40.506356+00:00,258.58,amazon,2026-05-17T17:14:40.581665+00:00,seed (simulated history - replace with Keepa API)
B0D7Q7GDKP,Apple Watch SE (2nd Gen),2026-03-12T17:14:40.506356+00:00,257.13,amazon,2026-05-17T17:14:40.581687+00:00,seed (simulated history - replace with Keepa API)
B0D7Q7GDKP,Apple Watch SE (2nd Gen),2026-03-13T17:14:40.506356+00:00,252.31,amazon,2026-05-17T17:14:40.581716+00:00,seed (simulated history - replace with Keepa API)
B0D7Q7GDKP,Apple Watch SE (2nd Gen),2026-03-14T17:14:40.506356+00:00,240.4,amazon,2026-05-17T17:14:40.581738+00:00,seed (simulated history - replace with Keepa API)
B0D7Q7GDKP,Apple Watch SE (2nd Gen),2026-03-15T17:14:40.506356+00:00,232.21,amazon,2026-05-17T17:14:40.581760+00:00,seed (simulated history - replace with Keepa API)
B0D7Q7GDKP,Apple Watch SE (2nd Gen),2026-03-16T17:14:40.506356+00:00,258.42,amazon,2026-05-17T17:14:40.581781+00:00,seed (simulated history - replace with Keepa API)
B0D7Q7GDKP,Apple Watch SE (2nd Gen),2026-03-17T17:14:40.506356+00:00,260.18,amazon,2026-05-17T17:14:40.581803+00:00,seed (simulated history - replace with Keepa API)
B0D7Q7GDKP,Apple Watch SE (2nd Gen),2026-03-18T17:14:40.506356+00:00,245.44,amazon,2026-05-17T17:14:40.581824+00:00,seed (simulated history - replace with Keepa API)
B0D7Q7GDKP,Apple Watch SE (2nd Gen),2026-03-19T17:14:40.506356+00:00,184.87,amazon,2026-05-17T17:14:40.581857+00:00,seed (simulated history - replace with Keepa API)
B0D7Q7GDKP,Apple Watch SE (2nd Gen),2026-03-20T17:14:40.506356+00:00,247.32,amazon,2026-05-17T17:14:40.581879+00:00,seed (simulated history - replace with Keepa API)
B0D7Q7GDKP,Apple Watch SE (2nd Gen),2026-03-21T17:14:40.506356+00:00,178.91,amazon,2026-05-17T17:14:40.581914+00:00,seed (simulated history - replace with Keepa API)
B0D7Q7GDKP,Apple Watch SE (2nd Gen),2026-03-22T17:14:40.506356+00:00,244.43,amazon,2026-05-17T17:14:40.581936+00:00,seed (simulated history - replace with Keepa API)
B0D7Q7GDKP,Apple Watch SE (2nd Gen),2026-03-23T17:14:40.506356+00:00,246.21,amazon,2026-05-17T17:14:40.581958+00:00,seed (simulated history - replace with Keepa API)
B0D7Q7GDKP,Apple Watch SE (2nd Gen),2026-03-24T17:14:40.506356+00:00,245.21,amazon,2026-05-17T17:14:40.581987+00:00,seed (simulated history - replace with Keepa API)
B0D7Q7GDKP,Apple Watch SE (2nd Gen),2026-03-25T17:14:40.506356+00:00,191.08,amazon,2026-05-17T17:14:40.582033+00:00,seed (simulated history - replace with Keepa API)
B0D7Q7GDKP,Apple Watch SE (2nd Gen),2026-03-26T17:14:40.506356+00:00,248.21,amazon,2026-05-17T17:14:40.582053+00:00,seed (simulated history - replace with Keepa API)
B0D7Q7GDKP,Apple Watch SE (2nd Gen),2026-03-27T17:14:40.506356+00:00,185.43,amazon,2026-05-17T17:14:40.582075+00:00,seed (simulated history - replace with Keepa API)
B0D7Q7GDKP,Apple Watch SE (2nd Gen),2026-03-28T17:14:40.506356+00:00,245.93,amazon,2026-05-17T17:14:40.582094+00:00,seed (simulated history - replace with Keepa API)
B0D7Q7GDKP,Apple Watch SE (2nd Gen),2026-03-29T17:14:40.506356+00:00,249.72,amazon,2026-05-17T17:14:40.582111+00:00,seed (simulated history - replace with Keepa API)
B0D7Q7GDKP,Apple Watch SE (2nd Gen),2026-03-30T17:14:40.506356+00:00,245.24,amazon,2026-05-17T17:14:40.582127+00:00,seed (simulated history - replace with Keepa API)
B0D7Q7GDKP,Apple Watch SE (2nd Gen),2026-03-31T17:14:40.506356+00:00,236.05,amazon,2026-05-17T17:14:40.582144+00:00,seed (simulated history - replace with Keepa API)
B0D7Q7GDKP,Apple Watch SE (2nd Gen),2026-04-01T17:14:40.506356+00:00,251.55,amazon,2026-05-17T17:14:40.582171+00:00,seed (simulated history - replace with Keepa API)
B0D7Q7GDKP,Apple Watch SE (2nd Gen),2026-04-02T17:14:40.506356+00:00,247.19,amazon,2026-05-17T17:14:40.582190+00:00,seed (simulated history - replace with Keepa API)
B0D7Q7GDKP,Apple Watch SE (2nd Gen),2026-04-03T17:14:40.506356+00:00,254.83,amazon,2026-05-17T17:14:40.582208+00:00,seed (simulated history - replace with Keepa API)
B0D7Q7GDKP,Apple Watch SE (2nd Gen),2026-04-04T17:14:40.506356+00:00,258.04,amazon,2026-05-17T17:14:40.582225+00:00,seed (simulated history - replace with Keepa API)
B0D7Q7GDKP,Apple Watch SE (2nd Gen),2026-04-05T17:14:40.506356+00:00,246.99,amazon,2026-05-17T17:14:40.582243+00:00,seed (simulated history - replace with Keepa API)
B0D7Q7GDKP,Apple Watch SE (2nd Gen),2026-04-06T17:14:40.506356+00:00,253.75,amazon,2026-05-17T17:14:40.582260+00:00,seed (simulated history - replace with Keepa API)
B0D7Q7GDKP,Apple Watch SE (2nd Gen),2026-04-07T17:14:40.506356+00:00,244.9,amazon,2026-05-17T17:14:40.582277+00:00,seed (simulated history - replace with Keepa API)
B0D7Q7GDKP,Apple Watch SE (2nd Gen),2026-04-08T17:14:40.506356+00:00,234.17,amazon,2026-05-17T17:14:40.582294+00:00,seed (simulated history - replace with Keepa API)
B0D7Q7GDKP,Apple Watch SE (2nd Gen),2026-04-09T17:14:40.506356+00:00,244.44,amazon,2026-05-17T17:14:40.582321+00:00,seed (simulated history - replace with Keepa API)
B0D7Q7GDKP,Apple Watch SE (2nd Gen),2026-04-10T17:14:40.506356+00:00,254.06,amazon,2026-05-17T17:14:40.582338+00:00,seed (simulated history - replace with Keepa API)
B0D7Q7GDKP,Apple Watch SE (2nd Gen),2026-04-11T17:14:40.506356+00:00,243.21,amazon,2026-05-17T17:14:40.582356+00:00,seed (simulated history - replace with Keepa API)
B0D7Q7GDKP,Apple Watch SE (2nd Gen),2026-04-12T17:14:40.506356+00:00,234.57,amazon,2026-05-17T17:14:40.582373+00:00,seed (simulated history - replace with Keepa API)
B0D7Q7GDKP,Apple Watch SE (2nd Gen),2026-04-13T17:14:40.506356+00:00,243.95,amazon,2026-05-17T17:14:40.582390+00:00,seed (simulated history - replace with Keepa API)
B0D7Q7GDKP,Apple Watch SE (2nd Gen),2026-04-14T17:14:40.506356+00:00,250.88,amazon,2026-05-17T17:14:40.582406+00:00,seed (simulated history - replace with Keepa API)
B0D7Q7GDKP,Apple Watch SE (2nd Gen),2026-04-15T17:14:40.506356+00:00,240.14,amazon,2026-05-17T17:14:40.582426+00:00,seed (simulated history - replace with Keepa API)
B0D7Q7GDKP,Apple Watch SE (2nd Gen),2026-04-16T17:14:40.506356+00:00,247.72,amazon,2026-05-17T17:14:40.582447+00:00,seed (simulated history - replace with Keepa API)
B0D7Q7GDKP,Apple Watch SE (2nd Gen),2026-04-17T17:14:40.506356+00:00,247.73,amazon,2026-05-17T17:14:40.582469+00:00,seed (simulated history - replace with Keepa API)
B0D7Q7GDKP,Apple Watch SE (2nd Gen),2026-04-18T17:14:40.506356+00:00,261.68,amazon,2026-05-17T17:14:40.582501+00:00,seed (simulated history - replace with Keepa API)
B0D7Q7GDKP,Apple Watch SE (2nd Gen),2026-04-19T17:14:40.506356+00:00,198.12,amazon,2026-05-17T17:14:40.582565+00:00,seed (simulated history - replace with Keepa API)
B0D7Q7GDKP,Apple Watch SE (2nd Gen),2026-04-20T17:14:40.506356+00:00,241.94,amazon,2026-05-17T17:14:40.582591+00:00,seed (simulated history - replace with Keepa API)
B0D7Q7GDKP,Apple Watch SE (2nd Gen),2026-04-21T17:14:40.506356+00:00,253.54,amazon,2026-05-17T17:14:40.582621+00:00,seed (simulated history - replace with Keepa API)
B0D7Q7GDKP,Apple Watch SE (2nd Gen),2026-04-22T17:14:40.506356+00:00,241.51,amazon,2026-05-17T17:14:40.582688+00:00,seed (simulated history - replace with Keepa API)
B0D7Q7GDKP,Apple Watch SE (2nd Gen),2026-04-23T17:14:40.506356+00:00,243.38,amazon,2026-05-17T17:14:40.582726+00:00,seed (simulated history - replace with Keepa API)
B0D7Q7GDKP,Apple Watch SE (2nd Gen),2026-04-24T17:14:40.506356+00:00,256.29,amazon,2026-05-17T17:14:40.582750+00:00,seed (simulated history - replace with Keepa API)
B0D7Q7GDKP,Apple Watch SE (2nd Gen),2026-04-25T17:14:40.506356+00:00,252.85,amazon,2026-05-17T17:14:40.582771+00:00,seed (simulated history - replace with Keepa API)
B0D7Q7GDKP,Apple Watch SE (2nd Gen),2026-04-26T17:14:40.506356+00:00,240.76,amazon,2026-05-17T17:14:40.582799+00:00,seed (simulated history - replace with Keepa API)
B0D7Q7GDKP,Apple Watch SE (2nd Gen),2026-04-27T17:14:40.506356+00:00,246.53,amazon,2026-05-17T17:14:40.582817+00:00,seed (simulated history - replace with Keepa API)
B0D7Q7GDKP,Apple Watch SE (2nd Gen),2026-04-28T17:14:40.506356+00:00,240.06,amazon,2026-05-17T17:14:40.582838+00:00,seed (simulated history - replace with Keepa API)
B0D7Q7GDKP,Apple Watch SE (2nd Gen),2026-04-29T17:14:40.506356+00:00,255.68,amazon,2026-05-17T17:14:40.582861+00:00,seed (simulated history - replace with Keepa API)
B0D7Q7GDKP,Apple Watch SE (2nd Gen),2026-04-30T17:14:40.506356+00:00,255.67,amazon,2026-05-17T17:14:40.582877+00:00,seed (simulated history - replace with Keepa API)
B0D7Q7GDKP,Apple Watch SE (2nd Gen),2026-05-01T17:14:40.506356+00:00,262.67,amazon,2026-05-17T17:14:40.582894+00:00,seed (simulated history - replace with Keepa API)
B0D7Q7GDKP,Apple Watch SE (2nd Gen),2026-05-02T17:14:40.506356+00:00,266.04,amazon,2026-05-17T17:14:40.582914+00:00,seed (simulated history - replace with Keepa API)
B0D7Q7GDKP,Apple Watch SE (2nd Gen),2026-05-03T17:14:40.506356+00:00,244.39,amazon,2026-05-17T17:14:40.582932+00:00,seed (simulated history - replace with Keepa API)
B0D7Q7GDKP,Apple Watch SE (2nd Gen),2026-05-04T17:14:40.506356+00:00,254.32,amazon,2026-05-17T17:14:40.582954+00:00,seed (simulated history - replace with Keepa API)
B0D7Q7GDKP,Apple Watch SE (2nd Gen),2026-05-05T17:14:40.506356+00:00,234.93,amazon,2026-05-17T17:14:40.582976+00:00,seed (simulated history - replace with Keepa API)
B0D7Q7GDKP,Apple Watch SE (2nd Gen),2026-05-06T17:14:40.506356+00:00,250.38,amazon,2026-05-17T17:14:40.583028+00:00,seed (simulated history - replace with Keepa API)
B0D7Q7GDKP,Apple Watch SE (2nd Gen),2026-05-07T17:14:40.506356+00:00,252.18,amazon,2026-05-17T17:14:40.583049+00:00,seed (simulated history - replace with Keepa API)
B0D7Q7GDKP,Apple Watch SE (2nd Gen),2026-05-08T17:14:40.506356+00:00,241.89,amazon,2026-05-17T17:14:40.583073+00:00,seed (simulated history - replace with Keepa API)
B0D7Q7GDKP,Apple Watch SE (2nd Gen),2026-05-09T17:14:40.506356+00:00,243.94,amazon,2026-05-17T17:14:40.583095+00:00,seed (simulated history - replace with Keepa API)
B0D7Q7GDKP,Apple Watch SE (2nd Gen),2026-05-10T17:14:40.506356+00:00,255.73,amazon,2026-05-17T17:14:40.583112+00:00,seed (simulated history - replace with Keepa API)
B0D7Q7GDKP,Apple Watch SE (2nd Gen),2026-05-11T17:14:40.506356+00:00,252.37,amazon,2026-05-17T17:14:40.583128+00:00,seed (simulated history - replace with Keepa API)
B0D7Q7GDKP,Apple Watch SE (2nd Gen),2026-05-12T17:14:40.506356+00:00,261.45,amazon,2026-05-17T17:14:40.583143+00:00,seed (simulated history - replace with Keepa API)
B0D7Q7GDKP,Apple Watch SE (2nd Gen),2026-05-13T17:14:40.506356+00:00,260.38,amazon,2026-05-17T17:14:40.583158+00:00,seed (simulated history - replace with Keepa API)
B0D7Q7GDKP,Apple Watch SE (2nd Gen),2026-05-14T17:14:40.506356+00:00,236.63,amazon,2026-05-17T17:14:40.583173+00:00,seed (simulated history - replace with Keepa API)
B0D7Q7GDKP,Apple Watch SE (2nd Gen),2026-05-15T17:14:40.506356+00:00,245.08,amazon,2026-05-17T17:14:40.583189+00:00,seed (simulated history - replace with Keepa API)
B0D7Q7GDKP,Apple Watch SE (2nd Gen),2026-05-16T17:14:40.506356+00:00,241.16,amazon,2026-05-17T17:14:40.583204+00:00,seed (simulated history - replace with Keepa API)
B0D7Q7GDKP,Apple Watch SE (2nd Gen),2026-05-17T17:14:40.506356+00:00,254.66,amazon,2026-05-17T17:14:40.583220+00:00,seed (simulated history - replace with Keepa API)
B0DHTYW7P8,Apple Watch Series 10,2025-11-18T17:14:40.506356+00:00,402.4,amazon,2026-05-17T17:14:40.584628+00:00,seed (simulated history - replace with Keepa API)
B0DHTYW7P8,Apple Watch Series 10,2025-11-19T17:14:40.506356+00:00,288.69,amazon,2026-05-17T17:14:40.584683+00:00,seed (simulated history - replace with Keepa API)
B0DHTYW7P8,Apple Watch Series 10,2025-11-20T17:14:40.506356+00:00,295.82,amazon,2026-05-17T17:14:40.584707+00:00,seed (simulated history - replace with Keepa API)
B0DHTYW7P8,Apple Watch Series 10,2025-11-21T17:14:40.506356+00:00,273.94,amazon,2026-05-17T17:14:40.584727+00:00,seed (simulated history - replace with Keepa API)
B0DHTYW7P8,Apple Watch Series 10,2025-11-22T17:14:40.506356+00:00,296.75,amazon,2026-05-17T17:14:40.584752+00:00,seed (simulated history - replace with Keepa API)
B0DHTYW7P8,Apple Watch Series 10,2025-11-23T17:14:40.506356+00:00,305.64,amazon,2026-05-17T17:14:40.584772+00:00,seed (simulated history - replace with Keepa API)
B0DHTYW7P8,Apple Watch Series 10,2025-11-24T17:14:40.506356+00:00,295.46,amazon,2026-05-17T17:14:40.584791+00:00,seed (simulated history - replace with Keepa API)
B0DHTYW7P8,Apple Watch Series 10,2025-11-25T17:14:40.506356+00:00,298.98,amazon,2026-05-17T17:14:40.584874+00:00,seed (simulated history - replace with Keepa API)
B0DHTYW7P8,Apple Watch Series 10,2025-11-26T17:14:40.506356+00:00,297.03,amazon,2026-05-17T17:14:40.584900+00:00,seed (simulated history - replace with Keepa API)
B0DHTYW7P8,Apple Watch Series 10,2025-11-27T17:14:40.506356+00:00,295.4,amazon,2026-05-17T17:14:40.584921+00:00,seed (simulated history - replace with Keepa API)
B0DHTYW7P8,Apple Watch Series 10,2025-11-28T17:14:40.506356+00:00,300.16,amazon,2026-05-17T17:14:40.584939+00:00,seed (simulated history - replace with Keepa API)
B0DHTYW7P8,Apple Watch Series 10,2025-11-29T17:14:40.506356+00:00,295.99,amazon,2026-05-17T17:14:40.584958+00:00,seed (simulated history - replace with Keepa API)
B0DHTYW7P8,Apple Watch Series 10,2025-11-30T17:14:40.506356+00:00,316.53,amazon,2026-05-17T17:14:40.584978+00:00,seed (simulated history - replace with Keepa API)
B0DHTYW7P8,Apple Watch Series 10,2025-12-01T17:14:40.506356+00:00,372.59,amazon,2026-05-17T17:14:40.585019+00:00,seed (simulated history - replace with Keepa API)
B0DHTYW7P8,Apple Watch Series 10,2025-12-02T17:14:40.506356+00:00,411.06,amazon,2026-05-17T17:14:40.585041+00:00,seed (simulated history - replace with Keepa API)
B0DHTYW7P8,Apple Watch Series 10,2025-12-03T17:14:40.506356+00:00,383.98,amazon,2026-05-17T17:14:40.585060+00:00,seed (simulated history - replace with Keepa API)
B0DHTYW7P8,Apple Watch Series 10,2025-12-04T17:14:40.506356+00:00,401.21,amazon,2026-05-17T17:14:40.585081+00:00,seed (simulated history - replace with Keepa API)
B0DHTYW7P8,Apple Watch Series 10,2025-12-05T17:14:40.506356+00:00,410.23,amazon,2026-05-17T17:14:40.585101+00:00,seed (simulated history - replace with Keepa API)
B0DHTYW7P8,Apple Watch Series 10,2025-12-06T17:14:40.506356+00:00,379.03,amazon,2026-05-17T17:14:40.585122+00:00,seed (simulated history - replace with Keepa API)
B0DHTYW7P8,Apple Watch Series 10,2025-12-07T17:14:40.506356+00:00,411.67,amazon,2026-05-17T17:14:40.585142+00:00,seed (simulated history - replace with Keepa API)
B0DHTYW7P8,Apple Watch Series 10,2025-12-08T17:14:40.506356+00:00,404.28,amazon,2026-05-17T17:14:40.585168+00:00,seed (simulated history - replace with Keepa API)
B0DHTYW7P8,Apple Watch Series 10,2025-12-09T17:14:40.506356+00:00,390.22,amazon,2026-05-17T17:14:40.585189+00:00,seed (simulated history - replace with Keepa API)
B0DHTYW7P8,Apple Watch Series 10,2025-12-10T17:14:40.506356+00:00,406.22,amazon,2026-05-17T17:14:40.585210+00:00,seed (simulated history - replace with Keepa API)
B0DHTYW7P8,Apple Watch Series 10,2025-12-11T17:14:40.506356+00:00,402.57,amazon,2026-05-17T17:14:40.585230+00:00,seed (simulated history - replace with Keepa API)
B0DHTYW7P8,Apple Watch Series 10,2025-12-12T17:14:40.506356+00:00,403.4,amazon,2026-05-17T17:14:40.585249+00:00,seed (simulated history - replace with Keepa API)
B0DHTYW7P8,Apple Watch Series 10,2025-12-13T17:14:40.506356+00:00,339.17,amazon,2026-05-17T17:14:40.585283+00:00,seed (simulated history - replace with Keepa API)
B0DHTYW7P8,Apple Watch Series 10,2025-12-14T17:14:40.506356+00:00,406.81,amazon,2026-05-17T17:14:40.585304+00:00,seed (simulated history - replace with Keepa API)
B0DHTYW7P8,Apple Watch Series 10,2025-12-15T17:14:40.506356+00:00,385.38,amazon,2026-05-17T17:14:40.585324+00:00,seed (simulated history - replace with Keepa API)
B0DHTYW7P8,Apple Watch Series 10,2025-12-16T17:14:40.506356+00:00,412.95,amazon,2026-05-17T17:14:40.585383+00:00,seed (simulated history - replace with Keepa API)
B0DHTYW7P8,Apple Watch Series 10,2025-12-17T17:14:40.506356+00:00,384.09,amazon,2026-05-17T17:14:40.585421+00:00,seed (simulated history - replace with Keepa API)
B0DHTYW7P8,Apple Watch Series 10,2025-12-18T17:14:40.506356+00:00,389.9,amazon,2026-05-17T17:14:40.585443+00:00,seed (simulated history - replace with Keepa API)
B0DHTYW7P8,Apple Watch Series 10,2025-12-19T17:14:40.506356+00:00,402.44,amazon,2026-05-17T17:14:40.585462+00:00,seed (simulated history - replace with Keepa API)
B0DHTYW7P8,Apple Watch Series 10,2025-12-20T17:14:40.506356+00:00,297.75,amazon,2026-05-17T17:14:40.585497+00:00,seed (simulated history - replace with Keepa API)
B0DHTYW7P8,Apple Watch Series 10,2025-12-21T17:14:40.506356+00:00,402.31,amazon,2026-05-17T17:14:40.585517+00:00,seed (simulated history - replace with Keepa API)
B0DHTYW7P8,Apple Watch Series 10,2025-12-22T17:14:40.506356+00:00,413.01,amazon,2026-05-17T17:14:40.585555+00:00,seed (simulated history - replace with Keepa API)
B0DHTYW7P8,Apple Watch Series 10,2025-12-23T17:14:40.506356+00:00,400.61,amazon,2026-05-17T17:14:40.585580+00:00,seed (simulated history - replace with Keepa API)
B0DHTYW7P8,Apple Watch Series 10,2025-12-24T17:14:40.506356+00:00,388.69,amazon,2026-05-17T17:14:40.585597+00:00,seed (simulated history - replace with Keepa API)
B0DHTYW7P8,Apple Watch Series 10,2025-12-25T17:14:40.506356+00:00,399.36,amazon,2026-05-17T17:14:40.585613+00:00,seed (simulated history - replace with Keepa API)
B0DHTYW7P8,Apple Watch Series 10,2025-12-26T17:14:40.506356+00:00,380.31,amazon,2026-05-17T17:14:40.585628+00:00,seed (simulated history - replace with Keepa API)
B0DHTYW7P8,Apple Watch Series 10,2025-12-27T17:14:40.506356+00:00,417.0,amazon,2026-05-17T17:14:40.585647+00:00,seed (simulated history - replace with Keepa API)
B0DHTYW7P8,Apple Watch Series 10,2025-12-28T17:14:40.506356+00:00,391.49,amazon,2026-05-17T17:14:40.585707+00:00,seed (simulated history - replace with Keepa API)
B0DHTYW7P8,Apple Watch Series 10,2025-12-29T17:14:40.506356+00:00,395.55,amazon,2026-05-17T17:14:40.585724+00:00,seed (simulated history - replace with Keepa API)
B0DHTYW7P8,Apple Watch Series 10,2025-12-30T17:14:40.506356+00:00,415.98,amazon,2026-05-17T17:14:40.585741+00:00,seed (simulated history - replace with Keepa API)
B0DHTYW7P8,Apple Watch Series 10,2025-12-31T17:14:40.506356+00:00,369.22,amazon,2026-05-17T17:14:40.585757+00:00,seed (simulated history - replace with Keepa API)
B0DHTYW7P8,Apple Watch Series 10,2026-01-01T17:14:40.506356+00:00,414.29,amazon,2026-05-17T17:14:40.585774+00:00,seed (simulated history - replace with Keepa API)
B0DHTYW7P8,Apple Watch Series 10,2026-01-02T17:14:40.506356+00:00,403.05,amazon,2026-05-17T17:14:40.585790+00:00,seed (simulated history - replace with Keepa API)
B0DHTYW7P8,Apple Watch Series 10,2026-01-03T17:14:40.506356+00:00,419.07,amazon,2026-05-17T17:14:40.585807+00:00,seed (simulated history - replace with Keepa API)
B0DHTYW7P8,Apple Watch Series 10,2026-01-04T17:14:40.506356+00:00,387.68,amazon,2026-05-17T17:14:40.585823+00:00,seed (simulated history - replace with Keepa API)
B0DHTYW7P8,Apple Watch Series 10,2026-01-05T17:14:40.506356+00:00,403.05,amazon,2026-05-17T17:14:40.585840+00:00,seed (simulated history - replace with Keepa API)
B0DHTYW7P8,Apple Watch Series 10,2026-01-06T17:14:40.506356+00:00,387.77,amazon,2026-05-17T17:14:40.585856+00:00,seed (simulated history - replace with Keepa API)
B0DHTYW7P8,Apple Watch Series 10,2026-01-07T17:14:40.506356+00:00,412.18,amazon,2026-05-17T17:14:40.585873+00:00,seed (simulated history - replace with Keepa API)
B0DHTYW7P8,Apple Watch Series 10,2026-01-08T17:14:40.506356+00:00,411.7,amazon,2026-05-17T17:14:40.585889+00:00,seed (simulated history - replace with Keepa API)
B0DHTYW7P8,Apple Watch Series 10,2026-01-09T17:14:40.506356+00:00,420.08,amazon,2026-05-17T17:14:40.585939+00:00,seed (simulated history - replace with Keepa API)
B0DHTYW7P8,Apple Watch Series 10,2026-01-10T17:14:40.506356+00:00,399.0,amazon,2026-05-17T17:14:40.585961+00:00,seed (simulated history - replace with Keepa API)
B0DHTYW7P8,Apple Watch Series 10,2026-01-11T17:14:40.506356+00:00,423.97,amazon,2026-05-17T17:14:40.585977+00:00,seed (simulated history - replace with Keepa API)
B0DHTYW7P8,Apple Watch Series 10,2026-01-12T17:14:40.506356+00:00,386.85,amazon,2026-05-17T17:14:40.586019+00:00,seed (simulated history - replace with Keepa API)
B0DHTYW7P8,Apple Watch Series 10,2026-01-13T17:14:40.506356+00:00,398.35,amazon,2026-05-17T17:14:40.586038+00:00,seed (simulated history - replace with Keepa API)
B0DHTYW7P8,Apple Watch Series 10,2026-01-14T17:14:40.506356+00:00,387.24,amazon,2026-05-17T17:14:40.586055+00:00,seed (simulated history - replace with Keepa API)
B0DHTYW7P8,Apple Watch Series 10,2026-01-15T17:14:40.506356+00:00,401.35,amazon,2026-05-17T17:14:40.586071+00:00,seed (simulated history - replace with Keepa API)
B0DHTYW7P8,Apple Watch Series 10,2026-01-16T17:14:40.506356+00:00,388.18,amazon,2026-05-17T17:14:40.586091+00:00,seed (simulated history - replace with Keepa API)
B0DHTYW7P8,Apple Watch Series 10,2026-01-17T17:14:40.506356+00:00,332.56,amazon,2026-05-17T17:14:40.586123+00:00,seed (simulated history - replace with Keepa API)
B0DHTYW7P8,Apple Watch Series 10,2026-01-18T17:14:40.506356+00:00,404.69,amazon,2026-05-17T17:14:40.586140+00:00,seed (simulated history - replace with Keepa API)
B0DHTYW7P8,Apple Watch Series 10,2026-01-19T17:14:40.506356+00:00,388.97,amazon,2026-05-17T17:14:40.586157+00:00,seed (simulated history - replace with Keepa API)
B0DHTYW7P8,Apple Watch Series 10,2026-01-20T17:14:40.506356+00:00,386.08,amazon,2026-05-17T17:14:40.586181+00:00,seed (simulated history - replace with Keepa API)
B0DHTYW7P8,Apple Watch Series 10,2026-01-21T17:14:40.506356+00:00,403.13,amazon,2026-05-17T17:14:40.586200+00:00,seed (simulated history - replace with Keepa API)
B0DHTYW7P8,Apple Watch Series 10,2026-01-22T17:14:40.506356+00:00,414.4,amazon,2026-05-17T17:14:40.586218+00:00,seed (simulated history - replace with Keepa API)
B0DHTYW7P8,Apple Watch Series 10,2026-01-23T17:14:40.506356+00:00,392.79,amazon,2026-05-17T17:14:40.586235+00:00,seed (simulated history - replace with Keepa API)
B0DHTYW7P8,Apple Watch Series 10,2026-01-24T17:14:40.506356+00:00,424.9,amazon,2026-05-17T17:14:40.586251+00:00,seed (simulated history - replace with Keepa API)
B0DHTYW7P8,Apple Watch Series 10,2026-01-25T17:14:40.506356+00:00,374.76,amazon,2026-05-17T17:14:40.586268+00:00,seed (simulated history - replace with Keepa API)
B0DHTYW7P8,Apple Watch Series 10,2026-01-26T17:14:40.506356+00:00,343.58,amazon,2026-05-17T17:14:40.586300+00:00,seed (simulated history - replace with Keepa API)
B0DHTYW7P8,Apple Watch Series 10,2026-01-27T17:14:40.506356+00:00,386.71,amazon,2026-05-17T17:14:40.586322+00:00,seed (simulated history - replace with Keepa API)
B0DHTYW7P8,Apple Watch Series 10,2026-01-28T17:14:40.506356+00:00,413.72,amazon,2026-05-17T17:14:40.586343+00:00,seed (simulated history - replace with Keepa API)
B0DHTYW7P8,Apple Watch Series 10,2026-01-29T17:14:40.506356+00:00,395.6,amazon,2026-05-17T17:14:40.586365+00:00,seed (simulated history - replace with Keepa API)
B0DHTYW7P8,Apple Watch Series 10,2026-01-30T17:14:40.506356+00:00,418.04,amazon,2026-05-17T17:14:40.586387+00:00,seed (simulated history - replace with Keepa API)
B0DHTYW7P8,Apple Watch Series 10,2026-01-31T17:14:40.506356+00:00,392.78,amazon,2026-05-17T17:14:40.586406+00:00,seed (simulated history - replace with Keepa API)
B0DHTYW7P8,Apple Watch Series 10,2026-02-01T17:14:40.506356+00:00,394.92,amazon,2026-05-17T17:14:40.586427+00:00,seed (simulated history - replace with Keepa API)
B0DHTYW7P8,Apple Watch Series 10,2026-02-02T17:14:40.506356+00:00,391.89,amazon,2026-05-17T17:14:40.586448+00:00,seed (simulated history - replace with Keepa API)
B0DHTYW7P8,Apple Watch Series 10,2026-02-03T17:14:40.506356+00:00,397.02,amazon,2026-05-17T17:14:40.586469+00:00,seed (simulated history - replace with Keepa API)
B0DHTYW7P8,Apple Watch Series 10,2026-02-04T17:14:40.506356+00:00,404.48,amazon,2026-05-17T17:14:40.586505+00:00,seed (simulated history - replace with Keepa API)
B0DHTYW7P8,Apple Watch Series 10,2026-02-05T17:14:40.506356+00:00,387.27,amazon,2026-05-17T17:14:40.586528+00:00,seed (simulated history - replace with Keepa API)
B0DHTYW7P8,Apple Watch Series 10,2026-02-06T17:14:40.506356+00:00,385.19,amazon,2026-05-17T17:14:40.586580+00:00,seed (simulated history - replace with Keepa API)
B0DHTYW7P8,Apple Watch Series 10,2026-02-07T17:14:40.506356+00:00,378.8,amazon,2026-05-17T17:14:40.586603+00:00,seed (simulated history - replace with Keepa API)
B0DHTYW7P8,Apple Watch Series 10,2026-02-08T17:14:40.506356+00:00,377.53,amazon,2026-05-17T17:14:40.586625+00:00,seed (simulated history - replace with Keepa API)
B0DHTYW7P8,Apple Watch Series 10,2026-02-09T17:14:40.506356+00:00,382.78,amazon,2026-05-17T17:14:40.586647+00:00,seed (simulated history - replace with Keepa API)
B0DHTYW7P8,Apple Watch Series 10,2026-02-10T17:14:40.506356+00:00,392.71,amazon,2026-05-17T17:14:40.586668+00:00,seed (simulated history - replace with Keepa API)
B0DHTYW7P8,Apple Watch Series 10,2026-02-11T17:14:40.506356+00:00,401.13,amazon,2026-05-17T17:14:40.586689+00:00,seed (simulated history - replace with Keepa API)
B0DHTYW7P8,Apple Watch Series 10,2026-02-12T17:14:40.506356+00:00,403.79,amazon,2026-05-17T17:14:40.586711+00:00,seed (simulated history - replace with Keepa API)
B0DHTYW7P8,Apple Watch Series 10,2026-02-13T17:14:40.506356+00:00,400.57,amazon,2026-05-17T17:14:40.586732+00:00,seed (simulated history - replace with Keepa API)
B0DHTYW7P8,Apple Watch Series 10,2026-02-14T17:14:40.506356+00:00,416.37,amazon,2026-05-17T17:14:40.586753+00:00,seed (simulated history - replace with Keepa API)
B0DHTYW7P8,Apple Watch Series 10,2026-02-15T17:14:40.506356+00:00,420.63,amazon,2026-05-17T17:14:40.586774+00:00,seed (simulated history - replace with Keepa API)
B0DHTYW7P8,Apple Watch Series 10,2026-02-16T17:14:40.506356+00:00,395.65,amazon,2026-05-17T17:14:40.586796+00:00,seed (simulated history - replace with Keepa API)
B0DHTYW7P8,Apple Watch Series 10,2026-02-17T17:14:40.506356+00:00,387.45,amazon,2026-05-17T17:14:40.586816+00:00,seed (simulated history - replace with Keepa API)
B0DHTYW7P8,Apple Watch Series 10,2026-02-18T17:14:40.506356+00:00,424.92,amazon,2026-05-17T17:14:40.586838+00:00,seed (simulated history - replace with Keepa API)
B0DHTYW7P8,Apple Watch Series 10,2026-02-19T17:14:40.506356+00:00,413.25,amazon,2026-05-17T17:14:40.586860+00:00,seed (simulated history - replace with Keepa API)
B0DHTYW7P8,Apple Watch Series 10,2026-02-20T17:14:40.506356+00:00,412.24,amazon,2026-05-17T17:14:40.586881+00:00,seed (simulated history - replace with Keepa API)
B0DHTYW7P8,Apple Watch Series 10,2026-02-21T17:14:40.506356+00:00,392.25,amazon,2026-05-17T17:14:40.586900+00:00,seed (simulated history - replace with Keepa API)
B0DHTYW7P8,Apple Watch Series 10,2026-02-22T17:14:40.506356+00:00,409.31,amazon,2026-05-17T17:14:40.586922+00:00,seed (simulated history - replace with Keepa API)
B0DHTYW7P8,Apple Watch Series 10,2026-02-23T17:14:40.506356+00:00,400.66,amazon,2026-05-17T17:14:40.586949+00:00,seed (simulated history - replace with Keepa API)
B0DHTYW7P8,Apple Watch Series 10,2026-02-24T17:14:40.506356+00:00,398.11,amazon,2026-05-17T17:14:40.587110+00:00,seed (simulated history - replace with Keepa API)
B0DHTYW7P8,Apple Watch Series 10,2026-02-25T17:14:40.506356+00:00,398.09,amazon,2026-05-17T17:14:40.587139+00:00,seed (simulated history - replace with Keepa API)
B0DHTYW7P8,Apple Watch Series 10,2026-02-26T17:14:40.506356+00:00,405.05,amazon,2026-05-17T17:14:40.587161+00:00,seed (simulated history - replace with Keepa API)
B0DHTYW7P8,Apple Watch Series 10,2026-02-27T17:14:40.506356+00:00,416.82,amazon,2026-05-17T17:14:40.587183+00:00,seed (simulated history - replace with Keepa API)
B0DHTYW7P8,Apple Watch Series 10,2026-02-28T17:14:40.506356+00:00,426.19,amazon,2026-05-17T17:14:40.587205+00:00,seed (simulated history - replace with Keepa API)
B0DHTYW7P8,Apple Watch Series 10,2026-03-01T17:14:40.506356+00:00,394.16,amazon,2026-05-17T17:14:40.587226+00:00,seed (simulated history - replace with Keepa API)
B0DHTYW7P8,Apple Watch Series 10,2026-03-02T17:14:40.506356+00:00,401.34,amazon,2026-05-17T17:14:40.587247+00:00,seed (simulated history - replace with Keepa API)
B0DHTYW7P8,Apple Watch Series 10,2026-03-03T17:14:40.506356+00:00,397.82,amazon,2026-05-17T17:14:40.587268+00:00,seed (simulated history - replace with Keepa API)
B0DHTYW7P8,Apple Watch Series 10,2026-03-04T17:14:40.506356+00:00,404.22,amazon,2026-05-17T17:14:40.587295+00:00,seed (simulated history - replace with Keepa API)
B0DHTYW7P8,Apple Watch Series 10,2026-03-05T17:14:40.506356+00:00,368.69,amazon,2026-05-17T17:14:40.587316+00:00,seed (simulated history - replace with Keepa API)
B0DHTYW7P8,Apple Watch Series 10,2026-03-06T17:14:40.506356+00:00,396.34,amazon,2026-05-17T17:14:40.587338+00:00,seed (simulated history - replace with Keepa API)
B0DHTYW7P8,Apple Watch Series 10,2026-03-07T17:14:40.506356+00:00,423.5,amazon,2026-05-17T17:14:40.587358+00:00,seed (simulated history - replace with Keepa API)
B0DHTYW7P8,Apple Watch Series 10,2026-03-08T17:14:40.506356+00:00,390.92,amazon,2026-05-17T17:14:40.587380+00:00,seed (simulated history - replace with Keepa API)
B0DHTYW7P8,Apple Watch Series 10,2026-03-09T17:14:40.506356+00:00,394.18,amazon,2026-05-17T17:14:40.587400+00:00,seed (simulated history - replace with Keepa API)
B0DHTYW7P8,Apple Watch Series 10,2026-03-10T17:14:40.506356+00:00,392.42,amazon,2026-05-17T17:14:40.587420+00:00,seed (simulated history - replace with Keepa API)
B0DHTYW7P8,Apple Watch Series 10,2026-03-11T17:14:40.506356+00:00,397.24,amazon,2026-05-17T17:14:40.587442+00:00,seed (simulated history - replace with Keepa API)
B0DHTYW7P8,Apple Watch Series 10,2026-03-12T17:14:40.506356+00:00,383.53,amazon,2026-05-17T17:14:40.587463+00:00,seed (simulated history - replace with Keepa API)
B0DHTYW7P8,Apple Watch Series 10,2026-03-13T17:14:40.506356+00:00,287.26,amazon,2026-05-17T17:14:40.587512+00:00,seed (simulated history - replace with Keepa API)
B0DHTYW7P8,Apple Watch Series 10,2026-03-14T17:14:40.506356+00:00,402.9,amazon,2026-05-17T17:14:40.587536+00:00,seed (simulated history - replace with Keepa API)
B0DHTYW7P8,Apple Watch Series 10,2026-03-15T17:14:40.506356+00:00,413.46,amazon,2026-05-17T17:14:40.587600+00:00,seed (simulated history - replace with Keepa API)
B0DHTYW7P8,Apple Watch Series 10,2026-03-16T17:14:40.506356+00:00,414.19,amazon,2026-05-17T17:14:40.587618+00:00,seed (simulated history - replace with Keepa API)
B0DHTYW7P8,Apple Watch Series 10,2026-03-17T17:14:40.506356+00:00,401.55,amazon,2026-05-17T17:14:40.587636+00:00,seed (simulated history - replace with Keepa API)
B0DHTYW7P8,Apple Watch Series 10,2026-03-18T17:14:40.506356+00:00,380.79,amazon,2026-05-17T17:14:40.587655+00:00,seed (simulated history - replace with Keepa API)
B0DHTYW7P8,Apple Watch Series 10,2026-03-19T17:14:40.506356+00:00,419.91,amazon,2026-05-17T17:14:40.587671+00:00,seed (simulated history - replace with Keepa API)
B0DHTYW7P8,Apple Watch Series 10,2026-03-20T17:14:40.506356+00:00,382.91,amazon,2026-05-17T17:14:40.587688+00:00,seed (simulated history - replace with Keepa API)
B0DHTYW7P8,Apple Watch Series 10,2026-03-21T17:14:40.506356+00:00,405.05,amazon,2026-05-17T17:14:40.587704+00:00,seed (simulated history - replace with Keepa API)
B0DHTYW7P8,Apple Watch Series 10,2026-03-22T17:14:40.506356+00:00,415.76,amazon,2026-05-17T17:14:40.587721+00:00,seed (simulated history - replace with Keepa API)
B0DHTYW7P8,Apple Watch Series 10,2026-03-23T17:14:40.506356+00:00,405.63,amazon,2026-05-17T17:14:40.587737+00:00,seed (simulated history - replace with Keepa API)
B0DHTYW7P8,Apple Watch Series 10,2026-03-24T17:14:40.506356+00:00,391.91,amazon,2026-05-17T17:14:40.587754+00:00,seed (simulated history - replace with Keepa API)
B0DHTYW7P8,Apple Watch Series 10,2026-03-25T17:14:40.506356+00:00,401.81,amazon,2026-05-17T17:14:40.587773+00:00,seed (simulated history - replace with Keepa API)
B0DHTYW7P8,Apple Watch Series 10,2026-03-26T17:14:40.506356+00:00,392.81,amazon,2026-05-17T17:14:40.587793+00:00,seed (simulated history - replace with Keepa API)
B0DHTYW7P8,Apple Watch Series 10,2026-03-27T17:14:40.506356+00:00,392.44,amazon,2026-05-17T17:14:40.587814+00:00,seed (simulated history - replace with Keepa API)
B0DHTYW7P8,Apple Watch Series 10,2026-03-28T17:14:40.506356+00:00,402.43,amazon,2026-05-17T17:14:40.587834+00:00,seed (simulated history - replace with Keepa API)
B0DHTYW7P8,Apple Watch Series 10,2026-03-29T17:14:40.506356+00:00,369.09,amazon,2026-05-17T17:14:40.587861+00:00,seed (simulated history - replace with Keepa API)
B0DHTYW7P8,Apple Watch Series 10,2026-03-30T17:14:40.506356+00:00,396.63,amazon,2026-05-17T17:14:40.587881+00:00,seed (simulated history - replace with Keepa API)
B0DHTYW7P8,Apple Watch Series 10,2026-03-31T17:14:40.506356+00:00,401.26,amazon,2026-05-17T17:14:40.587899+00:00,seed (simulated history - replace with Keepa API)
B0DHTYW7P8,Apple Watch Series 10,2026-04-01T17:14:40.506356+00:00,400.51,amazon,2026-05-17T17:14:40.587919+00:00,seed (simulated history - replace with Keepa API)
B0DHTYW7P8,Apple Watch Series 10,2026-04-02T17:14:40.506356+00:00,390.21,amazon,2026-05-17T17:14:40.587938+00:00,seed (simulated history - replace with Keepa API)
B0DHTYW7P8,Apple Watch Series 10,2026-04-03T17:14:40.506356+00:00,357.83,amazon,2026-05-17T17:14:40.587973+00:00,seed (simulated history - replace with Keepa API)
B0DHTYW7P8,Apple Watch Series 10,2026-04-04T17:14:40.506356+00:00,345.14,amazon,2026-05-17T17:14:40.588026+00:00,seed (simulated history - replace with Keepa API)
B0DHTYW7P8,Apple Watch Series 10,2026-04-05T17:14:40.506356+00:00,308.79,amazon,2026-05-17T17:14:40.588054+00:00,seed (simulated history - replace with Keepa API)
B0DHTYW7P8,Apple Watch Series 10,2026-04-06T17:14:40.506356+00:00,406.14,amazon,2026-05-17T17:14:40.588074+00:00,seed (simulated history - replace with Keepa API)
B0DHTYW7P8,Apple Watch Series 10,2026-04-07T17:14:40.506356+00:00,393.56,amazon,2026-05-17T17:14:40.588094+00:00,seed (simulated history - replace with Keepa API)
B0DHTYW7P8,Apple Watch Series 10,2026-04-08T17:14:40.506356+00:00,396.38,amazon,2026-05-17T17:14:40.588168+00:00,seed (simulated history - replace with Keepa API)
B0DHTYW7P8,Apple Watch Series 10,2026-04-09T17:14:40.506356+00:00,399.63,amazon,2026-05-17T17:14:40.588191+00:00,seed (simulated history - replace with Keepa API)
B0DHTYW7P8,Apple Watch Series 10,2026-04-10T17:14:40.506356+00:00,386.3,amazon,2026-05-17T17:14:40.588212+00:00,seed (simulated history - replace with Keepa API)
B0DHTYW7P8,Apple Watch Series 10,2026-04-11T17:14:40.506356+00:00,410.7,amazon,2026-05-17T17:14:40.588233+00:00,seed (simulated history - replace with Keepa API)
B0DHTYW7P8,Apple Watch Series 10,2026-04-12T17:14:40.506356+00:00,280.39,amazon,2026-05-17T17:14:40.588261+00:00,seed (simulated history - replace with Keepa API)
B0DHTYW7P8,Apple Watch Series 10,2026-04-13T17:14:40.506356+00:00,385.67,amazon,2026-05-17T17:14:40.588281+00:00,seed (simulated history - replace with Keepa API)
B0DHTYW7P8,Apple Watch Series 10,2026-04-14T17:14:40.506356+00:00,420.19,amazon,2026-05-17T17:14:40.588300+00:00,seed (simulated history - replace with Keepa API)
B0DHTYW7P8,Apple Watch Series 10,2026-04-15T17:14:40.506356+00:00,400.32,amazon,2026-05-17T17:14:40.588320+00:00,seed (simulated history - replace with Keepa API)
B0DHTYW7P8,Apple Watch Series 10,2026-04-16T17:14:40.506356+00:00,405.07,amazon,2026-05-17T17:14:40.588340+00:00,seed (simulated history - replace with Keepa API)
B0DHTYW7P8,Apple Watch Series 10,2026-04-17T17:14:40.506356+00:00,382.32,amazon,2026-05-17T17:14:40.588360+00:00,seed (simulated history - replace with Keepa API)
B0DHTYW7P8,Apple Watch Series 10,2026-04-18T17:14:40.506356+00:00,392.22,amazon,2026-05-17T17:14:40.588380+00:00,seed (simulated history - replace with Keepa API)
B0DHTYW7P8,Apple Watch Series 10,2026-04-19T17:14:40.506356+00:00,406.43,amazon,2026-05-17T17:14:40.588397+00:00,seed (simulated history - replace with Keepa API)
B0DHTYW7P8,Apple Watch Series 10,2026-04-20T17:14:40.506356+00:00,411.45,amazon,2026-05-17T17:14:40.588417+00:00,seed (simulated history - replace with Keepa API)
B0DHTYW7P8,Apple Watch Series 10,2026-04-21T17:14:40.506356+00:00,388.26,amazon,2026-05-17T17:14:40.588437+00:00,seed (simulated history - replace with Keepa API)
B0DHTYW7P8,Apple Watch Series 10,2026-04-22T17:14:40.506356+00:00,383.29,amazon,2026-05-17T17:14:40.588457+00:00,seed (simulated history - replace with Keepa API)
B0DHTYW7P8,Apple Watch Series 10,2026-04-23T17:14:40.506356+00:00,405.02,amazon,2026-05-17T17:14:40.588489+00:00,seed (simulated history - replace with Keepa API)
B0DHTYW7P8,Apple Watch Series 10,2026-04-24T17:14:40.506356+00:00,394.83,amazon,2026-05-17T17:14:40.588514+00:00,seed (simulated history - replace with Keepa API)
B0DHTYW7P8,Apple Watch Series 10,2026-04-25T17:14:40.506356+00:00,380.72,amazon,2026-05-17T17:14:40.588561+00:00,seed (simulated history - replace with Keepa API)
B0DHTYW7P8,Apple Watch Series 10,2026-04-26T17:14:40.506356+00:00,378.63,amazon,2026-05-17T17:14:40.588583+00:00,seed (simulated history - replace with Keepa API)
B0DHTYW7P8,Apple Watch Series 10,2026-04-27T17:14:40.506356+00:00,391.85,amazon,2026-05-17T17:14:40.588604+00:00,seed (simulated history - replace with Keepa API)
B0DHTYW7P8,Apple Watch Series 10,2026-04-28T17:14:40.506356+00:00,411.9,amazon,2026-05-17T17:14:40.588623+00:00,seed (simulated history - replace with Keepa API)
B0DHTYW7P8,Apple Watch Series 10,2026-04-29T17:14:40.506356+00:00,413.38,amazon,2026-05-17T17:14:40.588643+00:00,seed (simulated history - replace with Keepa API)
B0DHTYW7P8,Apple Watch Series 10,2026-04-30T17:14:40.506356+00:00,402.39,amazon,2026-05-17T17:14:40.588663+00:00,seed (simulated history - replace with Keepa API)
B0DHTYW7P8,Apple Watch Series 10,2026-05-01T17:14:40.506356+00:00,400.91,amazon,2026-05-17T17:14:40.588683+00:00,seed (simulated history - replace with Keepa API)
B0DHTYW7P8,Apple Watch Series 10,2026-05-02T17:14:40.506356+00:00,394.62,amazon,2026-05-17T17:14:40.588703+00:00,seed (simulated history - replace with Keepa API)
B0DHTYW7P8,Apple Watch Series 10,2026-05-03T17:14:40.506356+00:00,372.55,amazon,2026-05-17T17:14:40.588721+00:00,seed (simulated history - replace with Keepa API)
B0DHTYW7P8,Apple Watch Series 10,2026-05-04T17:14:40.506356+00:00,412.22,amazon,2026-05-17T17:14:40.588740+00:00,seed (simulated history - replace with Keepa API)
B0DHTYW7P8,Apple Watch Series 10,2026-05-05T17:14:40.506356+00:00,403.77,amazon,2026-05-17T17:14:40.588760+00:00,seed (simulated history - replace with Keepa API)
B0DHTYW7P8,Apple Watch Series 10,2026-05-06T17:14:40.506356+00:00,389.08,amazon,2026-05-17T17:14:40.588780+00:00,seed (simulated history - replace with Keepa API)
B0DHTYW7P8,Apple Watch Series 10,2026-05-07T17:14:40.506356+00:00,415.38,amazon,2026-05-17T17:14:40.588800+00:00,seed (simulated history - replace with Keepa API)
B0DHTYW7P8,Apple Watch Series 10,2026-05-08T17:14:40.506356+00:00,385.01,amazon,2026-05-17T17:14:40.588819+00:00,seed (simulated history - replace with Keepa API)
B0DHTYW7P8,Apple Watch Series 10,2026-05-09T17:14:40.506356+00:00,412.68,amazon,2026-05-17T17:14:40.588837+00:00,seed (simulated history - replace with Keepa API)
B0DHTYW7P8,Apple Watch Series 10,2026-05-10T17:14:40.506356+00:00,378.26,amazon,2026-05-17T17:14:40.588857+00:00,seed (simulated history - replace with Keepa API)
B0DHTYW7P8,Apple Watch Series 10,2026-05-11T17:14:40.506356+00:00,429.76,amazon,2026-05-17T17:14:40.588877+00:00,seed (simulated history - replace with Keepa API)
B0DHTYW7P8,Apple Watch Series 10,2026-05-12T17:14:40.506356+00:00,382.74,amazon,2026-05-17T17:14:40.588896+00:00,seed (simulated history - replace with Keepa API)
B0DHTYW7P8,Apple Watch Series 10,2026-05-13T17:14:40.506356+00:00,413.42,amazon,2026-05-17T17:14:40.588921+00:00,seed (simulated history - replace with Keepa API)
B0DHTYW7P8,Apple Watch Series 10,2026-05-14T17:14:40.506356+00:00,391.53,amazon,2026-05-17T17:14:40.588939+00:00,seed (simulated history - replace with Keepa API)
B0DHTYW7P8,Apple Watch Series 10,2026-05-15T17:14:40.506356+00:00,406.36,amazon,2026-05-17T17:14:40.588960+00:00,seed (simulated history - replace with Keepa API)
B0DHTYW7P8,Apple Watch Series 10,2026-05-16T17:14:40.506356+00:00,420.29,amazon,2026-05-17T17:14:40.588979+00:00,seed (simulated history - replace with Keepa API)
B0DHTYW7P8,Apple Watch Series 10,2026-05-17T17:14:40.506356+00:00,395.86,amazon,2026-05-17T17:14:40.589016+00:00,seed (simulated history - replace with Keepa API)
B0DKLHHMZ5,iPhone 16,2025-11-18T17:14:40.506356+00:00,857.52,amazon,2026-05-17T17:14:40.590390+00:00,seed (simulated history - replace with Keepa API)
B0DKLHHMZ5,iPhone 16,2025-11-19T17:14:40.506356+00:00,842.37,amazon,2026-05-17T17:14:40.590491+00:00,seed (simulated history - replace with Keepa API)
B0DKLHHMZ5,iPhone 16,2025-11-20T17:14:40.506356+00:00,563.91,amazon,2026-05-17T17:14:40.590524+00:00,seed (simulated history - replace with Keepa API)
B0DKLHHMZ5,iPhone 16,2025-11-21T17:14:40.506356+00:00,559.3,amazon,2026-05-17T17:14:40.590568+00:00,seed (simulated history - replace with Keepa API)
B0DKLHHMZ5,iPhone 16,2025-11-22T17:14:40.506356+00:00,598.48,amazon,2026-05-17T17:14:40.590591+00:00,seed (simulated history - replace with Keepa API)
B0DKLHHMZ5,iPhone 16,2025-11-23T17:14:40.506356+00:00,614.6,amazon,2026-05-17T17:14:40.590614+00:00,seed (simulated history - replace with Keepa API)
B0DKLHHMZ5,iPhone 16,2025-11-24T17:14:40.506356+00:00,602.2,amazon,2026-05-17T17:14:40.590634+00:00,seed (simulated history - replace with Keepa API)
B0DKLHHMZ5,iPhone 16,2025-11-25T17:14:40.506356+00:00,596.54,amazon,2026-05-17T17:14:40.590655+00:00,seed (simulated history - replace with Keepa API)
B0DKLHHMZ5,iPhone 16,2025-11-26T17:14:40.506356+00:00,568.11,amazon,2026-05-17T17:14:40.590676+00:00,seed (simulated history - replace with Keepa API)
B0DKLHHMZ5,iPhone 16,2025-11-27T17:14:40.506356+00:00,604.83,amazon,2026-05-17T17:14:40.590697+00:00,seed (simulated history - replace with Keepa API)
B0DKLHHMZ5,iPhone 16,2025-11-28T17:14:40.506356+00:00,581.11,amazon,2026-05-17T17:14:40.590717+00:00,seed (simulated history - replace with Keepa API)
B0DKLHHMZ5,iPhone 16,2025-11-29T17:14:40.506356+00:00,559.3,amazon,2026-05-17T17:14:40.590739+00:00,seed (simulated history - replace with Keepa API)
B0DKLHHMZ5,iPhone 16,2025-11-30T17:14:40.506356+00:00,627.88,amazon,2026-05-17T17:14:40.590759+00:00,seed (simulated history - replace with Keepa API)
B0DKLHHMZ5,iPhone 16,2025-12-01T17:14:40.506356+00:00,821.97,amazon,2026-05-17T17:14:40.590783+00:00,seed (simulated history - replace with Keepa API)
B0DKLHHMZ5,iPhone 16,2025-12-02T17:14:40.506356+00:00,582.64,amazon,2026-05-17T17:14:40.590834+00:00,seed (simulated history - replace with Keepa API)
B0DKLHHMZ5,iPhone 16,2025-12-03T17:14:40.506356+00:00,821.44,amazon,2026-05-17T17:14:40.590857+00:00,seed (simulated history - replace with Keepa API)
B0DKLHHMZ5,iPhone 16,2025-12-04T17:14:40.506356+00:00,803.43,amazon,2026-05-17T17:14:40.590878+00:00,seed (simulated history - replace with Keepa API)
B0DKLHHMZ5,iPhone 16,2025-12-05T17:14:40.506356+00:00,836.36,amazon,2026-05-17T17:14:40.590900+00:00,seed (simulated history - replace with Keepa API)
B0DKLHHMZ5,iPhone 16,2025-12-06T17:14:40.506356+00:00,788.48,amazon,2026-05-17T17:14:40.590921+00:00,seed (simulated history - replace with Keepa API)
B0DKLHHMZ5,iPhone 16,2025-12-07T17:14:40.506356+00:00,785.28,amazon,2026-05-17T17:14:40.590943+00:00,seed (simulated history - replace with Keepa API)
B0DKLHHMZ5,iPhone 16,2025-12-08T17:14:40.506356+00:00,780.06,amazon,2026-05-17T17:14:40.591066+00:00,seed (simulated history - replace with Keepa API)
B0DKLHHMZ5,iPhone 16,2025-12-09T17:14:40.506356+00:00,811.53,amazon,2026-05-17T17:14:40.591106+00:00,seed (simulated history - replace with Keepa API)
B0DKLHHMZ5,iPhone 16,2025-12-10T17:14:40.506356+00:00,755.02,amazon,2026-05-17T17:14:40.591128+00:00,seed (simulated history - replace with Keepa API)
B0DKLHHMZ5,iPhone 16,2025-12-11T17:14:40.506356+00:00,781.62,amazon,2026-05-17T17:14:40.591150+00:00,seed (simulated history - replace with Keepa API)
B0DKLHHMZ5,iPhone 16,2025-12-12T17:14:40.506356+00:00,803.79,amazon,2026-05-17T17:14:40.591172+00:00,seed (simulated history - replace with Keepa API)
B0DKLHHMZ5,iPhone 16,2025-12-13T17:14:40.506356+00:00,763.31,amazon,2026-05-17T17:14:40.591193+00:00,seed (simulated history - replace with Keepa API)
B0DKLHHMZ5,iPhone 16,2025-12-14T17:14:40.506356+00:00,801.26,amazon,2026-05-17T17:14:40.591214+00:00,seed (simulated history - replace with Keepa API)
B0DKLHHMZ5,iPhone 16,2025-12-15T17:14:40.506356+00:00,831.05,amazon,2026-05-17T17:14:40.591247+00:00,seed (simulated history - replace with Keepa API)
B0DKLHHMZ5,iPhone 16,2025-12-16T17:14:40.506356+00:00,827.35,amazon,2026-05-17T17:14:40.591268+00:00,seed (simulated history - replace with Keepa API)
B0DKLHHMZ5,iPhone 16,2025-12-17T17:14:40.506356+00:00,796.43,amazon,2026-05-17T17:14:40.591290+00:00,seed (simulated history - replace with Keepa API)
B0DKLHHMZ5,iPhone 16,2025-12-18T17:14:40.506356+00:00,822.96,amazon,2026-05-17T17:14:40.591311+00:00,seed (simulated history - replace with Keepa API)
B0DKLHHMZ5,iPhone 16,2025-12-19T17:14:40.506356+00:00,810.5,amazon,2026-05-17T17:14:40.591333+00:00,seed (simulated history - replace with Keepa API)
B0DKLHHMZ5,iPhone 16,2025-12-20T17:14:40.506356+00:00,803.77,amazon,2026-05-17T17:14:40.591354+00:00,seed (simulated history - replace with Keepa API)
B0DKLHHMZ5,iPhone 16,2025-12-21T17:14:40.506356+00:00,697.74,amazon,2026-05-17T17:14:40.591456+00:00,seed (simulated history - replace with Keepa API)
B0DKLHHMZ5,iPhone 16,2025-12-22T17:14:40.506356+00:00,790.28,amazon,2026-05-17T17:14:40.591497+00:00,seed (simulated history - replace with Keepa API)
B0DKLHHMZ5,iPhone 16,2025-12-23T17:14:40.506356+00:00,779.25,amazon,2026-05-17T17:14:40.591519+00:00,seed (simulated history - replace with Keepa API)
B0DKLHHMZ5,iPhone 16,2025-12-24T17:14:40.506356+00:00,781.76,amazon,2026-05-17T17:14:40.591561+00:00,seed (simulated history - replace with Keepa API)
B0DKLHHMZ5,iPhone 16,2025-12-25T17:14:40.506356+00:00,848.13,amazon,2026-05-17T17:14:40.591583+00:00,seed (simulated history - replace with Keepa API)
B0DKLHHMZ5,iPhone 16,2025-12-26T17:14:40.506356+00:00,799.02,amazon,2026-05-17T17:14:40.591600+00:00,seed (simulated history - replace with Keepa API)
B0DKLHHMZ5,iPhone 16,2025-12-27T17:14:40.506356+00:00,780.31,amazon,2026-05-17T17:14:40.591618+00:00,seed (simulated history - replace with Keepa API)
B0DKLHHMZ5,iPhone 16,2025-12-28T17:14:40.506356+00:00,824.94,amazon,2026-05-17T17:14:40.591636+00:00,seed (simulated history - replace with Keepa API)
B0DKLHHMZ5,iPhone 16,2025-12-29T17:14:40.506356+00:00,799.82,amazon,2026-05-17T17:14:40.591653+00:00,seed (simulated history - replace with Keepa API)
B0DKLHHMZ5,iPhone 16,2025-12-30T17:14:40.506356+00:00,801.67,amazon,2026-05-17T17:14:40.591671+00:00,seed (simulated history - replace with Keepa API)
B0DKLHHMZ5,iPhone 16,2025-12-31T17:14:40.506356+00:00,815.61,amazon,2026-05-17T17:14:40.591688+00:00,seed (simulated history - replace with Keepa API)
B0DKLHHMZ5,iPhone 16,2026-01-01T17:14:40.506356+00:00,816.61,amazon,2026-05-17T17:14:40.591705+00:00,seed (simulated history - replace with Keepa API)
B0DKLHHMZ5,iPhone 16,2026-01-02T17:14:40.506356+00:00,775.37,amazon,2026-05-17T17:14:40.591723+00:00,seed (simulated history - replace with Keepa API)
B0DKLHHMZ5,iPhone 16,2026-01-03T17:14:40.506356+00:00,792.19,amazon,2026-05-17T17:14:40.591739+00:00,seed (simulated history - replace with Keepa API)
B0DKLHHMZ5,iPhone 16,2026-01-04T17:14:40.506356+00:00,766.09,amazon,2026-05-17T17:14:40.591757+00:00,seed (simulated history - replace with Keepa API)
B0DKLHHMZ5,iPhone 16,2026-01-05T17:14:40.506356+00:00,807.42,amazon,2026-05-17T17:14:40.591773+00:00,seed (simulated history - replace with Keepa API)
B0DKLHHMZ5,iPhone 16,2026-01-06T17:14:40.506356+00:00,844.49,amazon,2026-05-17T17:14:40.591799+00:00,seed (simulated history - replace with Keepa API)
B0DKLHHMZ5,iPhone 16,2026-01-07T17:14:40.506356+00:00,776.28,amazon,2026-05-17T17:14:40.591816+00:00,seed (simulated history - replace with Keepa API)
B0DKLHHMZ5,iPhone 16,2026-01-08T17:14:40.506356+00:00,762.02,amazon,2026-05-17T17:14:40.591833+00:00,seed (simulated history - replace with Keepa API)
B0DKLHHMZ5,iPhone 16,2026-01-09T17:14:40.506356+00:00,783.83,amazon,2026-05-17T17:14:40.591856+00:00,seed (simulated history - replace with Keepa API)
B0DKLHHMZ5,iPhone 16,2026-01-10T17:14:40.506356+00:00,793.34,amazon,2026-05-17T17:14:40.591885+00:00,seed (simulated history - replace with Keepa API)
B0DKLHHMZ5,iPhone 16,2026-01-11T17:14:40.506356+00:00,816.84,amazon,2026-05-17T17:14:40.591903+00:00,seed (simulated history - replace with Keepa API)
B0DKLHHMZ5,iPhone 16,2026-01-12T17:14:40.506356+00:00,790.87,amazon,2026-05-17T17:14:40.591923+00:00,seed (simulated history - replace with Keepa API)
B0DKLHHMZ5,iPhone 16,2026-01-13T17:14:40.506356+00:00,807.87,amazon,2026-05-17T17:14:40.591942+00:00,seed (simulated history - replace with Keepa API)
B0DKLHHMZ5,iPhone 16,2026-01-14T17:14:40.506356+00:00,787.09,amazon,2026-05-17T17:14:40.591961+00:00,seed (simulated history - replace with Keepa API)
B0DKLHHMZ5,iPhone 16,2026-01-15T17:14:40.506356+00:00,794.62,amazon,2026-05-17T17:14:40.591986+00:00,seed (simulated history - replace with Keepa API)
B0DKLHHMZ5,iPhone 16,2026-01-16T17:14:40.506356+00:00,779.56,amazon,2026-05-17T17:14:40.592017+00:00,seed (simulated history - replace with Keepa API)
B0DKLHHMZ5,iPhone 16,2026-01-17T17:14:40.506356+00:00,772.3,amazon,2026-05-17T17:14:40.592037+00:00,seed (simulated history - replace with Keepa API)
B0DKLHHMZ5,iPhone 16,2026-01-18T17:14:40.506356+00:00,817.77,amazon,2026-05-17T17:14:40.592057+00:00,seed (simulated history - replace with Keepa API)
B0DKLHHMZ5,iPhone 16,2026-01-19T17:14:40.506356+00:00,788.67,amazon,2026-05-17T17:14:40.592076+00:00,seed (simulated history - replace with Keepa API)
B0DKLHHMZ5,iPhone 16,2026-01-20T17:14:40.506356+00:00,809.66,amazon,2026-05-17T17:14:40.592095+00:00,seed (simulated history - replace with Keepa API)
B0DKLHHMZ5,iPhone 16,2026-01-21T17:14:40.506356+00:00,779.21,amazon,2026-05-17T17:14:40.592114+00:00,seed (simulated history - replace with Keepa API)
B0DKLHHMZ5,iPhone 16,2026-01-22T17:14:40.506356+00:00,799.17,amazon,2026-05-17T17:14:40.592133+00:00,seed (simulated history - replace with Keepa API)
B0DKLHHMZ5,iPhone 16,2026-01-23T17:14:40.506356+00:00,748.99,amazon,2026-05-17T17:14:40.592152+00:00,seed (simulated history - replace with Keepa API)
B0DKLHHMZ5,iPhone 16,2026-01-24T17:14:40.506356+00:00,790.37,amazon,2026-05-17T17:14:40.592172+00:00,seed (simulated history - replace with Keepa API)
B0DKLHHMZ5,iPhone 16,2026-01-25T17:14:40.506356+00:00,781.55,amazon,2026-05-17T17:14:40.592189+00:00,seed (simulated history - replace with Keepa API)
B0DKLHHMZ5,iPhone 16,2026-01-26T17:14:40.506356+00:00,827.59,amazon,2026-05-17T17:14:40.592209+00:00,seed (simulated history - replace with Keepa API)
B0DKLHHMZ5,iPhone 16,2026-01-27T17:14:40.506356+00:00,768.85,amazon,2026-05-17T17:14:40.592229+00:00,seed (simulated history - replace with Keepa API)
B0DKLHHMZ5,iPhone 16,2026-01-28T17:14:40.506356+00:00,795.59,amazon,2026-05-17T17:14:40.592247+00:00,seed (simulated history - replace with Keepa API)
B0DKLHHMZ5,iPhone 16,2026-01-29T17:14:40.506356+00:00,807.12,amazon,2026-05-17T17:14:40.592267+00:00,seed (simulated history - replace with Keepa API)
B0DKLHHMZ5,iPhone 16,2026-01-30T17:14:40.506356+00:00,823.68,amazon,2026-05-17T17:14:40.592291+00:00,seed (simulated history - replace with Keepa API)
B0DKLHHMZ5,iPhone 16,2026-01-31T17:14:40.506356+00:00,819.91,amazon,2026-05-17T17:14:40.592311+00:00,seed (simulated history - replace with Keepa API)
B0DKLHHMZ5,iPhone 16,2026-02-01T17:14:40.506356+00:00,797.45,amazon,2026-05-17T17:14:40.592329+00:00,seed (simulated history - replace with Keepa API)
B0DKLHHMZ5,iPhone 16,2026-02-02T17:14:40.506356+00:00,800.75,amazon,2026-05-17T17:14:40.592349+00:00,seed (simulated history - replace with Keepa API)
B0DKLHHMZ5,iPhone 16,2026-02-03T17:14:40.506356+00:00,827.57,amazon,2026-05-17T17:14:40.592367+00:00,seed (simulated history - replace with Keepa API)
B0DKLHHMZ5,iPhone 16,2026-02-04T17:14:40.506356+00:00,796.99,amazon,2026-05-17T17:14:40.592391+00:00,seed (simulated history - replace with Keepa API)
B0DKLHHMZ5,iPhone 16,2026-02-05T17:14:40.506356+00:00,803.28,amazon,2026-05-17T17:14:40.592413+00:00,seed (simulated history - replace with Keepa API)
B0DKLHHMZ5,iPhone 16,2026-02-06T17:14:40.506356+00:00,828.46,amazon,2026-05-17T17:14:40.592434+00:00,seed (simulated history - replace with Keepa API)
B0DKLHHMZ5,iPhone 16,2026-02-07T17:14:40.506356+00:00,858.57,amazon,2026-05-17T17:14:40.592454+00:00,seed (simulated history - replace with Keepa API)
B0DKLHHMZ5,iPhone 16,2026-02-08T17:14:40.506356+00:00,805.35,amazon,2026-05-17T17:14:40.592526+00:00,seed (simulated history - replace with Keepa API)
B0DKLHHMZ5,iPhone 16,2026-02-09T17:14:40.506356+00:00,811.78,amazon,2026-05-17T17:14:40.592571+00:00,seed (simulated history - replace with Keepa API)
B0DKLHHMZ5,iPhone 16,2026-02-10T17:14:40.506356+00:00,819.12,amazon,2026-05-17T17:14:40.592592+00:00,seed (simulated history - replace with Keepa API)
B0DKLHHMZ5,iPhone 16,2026-02-11T17:14:40.506356+00:00,828.2,amazon,2026-05-17T17:14:40.592611+00:00,seed (simulated history - replace with Keepa API)
B0DKLHHMZ5,iPhone 16,2026-02-12T17:14:40.506356+00:00,824.35,amazon,2026-05-17T17:14:40.592630+00:00,seed (simulated history - replace with Keepa API)
B0DKLHHMZ5,iPhone 16,2026-02-13T17:14:40.506356+00:00,785.3,amazon,2026-05-17T17:14:40.592649+00:00,seed (simulated history - replace with Keepa API)
B0DKLHHMZ5,iPhone 16,2026-02-14T17:14:40.506356+00:00,806.97,amazon,2026-05-17T17:14:40.592668+00:00,seed (simulated history - replace with Keepa API)
B0DKLHHMZ5,iPhone 16,2026-02-15T17:14:40.506356+00:00,824.53,amazon,2026-05-17T17:14:40.592689+00:00,seed (simulated history - replace with Keepa API)
B0DKLHHMZ5,iPhone 16,2026-02-16T17:14:40.506356+00:00,833.82,amazon,2026-05-17T17:14:40.592708+00:00,seed (simulated history - replace with Keepa API)
B0DKLHHMZ5,iPhone 16,2026-02-17T17:14:40.506356+00:00,795.64,amazon,2026-05-17T17:14:40.592727+00:00,seed (simulated history - replace with Keepa API)
B0DKLHHMZ5,iPhone 16,2026-02-18T17:14:40.506356+00:00,806.37,amazon,2026-05-17T17:14:40.592753+00:00,seed (simulated history - replace with Keepa API)
B0DKLHHMZ5,iPhone 16,2026-02-19T17:14:40.506356+00:00,809.16,amazon,2026-05-17T17:14:40.592773+00:00,seed (simulated history - replace with Keepa API)
B0DKLHHMZ5,iPhone 16,2026-02-20T17:14:40.506356+00:00,799.95,amazon,2026-05-17T17:14:40.592795+00:00,seed (simulated history - replace with Keepa API)
B0DKLHHMZ5,iPhone 16,2026-02-21T17:14:40.506356+00:00,805.74,amazon,2026-05-17T17:14:40.592815+00:00,seed (simulated history - replace with Keepa API)
B0DKLHHMZ5,iPhone 16,2026-02-22T17:14:40.506356+00:00,747.88,amazon,2026-05-17T17:14:40.592834+00:00,seed (simulated history - replace with Keepa API)
B0DKLHHMZ5,iPhone 16,2026-02-23T17:14:40.506356+00:00,876.74,amazon,2026-05-17T17:14:40.592854+00:00,seed (simulated history - replace with Keepa API)
B0DKLHHMZ5,iPhone 16,2026-02-24T17:14:40.506356+00:00,854.32,amazon,2026-05-17T17:14:40.592873+00:00,seed (simulated history - replace with Keepa API)
B0DKLHHMZ5,iPhone 16,2026-02-25T17:14:40.506356+00:00,794.65,amazon,2026-05-17T17:14:40.592893+00:00,seed (simulated history - replace with Keepa API)
B0DKLHHMZ5,iPhone 16,2026-02-26T17:14:40.506356+00:00,796.45,amazon,2026-05-17T17:14:40.592912+00:00,seed (simulated history - replace with Keepa API)
B0DKLHHMZ5,iPhone 16,2026-02-27T17:14:40.506356+00:00,759.74,amazon,2026-05-17T17:14:40.592931+00:00,seed (simulated history - replace with Keepa API)
B0DKLHHMZ5,iPhone 16,2026-02-28T17:14:40.506356+00:00,756.18,amazon,2026-05-17T17:14:40.592950+00:00,seed (simulated history - replace with Keepa API)
B0DKLHHMZ5,iPhone 16,2026-03-01T17:14:40.506356+00:00,810.91,amazon,2026-05-17T17:14:40.592974+00:00,seed (simulated history - replace with Keepa API)
B0DKLHHMZ5,iPhone 16,2026-03-02T17:14:40.506356+00:00,824.64,amazon,2026-05-17T17:14:40.593000+00:00,seed (simulated history - replace with Keepa API)
B0DKLHHMZ5,iPhone 16,2026-03-03T17:14:40.506356+00:00,819.57,amazon,2026-05-17T17:14:40.593031+00:00,seed (simulated history - replace with Keepa API)
B0DKLHHMZ5,iPhone 16,2026-03-04T17:14:40.506356+00:00,779.15,amazon,2026-05-17T17:14:40.593051+00:00,seed (simulated history - replace with Keepa API)
B0DKLHHMZ5,iPhone 16,2026-03-05T17:14:40.506356+00:00,818.01,amazon,2026-05-17T17:14:40.593070+00:00,seed (simulated history - replace with Keepa API)
B0DKLHHMZ5,iPhone 16,2026-03-06T17:14:40.506356+00:00,796.07,amazon,2026-05-17T17:14:40.593089+00:00,seed (simulated history - replace with Keepa API)
B0DKLHHMZ5,iPhone 16,2026-03-07T17:14:40.506356+00:00,790.12,amazon,2026-05-17T17:14:40.593114+00:00,seed (simulated history - replace with Keepa API)
B0DKLHHMZ5,iPhone 16,2026-03-08T17:14:40.506356+00:00,559.3,amazon,2026-05-17T17:14:40.593153+00:00,seed (simulated history - replace with Keepa API)
B0DKLHHMZ5,iPhone 16,2026-03-09T17:14:40.506356+00:00,810.48,amazon,2026-05-17T17:14:40.593174+00:00,seed (simulated history - replace with Keepa API)
B0DKLHHMZ5,iPhone 16,2026-03-10T17:14:40.506356+00:00,815.29,amazon,2026-05-17T17:14:40.593198+00:00,seed (simulated history - replace with Keepa API)
B0DKLHHMZ5,iPhone 16,2026-03-11T17:14:40.506356+00:00,802.58,amazon,2026-05-17T17:14:40.593217+00:00,seed (simulated history - replace with Keepa API)
B0DKLHHMZ5,iPhone 16,2026-03-12T17:14:40.506356+00:00,792.09,amazon,2026-05-17T17:14:40.593236+00:00,seed (simulated history - replace with Keepa API)
B0DKLHHMZ5,iPhone 16,2026-03-13T17:14:40.506356+00:00,799.81,amazon,2026-05-17T17:14:40.593256+00:00,seed (simulated history - replace with Keepa API)
B0DKLHHMZ5,iPhone 16,2026-03-14T17:14:40.506356+00:00,774.03,amazon,2026-05-17T17:14:40.593276+00:00,seed (simulated history - replace with Keepa API)
B0DKLHHMZ5,iPhone 16,2026-03-15T17:14:40.506356+00:00,833.89,amazon,2026-05-17T17:14:40.593295+00:00,seed (simulated history - replace with Keepa API)
B0DKLHHMZ5,iPhone 16,2026-03-16T17:14:40.506356+00:00,579.56,amazon,2026-05-17T17:14:40.593321+00:00,seed (simulated history - replace with Keepa API)
B0DKLHHMZ5,iPhone 16,2026-03-17T17:14:40.506356+00:00,829.03,amazon,2026-05-17T17:14:40.593341+00:00,seed (simulated history - replace with Keepa API)
B0DKLHHMZ5,iPhone 16,2026-03-18T17:14:40.506356+00:00,788.26,amazon,2026-05-17T17:14:40.593360+00:00,seed (simulated history - replace with Keepa API)
B0DKLHHMZ5,iPhone 16,2026-03-19T17:14:40.506356+00:00,801.48,amazon,2026-05-17T17:14:40.593379+00:00,seed (simulated history - replace with Keepa API)
B0DKLHHMZ5,iPhone 16,2026-03-20T17:14:40.506356+00:00,847.95,amazon,2026-05-17T17:14:40.593398+00:00,seed (simulated history - replace with Keepa API)
B0DKLHHMZ5,iPhone 16,2026-03-21T17:14:40.506356+00:00,805.65,amazon,2026-05-17T17:14:40.593419+00:00,seed (simulated history - replace with Keepa API)
B0DKLHHMZ5,iPhone 16,2026-03-22T17:14:40.506356+00:00,798.47,amazon,2026-05-17T17:14:40.593438+00:00,seed (simulated history - replace with Keepa API)
B0DKLHHMZ5,iPhone 16,2026-03-23T17:14:40.506356+00:00,779.51,amazon,2026-05-17T17:14:40.593458+00:00,seed (simulated history - replace with Keepa API)
B0DKLHHMZ5,iPhone 16,2026-03-24T17:14:40.506356+00:00,818.73,amazon,2026-05-17T17:14:40.593475+00:00,seed (simulated history - replace with Keepa API)
B0DKLHHMZ5,iPhone 16,2026-03-25T17:14:40.506356+00:00,631.24,amazon,2026-05-17T17:14:40.593504+00:00,seed (simulated history - replace with Keepa API)
B0DKLHHMZ5,iPhone 16,2026-03-26T17:14:40.506356+00:00,830.25,amazon,2026-05-17T17:14:40.593519+00:00,seed (simulated history - replace with Keepa API)
B0DKLHHMZ5,iPhone 16,2026-03-27T17:14:40.506356+00:00,786.41,amazon,2026-05-17T17:14:40.593602+00:00,seed (simulated history - replace with Keepa API)
B0DKLHHMZ5,iPhone 16,2026-03-28T17:14:40.506356+00:00,694.6,amazon,2026-05-17T17:14:40.593630+00:00,seed (simulated history - replace with Keepa API)
B0DKLHHMZ5,iPhone 16,2026-03-29T17:14:40.506356+00:00,780.26,amazon,2026-05-17T17:14:40.593652+00:00,seed (simulated history - replace with Keepa API)
B0DKLHHMZ5,iPhone 16,2026-03-30T17:14:40.506356+00:00,780.79,amazon,2026-05-17T17:14:40.593669+00:00,seed (simulated history - replace with Keepa API)
B0DKLHHMZ5,iPhone 16,2026-03-31T17:14:40.506356+00:00,756.55,amazon,2026-05-17T17:14:40.593685+00:00,seed (simulated history - replace with Keepa API)
B0DKLHHMZ5,iPhone 16,2026-04-01T17:14:40.506356+00:00,810.3,amazon,2026-05-17T17:14:40.593701+00:00,seed (simulated history - replace with Keepa API)
B0DKLHHMZ5,iPhone 16,2026-04-02T17:14:40.506356+00:00,749.25,amazon,2026-05-17T17:14:40.593727+00:00,seed (simulated history - replace with Keepa API)
B0DKLHHMZ5,iPhone 16,2026-04-03T17:14:40.506356+00:00,796.94,amazon,2026-05-17T17:14:40.593746+00:00,seed (simulated history - replace with Keepa API)
B0DKLHHMZ5,iPhone 16,2026-04-04T17:14:40.506356+00:00,795.4,amazon,2026-05-17T17:14:40.593764+00:00,seed (simulated history - replace with Keepa API)
B0DKLHHMZ5,iPhone 16,2026-04-05T17:14:40.506356+00:00,791.17,amazon,2026-05-17T17:14:40.593785+00:00,seed (simulated history - replace with Keepa API)
B0DKLHHMZ5,iPhone 16,2026-04-06T17:14:40.506356+00:00,810.13,amazon,2026-05-17T17:14:40.593805+00:00,seed (simulated history - replace with Keepa API)
B0DKLHHMZ5,iPhone 16,2026-04-07T17:14:40.506356+00:00,785.8,amazon,2026-05-17T17:14:40.593823+00:00,seed (simulated history - replace with Keepa API)
B0DKLHHMZ5,iPhone 16,2026-04-08T17:14:40.506356+00:00,803.34,amazon,2026-05-17T17:14:40.593840+00:00,seed (simulated history - replace with Keepa API)
B0DKLHHMZ5,iPhone 16,2026-04-09T17:14:40.506356+00:00,830.24,amazon,2026-05-17T17:14:40.593862+00:00,seed (simulated history - replace with Keepa API)
B0DKLHHMZ5,iPhone 16,2026-04-10T17:14:40.506356+00:00,813.05,amazon,2026-05-17T17:14:40.593885+00:00,seed (simulated history - replace with Keepa API)
B0DKLHHMZ5,iPhone 16,2026-04-11T17:14:40.506356+00:00,789.11,amazon,2026-05-17T17:14:40.593903+00:00,seed (simulated history - replace with Keepa API)
B0DKLHHMZ5,iPhone 16,2026-04-12T17:14:40.506356+00:00,799.19,amazon,2026-05-17T17:14:40.593922+00:00,seed (simulated history - replace with Keepa API)
B0DKLHHMZ5,iPhone 16,2026-04-13T17:14:40.506356+00:00,791.2,amazon,2026-05-17T17:14:40.593942+00:00,seed (simulated history - replace with Keepa API)
B0DKLHHMZ5,iPhone 16,2026-04-14T17:14:40.506356+00:00,795.06,amazon,2026-05-17T17:14:40.593963+00:00,seed (simulated history - replace with Keepa API)
B0DKLHHMZ5,iPhone 16,2026-04-15T17:14:40.506356+00:00,804.08,amazon,2026-05-17T17:14:40.593995+00:00,seed (simulated history - replace with Keepa API)
B0DKLHHMZ5,iPhone 16,2026-04-16T17:14:40.506356+00:00,765.72,amazon,2026-05-17T17:14:40.594031+00:00,seed (simulated history - replace with Keepa API)
B0DKLHHMZ5,iPhone 16,2026-04-17T17:14:40.506356+00:00,760.64,amazon,2026-05-17T17:14:40.594054+00:00,seed (simulated history - replace with Keepa API)
B0DKLHHMZ5,iPhone 16,2026-04-18T17:14:40.506356+00:00,777.6,amazon,2026-05-17T17:14:40.594085+00:00,seed (simulated history - replace with Keepa API)
B0DKLHHMZ5,iPhone 16,2026-04-19T17:14:40.506356+00:00,811.31,amazon,2026-05-17T17:14:40.594107+00:00,seed (simulated history - replace with Keepa API)
B0DKLHHMZ5,iPhone 16,2026-04-20T17:14:40.506356+00:00,814.7,amazon,2026-05-17T17:14:40.594130+00:00,seed (simulated history - replace with Keepa API)
B0DKLHHMZ5,iPhone 16,2026-04-21T17:14:40.506356+00:00,818.43,amazon,2026-05-17T17:14:40.594157+00:00,seed (simulated history - replace with Keepa API)
B0DKLHHMZ5,iPhone 16,2026-04-22T17:14:40.506356+00:00,778.47,amazon,2026-05-17T17:14:40.594181+00:00,seed (simulated history - replace with Keepa API)
B0DKLHHMZ5,iPhone 16,2026-04-23T17:14:40.506356+00:00,801.34,amazon,2026-05-17T17:14:40.594242+00:00,seed (simulated history - replace with Keepa API)
B0DKLHHMZ5,iPhone 16,2026-04-24T17:14:40.506356+00:00,789.82,amazon,2026-05-17T17:14:40.594268+00:00,seed (simulated history - replace with Keepa API)
B0DKLHHMZ5,iPhone 16,2026-04-25T17:14:40.506356+00:00,796.03,amazon,2026-05-17T17:14:40.594291+00:00,seed (simulated history - replace with Keepa API)
B0DKLHHMZ5,iPhone 16,2026-04-26T17:14:40.506356+00:00,789.41,amazon,2026-05-17T17:14:40.594312+00:00,seed (simulated history - replace with Keepa API)
B0DKLHHMZ5,iPhone 16,2026-04-27T17:14:40.506356+00:00,805.45,amazon,2026-05-17T17:14:40.594335+00:00,seed (simulated history - replace with Keepa API)
B0DKLHHMZ5,iPhone 16,2026-04-28T17:14:40.506356+00:00,782.94,amazon,2026-05-17T17:14:40.594357+00:00,seed (simulated history - replace with Keepa API)
B0DKLHHMZ5,iPhone 16,2026-04-29T17:14:40.506356+00:00,827.09,amazon,2026-05-17T17:14:40.594378+00:00,seed (simulated history - replace with Keepa API)
B0DKLHHMZ5,iPhone 16,2026-04-30T17:14:40.506356+00:00,827.33,amazon,2026-05-17T17:14:40.594399+00:00,seed (simulated history - replace with Keepa API)
B0DKLHHMZ5,iPhone 16,2026-05-01T17:14:40.506356+00:00,810.53,amazon,2026-05-17T17:14:40.594420+00:00,seed (simulated history - replace with Keepa API)
B0DKLHHMZ5,iPhone 16,2026-05-02T17:14:40.506356+00:00,823.84,amazon,2026-05-17T17:14:40.594442+00:00,seed (simulated history - replace with Keepa API)
B0DKLHHMZ5,iPhone 16,2026-05-03T17:14:40.506356+00:00,764.89,amazon,2026-05-17T17:14:40.594463+00:00,seed (simulated history - replace with Keepa API)
B0DKLHHMZ5,iPhone 16,2026-05-04T17:14:40.506356+00:00,828.67,amazon,2026-05-17T17:14:40.594493+00:00,seed (simulated history - replace with Keepa API)
B0DKLHHMZ5,iPhone 16,2026-05-05T17:14:40.506356+00:00,808.1,amazon,2026-05-17T17:14:40.594517+00:00,seed (simulated history - replace with Keepa API)
B0DKLHHMZ5,iPhone 16,2026-05-06T17:14:40.506356+00:00,784.27,amazon,2026-05-17T17:14:40.594564+00:00,seed (simulated history - replace with Keepa API)
B0DKLHHMZ5,iPhone 16,2026-05-07T17:14:40.506356+00:00,781.99,amazon,2026-05-17T17:14:40.594599+00:00,seed (simulated history - replace with Keepa API)
B0DKLHHMZ5,iPhone 16,2026-05-08T17:14:40.506356+00:00,837.56,amazon,2026-05-17T17:14:40.594620+00:00,seed (simulated history - replace with Keepa API)
B0DKLHHMZ5,iPhone 16,2026-05-09T17:14:40.506356+00:00,818.85,amazon,2026-05-17T17:14:40.594695+00:00,seed (simulated history - replace with Keepa API)
B0DKLHHMZ5,iPhone 16,2026-05-10T17:14:40.506356+00:00,795.41,amazon,2026-05-17T17:14:40.594727+00:00,seed (simulated history - replace with Keepa API)
B0DKLHHMZ5,iPhone 16,2026-05-11T17:14:40.506356+00:00,764.65,amazon,2026-05-17T17:14:40.594749+00:00,seed (simulated history - replace with Keepa API)
B0DKLHHMZ5,iPhone 16,2026-05-12T17:14:40.506356+00:00,639.9,amazon,2026-05-17T17:14:40.594791+00:00,seed (simulated history - replace with Keepa API)
B0DKLHHMZ5,iPhone 16,2026-05-13T17:14:40.506356+00:00,772.46,amazon,2026-05-17T17:14:40.594813+00:00,seed (simulated history - replace with Keepa API)
B0DKLHHMZ5,iPhone 16,2026-05-14T17:14:40.506356+00:00,802.42,amazon,2026-05-17T17:14:40.594837+00:00,seed (simulated history - replace with Keepa API)
B0DKLHHMZ5,iPhone 16,2026-05-15T17:14:40.506356+00:00,785.15,amazon,2026-05-17T17:14:40.594858+00:00,seed (simulated history - replace with Keepa API)
B0DKLHHMZ5,iPhone 16,2026-05-16T17:14:40.506356+00:00,786.15,amazon,2026-05-17T17:14:40.594880+00:00,seed (simulated history - replace with Keepa API)
B0DKLHHMZ5,iPhone 16,2026-05-17T17:14:40.506356+00:00,635.45,amazon,2026-05-17T17:14:40.594918+00:00,seed (simulated history - replace with Keepa API)
B0DKM6PBC7,iPhone 16 Pro,2025-11-18T17:14:40.506356+00:00,987.86,amazon,2026-05-17T17:14:40.596195+00:00,seed (simulated history - replace with Keepa API)
B0DKM6PBC7,iPhone 16 Pro,2025-11-19T17:14:40.506356+00:00,977.17,amazon,2026-05-17T17:14:40.596229+00:00,seed (simulated history - replace with Keepa API)
B0DKM6PBC7,iPhone 16 Pro,2025-11-20T17:14:40.506356+00:00,758.83,amazon,2026-05-17T17:14:40.596255+00:00,seed (simulated history - replace with Keepa API)
B0DKM6PBC7,iPhone 16 Pro,2025-11-21T17:14:40.506356+00:00,798.81,amazon,2026-05-17T17:14:40.596278+00:00,seed (simulated history - replace with Keepa API)
B0DKM6PBC7,iPhone 16 Pro,2025-11-22T17:14:40.506356+00:00,753.44,amazon,2026-05-17T17:14:40.596304+00:00,seed (simulated history - replace with Keepa API)
B0DKM6PBC7,iPhone 16 Pro,2025-11-23T17:14:40.506356+00:00,779.1,amazon,2026-05-17T17:14:40.596328+00:00,seed (simulated history - replace with Keepa API)
B0DKM6PBC7,iPhone 16 Pro,2025-11-24T17:14:40.506356+00:00,707.59,amazon,2026-05-17T17:14:40.596352+00:00,seed (simulated history - replace with Keepa API)
B0DKM6PBC7,iPhone 16 Pro,2025-11-25T17:14:40.506356+00:00,753.98,amazon,2026-05-17T17:14:40.596376+00:00,seed (simulated history - replace with Keepa API)
B0DKM6PBC7,iPhone 16 Pro,2025-11-26T17:14:40.506356+00:00,716.36,amazon,2026-05-17T17:14:40.596397+00:00,seed (simulated history - replace with Keepa API)
B0DKM6PBC7,iPhone 16 Pro,2025-11-27T17:14:40.506356+00:00,704.99,amazon,2026-05-17T17:14:40.596426+00:00,seed (simulated history - replace with Keepa API)
B0DKM6PBC7,iPhone 16 Pro,2025-11-28T17:14:40.506356+00:00,727.09,amazon,2026-05-17T17:14:40.596448+00:00,seed (simulated history - replace with Keepa API)
B0DKM6PBC7,iPhone 16 Pro,2025-11-29T17:14:40.506356+00:00,784.97,amazon,2026-05-17T17:14:40.596468+00:00,seed (simulated history - replace with Keepa API)
B0DKM6PBC7,iPhone 16 Pro,2025-11-30T17:14:40.506356+00:00,777.72,amazon,2026-05-17T17:14:40.596495+00:00,seed (simulated history - replace with Keepa API)
B0DKM6PBC7,iPhone 16 Pro,2025-12-01T17:14:40.506356+00:00,855.02,amazon,2026-05-17T17:14:40.596573+00:00,seed (simulated history - replace with Keepa API)
B0DKM6PBC7,iPhone 16 Pro,2025-12-02T17:14:40.506356+00:00,953.06,amazon,2026-05-17T17:14:40.596601+00:00,seed (simulated history - replace with Keepa API)
B0DKM6PBC7,iPhone 16 Pro,2025-12-03T17:14:40.506356+00:00,993.12,amazon,2026-05-17T17:14:40.596619+00:00,seed (simulated history - replace with Keepa API)
B0DKM6PBC7,iPhone 16 Pro,2025-12-04T17:14:40.506356+00:00,943.74,amazon,2026-05-17T17:14:40.596637+00:00,seed (simulated history - replace with Keepa API)
B0DKM6PBC7,iPhone 16 Pro,2025-12-05T17:14:40.506356+00:00,972.32,amazon,2026-05-17T17:14:40.596655+00:00,seed (simulated history - replace with Keepa API)
B0DKM6PBC7,iPhone 16 Pro,2025-12-06T17:14:40.506356+00:00,933.18,amazon,2026-05-17T17:14:40.596673+00:00,seed (simulated history - replace with Keepa API)
B0DKM6PBC7,iPhone 16 Pro,2025-12-07T17:14:40.506356+00:00,994.14,amazon,2026-05-17T17:14:40.596691+00:00,seed (simulated history - replace with Keepa API)
B0DKM6PBC7,iPhone 16 Pro,2025-12-08T17:14:40.506356+00:00,1019.76,amazon,2026-05-17T17:14:40.596708+00:00,seed (simulated history - replace with Keepa API)
B0DKM6PBC7,iPhone 16 Pro,2025-12-09T17:14:40.506356+00:00,1016.46,amazon,2026-05-17T17:14:40.596724+00:00,seed (simulated history - replace with Keepa API)
B0DKM6PBC7,iPhone 16 Pro,2025-12-10T17:14:40.506356+00:00,987.22,amazon,2026-05-17T17:14:40.596740+00:00,seed (simulated history - replace with Keepa API)
B0DKM6PBC7,iPhone 16 Pro,2025-12-11T17:14:40.506356+00:00,1029.02,amazon,2026-05-17T17:14:40.596756+00:00,seed (simulated history - replace with Keepa API)
B0DKM6PBC7,iPhone 16 Pro,2025-12-12T17:14:40.506356+00:00,1040.76,amazon,2026-05-17T17:14:40.596772+00:00,seed (simulated history - replace with Keepa API)
B0DKM6PBC7,iPhone 16 Pro,2025-12-13T17:14:40.506356+00:00,1020.3,amazon,2026-05-17T17:14:40.596843+00:00,seed (simulated history - replace with Keepa API)
B0DKM6PBC7,iPhone 16 Pro,2025-12-14T17:14:40.506356+00:00,982.33,amazon,2026-05-17T17:14:40.596876+00:00,seed (simulated history - replace with Keepa API)
B0DKM6PBC7,iPhone 16 Pro,2025-12-15T17:14:40.506356+00:00,995.1,amazon,2026-05-17T17:14:40.596894+00:00,seed (simulated history - replace with Keepa API)
B0DKM6PBC7,iPhone 16 Pro,2025-12-16T17:14:40.506356+00:00,1047.39,amazon,2026-05-17T17:14:40.596929+00:00,seed (simulated history - replace with Keepa API)
B0DKM6PBC7,iPhone 16 Pro,2025-12-17T17:14:40.506356+00:00,989.35,amazon,2026-05-17T17:14:40.596949+00:00,seed (simulated history - replace with Keepa API)
B0DKM6PBC7,iPhone 16 Pro,2025-12-18T17:14:40.506356+00:00,1016.56,amazon,2026-05-17T17:14:40.596969+00:00,seed (simulated history - replace with Keepa API)
B0DKM6PBC7,iPhone 16 Pro,2025-12-19T17:14:40.506356+00:00,976.92,amazon,2026-05-17T17:14:40.596996+00:00,seed (simulated history - replace with Keepa API)
B0DKM6PBC7,iPhone 16 Pro,2025-12-20T17:14:40.506356+00:00,1029.25,amazon,2026-05-17T17:14:40.597028+00:00,seed (simulated history - replace with Keepa API)
B0DKM6PBC7,iPhone 16 Pro,2025-12-21T17:14:40.506356+00:00,973.68,amazon,2026-05-17T17:14:40.597043+00:00,seed (simulated history - replace with Keepa API)
B0DKM6PBC7,iPhone 16 Pro,2025-12-22T17:14:40.506356+00:00,996.38,amazon,2026-05-17T17:14:40.597061+00:00,seed (simulated history - replace with Keepa API)
B0DKM6PBC7,iPhone 16 Pro,2025-12-23T17:14:40.506356+00:00,1015.43,amazon,2026-05-17T17:14:40.597080+00:00,seed (simulated history - replace with Keepa API)
B0DKM6PBC7,iPhone 16 Pro,2025-12-24T17:14:40.506356+00:00,1054.61,amazon,2026-05-17T17:14:40.597100+00:00,seed (simulated history - replace with Keepa API)
B0DKM6PBC7,iPhone 16 Pro,2025-12-25T17:14:40.506356+00:00,1005.72,amazon,2026-05-17T17:14:40.597119+00:00,seed (simulated history - replace with Keepa API)
B0DKM6PBC7,iPhone 16 Pro,2025-12-26T17:14:40.506356+00:00,883.38,amazon,2026-05-17T17:14:40.597159+00:00,seed (simulated history - replace with Keepa API)
B0DKM6PBC7,iPhone 16 Pro,2025-12-27T17:14:40.506356+00:00,988.92,amazon,2026-05-17T17:14:40.597179+00:00,seed (simulated history - replace with Keepa API)
B0DKM6PBC7,iPhone 16 Pro,2025-12-28T17:14:40.506356+00:00,1021.56,amazon,2026-05-17T17:14:40.597199+00:00,seed (simulated history - replace with Keepa API)
B0DKM6PBC7,iPhone 16 Pro,2025-12-29T17:14:40.506356+00:00,963.41,amazon,2026-05-17T17:14:40.597220+00:00,seed (simulated history - replace with Keepa API)
B0DKM6PBC7,iPhone 16 Pro,2025-12-30T17:14:40.506356+00:00,1013.2,amazon,2026-05-17T17:14:40.597239+00:00,seed (simulated history - replace with Keepa API)
B0DKM6PBC7,iPhone 16 Pro,2025-12-31T17:14:40.506356+00:00,977.4,amazon,2026-05-17T17:14:40.597257+00:00,seed (simulated history - replace with Keepa API)
B0DKM6PBC7,iPhone 16 Pro,2026-01-01T17:14:40.506356+00:00,943.24,amazon,2026-05-17T17:14:40.597279+00:00,seed (simulated history - replace with Keepa API)
B0DKM6PBC7,iPhone 16 Pro,2026-01-02T17:14:40.506356+00:00,1024.9,amazon,2026-05-17T17:14:40.597298+00:00,seed (simulated history - replace with Keepa API)
B0DKM6PBC7,iPhone 16 Pro,2026-01-03T17:14:40.506356+00:00,1029.21,amazon,2026-05-17T17:14:40.597318+00:00,seed (simulated history - replace with Keepa API)
B0DKM6PBC7,iPhone 16 Pro,2026-01-04T17:14:40.506356+00:00,982.53,amazon,2026-05-17T17:14:40.597338+00:00,seed (simulated history - replace with Keepa API)
B0DKM6PBC7,iPhone 16 Pro,2026-01-05T17:14:40.506356+00:00,1033.9,amazon,2026-05-17T17:14:40.597367+00:00,seed (simulated history - replace with Keepa API)
B0DKM6PBC7,iPhone 16 Pro,2026-01-06T17:14:40.506356+00:00,996.38,amazon,2026-05-17T17:14:40.597388+00:00,seed (simulated history - replace with Keepa API)
B0DKM6PBC7,iPhone 16 Pro,2026-01-07T17:14:40.506356+00:00,1001.91,amazon,2026-05-17T17:14:40.597408+00:00,seed (simulated history - replace with Keepa API)
B0DKM6PBC7,iPhone 16 Pro,2026-01-08T17:14:40.506356+00:00,994.68,amazon,2026-05-17T17:14:40.597428+00:00,seed (simulated history - replace with Keepa API)
B0DKM6PBC7,iPhone 16 Pro,2026-01-09T17:14:40.506356+00:00,962.79,amazon,2026-05-17T17:14:40.597447+00:00,seed (simulated history - replace with Keepa API)
B0DKM6PBC7,iPhone 16 Pro,2026-01-10T17:14:40.506356+00:00,991.46,amazon,2026-05-17T17:14:40.597465+00:00,seed (simulated history - replace with Keepa API)
B0DKM6PBC7,iPhone 16 Pro,2026-01-11T17:14:40.506356+00:00,964.01,amazon,2026-05-17T17:14:40.597491+00:00,seed (simulated history - replace with Keepa API)
B0DKM6PBC7,iPhone 16 Pro,2026-01-12T17:14:40.506356+00:00,850.35,amazon,2026-05-17T17:14:40.597520+00:00,seed (simulated history - replace with Keepa API)
B0DKM6PBC7,iPhone 16 Pro,2026-01-13T17:14:40.506356+00:00,1032.47,amazon,2026-05-17T17:14:40.597565+00:00,seed (simulated history - replace with Keepa API)
B0DKM6PBC7,iPhone 16 Pro,2026-01-14T17:14:40.506356+00:00,1004.59,amazon,2026-05-17T17:14:40.597592+00:00,seed (simulated history - replace with Keepa API)
B0DKM6PBC7,iPhone 16 Pro,2026-01-15T17:14:40.506356+00:00,1000.48,amazon,2026-05-17T17:14:40.597613+00:00,seed (simulated history - replace with Keepa API)
B0DKM6PBC7,iPhone 16 Pro,2026-01-16T17:14:40.506356+00:00,1022.04,amazon,2026-05-17T17:14:40.597633+00:00,seed (simulated history - replace with Keepa API)
B0DKM6PBC7,iPhone 16 Pro,2026-01-17T17:14:40.506356+00:00,980.77,amazon,2026-05-17T17:14:40.597653+00:00,seed (simulated history - replace with Keepa API)
B0DKM6PBC7,iPhone 16 Pro,2026-01-18T17:14:40.506356+00:00,1009.88,amazon,2026-05-17T17:14:40.597672+00:00,seed (simulated history - replace with Keepa API)
B0DKM6PBC7,iPhone 16 Pro,2026-01-19T17:14:40.506356+00:00,1059.4,amazon,2026-05-17T17:14:40.597690+00:00,seed (simulated history - replace with Keepa API)
B0DKM6PBC7,iPhone 16 Pro,2026-01-20T17:14:40.506356+00:00,1037.68,amazon,2026-05-17T17:14:40.597709+00:00,seed (simulated history - replace with Keepa API)
B0DKM6PBC7,iPhone 16 Pro,2026-01-21T17:14:40.506356+00:00,1009.42,amazon,2026-05-17T17:14:40.597729+00:00,seed (simulated history - replace with Keepa API)
B0DKM6PBC7,iPhone 16 Pro,2026-01-22T17:14:40.506356+00:00,1001.6,amazon,2026-05-17T17:14:40.597748+00:00,seed (simulated history - replace with Keepa API)
B0DKM6PBC7,iPhone 16 Pro,2026-01-23T17:14:40.506356+00:00,1014.17,amazon,2026-05-17T17:14:40.597768+00:00,seed (simulated history - replace with Keepa API)
B0DKM6PBC7,iPhone 16 Pro,2026-01-24T17:14:40.506356+00:00,1042.38,amazon,2026-05-17T17:14:40.597791+00:00,seed (simulated history - replace with Keepa API)
B0DKM6PBC7,iPhone 16 Pro,2026-01-25T17:14:40.506356+00:00,1039.84,amazon,2026-05-17T17:14:40.597808+00:00,seed (simulated history - replace with Keepa API)
B0DKM6PBC7,iPhone 16 Pro,2026-01-26T17:14:40.506356+00:00,1048.17,amazon,2026-05-17T17:14:40.597824+00:00,seed (simulated history - replace with Keepa API)
B0DKM6PBC7,iPhone 16 Pro,2026-01-27T17:14:40.506356+00:00,1006.28,amazon,2026-05-17T17:14:40.597841+00:00,seed (simulated history - replace with Keepa API)
B0DKM6PBC7,iPhone 16 Pro,2026-01-28T17:14:40.506356+00:00,936.6,amazon,2026-05-17T17:14:40.597857+00:00,seed (simulated history - replace with Keepa API)
B0DKM6PBC7,iPhone 16 Pro,2026-01-29T17:14:40.506356+00:00,1056.65,amazon,2026-05-17T17:14:40.597874+00:00,seed (simulated history - replace with Keepa API)
B0DKM6PBC7,iPhone 16 Pro,2026-01-30T17:14:40.506356+00:00,975.78,amazon,2026-05-17T17:14:40.597971+00:00,seed (simulated history - replace with Keepa API)
B0DKM6PBC7,iPhone 16 Pro,2026-01-31T17:14:40.506356+00:00,939.79,amazon,2026-05-17T17:14:40.597999+00:00,seed (simulated history - replace with Keepa API)
B0DKM6PBC7,iPhone 16 Pro,2026-02-01T17:14:40.506356+00:00,1021.51,amazon,2026-05-17T17:14:40.598029+00:00,seed (simulated history - replace with Keepa API)
B0DKM6PBC7,iPhone 16 Pro,2026-02-02T17:14:40.506356+00:00,937.11,amazon,2026-05-17T17:14:40.598045+00:00,seed (simulated history - replace with Keepa API)
B0DKM6PBC7,iPhone 16 Pro,2026-02-03T17:14:40.506356+00:00,805.09,amazon,2026-05-17T17:14:40.598081+00:00,seed (simulated history - replace with Keepa API)
B0DKM6PBC7,iPhone 16 Pro,2026-02-04T17:14:40.506356+00:00,806.54,amazon,2026-05-17T17:14:40.598104+00:00,seed (simulated history - replace with Keepa API)
B0DKM6PBC7,iPhone 16 Pro,2026-02-05T17:14:40.506356+00:00,992.04,amazon,2026-05-17T17:14:40.598123+00:00,seed (simulated history - replace with Keepa API)
B0DKM6PBC7,iPhone 16 Pro,2026-02-06T17:14:40.506356+00:00,973.12,amazon,2026-05-17T17:14:40.598139+00:00,seed (simulated history - replace with Keepa API)
B0DKM6PBC7,iPhone 16 Pro,2026-02-07T17:14:40.506356+00:00,998.06,amazon,2026-05-17T17:14:40.598155+00:00,seed (simulated history - replace with Keepa API)
B0DKM6PBC7,iPhone 16 Pro,2026-02-08T17:14:40.506356+00:00,958.04,amazon,2026-05-17T17:14:40.598193+00:00,seed (simulated history - replace with Keepa API)
B0DKM6PBC7,iPhone 16 Pro,2026-02-09T17:14:40.506356+00:00,1016.76,amazon,2026-05-17T17:14:40.598212+00:00,seed (simulated history - replace with Keepa API)
B0DKM6PBC7,iPhone 16 Pro,2026-02-10T17:14:40.506356+00:00,984.37,amazon,2026-05-17T17:14:40.598232+00:00,seed (simulated history - replace with Keepa API)
B0DKM6PBC7,iPhone 16 Pro,2026-02-11T17:14:40.506356+00:00,1017.98,amazon,2026-05-17T17:14:40.598249+00:00,seed (simulated history - replace with Keepa API)
B0DKM6PBC7,iPhone 16 Pro,2026-02-12T17:14:40.506356+00:00,859.04,amazon,2026-05-17T17:14:40.598275+00:00,seed (simulated history - replace with Keepa API)
B0DKM6PBC7,iPhone 16 Pro,2026-02-13T17:14:40.506356+00:00,1004.95,amazon,2026-05-17T17:14:40.598302+00:00,seed (simulated history - replace with Keepa API)
B0DKM6PBC7,iPhone 16 Pro,2026-02-14T17:14:40.506356+00:00,1034.29,amazon,2026-05-17T17:14:40.598322+00:00,seed (simulated history - replace with Keepa API)
B0DKM6PBC7,iPhone 16 Pro,2026-02-15T17:14:40.506356+00:00,992.63,amazon,2026-05-17T17:14:40.598343+00:00,seed (simulated history - replace with Keepa API)
B0DKM6PBC7,iPhone 16 Pro,2026-02-16T17:14:40.506356+00:00,997.17,amazon,2026-05-17T17:14:40.598364+00:00,seed (simulated history - replace with Keepa API)
B0DKM6PBC7,iPhone 16 Pro,2026-02-17T17:14:40.506356+00:00,982.45,amazon,2026-05-17T17:14:40.598385+00:00,seed (simulated history - replace with Keepa API)
B0DKM6PBC7,iPhone 16 Pro,2026-02-18T17:14:40.506356+00:00,961.98,amazon,2026-05-17T17:14:40.598404+00:00,seed (simulated history - replace with Keepa API)
B0DKM6PBC7,iPhone 16 Pro,2026-02-19T17:14:40.506356+00:00,965.37,amazon,2026-05-17T17:14:40.598423+00:00,seed (simulated history - replace with Keepa API)
B0DKM6PBC7,iPhone 16 Pro,2026-02-20T17:14:40.506356+00:00,1005.52,amazon,2026-05-17T17:14:40.598444+00:00,seed (simulated history - replace with Keepa API)
B0DKM6PBC7,iPhone 16 Pro,2026-02-21T17:14:40.506356+00:00,989.21,amazon,2026-05-17T17:14:40.598465+00:00,seed (simulated history - replace with Keepa API)
B0DKM6PBC7,iPhone 16 Pro,2026-02-22T17:14:40.506356+00:00,1007.41,amazon,2026-05-17T17:14:40.598493+00:00,seed (simulated history - replace with Keepa API)
B0DKM6PBC7,iPhone 16 Pro,2026-02-23T17:14:40.506356+00:00,1029.45,amazon,2026-05-17T17:14:40.598516+00:00,seed (simulated history - replace with Keepa API)
B0DKM6PBC7,iPhone 16 Pro,2026-02-24T17:14:40.506356+00:00,977.16,amazon,2026-05-17T17:14:40.598562+00:00,seed (simulated history - replace with Keepa API)
B0DKM6PBC7,iPhone 16 Pro,2026-02-25T17:14:40.506356+00:00,1063.39,amazon,2026-05-17T17:14:40.598585+00:00,seed (simulated history - replace with Keepa API)
B0DKM6PBC7,iPhone 16 Pro,2026-02-26T17:14:40.506356+00:00,970.12,amazon,2026-05-17T17:14:40.598614+00:00,seed (simulated history - replace with Keepa API)
B0DKM6PBC7,iPhone 16 Pro,2026-02-27T17:14:40.506356+00:00,964.39,amazon,2026-05-17T17:14:40.598638+00:00,seed (simulated history - replace with Keepa API)
B0DKM6PBC7,iPhone 16 Pro,2026-02-28T17:14:40.506356+00:00,1025.18,amazon,2026-05-17T17:14:40.598662+00:00,seed (simulated history - replace with Keepa API)
B0DKM6PBC7,iPhone 16 Pro,2026-03-01T17:14:40.506356+00:00,998.09,amazon,2026-05-17T17:14:40.598683+00:00,seed (simulated history - replace with Keepa API)
B0DKM6PBC7,iPhone 16 Pro,2026-03-02T17:14:40.506356+00:00,975.91,amazon,2026-05-17T17:14:40.598705+00:00,seed (simulated history - replace with Keepa API)
B0DKM6PBC7,iPhone 16 Pro,2026-03-03T17:14:40.506356+00:00,962.13,amazon,2026-05-17T17:14:40.598726+00:00,seed (simulated history - replace with Keepa API)
B0DKM6PBC7,iPhone 16 Pro,2026-03-04T17:14:40.506356+00:00,699.3,amazon,2026-05-17T17:14:40.598765+00:00,seed (simulated history - replace with Keepa API)
B0DKM6PBC7,iPhone 16 Pro,2026-03-05T17:14:40.506356+00:00,1000.04,amazon,2026-05-17T17:14:40.598786+00:00,seed (simulated history - replace with Keepa API)
B0DKM6PBC7,iPhone 16 Pro,2026-03-06T17:14:40.506356+00:00,976.88,amazon,2026-05-17T17:14:40.598807+00:00,seed (simulated history - replace with Keepa API)
B0DKM6PBC7,iPhone 16 Pro,2026-03-07T17:14:40.506356+00:00,1004.43,amazon,2026-05-17T17:14:40.598829+00:00,seed (simulated history - replace with Keepa API)
B0DKM6PBC7,iPhone 16 Pro,2026-03-08T17:14:40.506356+00:00,968.44,amazon,2026-05-17T17:14:40.598850+00:00,seed (simulated history - replace with Keepa API)
B0DKM6PBC7,iPhone 16 Pro,2026-03-09T17:14:40.506356+00:00,1005.18,amazon,2026-05-17T17:14:40.598872+00:00,seed (simulated history - replace with Keepa API)
B0DKM6PBC7,iPhone 16 Pro,2026-03-10T17:14:40.506356+00:00,1027.83,amazon,2026-05-17T17:14:40.598892+00:00,seed (simulated history - replace with Keepa API)
B0DKM6PBC7,iPhone 16 Pro,2026-03-11T17:14:40.506356+00:00,991.9,amazon,2026-05-17T17:14:40.598911+00:00,seed (simulated history - replace with Keepa API)
B0DKM6PBC7,iPhone 16 Pro,2026-03-12T17:14:40.506356+00:00,970.5,amazon,2026-05-17T17:14:40.598933+00:00,seed (simulated history - replace with Keepa API)
B0DKM6PBC7,iPhone 16 Pro,2026-03-13T17:14:40.506356+00:00,1008.55,amazon,2026-05-17T17:14:40.598954+00:00,seed (simulated history - replace with Keepa API)
B0DKM6PBC7,iPhone 16 Pro,2026-03-14T17:14:40.506356+00:00,1004.67,amazon,2026-05-17T17:14:40.599047+00:00,seed (simulated history - replace with Keepa API)
B0DKM6PBC7,iPhone 16 Pro,2026-03-15T17:14:40.506356+00:00,1007.91,amazon,2026-05-17T17:14:40.599085+00:00,seed (simulated history - replace with Keepa API)
B0DKM6PBC7,iPhone 16 Pro,2026-03-16T17:14:40.506356+00:00,1016.14,amazon,2026-05-17T17:14:40.599109+00:00,seed (simulated history - replace with Keepa API)
B0DKM6PBC7,iPhone 16 Pro,2026-03-17T17:14:40.506356+00:00,977.88,amazon,2026-05-17T17:14:40.599131+00:00,seed (simulated history - replace with Keepa API)
B0DKM6PBC7,iPhone 16 Pro,2026-03-18T17:14:40.506356+00:00,985.64,amazon,2026-05-17T17:14:40.599161+00:00,seed (simulated history - replace with Keepa API)
B0DKM6PBC7,iPhone 16 Pro,2026-03-19T17:14:40.506356+00:00,1002.39,amazon,2026-05-17T17:14:40.599183+00:00,seed (simulated history - replace with Keepa API)
B0DKM6PBC7,iPhone 16 Pro,2026-03-20T17:14:40.506356+00:00,987.36,amazon,2026-05-17T17:14:40.599205+00:00,seed (simulated history - replace with Keepa API)
B0DKM6PBC7,iPhone 16 Pro,2026-03-21T17:14:40.506356+00:00,989.84,amazon,2026-05-17T17:14:40.599227+00:00,seed (simulated history - replace with Keepa API)
B0DKM6PBC7,iPhone 16 Pro,2026-03-22T17:14:40.506356+00:00,942.53,amazon,2026-05-17T17:14:40.599262+00:00,seed (simulated history - replace with Keepa API)
B0DKM6PBC7,iPhone 16 Pro,2026-03-23T17:14:40.506356+00:00,941.71,amazon,2026-05-17T17:14:40.599288+00:00,seed (simulated history - replace with Keepa API)
B0DKM6PBC7,iPhone 16 Pro,2026-03-24T17:14:40.506356+00:00,1001.38,amazon,2026-05-17T17:14:40.599314+00:00,seed (simulated history - replace with Keepa API)
B0DKM6PBC7,iPhone 16 Pro,2026-03-25T17:14:40.506356+00:00,1000.96,amazon,2026-05-17T17:14:40.599335+00:00,seed (simulated history - replace with Keepa API)
B0DKM6PBC7,iPhone 16 Pro,2026-03-26T17:14:40.506356+00:00,992.82,amazon,2026-05-17T17:14:40.599356+00:00,seed (simulated history - replace with Keepa API)
B0DKM6PBC7,iPhone 16 Pro,2026-03-27T17:14:40.506356+00:00,1021.79,amazon,2026-05-17T17:14:40.599378+00:00,seed (simulated history - replace with Keepa API)
B0DKM6PBC7,iPhone 16 Pro,2026-03-28T17:14:40.506356+00:00,1004.01,amazon,2026-05-17T17:14:40.599397+00:00,seed (simulated history - replace with Keepa API)
B0DKM6PBC7,iPhone 16 Pro,2026-03-29T17:14:40.506356+00:00,1011.51,amazon,2026-05-17T17:14:40.599418+00:00,seed (simulated history - replace with Keepa API)
B0DKM6PBC7,iPhone 16 Pro,2026-03-30T17:14:40.506356+00:00,971.69,amazon,2026-05-17T17:14:40.599439+00:00,seed (simulated history - replace with Keepa API)
B0DKM6PBC7,iPhone 16 Pro,2026-03-31T17:14:40.506356+00:00,962.48,amazon,2026-05-17T17:14:40.599460+00:00,seed (simulated history - replace with Keepa API)
B0DKM6PBC7,iPhone 16 Pro,2026-04-01T17:14:40.506356+00:00,1018.46,amazon,2026-05-17T17:14:40.599489+00:00,seed (simulated history - replace with Keepa API)
B0DKM6PBC7,iPhone 16 Pro,2026-04-02T17:14:40.506356+00:00,1023.31,amazon,2026-05-17T17:14:40.599512+00:00,seed (simulated history - replace with Keepa API)
B0DKM6PBC7,iPhone 16 Pro,2026-04-03T17:14:40.506356+00:00,969.62,amazon,2026-05-17T17:14:40.599533+00:00,seed (simulated history - replace with Keepa API)
B0DKM6PBC7,iPhone 16 Pro,2026-04-04T17:14:40.506356+00:00,966.35,amazon,2026-05-17T17:14:40.599575+00:00,seed (simulated history - replace with Keepa API)
B0DKM6PBC7,iPhone 16 Pro,2026-04-05T17:14:40.506356+00:00,1035.33,amazon,2026-05-17T17:14:40.599591+00:00,seed (simulated history - replace with Keepa API)
B0DKM6PBC7,iPhone 16 Pro,2026-04-06T17:14:40.506356+00:00,984.22,amazon,2026-05-17T17:14:40.599607+00:00,seed (simulated history - replace with Keepa API)
B0DKM6PBC7,iPhone 16 Pro,2026-04-07T17:14:40.506356+00:00,978.73,amazon,2026-05-17T17:14:40.599622+00:00,seed (simulated history - replace with Keepa API)
B0DKM6PBC7,iPhone 16 Pro,2026-04-08T17:14:40.506356+00:00,966.2,amazon,2026-05-17T17:14:40.599638+00:00,seed (simulated history - replace with Keepa API)
B0DKM6PBC7,iPhone 16 Pro,2026-04-09T17:14:40.506356+00:00,966.51,amazon,2026-05-17T17:14:40.599653+00:00,seed (simulated history - replace with Keepa API)
B0DKM6PBC7,iPhone 16 Pro,2026-04-10T17:14:40.506356+00:00,1062.44,amazon,2026-05-17T17:14:40.599668+00:00,seed (simulated history - replace with Keepa API)
B0DKM6PBC7,iPhone 16 Pro,2026-04-11T17:14:40.506356+00:00,994.65,amazon,2026-05-17T17:14:40.599683+00:00,seed (simulated history - replace with Keepa API)
B0DKM6PBC7,iPhone 16 Pro,2026-04-12T17:14:40.506356+00:00,989.39,amazon,2026-05-17T17:14:40.599708+00:00,seed (simulated history - replace with Keepa API)
B0DKM6PBC7,iPhone 16 Pro,2026-04-13T17:14:40.506356+00:00,964.29,amazon,2026-05-17T17:14:40.599723+00:00,seed (simulated history - replace with Keepa API)
B0DKM6PBC7,iPhone 16 Pro,2026-04-14T17:14:40.506356+00:00,948.6,amazon,2026-05-17T17:14:40.599738+00:00,seed (simulated history - replace with Keepa API)
B0DKM6PBC7,iPhone 16 Pro,2026-04-15T17:14:40.506356+00:00,1049.48,amazon,2026-05-17T17:14:40.599752+00:00,seed (simulated history - replace with Keepa API)
B0DKM6PBC7,iPhone 16 Pro,2026-04-16T17:14:40.506356+00:00,1028.97,amazon,2026-05-17T17:14:40.599767+00:00,seed (simulated history - replace with Keepa API)
B0DKM6PBC7,iPhone 16 Pro,2026-04-17T17:14:40.506356+00:00,764.97,amazon,2026-05-17T17:14:40.599795+00:00,seed (simulated history - replace with Keepa API)
B0DKM6PBC7,iPhone 16 Pro,2026-04-18T17:14:40.506356+00:00,920.46,amazon,2026-05-17T17:14:40.599813+00:00,seed (simulated history - replace with Keepa API)
B0DKM6PBC7,iPhone 16 Pro,2026-04-19T17:14:40.506356+00:00,995.68,amazon,2026-05-17T17:14:40.599828+00:00,seed (simulated history - replace with Keepa API)
B0DKM6PBC7,iPhone 16 Pro,2026-04-20T17:14:40.506356+00:00,987.36,amazon,2026-05-17T17:14:40.599843+00:00,seed (simulated history - replace with Keepa API)
B0DKM6PBC7,iPhone 16 Pro,2026-04-21T17:14:40.506356+00:00,1025.71,amazon,2026-05-17T17:14:40.599858+00:00,seed (simulated history - replace with Keepa API)
B0DKM6PBC7,iPhone 16 Pro,2026-04-22T17:14:40.506356+00:00,999.13,amazon,2026-05-17T17:14:40.599873+00:00,seed (simulated history - replace with Keepa API)
B0DKM6PBC7,iPhone 16 Pro,2026-04-23T17:14:40.506356+00:00,1010.43,amazon,2026-05-17T17:14:40.599888+00:00,seed (simulated history - replace with Keepa API)
B0DKM6PBC7,iPhone 16 Pro,2026-04-24T17:14:40.506356+00:00,1008.34,amazon,2026-05-17T17:14:40.599906+00:00,seed (simulated history - replace with Keepa API)
B0DKM6PBC7,iPhone 16 Pro,2026-04-25T17:14:40.506356+00:00,1010.64,amazon,2026-05-17T17:14:40.599923+00:00,seed (simulated history - replace with Keepa API)
B0DKM6PBC7,iPhone 16 Pro,2026-04-26T17:14:40.506356+00:00,996.16,amazon,2026-05-17T17:14:40.599940+00:00,seed (simulated history - replace with Keepa API)
B0DKM6PBC7,iPhone 16 Pro,2026-04-27T17:14:40.506356+00:00,997.19,amazon,2026-05-17T17:14:40.599958+00:00,seed (simulated history - replace with Keepa API)
B0DKM6PBC7,iPhone 16 Pro,2026-04-28T17:14:40.506356+00:00,1032.8,amazon,2026-05-17T17:14:40.599975+00:00,seed (simulated history - replace with Keepa API)
B0DKM6PBC7,iPhone 16 Pro,2026-04-29T17:14:40.506356+00:00,1028.68,amazon,2026-05-17T17:14:40.600001+00:00,seed (simulated history - replace with Keepa API)
B0DKM6PBC7,iPhone 16 Pro,2026-04-30T17:14:40.506356+00:00,992.49,amazon,2026-05-17T17:14:40.600031+00:00,seed (simulated history - replace with Keepa API)
B0DKM6PBC7,iPhone 16 Pro,2026-05-01T17:14:40.506356+00:00,979.52,amazon,2026-05-17T17:14:40.600047+00:00,seed (simulated history - replace with Keepa API)
B0DKM6PBC7,iPhone 16 Pro,2026-05-02T17:14:40.506356+00:00,1001.52,amazon,2026-05-17T17:14:40.600072+00:00,seed (simulated history - replace with Keepa API)
B0DKM6PBC7,iPhone 16 Pro,2026-05-03T17:14:40.506356+00:00,990.95,amazon,2026-05-17T17:14:40.600154+00:00,seed (simulated history - replace with Keepa API)
B0DKM6PBC7,iPhone 16 Pro,2026-05-04T17:14:40.506356+00:00,943.96,amazon,2026-05-17T17:14:40.600177+00:00,seed (simulated history - replace with Keepa API)
B0DKM6PBC7,iPhone 16 Pro,2026-05-05T17:14:40.506356+00:00,990.09,amazon,2026-05-17T17:14:40.600198+00:00,seed (simulated history - replace with Keepa API)
B0DKM6PBC7,iPhone 16 Pro,2026-05-06T17:14:40.506356+00:00,991.62,amazon,2026-05-17T17:14:40.600215+00:00,seed (simulated history - replace with Keepa API)
B0DKM6PBC7,iPhone 16 Pro,2026-05-07T17:14:40.506356+00:00,952.76,amazon,2026-05-17T17:14:40.600233+00:00,seed (simulated history - replace with Keepa API)
B0DKM6PBC7,iPhone 16 Pro,2026-05-08T17:14:40.506356+00:00,994.19,amazon,2026-05-17T17:14:40.600250+00:00,seed (simulated history - replace with Keepa API)
B0DKM6PBC7,iPhone 16 Pro,2026-05-09T17:14:40.506356+00:00,993.74,amazon,2026-05-17T17:14:40.600270+00:00,seed (simulated history - replace with Keepa API)
B0DKM6PBC7,iPhone 16 Pro,2026-05-10T17:14:40.506356+00:00,1013.73,amazon,2026-05-17T17:14:40.600290+00:00,seed (simulated history - replace with Keepa API)
B0DKM6PBC7,iPhone 16 Pro,2026-05-11T17:14:40.506356+00:00,1053.35,amazon,2026-05-17T17:14:40.600310+00:00,seed (simulated history - replace with Keepa API)
B0DKM6PBC7,iPhone 16 Pro,2026-05-12T17:14:40.506356+00:00,988.72,amazon,2026-05-17T17:14:40.600329+00:00,seed (simulated history - replace with Keepa API)
B0DKM6PBC7,iPhone 16 Pro,2026-05-13T17:14:40.506356+00:00,1007.34,amazon,2026-05-17T17:14:40.600354+00:00,seed (simulated history - replace with Keepa API)
B0DKM6PBC7,iPhone 16 Pro,2026-05-14T17:14:40.506356+00:00,983.74,amazon,2026-05-17T17:14:40.600375+00:00,seed (simulated history - replace with Keepa API)
B0DKM6PBC7,iPhone 16 Pro,2026-05-15T17:14:40.506356+00:00,984.65,amazon,2026-05-17T17:14:40.600394+00:00,seed (simulated history - replace with Keepa API)
B0DKM6PBC7,iPhone 16 Pro,2026-05-16T17:14:40.506356+00:00,1009.77,amazon,2026-05-17T17:14:40.600413+00:00,seed (simulated history - replace with Keepa API)
B0DKM6PBC7,iPhone 16 Pro,2026-05-17T17:14:40.506356+00:00,986.51,amazon,2026-05-17T17:14:40.600433+00:00,seed (simulated history - replace with Keepa API)
B0DHTL5W3D,iPad (10th Gen),2025-11-18T17:14:40.506356+00:00,334.83,amazon,2026-05-17T17:14:40.601833+00:00,seed (simulated history - replace with Keepa API)
B0DHTL5W3D,iPad (10th Gen),2025-11-19T17:14:40.506356+00:00,446.85,amazon,2026-05-17T17:14:40.601870+00:00,seed (simulated history - replace with Keepa API)
B0DHTL5W3D,iPad (10th Gen),2025-11-20T17:14:40.506356+00:00,349.36,amazon,2026-05-17T17:14:40.601893+00:00,seed (simulated history - replace with Keepa API)
B0DHTL5W3D,iPad (10th Gen),2025-11-21T17:14:40.506356+00:00,304.6,amazon,2026-05-17T17:14:40.601923+00:00,seed (simulated history - replace with Keepa API)
B0DHTL5W3D,iPad (10th Gen),2025-11-22T17:14:40.506356+00:00,330.07,amazon,2026-05-17T17:14:40.601945+00:00,seed (simulated history - replace with Keepa API)
B0DHTL5W3D,iPad (10th Gen),2025-11-23T17:14:40.506356+00:00,351.53,amazon,2026-05-17T17:14:40.601967+00:00,seed (simulated history - replace with Keepa API)
B0DHTL5W3D,iPad (10th Gen),2025-11-24T17:14:40.506356+00:00,315.66,amazon,2026-05-17T17:14:40.601995+00:00,seed (simulated history - replace with Keepa API)
B0DHTL5W3D,iPad (10th Gen),2025-11-25T17:14:40.506356+00:00,296.24,amazon,2026-05-17T17:14:40.602031+00:00,seed (simulated history - replace with Keepa API)
B0DHTL5W3D,iPad (10th Gen),2025-11-26T17:14:40.506356+00:00,344.44,amazon,2026-05-17T17:14:40.602052+00:00,seed (simulated history - replace with Keepa API)
B0DHTL5W3D,iPad (10th Gen),2025-11-27T17:14:40.506356+00:00,340.03,amazon,2026-05-17T17:14:40.602073+00:00,seed (simulated history - replace with Keepa API)
B0DHTL5W3D,iPad (10th Gen),2025-11-28T17:14:40.506356+00:00,322.06,amazon,2026-05-17T17:14:40.602094+00:00,seed (simulated history - replace with Keepa API)
B0DHTL5W3D,iPad (10th Gen),2025-11-29T17:14:40.506356+00:00,323.47,amazon,2026-05-17T17:14:40.602115+00:00,seed (simulated history - replace with Keepa API)
B0DHTL5W3D,iPad (10th Gen),2025-11-30T17:14:40.506356+00:00,323.69,amazon,2026-05-17T17:14:40.602136+00:00,seed (simulated history - replace with Keepa API)
B0DHTL5W3D,iPad (10th Gen),2025-12-01T17:14:40.506356+00:00,450.49,amazon,2026-05-17T17:14:40.602160+00:00,seed (simulated history - replace with Keepa API)
B0DHTL5W3D,iPad (10th Gen),2025-12-02T17:14:40.506356+00:00,440.56,amazon,2026-05-17T17:14:40.602182+00:00,seed (simulated history - replace with Keepa API)
B0DHTL5W3D,iPad (10th Gen),2025-12-03T17:14:40.506356+00:00,455.66,amazon,2026-05-17T17:14:40.602205+00:00,seed (simulated history - replace with Keepa API)
B0DHTL5W3D,iPad (10th Gen),2025-12-04T17:14:40.506356+00:00,410.55,amazon,2026-05-17T17:14:40.602226+00:00,seed (simulated history - replace with Keepa API)
B0DHTL5W3D,iPad (10th Gen),2025-12-05T17:14:40.506356+00:00,445.55,amazon,2026-05-17T17:14:40.602248+00:00,seed (simulated history - replace with Keepa API)
B0DHTL5W3D,iPad (10th Gen),2025-12-06T17:14:40.506356+00:00,441.75,amazon,2026-05-17T17:14:40.602270+00:00,seed (simulated history - replace with Keepa API)
B0DHTL5W3D,iPad (10th Gen),2025-12-07T17:14:40.506356+00:00,459.75,amazon,2026-05-17T17:14:40.602361+00:00,seed (simulated history - replace with Keepa API)
B0DHTL5W3D,iPad (10th Gen),2025-12-08T17:14:40.506356+00:00,306.26,amazon,2026-05-17T17:14:40.602408+00:00,seed (simulated history - replace with Keepa API)
B0DHTL5W3D,iPad (10th Gen),2025-12-09T17:14:40.506356+00:00,444.68,amazon,2026-05-17T17:14:40.602442+00:00,seed (simulated history - replace with Keepa API)
B0DHTL5W3D,iPad (10th Gen),2025-12-10T17:14:40.506356+00:00,449.33,amazon,2026-05-17T17:14:40.602467+00:00,seed (simulated history - replace with Keepa API)
B0DHTL5W3D,iPad (10th Gen),2025-12-11T17:14:40.506356+00:00,463.71,amazon,2026-05-17T17:14:40.602502+00:00,seed (simulated history - replace with Keepa API)
B0DHTL5W3D,iPad (10th Gen),2025-12-12T17:14:40.506356+00:00,461.17,amazon,2026-05-17T17:14:40.602524+00:00,seed (simulated history - replace with Keepa API)
B0DHTL5W3D,iPad (10th Gen),2025-12-13T17:14:40.506356+00:00,475.78,amazon,2026-05-17T17:14:40.602570+00:00,seed (simulated history - replace with Keepa API)
B0DHTL5W3D,iPad (10th Gen),2025-12-14T17:14:40.506356+00:00,479.72,amazon,2026-05-17T17:14:40.602591+00:00,seed (simulated history - replace with Keepa API)
B0DHTL5W3D,iPad (10th Gen),2025-12-15T17:14:40.506356+00:00,482.83,amazon,2026-05-17T17:14:40.602609+00:00,seed (simulated history - replace with Keepa API)
B0DHTL5W3D,iPad (10th Gen),2025-12-16T17:14:40.506356+00:00,448.45,amazon,2026-05-17T17:14:40.602627+00:00,seed (simulated history - replace with Keepa API)
B0DHTL5W3D,iPad (10th Gen),2025-12-17T17:14:40.506356+00:00,451.02,amazon,2026-05-17T17:14:40.602651+00:00,seed (simulated history - replace with Keepa API)
B0DHTL5W3D,iPad (10th Gen),2025-12-18T17:14:40.506356+00:00,475.02,amazon,2026-05-17T17:14:40.602669+00:00,seed (simulated history - replace with Keepa API)
B0DHTL5W3D,iPad (10th Gen),2025-12-19T17:14:40.506356+00:00,466.33,amazon,2026-05-17T17:14:40.602686+00:00,seed (simulated history - replace with Keepa API)
B0DHTL5W3D,iPad (10th Gen),2025-12-20T17:14:40.506356+00:00,440.78,amazon,2026-05-17T17:14:40.602703+00:00,seed (simulated history - replace with Keepa API)
B0DHTL5W3D,iPad (10th Gen),2025-12-21T17:14:40.506356+00:00,437.53,amazon,2026-05-17T17:14:40.602719+00:00,seed (simulated history - replace with Keepa API)
B0DHTL5W3D,iPad (10th Gen),2025-12-22T17:14:40.506356+00:00,423.27,amazon,2026-05-17T17:14:40.602734+00:00,seed (simulated history - replace with Keepa API)
B0DHTL5W3D,iPad (10th Gen),2025-12-23T17:14:40.506356+00:00,453.79,amazon,2026-05-17T17:14:40.602751+00:00,seed (simulated history - replace with Keepa API)
B0DHTL5W3D,iPad (10th Gen),2025-12-24T17:14:40.506356+00:00,467.4,amazon,2026-05-17T17:14:40.602771+00:00,seed (simulated history - replace with Keepa API)
B0DHTL5W3D,iPad (10th Gen),2025-12-25T17:14:40.506356+00:00,438.77,amazon,2026-05-17T17:14:40.602791+00:00,seed (simulated history - replace with Keepa API)
B0DHTL5W3D,iPad (10th Gen),2025-12-26T17:14:40.506356+00:00,439.29,amazon,2026-05-17T17:14:40.602811+00:00,seed (simulated history - replace with Keepa API)
B0DHTL5W3D,iPad (10th Gen),2025-12-27T17:14:40.506356+00:00,409.88,amazon,2026-05-17T17:14:40.602829+00:00,seed (simulated history - replace with Keepa API)
B0DHTL5W3D,iPad (10th Gen),2025-12-28T17:14:40.506356+00:00,456.97,amazon,2026-05-17T17:14:40.602846+00:00,seed (simulated history - replace with Keepa API)
B0DHTL5W3D,iPad (10th Gen),2025-12-29T17:14:40.506356+00:00,463.24,amazon,2026-05-17T17:14:40.602863+00:00,seed (simulated history - replace with Keepa API)
B0DHTL5W3D,iPad (10th Gen),2025-12-30T17:14:40.506356+00:00,451.68,amazon,2026-05-17T17:14:40.602888+00:00,seed (simulated history - replace with Keepa API)
B0DHTL5W3D,iPad (10th Gen),2025-12-31T17:14:40.506356+00:00,438.8,amazon,2026-05-17T17:14:40.602905+00:00,seed (simulated history - replace with Keepa API)
B0DHTL5W3D,iPad (10th Gen),2026-01-01T17:14:40.506356+00:00,445.8,amazon,2026-05-17T17:14:40.602925+00:00,seed (simulated history - replace with Keepa API)
B0DHTL5W3D,iPad (10th Gen),2026-01-02T17:14:40.506356+00:00,443.87,amazon,2026-05-17T17:14:40.602945+00:00,seed (simulated history - replace with Keepa API)
B0DHTL5W3D,iPad (10th Gen),2026-01-03T17:14:40.506356+00:00,456.36,amazon,2026-05-17T17:14:40.602968+00:00,seed (simulated history - replace with Keepa API)
B0DHTL5W3D,iPad (10th Gen),2026-01-04T17:14:40.506356+00:00,438.89,amazon,2026-05-17T17:14:40.602993+00:00,seed (simulated history - replace with Keepa API)
B0DHTL5W3D,iPad (10th Gen),2026-01-05T17:14:40.506356+00:00,432.21,amazon,2026-05-17T17:14:40.603028+00:00,seed (simulated history - replace with Keepa API)
B0DHTL5W3D,iPad (10th Gen),2026-01-06T17:14:40.506356+00:00,423.57,amazon,2026-05-17T17:14:40.603048+00:00,seed (simulated history - replace with Keepa API)
B0DHTL5W3D,iPad (10th Gen),2026-01-07T17:14:40.506356+00:00,440.97,amazon,2026-05-17T17:14:40.603068+00:00,seed (simulated history - replace with Keepa API)
B0DHTL5W3D,iPad (10th Gen),2026-01-08T17:14:40.506356+00:00,461.66,amazon,2026-05-17T17:14:40.603087+00:00,seed (simulated history - replace with Keepa API)
B0DHTL5W3D,iPad (10th Gen),2026-01-09T17:14:40.506356+00:00,357.29,amazon,2026-05-17T17:14:40.603125+00:00,seed (simulated history - replace with Keepa API)
B0DHTL5W3D,iPad (10th Gen),2026-01-10T17:14:40.506356+00:00,430.7,amazon,2026-05-17T17:14:40.603145+00:00,seed (simulated history - replace with Keepa API)
B0DHTL5W3D,iPad (10th Gen),2026-01-11T17:14:40.506356+00:00,434.46,amazon,2026-05-17T17:14:40.603162+00:00,seed (simulated history - replace with Keepa API)
B0DHTL5W3D,iPad (10th Gen),2026-01-12T17:14:40.506356+00:00,440.94,amazon,2026-05-17T17:14:40.603179+00:00,seed (simulated history - replace with Keepa API)
B0DHTL5W3D,iPad (10th Gen),2026-01-13T17:14:40.506356+00:00,435.98,amazon,2026-05-17T17:14:40.603194+00:00,seed (simulated history - replace with Keepa API)
B0DHTL5W3D,iPad (10th Gen),2026-01-14T17:14:40.506356+00:00,477.2,amazon,2026-05-17T17:14:40.603210+00:00,seed (simulated history - replace with Keepa API)
B0DHTL5W3D,iPad (10th Gen),2026-01-15T17:14:40.506356+00:00,428.63,amazon,2026-05-17T17:14:40.603225+00:00,seed (simulated history - replace with Keepa API)
B0DHTL5W3D,iPad (10th Gen),2026-01-16T17:14:40.506356+00:00,464.62,amazon,2026-05-17T17:14:40.603241+00:00,seed (simulated history - replace with Keepa API)
B0DHTL5W3D,iPad (10th Gen),2026-01-17T17:14:40.506356+00:00,462.11,amazon,2026-05-17T17:14:40.603255+00:00,seed (simulated history - replace with Keepa API)
B0DHTL5W3D,iPad (10th Gen),2026-01-18T17:14:40.506356+00:00,442.84,amazon,2026-05-17T17:14:40.603271+00:00,seed (simulated history - replace with Keepa API)
B0DHTL5W3D,iPad (10th Gen),2026-01-19T17:14:40.506356+00:00,451.5,amazon,2026-05-17T17:14:40.603295+00:00,seed (simulated history - replace with Keepa API)
B0DHTL5W3D,iPad (10th Gen),2026-01-20T17:14:40.506356+00:00,335.18,amazon,2026-05-17T17:14:40.603325+00:00,seed (simulated history - replace with Keepa API)
B0DHTL5W3D,iPad (10th Gen),2026-01-21T17:14:40.506356+00:00,443.2,amazon,2026-05-17T17:14:40.603342+00:00,seed (simulated history - replace with Keepa API)
B0DHTL5W3D,iPad (10th Gen),2026-01-22T17:14:40.506356+00:00,443.04,amazon,2026-05-17T17:14:40.603365+00:00,seed (simulated history - replace with Keepa API)
B0DHTL5W3D,iPad (10th Gen),2026-01-23T17:14:40.506356+00:00,444.4,amazon,2026-05-17T17:14:40.603456+00:00,seed (simulated history - replace with Keepa API)
B0DHTL5W3D,iPad (10th Gen),2026-01-24T17:14:40.506356+00:00,441.37,amazon,2026-05-17T17:14:40.603491+00:00,seed (simulated history - replace with Keepa API)
B0DHTL5W3D,iPad (10th Gen),2026-01-25T17:14:40.506356+00:00,433.91,amazon,2026-05-17T17:14:40.603512+00:00,seed (simulated history - replace with Keepa API)
B0DHTL5W3D,iPad (10th Gen),2026-01-26T17:14:40.506356+00:00,443.85,amazon,2026-05-17T17:14:40.603533+00:00,seed (simulated history - replace with Keepa API)
B0DHTL5W3D,iPad (10th Gen),2026-01-27T17:14:40.506356+00:00,439.83,amazon,2026-05-17T17:14:40.603571+00:00,seed (simulated history - replace with Keepa API)
B0DHTL5W3D,iPad (10th Gen),2026-01-28T17:14:40.506356+00:00,471.22,amazon,2026-05-17T17:14:40.603589+00:00,seed (simulated history - replace with Keepa API)
B0DHTL5W3D,iPad (10th Gen),2026-01-29T17:14:40.506356+00:00,439.32,amazon,2026-05-17T17:14:40.603620+00:00,seed (simulated history - replace with Keepa API)
B0DHTL5W3D,iPad (10th Gen),2026-01-30T17:14:40.506356+00:00,452.96,amazon,2026-05-17T17:14:40.603641+00:00,seed (simulated history - replace with Keepa API)
B0DHTL5W3D,iPad (10th Gen),2026-01-31T17:14:40.506356+00:00,448.09,amazon,2026-05-17T17:14:40.603661+00:00,seed (simulated history - replace with Keepa API)
B0DHTL5W3D,iPad (10th Gen),2026-02-01T17:14:40.506356+00:00,433.68,amazon,2026-05-17T17:14:40.603679+00:00,seed (simulated history - replace with Keepa API)
B0DHTL5W3D,iPad (10th Gen),2026-02-02T17:14:40.506356+00:00,436.97,amazon,2026-05-17T17:14:40.603697+00:00,seed (simulated history - replace with Keepa API)
B0DHTL5W3D,iPad (10th Gen),2026-02-03T17:14:40.506356+00:00,450.37,amazon,2026-05-17T17:14:40.603715+00:00,seed (simulated history - replace with Keepa API)
B0DHTL5W3D,iPad (10th Gen),2026-02-04T17:14:40.506356+00:00,450.42,amazon,2026-05-17T17:14:40.603729+00:00,seed (simulated history - replace with Keepa API)
B0DHTL5W3D,iPad (10th Gen),2026-02-05T17:14:40.506356+00:00,443.66,amazon,2026-05-17T17:14:40.603744+00:00,seed (simulated history - replace with Keepa API)
B0DHTL5W3D,iPad (10th Gen),2026-02-06T17:14:40.506356+00:00,365.08,amazon,2026-05-17T17:14:40.603781+00:00,seed (simulated history - replace with Keepa API)
B0DHTL5W3D,iPad (10th Gen),2026-02-07T17:14:40.506356+00:00,465.44,amazon,2026-05-17T17:14:40.603803+00:00,seed (simulated history - replace with Keepa API)
B0DHTL5W3D,iPad (10th Gen),2026-02-08T17:14:40.506356+00:00,434.5,amazon,2026-05-17T17:14:40.603821+00:00,seed (simulated history - replace with Keepa API)
B0DHTL5W3D,iPad (10th Gen),2026-02-09T17:14:40.506356+00:00,440.98,amazon,2026-05-17T17:14:40.603837+00:00,seed (simulated history - replace with Keepa API)
B0DHTL5W3D,iPad (10th Gen),2026-02-10T17:14:40.506356+00:00,461.13,amazon,2026-05-17T17:14:40.603854+00:00,seed (simulated history - replace with Keepa API)
B0DHTL5W3D,iPad (10th Gen),2026-02-11T17:14:40.506356+00:00,458.18,amazon,2026-05-17T17:14:40.603870+00:00,seed (simulated history - replace with Keepa API)
B0DHTL5W3D,iPad (10th Gen),2026-02-12T17:14:40.506356+00:00,433.46,amazon,2026-05-17T17:14:40.603886+00:00,seed (simulated history - replace with Keepa API)
B0DHTL5W3D,iPad (10th Gen),2026-02-13T17:14:40.506356+00:00,455.37,amazon,2026-05-17T17:14:40.603902+00:00,seed (simulated history - replace with Keepa API)
B0DHTL5W3D,iPad (10th Gen),2026-02-14T17:14:40.506356+00:00,440.3,amazon,2026-05-17T17:14:40.603918+00:00,seed (simulated history - replace with Keepa API)
B0DHTL5W3D,iPad (10th Gen),2026-02-15T17:14:40.506356+00:00,421.21,amazon,2026-05-17T17:14:40.603935+00:00,seed (simulated history - replace with Keepa API)
B0DHTL5W3D,iPad (10th Gen),2026-02-16T17:14:40.506356+00:00,444.73,amazon,2026-05-17T17:14:40.603951+00:00,seed (simulated history - replace with Keepa API)
B0DHTL5W3D,iPad (10th Gen),2026-02-17T17:14:40.506356+00:00,475.24,amazon,2026-05-17T17:14:40.603967+00:00,seed (simulated history - replace with Keepa API)
B0DHTL5W3D,iPad (10th Gen),2026-02-18T17:14:40.506356+00:00,462.81,amazon,2026-05-17T17:14:40.603989+00:00,seed (simulated history - replace with Keepa API)
B0DHTL5W3D,iPad (10th Gen),2026-02-19T17:14:40.506356+00:00,448.36,amazon,2026-05-17T17:14:40.604027+00:00,seed (simulated history - replace with Keepa API)
B0DHTL5W3D,iPad (10th Gen),2026-02-20T17:14:40.506356+00:00,427.69,amazon,2026-05-17T17:14:40.604044+00:00,seed (simulated history - replace with Keepa API)
B0DHTL5W3D,iPad (10th Gen),2026-02-21T17:14:40.506356+00:00,421.57,amazon,2026-05-17T17:14:40.604060+00:00,seed (simulated history - replace with Keepa API)
B0DHTL5W3D,iPad (10th Gen),2026-02-22T17:14:40.506356+00:00,449.64,amazon,2026-05-17T17:14:40.604077+00:00,seed (simulated history - replace with Keepa API)
B0DHTL5W3D,iPad (10th Gen),2026-02-23T17:14:40.506356+00:00,454.44,amazon,2026-05-17T17:14:40.604098+00:00,seed (simulated history - replace with Keepa API)
B0DHTL5W3D,iPad (10th Gen),2026-02-24T17:14:40.506356+00:00,458.64,amazon,2026-05-17T17:14:40.604115+00:00,seed (simulated history - replace with Keepa API)
B0DHTL5W3D,iPad (10th Gen),2026-02-25T17:14:40.506356+00:00,456.97,amazon,2026-05-17T17:14:40.604131+00:00,seed (simulated history - replace with Keepa API)
B0DHTL5W3D,iPad (10th Gen),2026-02-26T17:14:40.506356+00:00,458.16,amazon,2026-05-17T17:14:40.604147+00:00,seed (simulated history - replace with Keepa API)
B0DHTL5W3D,iPad (10th Gen),2026-02-27T17:14:40.506356+00:00,452.73,amazon,2026-05-17T17:14:40.604167+00:00,seed (simulated history - replace with Keepa API)
B0DHTL5W3D,iPad (10th Gen),2026-02-28T17:14:40.506356+00:00,465.1,amazon,2026-05-17T17:14:40.604184+00:00,seed (simulated history - replace with Keepa API)
B0DHTL5W3D,iPad (10th Gen),2026-03-01T17:14:40.506356+00:00,441.92,amazon,2026-05-17T17:14:40.604200+00:00,seed (simulated history - replace with Keepa API)
B0DHTL5W3D,iPad (10th Gen),2026-03-02T17:14:40.506356+00:00,449.44,amazon,2026-05-17T17:14:40.604216+00:00,seed (simulated history - replace with Keepa API)
B0DHTL5W3D,iPad (10th Gen),2026-03-03T17:14:40.506356+00:00,425.53,amazon,2026-05-17T17:14:40.604232+00:00,seed (simulated history - replace with Keepa API)
B0DHTL5W3D,iPad (10th Gen),2026-03-04T17:14:40.506356+00:00,441.64,amazon,2026-05-17T17:14:40.604248+00:00,seed (simulated history - replace with Keepa API)
B0DHTL5W3D,iPad (10th Gen),2026-03-05T17:14:40.506356+00:00,462.4,amazon,2026-05-17T17:14:40.604264+00:00,seed (simulated history - replace with Keepa API)
B0DHTL5W3D,iPad (10th Gen),2026-03-06T17:14:40.506356+00:00,457.7,amazon,2026-05-17T17:14:40.604281+00:00,seed (simulated history - replace with Keepa API)
B0DHTL5W3D,iPad (10th Gen),2026-03-07T17:14:40.506356+00:00,417.05,amazon,2026-05-17T17:14:40.604297+00:00,seed (simulated history - replace with Keepa API)
B0DHTL5W3D,iPad (10th Gen),2026-03-08T17:14:40.506356+00:00,476.51,amazon,2026-05-17T17:14:40.604314+00:00,seed (simulated history - replace with Keepa API)
B0DHTL5W3D,iPad (10th Gen),2026-03-09T17:14:40.506356+00:00,451.12,amazon,2026-05-17T17:14:40.604330+00:00,seed (simulated history - replace with Keepa API)
B0DHTL5W3D,iPad (10th Gen),2026-03-10T17:14:40.506356+00:00,451.37,amazon,2026-05-17T17:14:40.604345+00:00,seed (simulated history - replace with Keepa API)
B0DHTL5W3D,iPad (10th Gen),2026-03-11T17:14:40.506356+00:00,440.82,amazon,2026-05-17T17:14:40.604361+00:00,seed (simulated history - replace with Keepa API)
B0DHTL5W3D,iPad (10th Gen),2026-03-12T17:14:40.506356+00:00,443.55,amazon,2026-05-17T17:14:40.604377+00:00,seed (simulated history - replace with Keepa API)
B0DHTL5W3D,iPad (10th Gen),2026-03-13T17:14:40.506356+00:00,450.96,amazon,2026-05-17T17:14:40.604392+00:00,seed (simulated history - replace with Keepa API)
B0DHTL5W3D,iPad (10th Gen),2026-03-14T17:14:40.506356+00:00,456.88,amazon,2026-05-17T17:14:40.604408+00:00,seed (simulated history - replace with Keepa API)
B0DHTL5W3D,iPad (10th Gen),2026-03-15T17:14:40.506356+00:00,453.37,amazon,2026-05-17T17:14:40.604423+00:00,seed (simulated history - replace with Keepa API)
B0DHTL5W3D,iPad (10th Gen),2026-03-16T17:14:40.506356+00:00,441.82,amazon,2026-05-17T17:14:40.604438+00:00,seed (simulated history - replace with Keepa API)
B0DHTL5W3D,iPad (10th Gen),2026-03-17T17:14:40.506356+00:00,436.87,amazon,2026-05-17T17:14:40.604456+00:00,seed (simulated history - replace with Keepa API)
B0DHTL5W3D,iPad (10th Gen),2026-03-18T17:14:40.506356+00:00,328.55,amazon,2026-05-17T17:14:40.604574+00:00,seed (simulated history - replace with Keepa API)
B0DHTL5W3D,iPad (10th Gen),2026-03-19T17:14:40.506356+00:00,459.28,amazon,2026-05-17T17:14:40.604600+00:00,seed (simulated history - replace with Keepa API)
B0DHTL5W3D,iPad (10th Gen),2026-03-20T17:14:40.506356+00:00,455.89,amazon,2026-05-17T17:14:40.604620+00:00,seed (simulated history - replace with Keepa API)
B0DHTL5W3D,iPad (10th Gen),2026-03-21T17:14:40.506356+00:00,466.92,amazon,2026-05-17T17:14:40.604645+00:00,seed (simulated history - replace with Keepa API)
B0DHTL5W3D,iPad (10th Gen),2026-03-22T17:14:40.506356+00:00,466.79,amazon,2026-05-17T17:14:40.604666+00:00,seed (simulated history - replace with Keepa API)
B0DHTL5W3D,iPad (10th Gen),2026-03-23T17:14:40.506356+00:00,441.71,amazon,2026-05-17T17:14:40.604685+00:00,seed (simulated history - replace with Keepa API)
B0DHTL5W3D,iPad (10th Gen),2026-03-24T17:14:40.506356+00:00,448.03,amazon,2026-05-17T17:14:40.604708+00:00,seed (simulated history - replace with Keepa API)
B0DHTL5W3D,iPad (10th Gen),2026-03-25T17:14:40.506356+00:00,443.98,amazon,2026-05-17T17:14:40.604728+00:00,seed (simulated history - replace with Keepa API)
B0DHTL5W3D,iPad (10th Gen),2026-03-26T17:14:40.506356+00:00,473.9,amazon,2026-05-17T17:14:40.604747+00:00,seed (simulated history - replace with Keepa API)
B0DHTL5W3D,iPad (10th Gen),2026-03-27T17:14:40.506356+00:00,459.46,amazon,2026-05-17T17:14:40.604766+00:00,seed (simulated history - replace with Keepa API)
B0DHTL5W3D,iPad (10th Gen),2026-03-28T17:14:40.506356+00:00,448.24,amazon,2026-05-17T17:14:40.604784+00:00,seed (simulated history - replace with Keepa API)
B0DHTL5W3D,iPad (10th Gen),2026-03-29T17:14:40.506356+00:00,438.94,amazon,2026-05-17T17:14:40.604800+00:00,seed (simulated history - replace with Keepa API)
B0DHTL5W3D,iPad (10th Gen),2026-03-30T17:14:40.506356+00:00,449.59,amazon,2026-05-17T17:14:40.604815+00:00,seed (simulated history - replace with Keepa API)
B0DHTL5W3D,iPad (10th Gen),2026-03-31T17:14:40.506356+00:00,419.49,amazon,2026-05-17T17:14:40.604832+00:00,seed (simulated history - replace with Keepa API)
B0DHTL5W3D,iPad (10th Gen),2026-04-01T17:14:40.506356+00:00,444.49,amazon,2026-05-17T17:14:40.604851+00:00,seed (simulated history - replace with Keepa API)
B0DHTL5W3D,iPad (10th Gen),2026-04-02T17:14:40.506356+00:00,435.65,amazon,2026-05-17T17:14:40.604870+00:00,seed (simulated history - replace with Keepa API)
B0DHTL5W3D,iPad (10th Gen),2026-04-03T17:14:40.506356+00:00,461.4,amazon,2026-05-17T17:14:40.604889+00:00,seed (simulated history - replace with Keepa API)
B0DHTL5W3D,iPad (10th Gen),2026-04-04T17:14:40.506356+00:00,444.66,amazon,2026-05-17T17:14:40.604908+00:00,seed (simulated history - replace with Keepa API)
B0DHTL5W3D,iPad (10th Gen),2026-04-05T17:14:40.506356+00:00,450.47,amazon,2026-05-17T17:14:40.604925+00:00,seed (simulated history - replace with Keepa API)
B0DHTL5W3D,iPad (10th Gen),2026-04-06T17:14:40.506356+00:00,447.3,amazon,2026-05-17T17:14:40.604942+00:00,seed (simulated history - replace with Keepa API)
B0DHTL5W3D,iPad (10th Gen),2026-04-07T17:14:40.506356+00:00,462.03,amazon,2026-05-17T17:14:40.604968+00:00,seed (simulated history - replace with Keepa API)
B0DHTL5W3D,iPad (10th Gen),2026-04-08T17:14:40.506356+00:00,462.41,amazon,2026-05-17T17:14:40.604993+00:00,seed (simulated history - replace with Keepa API)
B0DHTL5W3D,iPad (10th Gen),2026-04-09T17:14:40.506356+00:00,456.13,amazon,2026-05-17T17:14:40.605026+00:00,seed (simulated history - replace with Keepa API)
B0DHTL5W3D,iPad (10th Gen),2026-04-10T17:14:40.506356+00:00,453.19,amazon,2026-05-17T17:14:40.605047+00:00,seed (simulated history - replace with Keepa API)
B0DHTL5W3D,iPad (10th Gen),2026-04-11T17:14:40.506356+00:00,427.74,amazon,2026-05-17T17:14:40.605064+00:00,seed (simulated history - replace with Keepa API)
B0DHTL5W3D,iPad (10th Gen),2026-04-12T17:14:40.506356+00:00,446.14,amazon,2026-05-17T17:14:40.605084+00:00,seed (simulated history - replace with Keepa API)
B0DHTL5W3D,iPad (10th Gen),2026-04-13T17:14:40.506356+00:00,464.88,amazon,2026-05-17T17:14:40.605103+00:00,seed (simulated history - replace with Keepa API)
B0DHTL5W3D,iPad (10th Gen),2026-04-14T17:14:40.506356+00:00,451.7,amazon,2026-05-17T17:14:40.605123+00:00,seed (simulated history - replace with Keepa API)
B0DHTL5W3D,iPad (10th Gen),2026-04-15T17:14:40.506356+00:00,444.7,amazon,2026-05-17T17:14:40.605146+00:00,seed (simulated history - replace with Keepa API)
B0DHTL5W3D,iPad (10th Gen),2026-04-16T17:14:40.506356+00:00,442.38,amazon,2026-05-17T17:14:40.605164+00:00,seed (simulated history - replace with Keepa API)
B0DHTL5W3D,iPad (10th Gen),2026-04-17T17:14:40.506356+00:00,442.46,amazon,2026-05-17T17:14:40.605184+00:00,seed (simulated history - replace with Keepa API)
B0DHTL5W3D,iPad (10th Gen),2026-04-18T17:14:40.506356+00:00,450.29,amazon,2026-05-17T17:14:40.605203+00:00,seed (simulated history - replace with Keepa API)
B0DHTL5W3D,iPad (10th Gen),2026-04-19T17:14:40.506356+00:00,441.01,amazon,2026-05-17T17:14:40.605223+00:00,seed (simulated history - replace with Keepa API)
B0DHTL5W3D,iPad (10th Gen),2026-04-20T17:14:40.506356+00:00,463.75,amazon,2026-05-17T17:14:40.605243+00:00,seed (simulated history - replace with Keepa API)
B0DHTL5W3D,iPad (10th Gen),2026-04-21T17:14:40.506356+00:00,315.06,amazon,2026-05-17T17:14:40.605283+00:00,seed (simulated history - replace with Keepa API)
B0DHTL5W3D,iPad (10th Gen),2026-04-22T17:14:40.506356+00:00,465.01,amazon,2026-05-17T17:14:40.605303+00:00,seed (simulated history - replace with Keepa API)
B0DHTL5W3D,iPad (10th Gen),2026-04-23T17:14:40.506356+00:00,473.91,amazon,2026-05-17T17:14:40.605323+00:00,seed (simulated history - replace with Keepa API)
B0DHTL5W3D,iPad (10th Gen),2026-04-24T17:14:40.506356+00:00,441.19,amazon,2026-05-17T17:14:40.605342+00:00,seed (simulated history - replace with Keepa API)
B0DHTL5W3D,iPad (10th Gen),2026-04-25T17:14:40.506356+00:00,433.42,amazon,2026-05-17T17:14:40.605360+00:00,seed (simulated history - replace with Keepa API)
B0DHTL5W3D,iPad (10th Gen),2026-04-26T17:14:40.506356+00:00,460.45,amazon,2026-05-17T17:14:40.605382+00:00,seed (simulated history - replace with Keepa API)
B0DHTL5W3D,iPad (10th Gen),2026-04-27T17:14:40.506356+00:00,454.63,amazon,2026-05-17T17:14:40.605402+00:00,seed (simulated history - replace with Keepa API)
B0DHTL5W3D,iPad (10th Gen),2026-04-28T17:14:40.506356+00:00,453.35,amazon,2026-05-17T17:14:40.605422+00:00,seed (simulated history - replace with Keepa API)
B0DHTL5W3D,iPad (10th Gen),2026-04-29T17:14:40.506356+00:00,466.29,amazon,2026-05-17T17:14:40.605441+00:00,seed (simulated history - replace with Keepa API)
B0DHTL5W3D,iPad (10th Gen),2026-04-30T17:14:40.506356+00:00,460.39,amazon,2026-05-17T17:14:40.605460+00:00,seed (simulated history - replace with Keepa API)
B0DHTL5W3D,iPad (10th Gen),2026-05-01T17:14:40.506356+00:00,455.92,amazon,2026-05-17T17:14:40.605477+00:00,seed (simulated history - replace with Keepa API)
B0DHTL5W3D,iPad (10th Gen),2026-05-02T17:14:40.506356+00:00,442.79,amazon,2026-05-17T17:14:40.605503+00:00,seed (simulated history - replace with Keepa API)
B0DHTL5W3D,iPad (10th Gen),2026-05-03T17:14:40.506356+00:00,459.19,amazon,2026-05-17T17:14:40.605523+00:00,seed (simulated history - replace with Keepa API)
B0DHTL5W3D,iPad (10th Gen),2026-05-04T17:14:40.506356+00:00,432.91,amazon,2026-05-17T17:14:40.605618+00:00,seed (simulated history - replace with Keepa API)
B0DHTL5W3D,iPad (10th Gen),2026-05-05T17:14:40.506356+00:00,452.85,amazon,2026-05-17T17:14:40.605648+00:00,seed (simulated history - replace with Keepa API)
B0DHTL5W3D,iPad (10th Gen),2026-05-06T17:14:40.506356+00:00,448.54,amazon,2026-05-17T17:14:40.605668+00:00,seed (simulated history - replace with Keepa API)
B0DHTL5W3D,iPad (10th Gen),2026-05-07T17:14:40.506356+00:00,427.52,amazon,2026-05-17T17:14:40.605688+00:00,seed (simulated history - replace with Keepa API)
B0DHTL5W3D,iPad (10th Gen),2026-05-08T17:14:40.506356+00:00,454.67,amazon,2026-05-17T17:14:40.605737+00:00,seed (simulated history - replace with Keepa API)
B0DHTL5W3D,iPad (10th Gen),2026-05-09T17:14:40.506356+00:00,441.22,amazon,2026-05-17T17:14:40.605760+00:00,seed (simulated history - replace with Keepa API)
B0DHTL5W3D,iPad (10th Gen),2026-05-10T17:14:40.506356+00:00,454.33,amazon,2026-05-17T17:14:40.605779+00:00,seed (simulated history - replace with Keepa API)
B0DHTL5W3D,iPad (10th Gen),2026-05-11T17:14:40.506356+00:00,436.1,amazon,2026-05-17T17:14:40.605807+00:00,seed (simulated history - replace with Keepa API)
B0DHTL5W3D,iPad (10th Gen),2026-05-12T17:14:40.506356+00:00,460.54,amazon,2026-05-17T17:14:40.605826+00:00,seed (simulated history - replace with Keepa API)
B0DHTL5W3D,iPad (10th Gen),2026-05-13T17:14:40.506356+00:00,471.59,amazon,2026-05-17T17:14:40.605844+00:00,seed (simulated history - replace with Keepa API)
B0DHTL5W3D,iPad (10th Gen),2026-05-14T17:14:40.506356+00:00,419.77,amazon,2026-05-17T17:14:40.605863+00:00,seed (simulated history - replace with Keepa API)
B0DHTL5W3D,iPad (10th Gen),2026-05-15T17:14:40.506356+00:00,432.91,amazon,2026-05-17T17:14:40.605882+00:00,seed (simulated history - replace with Keepa API)
B0DHTL5W3D,iPad (10th Gen),2026-05-16T17:14:40.506356+00:00,436.09,amazon,2026-05-17T17:14:40.605906+00:00,seed (simulated history - replace with Keepa API)
B0DHTL5W3D,iPad (10th Gen),2026-05-17T17:14:40.506356+00:00,430.78,amazon,2026-05-17T17:14:40.605925+00:00,seed (simulated history - replace with Keepa API)
B0D7L2G9X7,iPad Air 11-inch (M2),2025-11-18T17:14:40.506356+00:00,595.15,amazon,2026-05-17T17:14:40.607068+00:00,seed (simulated history - replace with Keepa API)
B0D7L2G9X7,iPad Air 11-inch (M2),2025-11-19T17:14:40.506356+00:00,605.82,amazon,2026-05-17T17:14:40.607106+00:00,seed (simulated history - replace with Keepa API)
B0D7L2G9X7,iPad Air 11-inch (M2),2025-11-20T17:14:40.506356+00:00,461.66,amazon,2026-05-17T17:14:40.607129+00:00,seed (simulated history - replace with Keepa API)
B0D7L2G9X7,iPad Air 11-inch (M2),2025-11-21T17:14:40.506356+00:00,454.02,amazon,2026-05-17T17:14:40.607146+00:00,seed (simulated history - replace with Keepa API)
B0D7L2G9X7,iPad Air 11-inch (M2),2025-11-22T17:14:40.506356+00:00,461.07,amazon,2026-05-17T17:14:40.607166+00:00,seed (simulated history - replace with Keepa API)
B0D7L2G9X7,iPad Air 11-inch (M2),2025-11-23T17:14:40.506356+00:00,448.0,amazon,2026-05-17T17:14:40.607185+00:00,seed (simulated history - replace with Keepa API)
B0D7L2G9X7,iPad Air 11-inch (M2),2025-11-24T17:14:40.506356+00:00,427.92,amazon,2026-05-17T17:14:40.607203+00:00,seed (simulated history - replace with Keepa API)
B0D7L2G9X7,iPad Air 11-inch (M2),2025-11-25T17:14:40.506356+00:00,468.26,amazon,2026-05-17T17:14:40.607221+00:00,seed (simulated history - replace with Keepa API)
B0D7L2G9X7,iPad Air 11-inch (M2),2025-11-26T17:14:40.506356+00:00,438.66,amazon,2026-05-17T17:14:40.607241+00:00,seed (simulated history - replace with Keepa API)
B0D7L2G9X7,iPad Air 11-inch (M2),2025-11-27T17:14:40.506356+00:00,432.44,amazon,2026-05-17T17:14:40.607260+00:00,seed (simulated history - replace with Keepa API)
B0D7L2G9X7,iPad Air 11-inch (M2),2025-11-28T17:14:40.506356+00:00,446.05,amazon,2026-05-17T17:14:40.607280+00:00,seed (simulated history - replace with Keepa API)
B0D7L2G9X7,iPad Air 11-inch (M2),2025-11-29T17:14:40.506356+00:00,432.85,amazon,2026-05-17T17:14:40.607298+00:00,seed (simulated history - replace with Keepa API)
B0D7L2G9X7,iPad Air 11-inch (M2),2025-11-30T17:14:40.506356+00:00,441.75,amazon,2026-05-17T17:14:40.607315+00:00,seed (simulated history - replace with Keepa API)
B0D7L2G9X7,iPad Air 11-inch (M2),2025-12-01T17:14:40.506356+00:00,605.18,amazon,2026-05-17T17:14:40.607336+00:00,seed (simulated history - replace with Keepa API)
B0D7L2G9X7,iPad Air 11-inch (M2),2025-12-02T17:14:40.506356+00:00,578.45,amazon,2026-05-17T17:14:40.607357+00:00,seed (simulated history - replace with Keepa API)
B0D7L2G9X7,iPad Air 11-inch (M2),2025-12-03T17:14:40.506356+00:00,608.73,amazon,2026-05-17T17:14:40.607377+00:00,seed (simulated history - replace with Keepa API)
B0D7L2G9X7,iPad Air 11-inch (M2),2025-12-04T17:14:40.506356+00:00,623.2,amazon,2026-05-17T17:14:40.607397+00:00,seed (simulated history - replace with Keepa API)
B0D7L2G9X7,iPad Air 11-inch (M2),2025-12-05T17:14:40.506356+00:00,576.34,amazon,2026-05-17T17:14:40.607436+00:00,seed (simulated history - replace with Keepa API)
B0D7L2G9X7,iPad Air 11-inch (M2),2025-12-06T17:14:40.506356+00:00,617.58,amazon,2026-05-17T17:14:40.607457+00:00,seed (simulated history - replace with Keepa API)
B0D7L2G9X7,iPad Air 11-inch (M2),2025-12-07T17:14:40.506356+00:00,510.89,amazon,2026-05-17T17:14:40.607514+00:00,seed (simulated history - replace with Keepa API)
B0D7L2G9X7,iPad Air 11-inch (M2),2025-12-08T17:14:40.506356+00:00,602.02,amazon,2026-05-17T17:14:40.607536+00:00,seed (simulated history - replace with Keepa API)
B0D7L2G9X7,iPad Air 11-inch (M2),2025-12-09T17:14:40.506356+00:00,615.99,amazon,2026-05-17T17:14:40.607586+00:00,seed (simulated history - replace with Keepa API)
B0D7L2G9X7,iPad Air 11-inch (M2),2025-12-10T17:14:40.506356+00:00,608.0,amazon,2026-05-17T17:14:40.607606+00:00,seed (simulated history - replace with Keepa API)
B0D7L2G9X7,iPad Air 11-inch (M2),2025-12-11T17:14:40.506356+00:00,583.21,amazon,2026-05-17T17:14:40.607626+00:00,seed (simulated history - replace with Keepa API)
B0D7L2G9X7,iPad Air 11-inch (M2),2025-12-12T17:14:40.506356+00:00,612.34,amazon,2026-05-17T17:14:40.607646+00:00,seed (simulated history - replace with Keepa API)
B0D7L2G9X7,iPad Air 11-inch (M2),2025-12-13T17:14:40.506356+00:00,587.54,amazon,2026-05-17T17:14:40.607663+00:00,seed (simulated history - replace with Keepa API)
B0D7L2G9X7,iPad Air 11-inch (M2),2025-12-14T17:14:40.506356+00:00,595.07,amazon,2026-05-17T17:14:40.607683+00:00,seed (simulated history - replace with Keepa API)
B0D7L2G9X7,iPad Air 11-inch (M2),2025-12-15T17:14:40.506356+00:00,612.77,amazon,2026-05-17T17:14:40.607703+00:00,seed (simulated history - replace with Keepa API)
B0D7L2G9X7,iPad Air 11-inch (M2),2025-12-16T17:14:40.506356+00:00,566.28,amazon,2026-05-17T17:14:40.607725+00:00,seed (simulated history - replace with Keepa API)
B0D7L2G9X7,iPad Air 11-inch (M2),2025-12-17T17:14:40.506356+00:00,588.26,amazon,2026-05-17T17:14:40.607799+00:00,seed (simulated history - replace with Keepa API)
B0D7L2G9X7,iPad Air 11-inch (M2),2025-12-18T17:14:40.506356+00:00,605.65,amazon,2026-05-17T17:14:40.607824+00:00,seed (simulated history - replace with Keepa API)
B0D7L2G9X7,iPad Air 11-inch (M2),2025-12-19T17:14:40.506356+00:00,609.5,amazon,2026-05-17T17:14:40.607844+00:00,seed (simulated history - replace with Keepa API)
B0D7L2G9X7,iPad Air 11-inch (M2),2025-12-20T17:14:40.506356+00:00,606.38,amazon,2026-05-17T17:14:40.607862+00:00,seed (simulated history - replace with Keepa API)
B0D7L2G9X7,iPad Air 11-inch (M2),2025-12-21T17:14:40.506356+00:00,594.85,amazon,2026-05-17T17:14:40.607882+00:00,seed (simulated history - replace with Keepa API)
B0D7L2G9X7,iPad Air 11-inch (M2),2025-12-22T17:14:40.506356+00:00,509.82,amazon,2026-05-17T17:14:40.607920+00:00,seed (simulated history - replace with Keepa API)
B0D7L2G9X7,iPad Air 11-inch (M2),2025-12-23T17:14:40.506356+00:00,581.64,amazon,2026-05-17T17:14:40.607940+00:00,seed (simulated history - replace with Keepa API)
B0D7L2G9X7,iPad Air 11-inch (M2),2025-12-24T17:14:40.506356+00:00,604.0,amazon,2026-05-17T17:14:40.607960+00:00,seed (simulated history - replace with Keepa API)
B0D7L2G9X7,iPad Air 11-inch (M2),2025-12-25T17:14:40.506356+00:00,593.52,amazon,2026-05-17T17:14:40.607995+00:00,seed (simulated history - replace with Keepa API)
B0D7L2G9X7,iPad Air 11-inch (M2),2025-12-26T17:14:40.506356+00:00,628.27,amazon,2026-05-17T17:14:40.608030+00:00,seed (simulated history - replace with Keepa API)
B0D7L2G9X7,iPad Air 11-inch (M2),2025-12-27T17:14:40.506356+00:00,419.3,amazon,2026-05-17T17:14:40.608058+00:00,seed (simulated history - replace with Keepa API)
B0D7L2G9X7,iPad Air 11-inch (M2),2025-12-28T17:14:40.506356+00:00,613.23,amazon,2026-05-17T17:14:40.608077+00:00,seed (simulated history - replace with Keepa API)
B0D7L2G9X7,iPad Air 11-inch (M2),2025-12-29T17:14:40.506356+00:00,588.75,amazon,2026-05-17T17:14:40.608095+00:00,seed (simulated history - replace with Keepa API)
B0D7L2G9X7,iPad Air 11-inch (M2),2025-12-30T17:14:40.506356+00:00,614.32,amazon,2026-05-17T17:14:40.608113+00:00,seed (simulated history - replace with Keepa API)
B0D7L2G9X7,iPad Air 11-inch (M2),2025-12-31T17:14:40.506356+00:00,576.91,amazon,2026-05-17T17:14:40.608131+00:00,seed (simulated history - replace with Keepa API)
B0D7L2G9X7,iPad Air 11-inch (M2),2026-01-01T17:14:40.506356+00:00,625.09,amazon,2026-05-17T17:14:40.608146+00:00,seed (simulated history - replace with Keepa API)
B0D7L2G9X7,iPad Air 11-inch (M2),2026-01-02T17:14:40.506356+00:00,599.25,amazon,2026-05-17T17:14:40.608170+00:00,seed (simulated history - replace with Keepa API)
B0D7L2G9X7,iPad Air 11-inch (M2),2026-01-03T17:14:40.506356+00:00,588.28,amazon,2026-05-17T17:14:40.608190+00:00,seed (simulated history - replace with Keepa API)
B0D7L2G9X7,iPad Air 11-inch (M2),2026-01-04T17:14:40.506356+00:00,593.62,amazon,2026-05-17T17:14:40.608208+00:00,seed (simulated history - replace with Keepa API)
B0D7L2G9X7,iPad Air 11-inch (M2),2026-01-05T17:14:40.506356+00:00,585.53,amazon,2026-05-17T17:14:40.608224+00:00,seed (simulated history - replace with Keepa API)
B0D7L2G9X7,iPad Air 11-inch (M2),2026-01-06T17:14:40.506356+00:00,595.02,amazon,2026-05-17T17:14:40.608240+00:00,seed (simulated history - replace with Keepa API)
B0D7L2G9X7,iPad Air 11-inch (M2),2026-01-07T17:14:40.506356+00:00,577.85,amazon,2026-05-17T17:14:40.608256+00:00,seed (simulated history - replace with Keepa API)
B0D7L2G9X7,iPad Air 11-inch (M2),2026-01-08T17:14:40.506356+00:00,631.72,amazon,2026-05-17T17:14:40.608273+00:00,seed (simulated history - replace with Keepa API)
B0D7L2G9X7,iPad Air 11-inch (M2),2026-01-09T17:14:40.506356+00:00,588.82,amazon,2026-05-17T17:14:40.608290+00:00,seed (simulated history - replace with Keepa API)
B0D7L2G9X7,iPad Air 11-inch (M2),2026-01-10T17:14:40.506356+00:00,613.94,amazon,2026-05-17T17:14:40.608309+00:00,seed (simulated history - replace with Keepa API)
B0D7L2G9X7,iPad Air 11-inch (M2),2026-01-11T17:14:40.506356+00:00,602.76,amazon,2026-05-17T17:14:40.608330+00:00,seed (simulated history - replace with Keepa API)
B0D7L2G9X7,iPad Air 11-inch (M2),2026-01-12T17:14:40.506356+00:00,581.31,amazon,2026-05-17T17:14:40.608355+00:00,seed (simulated history - replace with Keepa API)
B0D7L2G9X7,iPad Air 11-inch (M2),2026-01-13T17:14:40.506356+00:00,595.62,amazon,2026-05-17T17:14:40.608388+00:00,seed (simulated history - replace with Keepa API)
B0D7L2G9X7,iPad Air 11-inch (M2),2026-01-14T17:14:40.506356+00:00,620.44,amazon,2026-05-17T17:14:40.608407+00:00,seed (simulated history - replace with Keepa API)
B0D7L2G9X7,iPad Air 11-inch (M2),2026-01-15T17:14:40.506356+00:00,590.74,amazon,2026-05-17T17:14:40.608429+00:00,seed (simulated history - replace with Keepa API)
B0D7L2G9X7,iPad Air 11-inch (M2),2026-01-16T17:14:40.506356+00:00,579.6,amazon,2026-05-17T17:14:40.608449+00:00,seed (simulated history - replace with Keepa API)
B0D7L2G9X7,iPad Air 11-inch (M2),2026-01-17T17:14:40.506356+00:00,608.81,amazon,2026-05-17T17:14:40.608471+00:00,seed (simulated history - replace with Keepa API)
B0D7L2G9X7,iPad Air 11-inch (M2),2026-01-18T17:14:40.506356+00:00,559.98,amazon,2026-05-17T17:14:40.608503+00:00,seed (simulated history - replace with Keepa API)
B0D7L2G9X7,iPad Air 11-inch (M2),2026-01-19T17:14:40.506356+00:00,594.01,amazon,2026-05-17T17:14:40.608525+00:00,seed (simulated history - replace with Keepa API)
B0D7L2G9X7,iPad Air 11-inch (M2),2026-01-20T17:14:40.506356+00:00,622.2,amazon,2026-05-17T17:14:40.608589+00:00,seed (simulated history - replace with Keepa API)
B0D7L2G9X7,iPad Air 11-inch (M2),2026-01-21T17:14:40.506356+00:00,595.12,amazon,2026-05-17T17:14:40.608613+00:00,seed (simulated history - replace with Keepa API)
B0D7L2G9X7,iPad Air 11-inch (M2),2026-01-22T17:14:40.506356+00:00,615.85,amazon,2026-05-17T17:14:40.608634+00:00,seed (simulated history - replace with Keepa API)
B0D7L2G9X7,iPad Air 11-inch (M2),2026-01-23T17:14:40.506356+00:00,579.37,amazon,2026-05-17T17:14:40.608656+00:00,seed (simulated history - replace with Keepa API)
B0D7L2G9X7,iPad Air 11-inch (M2),2026-01-24T17:14:40.506356+00:00,429.89,amazon,2026-05-17T17:14:40.608696+00:00,seed (simulated history - replace with Keepa API)
B0D7L2G9X7,iPad Air 11-inch (M2),2026-01-25T17:14:40.506356+00:00,585.82,amazon,2026-05-17T17:14:40.608719+00:00,seed (simulated history - replace with Keepa API)
B0D7L2G9X7,iPad Air 11-inch (M2),2026-01-26T17:14:40.506356+00:00,586.96,amazon,2026-05-17T17:14:40.608742+00:00,seed (simulated history - replace with Keepa API)
B0D7L2G9X7,iPad Air 11-inch (M2),2026-01-27T17:14:40.506356+00:00,576.48,amazon,2026-05-17T17:14:40.608776+00:00,seed (simulated history - replace with Keepa API)
B0D7L2G9X7,iPad Air 11-inch (M2),2026-01-28T17:14:40.506356+00:00,599.4,amazon,2026-05-17T17:14:40.608800+00:00,seed (simulated history - replace with Keepa API)
B0D7L2G9X7,iPad Air 11-inch (M2),2026-01-29T17:14:40.506356+00:00,594.23,amazon,2026-05-17T17:14:40.608821+00:00,seed (simulated history - replace with Keepa API)
B0D7L2G9X7,iPad Air 11-inch (M2),2026-01-30T17:14:40.506356+00:00,617.63,amazon,2026-05-17T17:14:40.608922+00:00,seed (simulated history - replace with Keepa API)
B0D7L2G9X7,iPad Air 11-inch (M2),2026-01-31T17:14:40.506356+00:00,577.95,amazon,2026-05-17T17:14:40.608946+00:00,seed (simulated history - replace with Keepa API)
B0D7L2G9X7,iPad Air 11-inch (M2),2026-02-01T17:14:40.506356+00:00,529.32,amazon,2026-05-17T17:14:40.608997+00:00,seed (simulated history - replace with Keepa API)
B0D7L2G9X7,iPad Air 11-inch (M2),2026-02-02T17:14:40.506356+00:00,590.85,amazon,2026-05-17T17:14:40.609048+00:00,seed (simulated history - replace with Keepa API)
B0D7L2G9X7,iPad Air 11-inch (M2),2026-02-03T17:14:40.506356+00:00,630.02,amazon,2026-05-17T17:14:40.609070+00:00,seed (simulated history - replace with Keepa API)
B0D7L2G9X7,iPad Air 11-inch (M2),2026-02-04T17:14:40.506356+00:00,605.4,amazon,2026-05-17T17:14:40.609091+00:00,seed (simulated history - replace with Keepa API)
B0D7L2G9X7,iPad Air 11-inch (M2),2026-02-05T17:14:40.506356+00:00,621.67,amazon,2026-05-17T17:14:40.609113+00:00,seed (simulated history - replace with Keepa API)
B0D7L2G9X7,iPad Air 11-inch (M2),2026-02-06T17:14:40.506356+00:00,618.7,amazon,2026-05-17T17:14:40.609135+00:00,seed (simulated history - replace with Keepa API)
B0D7L2G9X7,iPad Air 11-inch (M2),2026-02-07T17:14:40.506356+00:00,606.64,amazon,2026-05-17T17:14:40.609156+00:00,seed (simulated history - replace with Keepa API)
B0D7L2G9X7,iPad Air 11-inch (M2),2026-02-08T17:14:40.506356+00:00,605.94,amazon,2026-05-17T17:14:40.609178+00:00,seed (simulated history - replace with Keepa API)
B0D7L2G9X7,iPad Air 11-inch (M2),2026-02-09T17:14:40.506356+00:00,614.05,amazon,2026-05-17T17:14:40.609200+00:00,seed (simulated history - replace with Keepa API)
B0D7L2G9X7,iPad Air 11-inch (M2),2026-02-10T17:14:40.506356+00:00,608.4,amazon,2026-05-17T17:14:40.609220+00:00,seed (simulated history - replace with Keepa API)
B0D7L2G9X7,iPad Air 11-inch (M2),2026-02-11T17:14:40.506356+00:00,577.07,amazon,2026-05-17T17:14:40.609242+00:00,seed (simulated history - replace with Keepa API)
B0D7L2G9X7,iPad Air 11-inch (M2),2026-02-12T17:14:40.506356+00:00,562.75,amazon,2026-05-17T17:14:40.609263+00:00,seed (simulated history - replace with Keepa API)
B0D7L2G9X7,iPad Air 11-inch (M2),2026-02-13T17:14:40.506356+00:00,548.1,amazon,2026-05-17T17:14:40.609285+00:00,seed (simulated history - replace with Keepa API)
B0D7L2G9X7,iPad Air 11-inch (M2),2026-02-14T17:14:40.506356+00:00,594.94,amazon,2026-05-17T17:14:40.609306+00:00,seed (simulated history - replace with Keepa API)
B0D7L2G9X7,iPad Air 11-inch (M2),2026-02-15T17:14:40.506356+00:00,623.96,amazon,2026-05-17T17:14:40.609328+00:00,seed (simulated history - replace with Keepa API)
B0D7L2G9X7,iPad Air 11-inch (M2),2026-02-16T17:14:40.506356+00:00,573.97,amazon,2026-05-17T17:14:40.609350+00:00,seed (simulated history - replace with Keepa API)
B0D7L2G9X7,iPad Air 11-inch (M2),2026-02-17T17:14:40.506356+00:00,598.38,amazon,2026-05-17T17:14:40.609371+00:00,seed (simulated history - replace with Keepa API)
B0D7L2G9X7,iPad Air 11-inch (M2),2026-02-18T17:14:40.506356+00:00,594.53,amazon,2026-05-17T17:14:40.609389+00:00,seed (simulated history - replace with Keepa API)
B0D7L2G9X7,iPad Air 11-inch (M2),2026-02-19T17:14:40.506356+00:00,610.26,amazon,2026-05-17T17:14:40.609408+00:00,seed (simulated history - replace with Keepa API)
B0D7L2G9X7,iPad Air 11-inch (M2),2026-02-20T17:14:40.506356+00:00,611.64,amazon,2026-05-17T17:14:40.609427+00:00,seed (simulated history - replace with Keepa API)
B0D7L2G9X7,iPad Air 11-inch (M2),2026-02-21T17:14:40.506356+00:00,637.72,amazon,2026-05-17T17:14:40.609459+00:00,seed (simulated history - replace with Keepa API)
B0D7L2G9X7,iPad Air 11-inch (M2),2026-02-22T17:14:40.506356+00:00,603.42,amazon,2026-05-17T17:14:40.609495+00:00,seed (simulated history - replace with Keepa API)
B0D7L2G9X7,iPad Air 11-inch (M2),2026-02-23T17:14:40.506356+00:00,584.58,amazon,2026-05-17T17:14:40.609519+00:00,seed (simulated history - replace with Keepa API)
B0D7L2G9X7,iPad Air 11-inch (M2),2026-02-24T17:14:40.506356+00:00,588.84,amazon,2026-05-17T17:14:40.609561+00:00,seed (simulated history - replace with Keepa API)
B0D7L2G9X7,iPad Air 11-inch (M2),2026-02-25T17:14:40.506356+00:00,590.53,amazon,2026-05-17T17:14:40.609583+00:00,seed (simulated history - replace with Keepa API)
B0D7L2G9X7,iPad Air 11-inch (M2),2026-02-26T17:14:40.506356+00:00,587.47,amazon,2026-05-17T17:14:40.609604+00:00,seed (simulated history - replace with Keepa API)
B0D7L2G9X7,iPad Air 11-inch (M2),2026-02-27T17:14:40.506356+00:00,628.93,amazon,2026-05-17T17:14:40.609620+00:00,seed (simulated history - replace with Keepa API)
B0D7L2G9X7,iPad Air 11-inch (M2),2026-02-28T17:14:40.506356+00:00,610.72,amazon,2026-05-17T17:14:40.609646+00:00,seed (simulated history - replace with Keepa API)
B0D7L2G9X7,iPad Air 11-inch (M2),2026-03-01T17:14:40.506356+00:00,569.68,amazon,2026-05-17T17:14:40.609662+00:00,seed (simulated history - replace with Keepa API)
B0D7L2G9X7,iPad Air 11-inch (M2),2026-03-02T17:14:40.506356+00:00,607.63,amazon,2026-05-17T17:14:40.609678+00:00,seed (simulated history - replace with Keepa API)
B0D7L2G9X7,iPad Air 11-inch (M2),2026-03-03T17:14:40.506356+00:00,580.04,amazon,2026-05-17T17:14:40.609694+00:00,seed (simulated history - replace with Keepa API)
B0D7L2G9X7,iPad Air 11-inch (M2),2026-03-04T17:14:40.506356+00:00,611.45,amazon,2026-05-17T17:14:40.609712+00:00,seed (simulated history - replace with Keepa API)
B0D7L2G9X7,iPad Air 11-inch (M2),2026-03-05T17:14:40.506356+00:00,618.87,amazon,2026-05-17T17:14:40.609728+00:00,seed (simulated history - replace with Keepa API)
B0D7L2G9X7,iPad Air 11-inch (M2),2026-03-06T17:14:40.506356+00:00,594.84,amazon,2026-05-17T17:14:40.609743+00:00,seed (simulated history - replace with Keepa API)
B0D7L2G9X7,iPad Air 11-inch (M2),2026-03-07T17:14:40.506356+00:00,588.64,amazon,2026-05-17T17:14:40.609758+00:00,seed (simulated history - replace with Keepa API)
B0D7L2G9X7,iPad Air 11-inch (M2),2026-03-08T17:14:40.506356+00:00,625.43,amazon,2026-05-17T17:14:40.609774+00:00,seed (simulated history - replace with Keepa API)
B0D7L2G9X7,iPad Air 11-inch (M2),2026-03-09T17:14:40.506356+00:00,586.43,amazon,2026-05-17T17:14:40.609789+00:00,seed (simulated history - replace with Keepa API)
B0D7L2G9X7,iPad Air 11-inch (M2),2026-03-10T17:14:40.506356+00:00,584.69,amazon,2026-05-17T17:14:40.609805+00:00,seed (simulated history - replace with Keepa API)
B0D7L2G9X7,iPad Air 11-inch (M2),2026-03-11T17:14:40.506356+00:00,581.93,amazon,2026-05-17T17:14:40.609829+00:00,seed (simulated history - replace with Keepa API)
B0D7L2G9X7,iPad Air 11-inch (M2),2026-03-12T17:14:40.506356+00:00,597.51,amazon,2026-05-17T17:14:40.609846+00:00,seed (simulated history - replace with Keepa API)
B0D7L2G9X7,iPad Air 11-inch (M2),2026-03-13T17:14:40.506356+00:00,461.97,amazon,2026-05-17T17:14:40.609887+00:00,seed (simulated history - replace with Keepa API)
B0D7L2G9X7,iPad Air 11-inch (M2),2026-03-14T17:14:40.506356+00:00,593.72,amazon,2026-05-17T17:14:40.609905+00:00,seed (simulated history - replace with Keepa API)
B0D7L2G9X7,iPad Air 11-inch (M2),2026-03-15T17:14:40.506356+00:00,603.87,amazon,2026-05-17T17:14:40.610025+00:00,seed (simulated history - replace with Keepa API)
B0D7L2G9X7,iPad Air 11-inch (M2),2026-03-16T17:14:40.506356+00:00,590.3,amazon,2026-05-17T17:14:40.610054+00:00,seed (simulated history - replace with Keepa API)
B0D7L2G9X7,iPad Air 11-inch (M2),2026-03-17T17:14:40.506356+00:00,601.22,amazon,2026-05-17T17:14:40.610072+00:00,seed (simulated history - replace with Keepa API)
B0D7L2G9X7,iPad Air 11-inch (M2),2026-03-18T17:14:40.506356+00:00,622.1,amazon,2026-05-17T17:14:40.610089+00:00,seed (simulated history - replace with Keepa API)
B0D7L2G9X7,iPad Air 11-inch (M2),2026-03-19T17:14:40.506356+00:00,587.76,amazon,2026-05-17T17:14:40.610119+00:00,seed (simulated history - replace with Keepa API)
B0D7L2G9X7,iPad Air 11-inch (M2),2026-03-20T17:14:40.506356+00:00,596.79,amazon,2026-05-17T17:14:40.610137+00:00,seed (simulated history - replace with Keepa API)
B0D7L2G9X7,iPad Air 11-inch (M2),2026-03-21T17:14:40.506356+00:00,609.57,amazon,2026-05-17T17:14:40.610156+00:00,seed (simulated history - replace with Keepa API)
B0D7L2G9X7,iPad Air 11-inch (M2),2026-03-22T17:14:40.506356+00:00,607.81,amazon,2026-05-17T17:14:40.610175+00:00,seed (simulated history - replace with Keepa API)
B0D7L2G9X7,iPad Air 11-inch (M2),2026-03-23T17:14:40.506356+00:00,608.84,amazon,2026-05-17T17:14:40.610192+00:00,seed (simulated history - replace with Keepa API)
B0D7L2G9X7,iPad Air 11-inch (M2),2026-03-24T17:14:40.506356+00:00,590.68,amazon,2026-05-17T17:14:40.610210+00:00,seed (simulated history - replace with Keepa API)
B0D7L2G9X7,iPad Air 11-inch (M2),2026-03-25T17:14:40.506356+00:00,534.96,amazon,2026-05-17T17:14:40.610253+00:00,seed (simulated history - replace with Keepa API)
B0D7L2G9X7,iPad Air 11-inch (M2),2026-03-26T17:14:40.506356+00:00,641.92,amazon,2026-05-17T17:14:40.610274+00:00,seed (simulated history - replace with Keepa API)
B0D7L2G9X7,iPad Air 11-inch (M2),2026-03-27T17:14:40.506356+00:00,445.33,amazon,2026-05-17T17:14:40.610304+00:00,seed (simulated history - replace with Keepa API)
B0D7L2G9X7,iPad Air 11-inch (M2),2026-03-28T17:14:40.506356+00:00,599.68,amazon,2026-05-17T17:14:40.610324+00:00,seed (simulated history - replace with Keepa API)
B0D7L2G9X7,iPad Air 11-inch (M2),2026-03-29T17:14:40.506356+00:00,594.09,amazon,2026-05-17T17:14:40.610340+00:00,seed (simulated history - replace with Keepa API)
B0D7L2G9X7,iPad Air 11-inch (M2),2026-03-30T17:14:40.506356+00:00,562.47,amazon,2026-05-17T17:14:40.610357+00:00,seed (simulated history - replace with Keepa API)
B0D7L2G9X7,iPad Air 11-inch (M2),2026-03-31T17:14:40.506356+00:00,636.96,amazon,2026-05-17T17:14:40.610377+00:00,seed (simulated history - replace with Keepa API)
B0D7L2G9X7,iPad Air 11-inch (M2),2026-04-01T17:14:40.506356+00:00,599.63,amazon,2026-05-17T17:14:40.610412+00:00,seed (simulated history - replace with Keepa API)
B0D7L2G9X7,iPad Air 11-inch (M2),2026-04-02T17:14:40.506356+00:00,634.88,amazon,2026-05-17T17:14:40.610432+00:00,seed (simulated history - replace with Keepa API)
B0D7L2G9X7,iPad Air 11-inch (M2),2026-04-03T17:14:40.506356+00:00,606.31,amazon,2026-05-17T17:14:40.610452+00:00,seed (simulated history - replace with Keepa API)
B0D7L2G9X7,iPad Air 11-inch (M2),2026-04-04T17:14:40.506356+00:00,581.71,amazon,2026-05-17T17:14:40.610469+00:00,seed (simulated history - replace with Keepa API)
B0D7L2G9X7,iPad Air 11-inch (M2),2026-04-05T17:14:40.506356+00:00,579.52,amazon,2026-05-17T17:14:40.610495+00:00,seed (simulated history - replace with Keepa API)
B0D7L2G9X7,iPad Air 11-inch (M2),2026-04-06T17:14:40.506356+00:00,605.43,amazon,2026-05-17T17:14:40.610516+00:00,seed (simulated history - replace with Keepa API)
B0D7L2G9X7,iPad Air 11-inch (M2),2026-04-07T17:14:40.506356+00:00,602.47,amazon,2026-05-17T17:14:40.610537+00:00,seed (simulated history - replace with Keepa API)
B0D7L2G9X7,iPad Air 11-inch (M2),2026-04-08T17:14:40.506356+00:00,587.3,amazon,2026-05-17T17:14:40.610582+00:00,seed (simulated history - replace with Keepa API)
B0D7L2G9X7,iPad Air 11-inch (M2),2026-04-09T17:14:40.506356+00:00,543.3,amazon,2026-05-17T17:14:40.610602+00:00,seed (simulated history - replace with Keepa API)
B0D7L2G9X7,iPad Air 11-inch (M2),2026-04-10T17:14:40.506356+00:00,601.31,amazon,2026-05-17T17:14:40.610621+00:00,seed (simulated history - replace with Keepa API)
B0D7L2G9X7,iPad Air 11-inch (M2),2026-04-11T17:14:40.506356+00:00,634.92,amazon,2026-05-17T17:14:40.610643+00:00,seed (simulated history - replace with Keepa API)
B0D7L2G9X7,iPad Air 11-inch (M2),2026-04-12T17:14:40.506356+00:00,635.44,amazon,2026-05-17T17:14:40.610663+00:00,seed (simulated history - replace with Keepa API)
B0D7L2G9X7,iPad Air 11-inch (M2),2026-04-13T17:14:40.506356+00:00,609.51,amazon,2026-05-17T17:14:40.610683+00:00,seed (simulated history - replace with Keepa API)
B0D7L2G9X7,iPad Air 11-inch (M2),2026-04-14T17:14:40.506356+00:00,592.35,amazon,2026-05-17T17:14:40.610710+00:00,seed (simulated history - replace with Keepa API)
B0D7L2G9X7,iPad Air 11-inch (M2),2026-04-15T17:14:40.506356+00:00,603.5,amazon,2026-05-17T17:14:40.610729+00:00,seed (simulated history - replace with Keepa API)
B0D7L2G9X7,iPad Air 11-inch (M2),2026-04-16T17:14:40.506356+00:00,584.41,amazon,2026-05-17T17:14:40.610749+00:00,seed (simulated history - replace with Keepa API)
B0D7L2G9X7,iPad Air 11-inch (M2),2026-04-17T17:14:40.506356+00:00,610.88,amazon,2026-05-17T17:14:40.610769+00:00,seed (simulated history - replace with Keepa API)
B0D7L2G9X7,iPad Air 11-inch (M2),2026-04-18T17:14:40.506356+00:00,576.27,amazon,2026-05-17T17:14:40.610841+00:00,seed (simulated history - replace with Keepa API)
B0D7L2G9X7,iPad Air 11-inch (M2),2026-04-19T17:14:40.506356+00:00,603.69,amazon,2026-05-17T17:14:40.610862+00:00,seed (simulated history - replace with Keepa API)
B0D7L2G9X7,iPad Air 11-inch (M2),2026-04-20T17:14:40.506356+00:00,617.39,amazon,2026-05-17T17:14:40.610883+00:00,seed (simulated history - replace with Keepa API)
B0D7L2G9X7,iPad Air 11-inch (M2),2026-04-21T17:14:40.506356+00:00,607.93,amazon,2026-05-17T17:14:40.610916+00:00,seed (simulated history - replace with Keepa API)
B0D7L2G9X7,iPad Air 11-inch (M2),2026-04-22T17:14:40.506356+00:00,583.89,amazon,2026-05-17T17:14:40.610937+00:00,seed (simulated history - replace with Keepa API)
B0D7L2G9X7,iPad Air 11-inch (M2),2026-04-23T17:14:40.506356+00:00,623.45,amazon,2026-05-17T17:14:40.611001+00:00,seed (simulated history - replace with Keepa API)
B0D7L2G9X7,iPad Air 11-inch (M2),2026-04-24T17:14:40.506356+00:00,599.48,amazon,2026-05-17T17:14:40.611153+00:00,seed (simulated history - replace with Keepa API)
B0D7L2G9X7,iPad Air 11-inch (M2),2026-04-25T17:14:40.506356+00:00,599.91,amazon,2026-05-17T17:14:40.611179+00:00,seed (simulated history - replace with Keepa API)
B0D7L2G9X7,iPad Air 11-inch (M2),2026-04-26T17:14:40.506356+00:00,610.42,amazon,2026-05-17T17:14:40.611200+00:00,seed (simulated history - replace with Keepa API)
B0D7L2G9X7,iPad Air 11-inch (M2),2026-04-27T17:14:40.506356+00:00,540.15,amazon,2026-05-17T17:14:40.611221+00:00,seed (simulated history - replace with Keepa API)
B0D7L2G9X7,iPad Air 11-inch (M2),2026-04-28T17:14:40.506356+00:00,584.3,amazon,2026-05-17T17:14:40.611242+00:00,seed (simulated history - replace with Keepa API)
B0D7L2G9X7,iPad Air 11-inch (M2),2026-04-29T17:14:40.506356+00:00,592.91,amazon,2026-05-17T17:14:40.611262+00:00,seed (simulated history - replace with Keepa API)
B0D7L2G9X7,iPad Air 11-inch (M2),2026-04-30T17:14:40.506356+00:00,619.97,amazon,2026-05-17T17:14:40.611280+00:00,seed (simulated history - replace with Keepa API)
B0D7L2G9X7,iPad Air 11-inch (M2),2026-05-01T17:14:40.506356+00:00,571.95,amazon,2026-05-17T17:14:40.611300+00:00,seed (simulated history - replace with Keepa API)
B0D7L2G9X7,iPad Air 11-inch (M2),2026-05-02T17:14:40.506356+00:00,606.52,amazon,2026-05-17T17:14:40.611320+00:00,seed (simulated history - replace with Keepa API)
B0D7L2G9X7,iPad Air 11-inch (M2),2026-05-03T17:14:40.506356+00:00,585.82,amazon,2026-05-17T17:14:40.611341+00:00,seed (simulated history - replace with Keepa API)
B0D7L2G9X7,iPad Air 11-inch (M2),2026-05-04T17:14:40.506356+00:00,593.44,amazon,2026-05-17T17:14:40.611361+00:00,seed (simulated history - replace with Keepa API)
B0D7L2G9X7,iPad Air 11-inch (M2),2026-05-05T17:14:40.506356+00:00,583.11,amazon,2026-05-17T17:14:40.611380+00:00,seed (simulated history - replace with Keepa API)
B0D7L2G9X7,iPad Air 11-inch (M2),2026-05-06T17:14:40.506356+00:00,589.64,amazon,2026-05-17T17:14:40.611398+00:00,seed (simulated history - replace with Keepa API)
B0D7L2G9X7,iPad Air 11-inch (M2),2026-05-07T17:14:40.506356+00:00,598.07,amazon,2026-05-17T17:14:40.611418+00:00,seed (simulated history - replace with Keepa API)
B0D7L2G9X7,iPad Air 11-inch (M2),2026-05-08T17:14:40.506356+00:00,596.55,amazon,2026-05-17T17:14:40.611438+00:00,seed (simulated history - replace with Keepa API)
B0D7L2G9X7,iPad Air 11-inch (M2),2026-05-09T17:14:40.506356+00:00,585.51,amazon,2026-05-17T17:14:40.611469+00:00,seed (simulated history - replace with Keepa API)
B0D7L2G9X7,iPad Air 11-inch (M2),2026-05-10T17:14:40.506356+00:00,562.27,amazon,2026-05-17T17:14:40.611499+00:00,seed (simulated history - replace with Keepa API)
B0D7L2G9X7,iPad Air 11-inch (M2),2026-05-11T17:14:40.506356+00:00,583.54,amazon,2026-05-17T17:14:40.611520+00:00,seed (simulated history - replace with Keepa API)
B0D7L2G9X7,iPad Air 11-inch (M2),2026-05-12T17:14:40.506356+00:00,584.43,amazon,2026-05-17T17:14:40.611593+00:00,seed (simulated history - replace with Keepa API)
B0D7L2G9X7,iPad Air 11-inch (M2),2026-05-13T17:14:40.506356+00:00,500.81,amazon,2026-05-17T17:14:40.611648+00:00,seed (simulated history - replace with Keepa API)
B0D7L2G9X7,iPad Air 11-inch (M2),2026-05-14T17:14:40.506356+00:00,582.28,amazon,2026-05-17T17:14:40.611667+00:00,seed (simulated history - replace with Keepa API)
B0D7L2G9X7,iPad Air 11-inch (M2),2026-05-15T17:14:40.506356+00:00,612.59,amazon,2026-05-17T17:14:40.611685+00:00,seed (simulated history - replace with Keepa API)
B0D7L2G9X7,iPad Air 11-inch (M2),2026-05-16T17:14:40.506356+00:00,564.6,amazon,2026-05-17T17:14:40.611701+00:00,seed (simulated history - replace with Keepa API)
B0D7L2G9X7,iPad Air 11-inch (M2),2026-05-17T17:14:40.506356+00:00,604.52,amazon,2026-05-17T17:14:40.611719+00:00,seed (simulated history - replace with Keepa API)
B0CWV3J9RV,Samsung Galaxy S24,2025-11-18T17:14:40.506356+00:00,794.04,amazon,2026-05-17T17:14:40.613030+00:00,seed (simulated history - replace with Keepa API)
B0CWV3J9RV,Samsung Galaxy S24,2025-11-19T17:14:40.506356+00:00,815.05,amazon,2026-05-17T17:14:40.613071+00:00,seed (simulated history - replace with Keepa API)
B0CWV3J9RV,Samsung Galaxy S24,2025-11-20T17:14:40.506356+00:00,593.28,amazon,2026-05-17T17:14:40.613095+00:00,seed (simulated history - replace with Keepa API)
B0CWV3J9RV,Samsung Galaxy S24,2025-11-21T17:14:40.506356+00:00,599.3,amazon,2026-05-17T17:14:40.613118+00:00,seed (simulated history - replace with Keepa API)
B0CWV3J9RV,Samsung Galaxy S24,2025-11-22T17:14:40.506356+00:00,568.11,amazon,2026-05-17T17:14:40.613141+00:00,seed (simulated history - replace with Keepa API)
B0CWV3J9RV,Samsung Galaxy S24,2025-11-23T17:14:40.506356+00:00,616.32,amazon,2026-05-17T17:14:40.613162+00:00,seed (simulated history - replace with Keepa API)
B0CWV3J9RV,Samsung Galaxy S24,2025-11-24T17:14:40.506356+00:00,595.22,amazon,2026-05-17T17:14:40.613183+00:00,seed (simulated history - replace with Keepa API)
B0CWV3J9RV,Samsung Galaxy S24,2025-11-25T17:14:40.506356+00:00,559.0,amazon,2026-05-17T17:14:40.613204+00:00,seed (simulated history - replace with Keepa API)
B0CWV3J9RV,Samsung Galaxy S24,2025-11-26T17:14:40.506356+00:00,607.97,amazon,2026-05-17T17:14:40.613292+00:00,seed (simulated history - replace with Keepa API)
B0CWV3J9RV,Samsung Galaxy S24,2025-11-27T17:14:40.506356+00:00,624.15,amazon,2026-05-17T17:14:40.613315+00:00,seed (simulated history - replace with Keepa API)
B0CWV3J9RV,Samsung Galaxy S24,2025-11-28T17:14:40.506356+00:00,630.76,amazon,2026-05-17T17:14:40.613335+00:00,seed (simulated history - replace with Keepa API)
B0CWV3J9RV,Samsung Galaxy S24,2025-11-29T17:14:40.506356+00:00,590.91,amazon,2026-05-17T17:14:40.613356+00:00,seed (simulated history - replace with Keepa API)
B0CWV3J9RV,Samsung Galaxy S24,2025-11-30T17:14:40.506356+00:00,603.48,amazon,2026-05-17T17:14:40.613389+00:00,seed (simulated history - replace with Keepa API)
B0CWV3J9RV,Samsung Galaxy S24,2025-12-01T17:14:40.506356+00:00,801.2,amazon,2026-05-17T17:14:40.613413+00:00,seed (simulated history - replace with Keepa API)
B0CWV3J9RV,Samsung Galaxy S24,2025-12-02T17:14:40.506356+00:00,835.74,amazon,2026-05-17T17:14:40.613435+00:00,seed (simulated history - replace with Keepa API)
B0CWV3J9RV,Samsung Galaxy S24,2025-12-03T17:14:40.506356+00:00,779.96,amazon,2026-05-17T17:14:40.613457+00:00,seed (simulated history - replace with Keepa API)
B0CWV3J9RV,Samsung Galaxy S24,2025-12-04T17:14:40.506356+00:00,765.21,amazon,2026-05-17T17:14:40.613479+00:00,seed (simulated history - replace with Keepa API)
B0CWV3J9RV,Samsung Galaxy S24,2025-12-05T17:14:40.506356+00:00,795.23,amazon,2026-05-17T17:14:40.613514+00:00,seed (simulated history - replace with Keepa API)
B0CWV3J9RV,Samsung Galaxy S24,2025-12-06T17:14:40.506356+00:00,778.82,amazon,2026-05-17T17:14:40.613536+00:00,seed (simulated history - replace with Keepa API)
B0CWV3J9RV,Samsung Galaxy S24,2025-12-07T17:14:40.506356+00:00,796.24,amazon,2026-05-17T17:14:40.613580+00:00,seed (simulated history - replace with Keepa API)
B0CWV3J9RV,Samsung Galaxy S24,2025-12-08T17:14:40.506356+00:00,833.67,amazon,2026-05-17T17:14:40.613607+00:00,seed (simulated history - replace with Keepa API)
B0CWV3J9RV,Samsung Galaxy S24,2025-12-09T17:14:40.506356+00:00,807.09,amazon,2026-05-17T17:14:40.613630+00:00,seed (simulated history - replace with Keepa API)
B0CWV3J9RV,Samsung Galaxy S24,2025-12-10T17:14:40.506356+00:00,809.42,amazon,2026-05-17T17:14:40.613651+00:00,seed (simulated history - replace with Keepa API)
B0CWV3J9RV,Samsung Galaxy S24,2025-12-11T17:14:40.506356+00:00,856.1,amazon,2026-05-17T17:14:40.613673+00:00,seed (simulated history - replace with Keepa API)
B0CWV3J9RV,Samsung Galaxy S24,2025-12-12T17:14:40.506356+00:00,794.33,amazon,2026-05-17T17:14:40.613694+00:00,seed (simulated history - replace with Keepa API)
B0CWV3J9RV,Samsung Galaxy S24,2025-12-13T17:14:40.506356+00:00,784.71,amazon,2026-05-17T17:14:40.613716+00:00,seed (simulated history - replace with Keepa API)
B0CWV3J9RV,Samsung Galaxy S24,2025-12-14T17:14:40.506356+00:00,801.36,amazon,2026-05-17T17:14:40.613737+00:00,seed (simulated history - replace with Keepa API)
B0CWV3J9RV,Samsung Galaxy S24,2025-12-15T17:14:40.506356+00:00,783.74,amazon,2026-05-17T17:14:40.613758+00:00,seed (simulated history - replace with Keepa API)
B0CWV3J9RV,Samsung Galaxy S24,2025-12-16T17:14:40.506356+00:00,809.96,amazon,2026-05-17T17:14:40.613779+00:00,seed (simulated history - replace with Keepa API)
B0CWV3J9RV,Samsung Galaxy S24,2025-12-17T17:14:40.506356+00:00,774.87,amazon,2026-05-17T17:14:40.613801+00:00,seed (simulated history - replace with Keepa API)
B0CWV3J9RV,Samsung Galaxy S24,2025-12-18T17:14:40.506356+00:00,780.1,amazon,2026-05-17T17:14:40.613823+00:00,seed (simulated history - replace with Keepa API)
B0CWV3J9RV,Samsung Galaxy S24,2025-12-19T17:14:40.506356+00:00,738.23,amazon,2026-05-17T17:14:40.613848+00:00,seed (simulated history - replace with Keepa API)
B0CWV3J9RV,Samsung Galaxy S24,2025-12-20T17:14:40.506356+00:00,792.62,amazon,2026-05-17T17:14:40.613866+00:00,seed (simulated history - replace with Keepa API)
B0CWV3J9RV,Samsung Galaxy S24,2025-12-21T17:14:40.506356+00:00,787.17,amazon,2026-05-17T17:14:40.613881+00:00,seed (simulated history - replace with Keepa API)
B0CWV3J9RV,Samsung Galaxy S24,2025-12-22T17:14:40.506356+00:00,803.61,amazon,2026-05-17T17:14:40.613897+00:00,seed (simulated history - replace with Keepa API)
B0CWV3J9RV,Samsung Galaxy S24,2025-12-23T17:14:40.506356+00:00,862.25,amazon,2026-05-17T17:14:40.613913+00:00,seed (simulated history - replace with Keepa API)
B0CWV3J9RV,Samsung Galaxy S24,2025-12-24T17:14:40.506356+00:00,827.29,amazon,2026-05-17T17:14:40.613929+00:00,seed (simulated history - replace with Keepa API)
B0CWV3J9RV,Samsung Galaxy S24,2025-12-25T17:14:40.506356+00:00,820.84,amazon,2026-05-17T17:14:40.613945+00:00,seed (simulated history - replace with Keepa API)
B0CWV3J9RV,Samsung Galaxy S24,2025-12-26T17:14:40.506356+00:00,759.59,amazon,2026-05-17T17:14:40.613962+00:00,seed (simulated history - replace with Keepa API)
B0CWV3J9RV,Samsung Galaxy S24,2025-12-27T17:14:40.506356+00:00,814.01,amazon,2026-05-17T17:14:40.613991+00:00,seed (simulated history - replace with Keepa API)
B0CWV3J9RV,Samsung Galaxy S24,2025-12-28T17:14:40.506356+00:00,814.72,amazon,2026-05-17T17:14:40.614020+00:00,seed (simulated history - replace with Keepa API)
B0CWV3J9RV,Samsung Galaxy S24,2025-12-29T17:14:40.506356+00:00,810.67,amazon,2026-05-17T17:14:40.614038+00:00,seed (simulated history - replace with Keepa API)
B0CWV3J9RV,Samsung Galaxy S24,2025-12-30T17:14:40.506356+00:00,780.82,amazon,2026-05-17T17:14:40.614066+00:00,seed (simulated history - replace with Keepa API)
B0CWV3J9RV,Samsung Galaxy S24,2025-12-31T17:14:40.506356+00:00,804.11,amazon,2026-05-17T17:14:40.614085+00:00,seed (simulated history - replace with Keepa API)
B0CWV3J9RV,Samsung Galaxy S24,2026-01-01T17:14:40.506356+00:00,809.37,amazon,2026-05-17T17:14:40.614104+00:00,seed (simulated history - replace with Keepa API)
B0CWV3J9RV,Samsung Galaxy S24,2026-01-02T17:14:40.506356+00:00,789.8,amazon,2026-05-17T17:14:40.614124+00:00,seed (simulated history - replace with Keepa API)
B0CWV3J9RV,Samsung Galaxy S24,2026-01-03T17:14:40.506356+00:00,811.99,amazon,2026-05-17T17:14:40.614143+00:00,seed (simulated history - replace with Keepa API)
B0CWV3J9RV,Samsung Galaxy S24,2026-01-04T17:14:40.506356+00:00,817.98,amazon,2026-05-17T17:14:40.614160+00:00,seed (simulated history - replace with Keepa API)
B0CWV3J9RV,Samsung Galaxy S24,2026-01-05T17:14:40.506356+00:00,795.82,amazon,2026-05-17T17:14:40.614178+00:00,seed (simulated history - replace with Keepa API)
B0CWV3J9RV,Samsung Galaxy S24,2026-01-06T17:14:40.506356+00:00,775.68,amazon,2026-05-17T17:14:40.614206+00:00,seed (simulated history - replace with Keepa API)
B0CWV3J9RV,Samsung Galaxy S24,2026-01-07T17:14:40.506356+00:00,759.5,amazon,2026-05-17T17:14:40.614229+00:00,seed (simulated history - replace with Keepa API)
B0CWV3J9RV,Samsung Galaxy S24,2026-01-08T17:14:40.506356+00:00,793.89,amazon,2026-05-17T17:14:40.614255+00:00,seed (simulated history - replace with Keepa API)
B0CWV3J9RV,Samsung Galaxy S24,2026-01-09T17:14:40.506356+00:00,776.79,amazon,2026-05-17T17:14:40.614278+00:00,seed (simulated history - replace with Keepa API)
B0CWV3J9RV,Samsung Galaxy S24,2026-01-10T17:14:40.506356+00:00,789.62,amazon,2026-05-17T17:14:40.614300+00:00,seed (simulated history - replace with Keepa API)
B0CWV3J9RV,Samsung Galaxy S24,2026-01-11T17:14:40.506356+00:00,809.06,amazon,2026-05-17T17:14:40.614395+00:00,seed (simulated history - replace with Keepa API)
B0CWV3J9RV,Samsung Galaxy S24,2026-01-12T17:14:40.506356+00:00,809.13,amazon,2026-05-17T17:14:40.614421+00:00,seed (simulated history - replace with Keepa API)
B0CWV3J9RV,Samsung Galaxy S24,2026-01-13T17:14:40.506356+00:00,789.31,amazon,2026-05-17T17:14:40.614442+00:00,seed (simulated history - replace with Keepa API)
B0CWV3J9RV,Samsung Galaxy S24,2026-01-14T17:14:40.506356+00:00,780.5,amazon,2026-05-17T17:14:40.614460+00:00,seed (simulated history - replace with Keepa API)
B0CWV3J9RV,Samsung Galaxy S24,2026-01-15T17:14:40.506356+00:00,793.4,amazon,2026-05-17T17:14:40.614476+00:00,seed (simulated history - replace with Keepa API)
B0CWV3J9RV,Samsung Galaxy S24,2026-01-16T17:14:40.506356+00:00,831.96,amazon,2026-05-17T17:14:40.614510+00:00,seed (simulated history - replace with Keepa API)
B0CWV3J9RV,Samsung Galaxy S24,2026-01-17T17:14:40.506356+00:00,755.33,amazon,2026-05-17T17:14:40.614530+00:00,seed (simulated history - replace with Keepa API)
B0CWV3J9RV,Samsung Galaxy S24,2026-01-18T17:14:40.506356+00:00,789.87,amazon,2026-05-17T17:14:40.614570+00:00,seed (simulated history - replace with Keepa API)
B0CWV3J9RV,Samsung Galaxy S24,2026-01-19T17:14:40.506356+00:00,772.85,amazon,2026-05-17T17:14:40.614588+00:00,seed (simulated history - replace with Keepa API)
B0CWV3J9RV,Samsung Galaxy S24,2026-01-20T17:14:40.506356+00:00,821.36,amazon,2026-05-17T17:14:40.614607+00:00,seed (simulated history - replace with Keepa API)
B0CWV3J9RV,Samsung Galaxy S24,2026-01-21T17:14:40.506356+00:00,808.77,amazon,2026-05-17T17:14:40.614629+00:00,seed (simulated history - replace with Keepa API)
B0CWV3J9RV,Samsung Galaxy S24,2026-01-22T17:14:40.506356+00:00,802.34,amazon,2026-05-17T17:14:40.614649+00:00,seed (simulated history - replace with Keepa API)
B0CWV3J9RV,Samsung Galaxy S24,2026-01-23T17:14:40.506356+00:00,778.41,amazon,2026-05-17T17:14:40.614669+00:00,seed (simulated history - replace with Keepa API)
B0CWV3J9RV,Samsung Galaxy S24,2026-01-24T17:14:40.506356+00:00,772.68,amazon,2026-05-17T17:14:40.614688+00:00,seed (simulated history - replace with Keepa API)
B0CWV3J9RV,Samsung Galaxy S24,2026-01-25T17:14:40.506356+00:00,808.74,amazon,2026-05-17T17:14:40.614717+00:00,seed (simulated history - replace with Keepa API)
B0CWV3J9RV,Samsung Galaxy S24,2026-01-26T17:14:40.506356+00:00,798.19,amazon,2026-05-17T17:14:40.614739+00:00,seed (simulated history - replace with Keepa API)
B0CWV3J9RV,Samsung Galaxy S24,2026-01-27T17:14:40.506356+00:00,779.41,amazon,2026-05-17T17:14:40.614763+00:00,seed (simulated history - replace with Keepa API)
B0CWV3J9RV,Samsung Galaxy S24,2026-01-28T17:14:40.506356+00:00,798.76,amazon,2026-05-17T17:14:40.614783+00:00,seed (simulated history - replace with Keepa API)
B0CWV3J9RV,Samsung Galaxy S24,2026-01-29T17:14:40.506356+00:00,794.06,amazon,2026-05-17T17:14:40.614801+00:00,seed (simulated history - replace with Keepa API)
B0CWV3J9RV,Samsung Galaxy S24,2026-01-30T17:14:40.506356+00:00,823.26,amazon,2026-05-17T17:14:40.614821+00:00,seed (simulated history - replace with Keepa API)
B0CWV3J9RV,Samsung Galaxy S24,2026-01-31T17:14:40.506356+00:00,811.3,amazon,2026-05-17T17:14:40.614840+00:00,seed (simulated history - replace with Keepa API)
B0CWV3J9RV,Samsung Galaxy S24,2026-02-01T17:14:40.506356+00:00,795.58,amazon,2026-05-17T17:14:40.614860+00:00,seed (simulated history - replace with Keepa API)
B0CWV3J9RV,Samsung Galaxy S24,2026-02-02T17:14:40.506356+00:00,804.51,amazon,2026-05-17T17:14:40.614880+00:00,seed (simulated history - replace with Keepa API)
B0CWV3J9RV,Samsung Galaxy S24,2026-02-03T17:14:40.506356+00:00,809.33,amazon,2026-05-17T17:14:40.614898+00:00,seed (simulated history - replace with Keepa API)
B0CWV3J9RV,Samsung Galaxy S24,2026-02-04T17:14:40.506356+00:00,800.01,amazon,2026-05-17T17:14:40.614916+00:00,seed (simulated history - replace with Keepa API)
B0CWV3J9RV,Samsung Galaxy S24,2026-02-05T17:14:40.506356+00:00,766.57,amazon,2026-05-17T17:14:40.614936+00:00,seed (simulated history - replace with Keepa API)
B0CWV3J9RV,Samsung Galaxy S24,2026-02-06T17:14:40.506356+00:00,830.79,amazon,2026-05-17T17:14:40.614956+00:00,seed (simulated history - replace with Keepa API)
B0CWV3J9RV,Samsung Galaxy S24,2026-02-07T17:14:40.506356+00:00,852.92,amazon,2026-05-17T17:14:40.614975+00:00,seed (simulated history - replace with Keepa API)
B0CWV3J9RV,Samsung Galaxy S24,2026-02-08T17:14:40.506356+00:00,828.77,amazon,2026-05-17T17:14:40.615019+00:00,seed (simulated history - replace with Keepa API)
B0CWV3J9RV,Samsung Galaxy S24,2026-02-09T17:14:40.506356+00:00,824.56,amazon,2026-05-17T17:14:40.615039+00:00,seed (simulated history - replace with Keepa API)
B0CWV3J9RV,Samsung Galaxy S24,2026-02-10T17:14:40.506356+00:00,790.31,amazon,2026-05-17T17:14:40.615059+00:00,seed (simulated history - replace with Keepa API)
B0CWV3J9RV,Samsung Galaxy S24,2026-02-11T17:14:40.506356+00:00,836.68,amazon,2026-05-17T17:14:40.615079+00:00,seed (simulated history - replace with Keepa API)
B0CWV3J9RV,Samsung Galaxy S24,2026-02-12T17:14:40.506356+00:00,808.76,amazon,2026-05-17T17:14:40.615099+00:00,seed (simulated history - replace with Keepa API)
B0CWV3J9RV,Samsung Galaxy S24,2026-02-13T17:14:40.506356+00:00,825.4,amazon,2026-05-17T17:14:40.615118+00:00,seed (simulated history - replace with Keepa API)
B0CWV3J9RV,Samsung Galaxy S24,2026-02-14T17:14:40.506356+00:00,804.75,amazon,2026-05-17T17:14:40.615136+00:00,seed (simulated history - replace with Keepa API)
B0CWV3J9RV,Samsung Galaxy S24,2026-02-15T17:14:40.506356+00:00,772.77,amazon,2026-05-17T17:14:40.615156+00:00,seed (simulated history - replace with Keepa API)
B0CWV3J9RV,Samsung Galaxy S24,2026-02-16T17:14:40.506356+00:00,796.35,amazon,2026-05-17T17:14:40.615182+00:00,seed (simulated history - replace with Keepa API)
B0CWV3J9RV,Samsung Galaxy S24,2026-02-17T17:14:40.506356+00:00,819.21,amazon,2026-05-17T17:14:40.615202+00:00,seed (simulated history - replace with Keepa API)
B0CWV3J9RV,Samsung Galaxy S24,2026-02-18T17:14:40.506356+00:00,790.58,amazon,2026-05-17T17:14:40.615222+00:00,seed (simulated history - replace with Keepa API)
B0CWV3J9RV,Samsung Galaxy S24,2026-02-19T17:14:40.506356+00:00,805.31,amazon,2026-05-17T17:14:40.615243+00:00,seed (simulated history - replace with Keepa API)
B0CWV3J9RV,Samsung Galaxy S24,2026-02-20T17:14:40.506356+00:00,790.11,amazon,2026-05-17T17:14:40.615264+00:00,seed (simulated history - replace with Keepa API)
B0CWV3J9RV,Samsung Galaxy S24,2026-02-21T17:14:40.506356+00:00,782.54,amazon,2026-05-17T17:14:40.615284+00:00,seed (simulated history - replace with Keepa API)
B0CWV3J9RV,Samsung Galaxy S24,2026-02-22T17:14:40.506356+00:00,732.08,amazon,2026-05-17T17:14:40.615304+00:00,seed (simulated history - replace with Keepa API)
B0CWV3J9RV,Samsung Galaxy S24,2026-02-23T17:14:40.506356+00:00,750.26,amazon,2026-05-17T17:14:40.615323+00:00,seed (simulated history - replace with Keepa API)
B0CWV3J9RV,Samsung Galaxy S24,2026-02-24T17:14:40.506356+00:00,777.14,amazon,2026-05-17T17:14:40.615341+00:00,seed (simulated history - replace with Keepa API)
B0CWV3J9RV,Samsung Galaxy S24,2026-02-25T17:14:40.506356+00:00,787.73,amazon,2026-05-17T17:14:40.615362+00:00,seed (simulated history - replace with Keepa API)
B0CWV3J9RV,Samsung Galaxy S24,2026-02-26T17:14:40.506356+00:00,827.37,amazon,2026-05-17T17:14:40.615381+00:00,seed (simulated history - replace with Keepa API)
B0CWV3J9RV,Samsung Galaxy S24,2026-02-27T17:14:40.506356+00:00,777.76,amazon,2026-05-17T17:14:40.615457+00:00,seed (simulated history - replace with Keepa API)
B0CWV3J9RV,Samsung Galaxy S24,2026-02-28T17:14:40.506356+00:00,776.95,amazon,2026-05-17T17:14:40.615491+00:00,seed (simulated history - replace with Keepa API)
B0CWV3J9RV,Samsung Galaxy S24,2026-03-01T17:14:40.506356+00:00,665.69,amazon,2026-05-17T17:14:40.615532+00:00,seed (simulated history - replace with Keepa API)
B0CWV3J9RV,Samsung Galaxy S24,2026-03-02T17:14:40.506356+00:00,823.29,amazon,2026-05-17T17:14:40.615572+00:00,seed (simulated history - replace with Keepa API)
B0CWV3J9RV,Samsung Galaxy S24,2026-03-03T17:14:40.506356+00:00,749.61,amazon,2026-05-17T17:14:40.615593+00:00,seed (simulated history - replace with Keepa API)
B0CWV3J9RV,Samsung Galaxy S24,2026-03-04T17:14:40.506356+00:00,816.39,amazon,2026-05-17T17:14:40.615614+00:00,seed (simulated history - replace with Keepa API)
B0CWV3J9RV,Samsung Galaxy S24,2026-03-05T17:14:40.506356+00:00,797.23,amazon,2026-05-17T17:14:40.615634+00:00,seed (simulated history - replace with Keepa API)
B0CWV3J9RV,Samsung Galaxy S24,2026-03-06T17:14:40.506356+00:00,813.59,amazon,2026-05-17T17:14:40.615654+00:00,seed (simulated history - replace with Keepa API)
B0CWV3J9RV,Samsung Galaxy S24,2026-03-07T17:14:40.506356+00:00,817.06,amazon,2026-05-17T17:14:40.615689+00:00,seed (simulated history - replace with Keepa API)
B0CWV3J9RV,Samsung Galaxy S24,2026-03-08T17:14:40.506356+00:00,874.7,amazon,2026-05-17T17:14:40.615709+00:00,seed (simulated history - replace with Keepa API)
B0CWV3J9RV,Samsung Galaxy S24,2026-03-09T17:14:40.506356+00:00,789.82,amazon,2026-05-17T17:14:40.615730+00:00,seed (simulated history - replace with Keepa API)
B0CWV3J9RV,Samsung Galaxy S24,2026-03-10T17:14:40.506356+00:00,789.11,amazon,2026-05-17T17:14:40.615749+00:00,seed (simulated history - replace with Keepa API)
B0CWV3J9RV,Samsung Galaxy S24,2026-03-11T17:14:40.506356+00:00,817.58,amazon,2026-05-17T17:14:40.615767+00:00,seed (simulated history - replace with Keepa API)
B0CWV3J9RV,Samsung Galaxy S24,2026-03-12T17:14:40.506356+00:00,769.41,amazon,2026-05-17T17:14:40.615787+00:00,seed (simulated history - replace with Keepa API)
B0CWV3J9RV,Samsung Galaxy S24,2026-03-13T17:14:40.506356+00:00,782.37,amazon,2026-05-17T17:14:40.615806+00:00,seed (simulated history - replace with Keepa API)
B0CWV3J9RV,Samsung Galaxy S24,2026-03-14T17:14:40.506356+00:00,796.59,amazon,2026-05-17T17:14:40.615826+00:00,seed (simulated history - replace with Keepa API)
B0CWV3J9RV,Samsung Galaxy S24,2026-03-15T17:14:40.506356+00:00,675.44,amazon,2026-05-17T17:14:40.615892+00:00,seed (simulated history - replace with Keepa API)
B0CWV3J9RV,Samsung Galaxy S24,2026-03-16T17:14:40.506356+00:00,646.52,amazon,2026-05-17T17:14:40.615929+00:00,seed (simulated history - replace with Keepa API)
B0CWV3J9RV,Samsung Galaxy S24,2026-03-17T17:14:40.506356+00:00,749.48,amazon,2026-05-17T17:14:40.615957+00:00,seed (simulated history - replace with Keepa API)
B0CWV3J9RV,Samsung Galaxy S24,2026-03-18T17:14:40.506356+00:00,849.0,amazon,2026-05-17T17:14:40.615975+00:00,seed (simulated history - replace with Keepa API)
B0CWV3J9RV,Samsung Galaxy S24,2026-03-19T17:14:40.506356+00:00,798.6,amazon,2026-05-17T17:14:40.616002+00:00,seed (simulated history - replace with Keepa API)
B0CWV3J9RV,Samsung Galaxy S24,2026-03-20T17:14:40.506356+00:00,782.35,amazon,2026-05-17T17:14:40.616034+00:00,seed (simulated history - replace with Keepa API)
B0CWV3J9RV,Samsung Galaxy S24,2026-03-21T17:14:40.506356+00:00,854.64,amazon,2026-05-17T17:14:40.616054+00:00,seed (simulated history - replace with Keepa API)
B0CWV3J9RV,Samsung Galaxy S24,2026-03-22T17:14:40.506356+00:00,770.36,amazon,2026-05-17T17:14:40.616074+00:00,seed (simulated history - replace with Keepa API)
B0CWV3J9RV,Samsung Galaxy S24,2026-03-23T17:14:40.506356+00:00,830.9,amazon,2026-05-17T17:14:40.616092+00:00,seed (simulated history - replace with Keepa API)
B0CWV3J9RV,Samsung Galaxy S24,2026-03-24T17:14:40.506356+00:00,800.34,amazon,2026-05-17T17:14:40.616112+00:00,seed (simulated history - replace with Keepa API)
B0CWV3J9RV,Samsung Galaxy S24,2026-03-25T17:14:40.506356+00:00,817.53,amazon,2026-05-17T17:14:40.616132+00:00,seed (simulated history - replace with Keepa API)
B0CWV3J9RV,Samsung Galaxy S24,2026-03-26T17:14:40.506356+00:00,812.91,amazon,2026-05-17T17:14:40.616152+00:00,seed (simulated history - replace with Keepa API)
B0CWV3J9RV,Samsung Galaxy S24,2026-03-27T17:14:40.506356+00:00,697.7,amazon,2026-05-17T17:14:40.616214+00:00,seed (simulated history - replace with Keepa API)
B0CWV3J9RV,Samsung Galaxy S24,2026-03-28T17:14:40.506356+00:00,857.45,amazon,2026-05-17T17:14:40.616235+00:00,seed (simulated history - replace with Keepa API)
B0CWV3J9RV,Samsung Galaxy S24,2026-03-29T17:14:40.506356+00:00,821.99,amazon,2026-05-17T17:14:40.616256+00:00,seed (simulated history - replace with Keepa API)
B0CWV3J9RV,Samsung Galaxy S24,2026-03-30T17:14:40.506356+00:00,849.36,amazon,2026-05-17T17:14:40.616275+00:00,seed (simulated history - replace with Keepa API)
B0CWV3J9RV,Samsung Galaxy S24,2026-03-31T17:14:40.506356+00:00,779.78,amazon,2026-05-17T17:14:40.616293+00:00,seed (simulated history - replace with Keepa API)
B0CWV3J9RV,Samsung Galaxy S24,2026-04-01T17:14:40.506356+00:00,803.18,amazon,2026-05-17T17:14:40.616313+00:00,seed (simulated history - replace with Keepa API)
B0CWV3J9RV,Samsung Galaxy S24,2026-04-02T17:14:40.506356+00:00,799.64,amazon,2026-05-17T17:14:40.616334+00:00,seed (simulated history - replace with Keepa API)
B0CWV3J9RV,Samsung Galaxy S24,2026-04-03T17:14:40.506356+00:00,756.75,amazon,2026-05-17T17:14:40.616354+00:00,seed (simulated history - replace with Keepa API)
B0CWV3J9RV,Samsung Galaxy S24,2026-04-04T17:14:40.506356+00:00,810.29,amazon,2026-05-17T17:14:40.616374+00:00,seed (simulated history - replace with Keepa API)
B0CWV3J9RV,Samsung Galaxy S24,2026-04-05T17:14:40.506356+00:00,819.95,amazon,2026-05-17T17:14:40.616392+00:00,seed (simulated history - replace with Keepa API)
B0CWV3J9RV,Samsung Galaxy S24,2026-04-06T17:14:40.506356+00:00,792.17,amazon,2026-05-17T17:14:40.616411+00:00,seed (simulated history - replace with Keepa API)
B0CWV3J9RV,Samsung Galaxy S24,2026-04-07T17:14:40.506356+00:00,817.76,amazon,2026-05-17T17:14:40.616431+00:00,seed (simulated history - replace with Keepa API)
B0CWV3J9RV,Samsung Galaxy S24,2026-04-08T17:14:40.506356+00:00,822.55,amazon,2026-05-17T17:14:40.616450+00:00,seed (simulated history - replace with Keepa API)
B0CWV3J9RV,Samsung Galaxy S24,2026-04-09T17:14:40.506356+00:00,790.64,amazon,2026-05-17T17:14:40.616470+00:00,seed (simulated history - replace with Keepa API)
B0CWV3J9RV,Samsung Galaxy S24,2026-04-10T17:14:40.506356+00:00,754.34,amazon,2026-05-17T17:14:40.616537+00:00,seed (simulated history - replace with Keepa API)
B0CWV3J9RV,Samsung Galaxy S24,2026-04-11T17:14:40.506356+00:00,769.99,amazon,2026-05-17T17:14:40.616608+00:00,seed (simulated history - replace with Keepa API)
B0CWV3J9RV,Samsung Galaxy S24,2026-04-12T17:14:40.506356+00:00,807.34,amazon,2026-05-17T17:14:40.616629+00:00,seed (simulated history - replace with Keepa API)
B0CWV3J9RV,Samsung Galaxy S24,2026-04-13T17:14:40.506356+00:00,800.07,amazon,2026-05-17T17:14:40.616646+00:00,seed (simulated history - replace with Keepa API)
B0CWV3J9RV,Samsung Galaxy S24,2026-04-14T17:14:40.506356+00:00,789.5,amazon,2026-05-17T17:14:40.616664+00:00,seed (simulated history - replace with Keepa API)
B0CWV3J9RV,Samsung Galaxy S24,2026-04-15T17:14:40.506356+00:00,760.97,amazon,2026-05-17T17:14:40.616687+00:00,seed (simulated history - replace with Keepa API)
B0CWV3J9RV,Samsung Galaxy S24,2026-04-16T17:14:40.506356+00:00,781.45,amazon,2026-05-17T17:14:40.616708+00:00,seed (simulated history - replace with Keepa API)
B0CWV3J9RV,Samsung Galaxy S24,2026-04-17T17:14:40.506356+00:00,821.34,amazon,2026-05-17T17:14:40.616729+00:00,seed (simulated history - replace with Keepa API)
B0CWV3J9RV,Samsung Galaxy S24,2026-04-18T17:14:40.506356+00:00,837.04,amazon,2026-05-17T17:14:40.616750+00:00,seed (simulated history - replace with Keepa API)
B0CWV3J9RV,Samsung Galaxy S24,2026-04-19T17:14:40.506356+00:00,802.04,amazon,2026-05-17T17:14:40.616771+00:00,seed (simulated history - replace with Keepa API)
B0CWV3J9RV,Samsung Galaxy S24,2026-04-20T17:14:40.506356+00:00,562.74,amazon,2026-05-17T17:14:40.616809+00:00,seed (simulated history - replace with Keepa API)
B0CWV3J9RV,Samsung Galaxy S24,2026-04-21T17:14:40.506356+00:00,630.06,amazon,2026-05-17T17:14:40.616837+00:00,seed (simulated history - replace with Keepa API)
B0CWV3J9RV,Samsung Galaxy S24,2026-04-22T17:14:40.506356+00:00,811.8,amazon,2026-05-17T17:14:40.616859+00:00,seed (simulated history - replace with Keepa API)
B0CWV3J9RV,Samsung Galaxy S24,2026-04-23T17:14:40.506356+00:00,800.98,amazon,2026-05-17T17:14:40.616881+00:00,seed (simulated history - replace with Keepa API)
B0CWV3J9RV,Samsung Galaxy S24,2026-04-24T17:14:40.506356+00:00,828.9,amazon,2026-05-17T17:14:40.616900+00:00,seed (simulated history - replace with Keepa API)
B0CWV3J9RV,Samsung Galaxy S24,2026-04-25T17:14:40.506356+00:00,804.37,amazon,2026-05-17T17:14:40.616919+00:00,seed (simulated history - replace with Keepa API)
B0CWV3J9RV,Samsung Galaxy S24,2026-04-26T17:14:40.506356+00:00,815.04,amazon,2026-05-17T17:14:40.616940+00:00,seed (simulated history - replace with Keepa API)
B0CWV3J9RV,Samsung Galaxy S24,2026-04-27T17:14:40.506356+00:00,793.34,amazon,2026-05-17T17:14:40.616962+00:00,seed (simulated history - replace with Keepa API)
B0CWV3J9RV,Samsung Galaxy S24,2026-04-28T17:14:40.506356+00:00,788.0,amazon,2026-05-17T17:14:40.616991+00:00,seed (simulated history - replace with Keepa API)
B0CWV3J9RV,Samsung Galaxy S24,2026-04-29T17:14:40.506356+00:00,797.53,amazon,2026-05-17T17:14:40.617025+00:00,seed (simulated history - replace with Keepa API)
B0CWV3J9RV,Samsung Galaxy S24,2026-04-30T17:14:40.506356+00:00,807.5,amazon,2026-05-17T17:14:40.617040+00:00,seed (simulated history - replace with Keepa API)
B0CWV3J9RV,Samsung Galaxy S24,2026-05-01T17:14:40.506356+00:00,803.11,amazon,2026-05-17T17:14:40.617059+00:00,seed (simulated history - replace with Keepa API)
B0CWV3J9RV,Samsung Galaxy S24,2026-05-02T17:14:40.506356+00:00,801.37,amazon,2026-05-17T17:14:40.617079+00:00,seed (simulated history - replace with Keepa API)
B0CWV3J9RV,Samsung Galaxy S24,2026-05-03T17:14:40.506356+00:00,783.87,amazon,2026-05-17T17:14:40.617100+00:00,seed (simulated history - replace with Keepa API)
B0CWV3J9RV,Samsung Galaxy S24,2026-05-04T17:14:40.506356+00:00,816.94,amazon,2026-05-17T17:14:40.617121+00:00,seed (simulated history - replace with Keepa API)
B0CWV3J9RV,Samsung Galaxy S24,2026-05-05T17:14:40.506356+00:00,828.57,amazon,2026-05-17T17:14:40.617150+00:00,seed (simulated history - replace with Keepa API)
B0CWV3J9RV,Samsung Galaxy S24,2026-05-06T17:14:40.506356+00:00,800.77,amazon,2026-05-17T17:14:40.617171+00:00,seed (simulated history - replace with Keepa API)
B0CWV3J9RV,Samsung Galaxy S24,2026-05-07T17:14:40.506356+00:00,819.32,amazon,2026-05-17T17:14:40.617197+00:00,seed (simulated history - replace with Keepa API)
B0CWV3J9RV,Samsung Galaxy S24,2026-05-08T17:14:40.506356+00:00,805.91,amazon,2026-05-17T17:14:40.617223+00:00,seed (simulated history - replace with Keepa API)
B0CWV3J9RV,Samsung Galaxy S24,2026-05-09T17:14:40.506356+00:00,776.1,amazon,2026-05-17T17:14:40.617245+00:00,seed (simulated history - replace with Keepa API)
B0CWV3J9RV,Samsung Galaxy S24,2026-05-10T17:14:40.506356+00:00,815.47,amazon,2026-05-17T17:14:40.617267+00:00,seed (simulated history - replace with Keepa API)
B0CWV3J9RV,Samsung Galaxy S24,2026-05-11T17:14:40.506356+00:00,799.69,amazon,2026-05-17T17:14:40.617288+00:00,seed (simulated history - replace with Keepa API)
B0CWV3J9RV,Samsung Galaxy S24,2026-05-12T17:14:40.506356+00:00,817.97,amazon,2026-05-17T17:14:40.617309+00:00,seed (simulated history - replace with Keepa API)
B0CWV3J9RV,Samsung Galaxy S24,2026-05-13T17:14:40.506356+00:00,837.17,amazon,2026-05-17T17:14:40.617331+00:00,seed (simulated history - replace with Keepa API)
B0CWV3J9RV,Samsung Galaxy S24,2026-05-14T17:14:40.506356+00:00,676.7,amazon,2026-05-17T17:14:40.617369+00:00,seed (simulated history - replace with Keepa API)
B0CWV3J9RV,Samsung Galaxy S24,2026-05-15T17:14:40.506356+00:00,777.5,amazon,2026-05-17T17:14:40.617390+00:00,seed (simulated history - replace with Keepa API)
B0CWV3J9RV,Samsung Galaxy S24,2026-05-16T17:14:40.506356+00:00,793.42,amazon,2026-05-17T17:14:40.617411+00:00,seed (simulated history - replace with Keepa API)
B0CWV3J9RV,Samsung Galaxy S24,2026-05-17T17:14:40.506356+00:00,799.65,amazon,2026-05-17T17:14:40.617432+00:00,seed (simulated history - replace with Keepa API)
B0CWSQ2XYX,Samsung Galaxy S24 Ultra,2025-11-18T17:14:40.506356+00:00,1305.82,amazon,2026-05-17T17:14:40.619041+00:00,seed (simulated history - replace with Keepa API)
B0CWSQ2XYX,Samsung Galaxy S24 Ultra,2025-11-19T17:14:40.506356+00:00,1303.81,amazon,2026-05-17T17:14:40.619079+00:00,seed (simulated history - replace with Keepa API)
B0CWSQ2XYX,Samsung Galaxy S24 Ultra,2025-11-20T17:14:40.506356+00:00,990.31,amazon,2026-05-17T17:14:40.619103+00:00,seed (simulated history - replace with Keepa API)
B0CWSQ2XYX,Samsung Galaxy S24 Ultra,2025-11-21T17:14:40.506356+00:00,992.68,amazon,2026-05-17T17:14:40.619124+00:00,seed (simulated history - replace with Keepa API)
B0CWSQ2XYX,Samsung Galaxy S24 Ultra,2025-11-22T17:14:40.506356+00:00,913.29,amazon,2026-05-17T17:14:40.619145+00:00,seed (simulated history - replace with Keepa API)
B0CWSQ2XYX,Samsung Galaxy S24 Ultra,2025-11-23T17:14:40.506356+00:00,976.95,amazon,2026-05-17T17:14:40.619162+00:00,seed (simulated history - replace with Keepa API)
B0CWSQ2XYX,Samsung Galaxy S24 Ultra,2025-11-24T17:14:40.506356+00:00,993.69,amazon,2026-05-17T17:14:40.619201+00:00,seed (simulated history - replace with Keepa API)
B0CWSQ2XYX,Samsung Galaxy S24 Ultra,2025-11-25T17:14:40.506356+00:00,1003.42,amazon,2026-05-17T17:14:40.619220+00:00,seed (simulated history - replace with Keepa API)
B0CWSQ2XYX,Samsung Galaxy S24 Ultra,2025-11-26T17:14:40.506356+00:00,947.99,amazon,2026-05-17T17:14:40.619240+00:00,seed (simulated history - replace with Keepa API)
B0CWSQ2XYX,Samsung Galaxy S24 Ultra,2025-11-27T17:14:40.506356+00:00,949.29,amazon,2026-05-17T17:14:40.619257+00:00,seed (simulated history - replace with Keepa API)
B0CWSQ2XYX,Samsung Galaxy S24 Ultra,2025-11-28T17:14:40.506356+00:00,952.6,amazon,2026-05-17T17:14:40.619277+00:00,seed (simulated history - replace with Keepa API)
B0CWSQ2XYX,Samsung Galaxy S24 Ultra,2025-11-29T17:14:40.506356+00:00,995.91,amazon,2026-05-17T17:14:40.619296+00:00,seed (simulated history - replace with Keepa API)
B0CWSQ2XYX,Samsung Galaxy S24 Ultra,2025-11-30T17:14:40.506356+00:00,1015.31,amazon,2026-05-17T17:14:40.619315+00:00,seed (simulated history - replace with Keepa API)
B0CWSQ2XYX,Samsung Galaxy S24 Ultra,2025-12-01T17:14:40.506356+00:00,1284.1,amazon,2026-05-17T17:14:40.619336+00:00,seed (simulated history - replace with Keepa API)
B0CWSQ2XYX,Samsung Galaxy S24 Ultra,2025-12-02T17:14:40.506356+00:00,1331.11,amazon,2026-05-17T17:14:40.619359+00:00,seed (simulated history - replace with Keepa API)
B0CWSQ2XYX,Samsung Galaxy S24 Ultra,2025-12-03T17:14:40.506356+00:00,1254.1,amazon,2026-05-17T17:14:40.619380+00:00,seed (simulated history - replace with Keepa API)
B0CWSQ2XYX,Samsung Galaxy S24 Ultra,2025-12-04T17:14:40.506356+00:00,1252.33,amazon,2026-05-17T17:14:40.619401+00:00,seed (simulated history - replace with Keepa API)
B0CWSQ2XYX,Samsung Galaxy S24 Ultra,2025-12-05T17:14:40.506356+00:00,1316.36,amazon,2026-05-17T17:14:40.619422+00:00,seed (simulated history - replace with Keepa API)
B0CWSQ2XYX,Samsung Galaxy S24 Ultra,2025-12-06T17:14:40.506356+00:00,1298.46,amazon,2026-05-17T17:14:40.619442+00:00,seed (simulated history - replace with Keepa API)
B0CWSQ2XYX,Samsung Galaxy S24 Ultra,2025-12-07T17:14:40.506356+00:00,1231.55,amazon,2026-05-17T17:14:40.619461+00:00,seed (simulated history - replace with Keepa API)
B0CWSQ2XYX,Samsung Galaxy S24 Ultra,2025-12-08T17:14:40.506356+00:00,1254.45,amazon,2026-05-17T17:14:40.619480+00:00,seed (simulated history - replace with Keepa API)
B0CWSQ2XYX,Samsung Galaxy S24 Ultra,2025-12-09T17:14:40.506356+00:00,1300.35,amazon,2026-05-17T17:14:40.619506+00:00,seed (simulated history - replace with Keepa API)
B0CWSQ2XYX,Samsung Galaxy S24 Ultra,2025-12-10T17:14:40.506356+00:00,1071.63,amazon,2026-05-17T17:14:40.619572+00:00,seed (simulated history - replace with Keepa API)
B0CWSQ2XYX,Samsung Galaxy S24 Ultra,2025-12-11T17:14:40.506356+00:00,1325.35,amazon,2026-05-17T17:14:40.619592+00:00,seed (simulated history - replace with Keepa API)
B0CWSQ2XYX,Samsung Galaxy S24 Ultra,2025-12-12T17:14:40.506356+00:00,1280.35,amazon,2026-05-17T17:14:40.619614+00:00,seed (simulated history - replace with Keepa API)
B0CWSQ2XYX,Samsung Galaxy S24 Ultra,2025-12-13T17:14:40.506356+00:00,1294.12,amazon,2026-05-17T17:14:40.619632+00:00,seed (simulated history - replace with Keepa API)
B0CWSQ2XYX,Samsung Galaxy S24 Ultra,2025-12-14T17:14:40.506356+00:00,1270.11,amazon,2026-05-17T17:14:40.619663+00:00,seed (simulated history - replace with Keepa API)
B0CWSQ2XYX,Samsung Galaxy S24 Ultra,2025-12-15T17:14:40.506356+00:00,1256.0,amazon,2026-05-17T17:14:40.619682+00:00,seed (simulated history - replace with Keepa API)
B0CWSQ2XYX,Samsung Galaxy S24 Ultra,2025-12-16T17:14:40.506356+00:00,1283.82,amazon,2026-05-17T17:14:40.619698+00:00,seed (simulated history - replace with Keepa API)
B0CWSQ2XYX,Samsung Galaxy S24 Ultra,2025-12-17T17:14:40.506356+00:00,1261.18,amazon,2026-05-17T17:14:40.619716+00:00,seed (simulated history - replace with Keepa API)
B0CWSQ2XYX,Samsung Galaxy S24 Ultra,2025-12-18T17:14:40.506356+00:00,1249.23,amazon,2026-05-17T17:14:40.619800+00:00,seed (simulated history - replace with Keepa API)
B0CWSQ2XYX,Samsung Galaxy S24 Ultra,2025-12-19T17:14:40.506356+00:00,1077.31,amazon,2026-05-17T17:14:40.619860+00:00,seed (simulated history - replace with Keepa API)
B0CWSQ2XYX,Samsung Galaxy S24 Ultra,2025-12-20T17:14:40.506356+00:00,1317.93,amazon,2026-05-17T17:14:40.619884+00:00,seed (simulated history - replace with Keepa API)
B0CWSQ2XYX,Samsung Galaxy S24 Ultra,2025-12-21T17:14:40.506356+00:00,1308.82,amazon,2026-05-17T17:14:40.619907+00:00,seed (simulated history - replace with Keepa API)
B0CWSQ2XYX,Samsung Galaxy S24 Ultra,2025-12-22T17:14:40.506356+00:00,1338.67,amazon,2026-05-17T17:14:40.619928+00:00,seed (simulated history - replace with Keepa API)
B0CWSQ2XYX,Samsung Galaxy S24 Ultra,2025-12-23T17:14:40.506356+00:00,1306.97,amazon,2026-05-17T17:14:40.619949+00:00,seed (simulated history - replace with Keepa API)
B0CWSQ2XYX,Samsung Galaxy S24 Ultra,2025-12-24T17:14:40.506356+00:00,1309.91,amazon,2026-05-17T17:14:40.619969+00:00,seed (simulated history - replace with Keepa API)
B0CWSQ2XYX,Samsung Galaxy S24 Ultra,2025-12-25T17:14:40.506356+00:00,1275.74,amazon,2026-05-17T17:14:40.619998+00:00,seed (simulated history - replace with Keepa API)
B0CWSQ2XYX,Samsung Galaxy S24 Ultra,2025-12-26T17:14:40.506356+00:00,1291.1,amazon,2026-05-17T17:14:40.620035+00:00,seed (simulated history - replace with Keepa API)
B0CWSQ2XYX,Samsung Galaxy S24 Ultra,2025-12-27T17:14:40.506356+00:00,1356.1,amazon,2026-05-17T17:14:40.620057+00:00,seed (simulated history - replace with Keepa API)
B0CWSQ2XYX,Samsung Galaxy S24 Ultra,2025-12-28T17:14:40.506356+00:00,1316.98,amazon,2026-05-17T17:14:40.620088+00:00,seed (simulated history - replace with Keepa API)
B0CWSQ2XYX,Samsung Galaxy S24 Ultra,2025-12-29T17:14:40.506356+00:00,1324.17,amazon,2026-05-17T17:14:40.620110+00:00,seed (simulated history - replace with Keepa API)
B0CWSQ2XYX,Samsung Galaxy S24 Ultra,2025-12-30T17:14:40.506356+00:00,1310.28,amazon,2026-05-17T17:14:40.620132+00:00,seed (simulated history - replace with Keepa API)
B0CWSQ2XYX,Samsung Galaxy S24 Ultra,2025-12-31T17:14:40.506356+00:00,1293.92,amazon,2026-05-17T17:14:40.620153+00:00,seed (simulated history - replace with Keepa API)
B0CWSQ2XYX,Samsung Galaxy S24 Ultra,2026-01-01T17:14:40.506356+00:00,1233.33,amazon,2026-05-17T17:14:40.620173+00:00,seed (simulated history - replace with Keepa API)
B0CWSQ2XYX,Samsung Galaxy S24 Ultra,2026-01-02T17:14:40.506356+00:00,1347.95,amazon,2026-05-17T17:14:40.620198+00:00,seed (simulated history - replace with Keepa API)
B0CWSQ2XYX,Samsung Galaxy S24 Ultra,2026-01-03T17:14:40.506356+00:00,1328.24,amazon,2026-05-17T17:14:40.620220+00:00,seed (simulated history - replace with Keepa API)
B0CWSQ2XYX,Samsung Galaxy S24 Ultra,2026-01-04T17:14:40.506356+00:00,1302.38,amazon,2026-05-17T17:14:40.620242+00:00,seed (simulated history - replace with Keepa API)
B0CWSQ2XYX,Samsung Galaxy S24 Ultra,2026-01-05T17:14:40.506356+00:00,1113.31,amazon,2026-05-17T17:14:40.620286+00:00,seed (simulated history - replace with Keepa API)
B0CWSQ2XYX,Samsung Galaxy S24 Ultra,2026-01-06T17:14:40.506356+00:00,1331.61,amazon,2026-05-17T17:14:40.620307+00:00,seed (simulated history - replace with Keepa API)
B0CWSQ2XYX,Samsung Galaxy S24 Ultra,2026-01-07T17:14:40.506356+00:00,1279.95,amazon,2026-05-17T17:14:40.620328+00:00,seed (simulated history - replace with Keepa API)
B0CWSQ2XYX,Samsung Galaxy S24 Ultra,2026-01-08T17:14:40.506356+00:00,1253.23,amazon,2026-05-17T17:14:40.620350+00:00,seed (simulated history - replace with Keepa API)
B0CWSQ2XYX,Samsung Galaxy S24 Ultra,2026-01-09T17:14:40.506356+00:00,1291.22,amazon,2026-05-17T17:14:40.620371+00:00,seed (simulated history - replace with Keepa API)
B0CWSQ2XYX,Samsung Galaxy S24 Ultra,2026-01-10T17:14:40.506356+00:00,1263.77,amazon,2026-05-17T17:14:40.620392+00:00,seed (simulated history - replace with Keepa API)
B0CWSQ2XYX,Samsung Galaxy S24 Ultra,2026-01-11T17:14:40.506356+00:00,1283.27,amazon,2026-05-17T17:14:40.620413+00:00,seed (simulated history - replace with Keepa API)
B0CWSQ2XYX,Samsung Galaxy S24 Ultra,2026-01-12T17:14:40.506356+00:00,1316.21,amazon,2026-05-17T17:14:40.620434+00:00,seed (simulated history - replace with Keepa API)
B0CWSQ2XYX,Samsung Galaxy S24 Ultra,2026-01-13T17:14:40.506356+00:00,1370.49,amazon,2026-05-17T17:14:40.620455+00:00,seed (simulated history - replace with Keepa API)
B0CWSQ2XYX,Samsung Galaxy S24 Ultra,2026-01-14T17:14:40.506356+00:00,1319.73,amazon,2026-05-17T17:14:40.620477+00:00,seed (simulated history - replace with Keepa API)
B0CWSQ2XYX,Samsung Galaxy S24 Ultra,2026-01-15T17:14:40.506356+00:00,1312.0,amazon,2026-05-17T17:14:40.620506+00:00,seed (simulated history - replace with Keepa API)
B0CWSQ2XYX,Samsung Galaxy S24 Ultra,2026-01-16T17:14:40.506356+00:00,1380.65,amazon,2026-05-17T17:14:40.620528+00:00,seed (simulated history - replace with Keepa API)
B0CWSQ2XYX,Samsung Galaxy S24 Ultra,2026-01-17T17:14:40.506356+00:00,1307.01,amazon,2026-05-17T17:14:40.620571+00:00,seed (simulated history - replace with Keepa API)
B0CWSQ2XYX,Samsung Galaxy S24 Ultra,2026-01-18T17:14:40.506356+00:00,1332.67,amazon,2026-05-17T17:14:40.620594+00:00,seed (simulated history - replace with Keepa API)
B0CWSQ2XYX,Samsung Galaxy S24 Ultra,2026-01-19T17:14:40.506356+00:00,1329.27,amazon,2026-05-17T17:14:40.620616+00:00,seed (simulated history - replace with Keepa API)
B0CWSQ2XYX,Samsung Galaxy S24 Ultra,2026-01-20T17:14:40.506356+00:00,1325.51,amazon,2026-05-17T17:14:40.620637+00:00,seed (simulated history - replace with Keepa API)
B0CWSQ2XYX,Samsung Galaxy S24 Ultra,2026-01-21T17:14:40.506356+00:00,1276.6,amazon,2026-05-17T17:14:40.620659+00:00,seed (simulated history - replace with Keepa API)
B0CWSQ2XYX,Samsung Galaxy S24 Ultra,2026-01-22T17:14:40.506356+00:00,1239.2,amazon,2026-05-17T17:14:40.620696+00:00,seed (simulated history - replace with Keepa API)
B0CWSQ2XYX,Samsung Galaxy S24 Ultra,2026-01-23T17:14:40.506356+00:00,1331.95,amazon,2026-05-17T17:14:40.620719+00:00,seed (simulated history - replace with Keepa API)
B0CWSQ2XYX,Samsung Galaxy S24 Ultra,2026-01-24T17:14:40.506356+00:00,1316.52,amazon,2026-05-17T17:14:40.620741+00:00,seed (simulated history - replace with Keepa API)
B0CWSQ2XYX,Samsung Galaxy S24 Ultra,2026-01-25T17:14:40.506356+00:00,1262.32,amazon,2026-05-17T17:14:40.620762+00:00,seed (simulated history - replace with Keepa API)
B0CWSQ2XYX,Samsung Galaxy S24 Ultra,2026-01-26T17:14:40.506356+00:00,1278.99,amazon,2026-05-17T17:14:40.620784+00:00,seed (simulated history - replace with Keepa API)
B0CWSQ2XYX,Samsung Galaxy S24 Ultra,2026-01-27T17:14:40.506356+00:00,1268.1,amazon,2026-05-17T17:14:40.620806+00:00,seed (simulated history - replace with Keepa API)
B0CWSQ2XYX,Samsung Galaxy S24 Ultra,2026-01-28T17:14:40.506356+00:00,1255.77,amazon,2026-05-17T17:14:40.620880+00:00,seed (simulated history - replace with Keepa API)
B0CWSQ2XYX,Samsung Galaxy S24 Ultra,2026-01-29T17:14:40.506356+00:00,1236.54,amazon,2026-05-17T17:14:40.620924+00:00,seed (simulated history - replace with Keepa API)
B0CWSQ2XYX,Samsung Galaxy S24 Ultra,2026-01-30T17:14:40.506356+00:00,1378.87,amazon,2026-05-17T17:14:40.620991+00:00,seed (simulated history - replace with Keepa API)
B0CWSQ2XYX,Samsung Galaxy S24 Ultra,2026-01-31T17:14:40.506356+00:00,1310.61,amazon,2026-05-17T17:14:40.621048+00:00,seed (simulated history - replace with Keepa API)
B0CWSQ2XYX,Samsung Galaxy S24 Ultra,2026-02-01T17:14:40.506356+00:00,1316.27,amazon,2026-05-17T17:14:40.621071+00:00,seed (simulated history - replace with Keepa API)
B0CWSQ2XYX,Samsung Galaxy S24 Ultra,2026-02-02T17:14:40.506356+00:00,1342.58,amazon,2026-05-17T17:14:40.621093+00:00,seed (simulated history - replace with Keepa API)
B0CWSQ2XYX,Samsung Galaxy S24 Ultra,2026-02-03T17:14:40.506356+00:00,1278.62,amazon,2026-05-17T17:14:40.621115+00:00,seed (simulated history - replace with Keepa API)
B0CWSQ2XYX,Samsung Galaxy S24 Ultra,2026-02-04T17:14:40.506356+00:00,1247.89,amazon,2026-05-17T17:14:40.621138+00:00,seed (simulated history - replace with Keepa API)
B0CWSQ2XYX,Samsung Galaxy S24 Ultra,2026-02-05T17:14:40.506356+00:00,1328.23,amazon,2026-05-17T17:14:40.621160+00:00,seed (simulated history - replace with Keepa API)
B0CWSQ2XYX,Samsung Galaxy S24 Ultra,2026-02-06T17:14:40.506356+00:00,1253.2,amazon,2026-05-17T17:14:40.621181+00:00,seed (simulated history - replace with Keepa API)
B0CWSQ2XYX,Samsung Galaxy S24 Ultra,2026-02-07T17:14:40.506356+00:00,1327.25,amazon,2026-05-17T17:14:40.621203+00:00,seed (simulated history - replace with Keepa API)
B0CWSQ2XYX,Samsung Galaxy S24 Ultra,2026-02-08T17:14:40.506356+00:00,1242.64,amazon,2026-05-17T17:14:40.621225+00:00,seed (simulated history - replace with Keepa API)
B0CWSQ2XYX,Samsung Galaxy S24 Ultra,2026-02-09T17:14:40.506356+00:00,1250.74,amazon,2026-05-17T17:14:40.621247+00:00,seed (simulated history - replace with Keepa API)
B0CWSQ2XYX,Samsung Galaxy S24 Ultra,2026-02-10T17:14:40.506356+00:00,1274.99,amazon,2026-05-17T17:14:40.621278+00:00,seed (simulated history - replace with Keepa API)
B0CWSQ2XYX,Samsung Galaxy S24 Ultra,2026-02-11T17:14:40.506356+00:00,1325.69,amazon,2026-05-17T17:14:40.621299+00:00,seed (simulated history - replace with Keepa API)
B0CWSQ2XYX,Samsung Galaxy S24 Ultra,2026-02-12T17:14:40.506356+00:00,1363.12,amazon,2026-05-17T17:14:40.621322+00:00,seed (simulated history - replace with Keepa API)
B0CWSQ2XYX,Samsung Galaxy S24 Ultra,2026-02-13T17:14:40.506356+00:00,1316.21,amazon,2026-05-17T17:14:40.621343+00:00,seed (simulated history - replace with Keepa API)
B0CWSQ2XYX,Samsung Galaxy S24 Ultra,2026-02-14T17:14:40.506356+00:00,1276.39,amazon,2026-05-17T17:14:40.621364+00:00,seed (simulated history - replace with Keepa API)
B0CWSQ2XYX,Samsung Galaxy S24 Ultra,2026-02-15T17:14:40.506356+00:00,1335.5,amazon,2026-05-17T17:14:40.621390+00:00,seed (simulated history - replace with Keepa API)
B0CWSQ2XYX,Samsung Galaxy S24 Ultra,2026-02-16T17:14:40.506356+00:00,1241.64,amazon,2026-05-17T17:14:40.621411+00:00,seed (simulated history - replace with Keepa API)
B0CWSQ2XYX,Samsung Galaxy S24 Ultra,2026-02-17T17:14:40.506356+00:00,1264.18,amazon,2026-05-17T17:14:40.621437+00:00,seed (simulated history - replace with Keepa API)
B0CWSQ2XYX,Samsung Galaxy S24 Ultra,2026-02-18T17:14:40.506356+00:00,1303.09,amazon,2026-05-17T17:14:40.621461+00:00,seed (simulated history - replace with Keepa API)
B0CWSQ2XYX,Samsung Galaxy S24 Ultra,2026-02-19T17:14:40.506356+00:00,1329.58,amazon,2026-05-17T17:14:40.621489+00:00,seed (simulated history - replace with Keepa API)
B0CWSQ2XYX,Samsung Galaxy S24 Ultra,2026-02-20T17:14:40.506356+00:00,1291.85,amazon,2026-05-17T17:14:40.621512+00:00,seed (simulated history - replace with Keepa API)
B0CWSQ2XYX,Samsung Galaxy S24 Ultra,2026-02-21T17:14:40.506356+00:00,1287.8,amazon,2026-05-17T17:14:40.621533+00:00,seed (simulated history - replace with Keepa API)
B0CWSQ2XYX,Samsung Galaxy S24 Ultra,2026-02-22T17:14:40.506356+00:00,1289.96,amazon,2026-05-17T17:14:40.621578+00:00,seed (simulated history - replace with Keepa API)
B0CWSQ2XYX,Samsung Galaxy S24 Ultra,2026-02-23T17:14:40.506356+00:00,1342.19,amazon,2026-05-17T17:14:40.621594+00:00,seed (simulated history - replace with Keepa API)
B0CWSQ2XYX,Samsung Galaxy S24 Ultra,2026-02-24T17:14:40.506356+00:00,1270.39,amazon,2026-05-17T17:14:40.621609+00:00,seed (simulated history - replace with Keepa API)
B0CWSQ2XYX,Samsung Galaxy S24 Ultra,2026-02-25T17:14:40.506356+00:00,1261.82,amazon,2026-05-17T17:14:40.621624+00:00,seed (simulated history - replace with Keepa API)
B0CWSQ2XYX,Samsung Galaxy S24 Ultra,2026-02-26T17:14:40.506356+00:00,1289.37,amazon,2026-05-17T17:14:40.621640+00:00,seed (simulated history - replace with Keepa API)
B0CWSQ2XYX,Samsung Galaxy S24 Ultra,2026-02-27T17:14:40.506356+00:00,1348.1,amazon,2026-05-17T17:14:40.621655+00:00,seed (simulated history - replace with Keepa API)
B0CWSQ2XYX,Samsung Galaxy S24 Ultra,2026-02-28T17:14:40.506356+00:00,1274.38,amazon,2026-05-17T17:14:40.621672+00:00,seed (simulated history - replace with Keepa API)
B0CWSQ2XYX,Samsung Galaxy S24 Ultra,2026-03-01T17:14:40.506356+00:00,1289.84,amazon,2026-05-17T17:14:40.621688+00:00,seed (simulated history - replace with Keepa API)
B0CWSQ2XYX,Samsung Galaxy S24 Ultra,2026-03-02T17:14:40.506356+00:00,1241.1,amazon,2026-05-17T17:14:40.621713+00:00,seed (simulated history - replace with Keepa API)
B0CWSQ2XYX,Samsung Galaxy S24 Ultra,2026-03-03T17:14:40.506356+00:00,1291.39,amazon,2026-05-17T17:14:40.621729+00:00,seed (simulated history - replace with Keepa API)
B0CWSQ2XYX,Samsung Galaxy S24 Ultra,2026-03-04T17:14:40.506356+00:00,1308.7,amazon,2026-05-17T17:14:40.621745+00:00,seed (simulated history - replace with Keepa API)
B0CWSQ2XYX,Samsung Galaxy S24 Ultra,2026-03-05T17:14:40.506356+00:00,1061.34,amazon,2026-05-17T17:14:40.621784+00:00,seed (simulated history - replace with Keepa API)
B0CWSQ2XYX,Samsung Galaxy S24 Ultra,2026-03-06T17:14:40.506356+00:00,1306.82,amazon,2026-05-17T17:14:40.621801+00:00,seed (simulated history - replace with Keepa API)
B0CWSQ2XYX,Samsung Galaxy S24 Ultra,2026-03-07T17:14:40.506356+00:00,1262.34,amazon,2026-05-17T17:14:40.621819+00:00,seed (simulated history - replace with Keepa API)
B0CWSQ2XYX,Samsung Galaxy S24 Ultra,2026-03-08T17:14:40.506356+00:00,1237.22,amazon,2026-05-17T17:14:40.621835+00:00,seed (simulated history - replace with Keepa API)
B0CWSQ2XYX,Samsung Galaxy S24 Ultra,2026-03-09T17:14:40.506356+00:00,1272.8,amazon,2026-05-17T17:14:40.621852+00:00,seed (simulated history - replace with Keepa API)
B0CWSQ2XYX,Samsung Galaxy S24 Ultra,2026-03-10T17:14:40.506356+00:00,1347.78,amazon,2026-05-17T17:14:40.621870+00:00,seed (simulated history - replace with Keepa API)
B0CWSQ2XYX,Samsung Galaxy S24 Ultra,2026-03-11T17:14:40.506356+00:00,1292.84,amazon,2026-05-17T17:14:40.621888+00:00,seed (simulated history - replace with Keepa API)
B0CWSQ2XYX,Samsung Galaxy S24 Ultra,2026-03-12T17:14:40.506356+00:00,1260.78,amazon,2026-05-17T17:14:40.621904+00:00,seed (simulated history - replace with Keepa API)
B0CWSQ2XYX,Samsung Galaxy S24 Ultra,2026-03-13T17:14:40.506356+00:00,1261.92,amazon,2026-05-17T17:14:40.621998+00:00,seed (simulated history - replace with Keepa API)
B0CWSQ2XYX,Samsung Galaxy S24 Ultra,2026-03-14T17:14:40.506356+00:00,1335.55,amazon,2026-05-17T17:14:40.622069+00:00,seed (simulated history - replace with Keepa API)
B0CWSQ2XYX,Samsung Galaxy S24 Ultra,2026-03-15T17:14:40.506356+00:00,1273.9,amazon,2026-05-17T17:14:40.622090+00:00,seed (simulated history - replace with Keepa API)
B0CWSQ2XYX,Samsung Galaxy S24 Ultra,2026-03-16T17:14:40.506356+00:00,1316.96,amazon,2026-05-17T17:14:40.622110+00:00,seed (simulated history - replace with Keepa API)
B0CWSQ2XYX,Samsung Galaxy S24 Ultra,2026-03-17T17:14:40.506356+00:00,1288.08,amazon,2026-05-17T17:14:40.622131+00:00,seed (simulated history - replace with Keepa API)
B0CWSQ2XYX,Samsung Galaxy S24 Ultra,2026-03-18T17:14:40.506356+00:00,1313.11,amazon,2026-05-17T17:14:40.622151+00:00,seed (simulated history - replace with Keepa API)
B0CWSQ2XYX,Samsung Galaxy S24 Ultra,2026-03-19T17:14:40.506356+00:00,1335.67,amazon,2026-05-17T17:14:40.622169+00:00,seed (simulated history - replace with Keepa API)
B0CWSQ2XYX,Samsung Galaxy S24 Ultra,2026-03-20T17:14:40.506356+00:00,1338.98,amazon,2026-05-17T17:14:40.622194+00:00,seed (simulated history - replace with Keepa API)
B0CWSQ2XYX,Samsung Galaxy S24 Ultra,2026-03-21T17:14:40.506356+00:00,1264.96,amazon,2026-05-17T17:14:40.622218+00:00,seed (simulated history - replace with Keepa API)
B0CWSQ2XYX,Samsung Galaxy S24 Ultra,2026-03-22T17:14:40.506356+00:00,1293.81,amazon,2026-05-17T17:14:40.622238+00:00,seed (simulated history - replace with Keepa API)
B0CWSQ2XYX,Samsung Galaxy S24 Ultra,2026-03-23T17:14:40.506356+00:00,1281.0,amazon,2026-05-17T17:14:40.622258+00:00,seed (simulated history - replace with Keepa API)
B0CWSQ2XYX,Samsung Galaxy S24 Ultra,2026-03-24T17:14:40.506356+00:00,1344.31,amazon,2026-05-17T17:14:40.622277+00:00,seed (simulated history - replace with Keepa API)
B0CWSQ2XYX,Samsung Galaxy S24 Ultra,2026-03-25T17:14:40.506356+00:00,1264.4,amazon,2026-05-17T17:14:40.622297+00:00,seed (simulated history - replace with Keepa API)
B0CWSQ2XYX,Samsung Galaxy S24 Ultra,2026-03-26T17:14:40.506356+00:00,1315.9,amazon,2026-05-17T17:14:40.622317+00:00,seed (simulated history - replace with Keepa API)
B0CWSQ2XYX,Samsung Galaxy S24 Ultra,2026-03-27T17:14:40.506356+00:00,1313.84,amazon,2026-05-17T17:14:40.622337+00:00,seed (simulated history - replace with Keepa API)
B0CWSQ2XYX,Samsung Galaxy S24 Ultra,2026-03-28T17:14:40.506356+00:00,1267.65,amazon,2026-05-17T17:14:40.622358+00:00,seed (simulated history - replace with Keepa API)
B0CWSQ2XYX,Samsung Galaxy S24 Ultra,2026-03-29T17:14:40.506356+00:00,1237.41,amazon,2026-05-17T17:14:40.622376+00:00,seed (simulated history - replace with Keepa API)
B0CWSQ2XYX,Samsung Galaxy S24 Ultra,2026-03-30T17:14:40.506356+00:00,1275.48,amazon,2026-05-17T17:14:40.622395+00:00,seed (simulated history - replace with Keepa API)
B0CWSQ2XYX,Samsung Galaxy S24 Ultra,2026-03-31T17:14:40.506356+00:00,1288.58,amazon,2026-05-17T17:14:40.622416+00:00,seed (simulated history - replace with Keepa API)
B0CWSQ2XYX,Samsung Galaxy S24 Ultra,2026-04-01T17:14:40.506356+00:00,1290.78,amazon,2026-05-17T17:14:40.622436+00:00,seed (simulated history - replace with Keepa API)
B0CWSQ2XYX,Samsung Galaxy S24 Ultra,2026-04-02T17:14:40.506356+00:00,1287.21,amazon,2026-05-17T17:14:40.622456+00:00,seed (simulated history - replace with Keepa API)
B0CWSQ2XYX,Samsung Galaxy S24 Ultra,2026-04-03T17:14:40.506356+00:00,1325.05,amazon,2026-05-17T17:14:40.622474+00:00,seed (simulated history - replace with Keepa API)
B0CWSQ2XYX,Samsung Galaxy S24 Ultra,2026-04-04T17:14:40.506356+00:00,1331.36,amazon,2026-05-17T17:14:40.622499+00:00,seed (simulated history - replace with Keepa API)
B0CWSQ2XYX,Samsung Galaxy S24 Ultra,2026-04-05T17:14:40.506356+00:00,1341.8,amazon,2026-05-17T17:14:40.622519+00:00,seed (simulated history - replace with Keepa API)
B0CWSQ2XYX,Samsung Galaxy S24 Ultra,2026-04-06T17:14:40.506356+00:00,935.15,amazon,2026-05-17T17:14:40.622582+00:00,seed (simulated history - replace with Keepa API)
B0CWSQ2XYX,Samsung Galaxy S24 Ultra,2026-04-07T17:14:40.506356+00:00,1257.24,amazon,2026-05-17T17:14:40.622602+00:00,seed (simulated history - replace with Keepa API)
B0CWSQ2XYX,Samsung Galaxy S24 Ultra,2026-04-08T17:14:40.506356+00:00,1297.34,amazon,2026-05-17T17:14:40.622622+00:00,seed (simulated history - replace with Keepa API)
B0CWSQ2XYX,Samsung Galaxy S24 Ultra,2026-04-09T17:14:40.506356+00:00,1316.82,amazon,2026-05-17T17:14:40.622647+00:00,seed (simulated history - replace with Keepa API)
B0CWSQ2XYX,Samsung Galaxy S24 Ultra,2026-04-10T17:14:40.506356+00:00,1328.84,amazon,2026-05-17T17:14:40.622672+00:00,seed (simulated history - replace with Keepa API)
B0CWSQ2XYX,Samsung Galaxy S24 Ultra,2026-04-11T17:14:40.506356+00:00,1323.73,amazon,2026-05-17T17:14:40.622692+00:00,seed (simulated history - replace with Keepa API)
B0CWSQ2XYX,Samsung Galaxy S24 Ultra,2026-04-12T17:14:40.506356+00:00,1278.26,amazon,2026-05-17T17:14:40.622711+00:00,seed (simulated history - replace with Keepa API)
B0CWSQ2XYX,Samsung Galaxy S24 Ultra,2026-04-13T17:14:40.506356+00:00,1264.55,amazon,2026-05-17T17:14:40.622731+00:00,seed (simulated history - replace with Keepa API)
B0CWSQ2XYX,Samsung Galaxy S24 Ultra,2026-04-14T17:14:40.506356+00:00,1365.69,amazon,2026-05-17T17:14:40.622751+00:00,seed (simulated history - replace with Keepa API)
B0CWSQ2XYX,Samsung Galaxy S24 Ultra,2026-04-15T17:14:40.506356+00:00,1332.84,amazon,2026-05-17T17:14:40.622771+00:00,seed (simulated history - replace with Keepa API)
B0CWSQ2XYX,Samsung Galaxy S24 Ultra,2026-04-16T17:14:40.506356+00:00,1300.89,amazon,2026-05-17T17:14:40.622791+00:00,seed (simulated history - replace with Keepa API)
B0CWSQ2XYX,Samsung Galaxy S24 Ultra,2026-04-17T17:14:40.506356+00:00,1352.68,amazon,2026-05-17T17:14:40.622811+00:00,seed (simulated history - replace with Keepa API)
B0CWSQ2XYX,Samsung Galaxy S24 Ultra,2026-04-18T17:14:40.506356+00:00,1241.0,amazon,2026-05-17T17:14:40.622835+00:00,seed (simulated history - replace with Keepa API)
B0CWSQ2XYX,Samsung Galaxy S24 Ultra,2026-04-19T17:14:40.506356+00:00,1248.09,amazon,2026-05-17T17:14:40.622855+00:00,seed (simulated history - replace with Keepa API)
B0CWSQ2XYX,Samsung Galaxy S24 Ultra,2026-04-20T17:14:40.506356+00:00,1215.05,amazon,2026-05-17T17:14:40.622875+00:00,seed (simulated history - replace with Keepa API)
B0CWSQ2XYX,Samsung Galaxy S24 Ultra,2026-04-21T17:14:40.506356+00:00,1088.98,amazon,2026-05-17T17:14:40.622904+00:00,seed (simulated history - replace with Keepa API)
B0CWSQ2XYX,Samsung Galaxy S24 Ultra,2026-04-22T17:14:40.506356+00:00,1305.81,amazon,2026-05-17T17:14:40.622923+00:00,seed (simulated history - replace with Keepa API)
B0CWSQ2XYX,Samsung Galaxy S24 Ultra,2026-04-23T17:14:40.506356+00:00,1317.79,amazon,2026-05-17T17:14:40.622943+00:00,seed (simulated history - replace with Keepa API)
B0CWSQ2XYX,Samsung Galaxy S24 Ultra,2026-04-24T17:14:40.506356+00:00,1290.22,amazon,2026-05-17T17:14:40.622963+00:00,seed (simulated history - replace with Keepa API)
B0CWSQ2XYX,Samsung Galaxy S24 Ultra,2026-04-25T17:14:40.506356+00:00,1302.42,amazon,2026-05-17T17:14:40.622989+00:00,seed (simulated history - replace with Keepa API)
B0CWSQ2XYX,Samsung Galaxy S24 Ultra,2026-04-26T17:14:40.506356+00:00,1268.3,amazon,2026-05-17T17:14:40.623020+00:00,seed (simulated history - replace with Keepa API)
B0CWSQ2XYX,Samsung Galaxy S24 Ultra,2026-04-27T17:14:40.506356+00:00,1311.91,amazon,2026-05-17T17:14:40.623057+00:00,seed (simulated history - replace with Keepa API)
B0CWSQ2XYX,Samsung Galaxy S24 Ultra,2026-04-28T17:14:40.506356+00:00,1251.09,amazon,2026-05-17T17:14:40.623078+00:00,seed (simulated history - replace with Keepa API)
B0CWSQ2XYX,Samsung Galaxy S24 Ultra,2026-04-29T17:14:40.506356+00:00,1308.1,amazon,2026-05-17T17:14:40.623103+00:00,seed (simulated history - replace with Keepa API)
B0CWSQ2XYX,Samsung Galaxy S24 Ultra,2026-04-30T17:14:40.506356+00:00,1271.79,amazon,2026-05-17T17:14:40.623121+00:00,seed (simulated history - replace with Keepa API)
B0CWSQ2XYX,Samsung Galaxy S24 Ultra,2026-05-01T17:14:40.506356+00:00,1247.96,amazon,2026-05-17T17:14:40.623142+00:00,seed (simulated history - replace with Keepa API)
B0CWSQ2XYX,Samsung Galaxy S24 Ultra,2026-05-02T17:14:40.506356+00:00,1288.92,amazon,2026-05-17T17:14:40.623162+00:00,seed (simulated history - replace with Keepa API)
B0CWSQ2XYX,Samsung Galaxy S24 Ultra,2026-05-03T17:14:40.506356+00:00,1334.24,amazon,2026-05-17T17:14:40.623182+00:00,seed (simulated history - replace with Keepa API)
B0CWSQ2XYX,Samsung Galaxy S24 Ultra,2026-05-04T17:14:40.506356+00:00,1269.95,amazon,2026-05-17T17:14:40.623205+00:00,seed (simulated history - replace with Keepa API)
B0CWSQ2XYX,Samsung Galaxy S24 Ultra,2026-05-05T17:14:40.506356+00:00,1326.65,amazon,2026-05-17T17:14:40.623224+00:00,seed (simulated history - replace with Keepa API)
B0CWSQ2XYX,Samsung Galaxy S24 Ultra,2026-05-06T17:14:40.506356+00:00,1297.91,amazon,2026-05-17T17:14:40.623244+00:00,seed (simulated history - replace with Keepa API)
B0CWSQ2XYX,Samsung Galaxy S24 Ultra,2026-05-07T17:14:40.506356+00:00,1261.78,amazon,2026-05-17T17:14:40.623265+00:00,seed (simulated history - replace with Keepa API)
B0CWSQ2XYX,Samsung Galaxy S24 Ultra,2026-05-08T17:14:40.506356+00:00,1284.54,amazon,2026-05-17T17:14:40.623285+00:00,seed (simulated history - replace with Keepa API)
B0CWSQ2XYX,Samsung Galaxy S24 Ultra,2026-05-09T17:14:40.506356+00:00,1293.33,amazon,2026-05-17T17:14:40.623305+00:00,seed (simulated history - replace with Keepa API)
B0CWSQ2XYX,Samsung Galaxy S24 Ultra,2026-05-10T17:14:40.506356+00:00,1206.15,amazon,2026-05-17T17:14:40.623323+00:00,seed (simulated history - replace with Keepa API)
B0CWSQ2XYX,Samsung Galaxy S24 Ultra,2026-05-11T17:14:40.506356+00:00,1243.18,amazon,2026-05-17T17:14:40.623344+00:00,seed (simulated history - replace with Keepa API)
B0CWSQ2XYX,Samsung Galaxy S24 Ultra,2026-05-12T17:14:40.506356+00:00,986.27,amazon,2026-05-17T17:14:40.623373+00:00,seed (simulated history - replace with Keepa API)
B0CWSQ2XYX,Samsung Galaxy S24 Ultra,2026-05-13T17:14:40.506356+00:00,1326.82,amazon,2026-05-17T17:14:40.623392+00:00,seed (simulated history - replace with Keepa API)
B0CWSQ2XYX,Samsung Galaxy S24 Ultra,2026-05-14T17:14:40.506356+00:00,1276.08,amazon,2026-05-17T17:14:40.623412+00:00,seed (simulated history - replace with Keepa API)
B0CWSQ2XYX,Samsung Galaxy S24 Ultra,2026-05-15T17:14:40.506356+00:00,1313.32,amazon,2026-05-17T17:14:40.623430+00:00,seed (simulated history - replace with Keepa API)
B0CWSQ2XYX,Samsung Galaxy S24 Ultra,2026-05-16T17:14:40.506356+00:00,1297.65,amazon,2026-05-17T17:14:40.623450+00:00,seed (simulated history - replace with Keepa API)
B0CWSQ2XYX,Samsung Galaxy S24 Ultra,2026-05-17T17:14:40.506356+00:00,1266.82,amazon,2026-05-17T17:14:40.623470+00:00,seed (simulated history - replace with Keepa API)
B0CMDWC436,Samsung Galaxy Tab S9,2025-11-18T17:14:40.506356+00:00,787.01,amazon,2026-05-17T17:14:40.624799+00:00,seed (simulated history - replace with Keepa API)
B0CMDWC436,Samsung Galaxy Tab S9,2025-11-19T17:14:40.506356+00:00,767.6,amazon,2026-05-17T17:14:40.624841+00:00,seed (simulated history - replace with Keepa API)
B0CMDWC436,Samsung Galaxy Tab S9,2025-11-20T17:14:40.506356+00:00,642.43,amazon,2026-05-17T17:14:40.624862+00:00,seed (simulated history - replace with Keepa API)
B0CMDWC436,Samsung Galaxy Tab S9,2025-11-21T17:14:40.506356+00:00,647.97,amazon,2026-05-17T17:14:40.624883+00:00,seed (simulated history - replace with Keepa API)
B0CMDWC436,Samsung Galaxy Tab S9,2025-11-22T17:14:40.506356+00:00,627.35,amazon,2026-05-17T17:14:40.624901+00:00,seed (simulated history - replace with Keepa API)
B0CMDWC436,Samsung Galaxy Tab S9,2025-11-23T17:14:40.506356+00:00,597.56,amazon,2026-05-17T17:14:40.624923+00:00,seed (simulated history - replace with Keepa API)
B0CMDWC436,Samsung Galaxy Tab S9,2025-11-24T17:14:40.506356+00:00,588.42,amazon,2026-05-17T17:14:40.624942+00:00,seed (simulated history - replace with Keepa API)
B0CMDWC436,Samsung Galaxy Tab S9,2025-11-25T17:14:40.506356+00:00,632.1,amazon,2026-05-17T17:14:40.624965+00:00,seed (simulated history - replace with Keepa API)
B0CMDWC436,Samsung Galaxy Tab S9,2025-11-26T17:14:40.506356+00:00,624.17,amazon,2026-05-17T17:14:40.624996+00:00,seed (simulated history - replace with Keepa API)
B0CMDWC436,Samsung Galaxy Tab S9,2025-11-27T17:14:40.506356+00:00,566.14,amazon,2026-05-17T17:14:40.625035+00:00,seed (simulated history - replace with Keepa API)
B0CMDWC436,Samsung Galaxy Tab S9,2025-11-28T17:14:40.506356+00:00,626.05,amazon,2026-05-17T17:14:40.625057+00:00,seed (simulated history - replace with Keepa API)
B0CMDWC436,Samsung Galaxy Tab S9,2025-11-29T17:14:40.506356+00:00,596.29,amazon,2026-05-17T17:14:40.625077+00:00,seed (simulated history - replace with Keepa API)
B0CMDWC436,Samsung Galaxy Tab S9,2025-11-30T17:14:40.506356+00:00,579.33,amazon,2026-05-17T17:14:40.625118+00:00,seed (simulated history - replace with Keepa API)
B0CMDWC436,Samsung Galaxy Tab S9,2025-12-01T17:14:40.506356+00:00,752.49,amazon,2026-05-17T17:14:40.625145+00:00,seed (simulated history - replace with Keepa API)
B0CMDWC436,Samsung Galaxy Tab S9,2025-12-02T17:14:40.506356+00:00,793.54,amazon,2026-05-17T17:14:40.625169+00:00,seed (simulated history - replace with Keepa API)
B0CMDWC436,Samsung Galaxy Tab S9,2025-12-03T17:14:40.506356+00:00,822.96,amazon,2026-05-17T17:14:40.625193+00:00,seed (simulated history - replace with Keepa API)
B0CMDWC436,Samsung Galaxy Tab S9,2025-12-04T17:14:40.506356+00:00,786.0,amazon,2026-05-17T17:14:40.625216+00:00,seed (simulated history - replace with Keepa API)
B0CMDWC436,Samsung Galaxy Tab S9,2025-12-05T17:14:40.506356+00:00,802.05,amazon,2026-05-17T17:14:40.625240+00:00,seed (simulated history - replace with Keepa API)
B0CMDWC436,Samsung Galaxy Tab S9,2025-12-06T17:14:40.506356+00:00,785.9,amazon,2026-05-17T17:14:40.625262+00:00,seed (simulated history - replace with Keepa API)
B0CMDWC436,Samsung Galaxy Tab S9,2025-12-07T17:14:40.506356+00:00,609.47,amazon,2026-05-17T17:14:40.625311+00:00,seed (simulated history - replace with Keepa API)
B0CMDWC436,Samsung Galaxy Tab S9,2025-12-08T17:14:40.506356+00:00,792.96,amazon,2026-05-17T17:14:40.625342+00:00,seed (simulated history - replace with Keepa API)
B0CMDWC436,Samsung Galaxy Tab S9,2025-12-09T17:14:40.506356+00:00,795.59,amazon,2026-05-17T17:14:40.625364+00:00,seed (simulated history - replace with Keepa API)
B0CMDWC436,Samsung Galaxy Tab S9,2025-12-10T17:14:40.506356+00:00,799.51,amazon,2026-05-17T17:14:40.625388+00:00,seed (simulated history - replace with Keepa API)
B0CMDWC436,Samsung Galaxy Tab S9,2025-12-11T17:14:40.506356+00:00,847.03,amazon,2026-05-17T17:14:40.625407+00:00,seed (simulated history - replace with Keepa API)
B0CMDWC436,Samsung Galaxy Tab S9,2025-12-12T17:14:40.506356+00:00,810.8,amazon,2026-05-17T17:14:40.625430+00:00,seed (simulated history - replace with Keepa API)
B0CMDWC436,Samsung Galaxy Tab S9,2025-12-13T17:14:40.506356+00:00,742.77,amazon,2026-05-17T17:14:40.625452+00:00,seed (simulated history - replace with Keepa API)
B0CMDWC436,Samsung Galaxy Tab S9,2025-12-14T17:14:40.506356+00:00,817.87,amazon,2026-05-17T17:14:40.625474+00:00,seed (simulated history - replace with Keepa API)
B0CMDWC436,Samsung Galaxy Tab S9,2025-12-15T17:14:40.506356+00:00,782.92,amazon,2026-05-17T17:14:40.625507+00:00,seed (simulated history - replace with Keepa API)
B0CMDWC436,Samsung Galaxy Tab S9,2025-12-16T17:14:40.506356+00:00,790.76,amazon,2026-05-17T17:14:40.625530+00:00,seed (simulated history - replace with Keepa API)
B0CMDWC436,Samsung Galaxy Tab S9,2025-12-17T17:14:40.506356+00:00,790.9,amazon,2026-05-17T17:14:40.625577+00:00,seed (simulated history - replace with Keepa API)
B0CMDWC436,Samsung Galaxy Tab S9,2025-12-18T17:14:40.506356+00:00,849.97,amazon,2026-05-17T17:14:40.625600+00:00,seed (simulated history - replace with Keepa API)
B0CMDWC436,Samsung Galaxy Tab S9,2025-12-19T17:14:40.506356+00:00,796.9,amazon,2026-05-17T17:14:40.625621+00:00,seed (simulated history - replace with Keepa API)
B0CMDWC436,Samsung Galaxy Tab S9,2025-12-20T17:14:40.506356+00:00,784.35,amazon,2026-05-17T17:14:40.625644+00:00,seed (simulated history - replace with Keepa API)
B0CMDWC436,Samsung Galaxy Tab S9,2025-12-21T17:14:40.506356+00:00,816.87,amazon,2026-05-17T17:14:40.625720+00:00,seed (simulated history - replace with Keepa API)
B0CMDWC436,Samsung Galaxy Tab S9,2025-12-22T17:14:40.506356+00:00,701.73,amazon,2026-05-17T17:14:40.625769+00:00,seed (simulated history - replace with Keepa API)
B0CMDWC436,Samsung Galaxy Tab S9,2025-12-23T17:14:40.506356+00:00,817.64,amazon,2026-05-17T17:14:40.625794+00:00,seed (simulated history - replace with Keepa API)
B0CMDWC436,Samsung Galaxy Tab S9,2025-12-24T17:14:40.506356+00:00,801.48,amazon,2026-05-17T17:14:40.625817+00:00,seed (simulated history - replace with Keepa API)
B0CMDWC436,Samsung Galaxy Tab S9,2025-12-25T17:14:40.506356+00:00,784.86,amazon,2026-05-17T17:14:40.625852+00:00,seed (simulated history - replace with Keepa API)
B0CMDWC436,Samsung Galaxy Tab S9,2025-12-26T17:14:40.506356+00:00,757.8,amazon,2026-05-17T17:14:40.625878+00:00,seed (simulated history - replace with Keepa API)
B0CMDWC436,Samsung Galaxy Tab S9,2025-12-27T17:14:40.506356+00:00,781.11,amazon,2026-05-17T17:14:40.625898+00:00,seed (simulated history - replace with Keepa API)
B0CMDWC436,Samsung Galaxy Tab S9,2025-12-28T17:14:40.506356+00:00,781.16,amazon,2026-05-17T17:14:40.625923+00:00,seed (simulated history - replace with Keepa API)
B0CMDWC436,Samsung Galaxy Tab S9,2025-12-29T17:14:40.506356+00:00,843.17,amazon,2026-05-17T17:14:40.625945+00:00,seed (simulated history - replace with Keepa API)
B0CMDWC436,Samsung Galaxy Tab S9,2025-12-30T17:14:40.506356+00:00,820.6,amazon,2026-05-17T17:14:40.625966+00:00,seed (simulated history - replace with Keepa API)
B0CMDWC436,Samsung Galaxy Tab S9,2025-12-31T17:14:40.506356+00:00,789.9,amazon,2026-05-17T17:14:40.625997+00:00,seed (simulated history - replace with Keepa API)
B0CMDWC436,Samsung Galaxy Tab S9,2026-01-01T17:14:40.506356+00:00,802.65,amazon,2026-05-17T17:14:40.626085+00:00,seed (simulated history - replace with Keepa API)
B0CMDWC436,Samsung Galaxy Tab S9,2026-01-02T17:14:40.506356+00:00,783.54,amazon,2026-05-17T17:14:40.626109+00:00,seed (simulated history - replace with Keepa API)
B0CMDWC436,Samsung Galaxy Tab S9,2026-01-03T17:14:40.506356+00:00,829.36,amazon,2026-05-17T17:14:40.626131+00:00,seed (simulated history - replace with Keepa API)
B0CMDWC436,Samsung Galaxy Tab S9,2026-01-04T17:14:40.506356+00:00,783.95,amazon,2026-05-17T17:14:40.626153+00:00,seed (simulated history - replace with Keepa API)
B0CMDWC436,Samsung Galaxy Tab S9,2026-01-05T17:14:40.506356+00:00,781.24,amazon,2026-05-17T17:14:40.626175+00:00,seed (simulated history - replace with Keepa API)
B0CMDWC436,Samsung Galaxy Tab S9,2026-01-06T17:14:40.506356+00:00,800.45,amazon,2026-05-17T17:14:40.626198+00:00,seed (simulated history - replace with Keepa API)
B0CMDWC436,Samsung Galaxy Tab S9,2026-01-07T17:14:40.506356+00:00,766.64,amazon,2026-05-17T17:14:40.626217+00:00,seed (simulated history - replace with Keepa API)
B0CMDWC436,Samsung Galaxy Tab S9,2026-01-08T17:14:40.506356+00:00,794.72,amazon,2026-05-17T17:14:40.626235+00:00,seed (simulated history - replace with Keepa API)
B0CMDWC436,Samsung Galaxy Tab S9,2026-01-09T17:14:40.506356+00:00,784.52,amazon,2026-05-17T17:14:40.626252+00:00,seed (simulated history - replace with Keepa API)
B0CMDWC436,Samsung Galaxy Tab S9,2026-01-10T17:14:40.506356+00:00,811.06,amazon,2026-05-17T17:14:40.626269+00:00,seed (simulated history - replace with Keepa API)
B0CMDWC436,Samsung Galaxy Tab S9,2026-01-11T17:14:40.506356+00:00,593.72,amazon,2026-05-17T17:14:40.626308+00:00,seed (simulated history - replace with Keepa API)
B0CMDWC436,Samsung Galaxy Tab S9,2026-01-12T17:14:40.506356+00:00,774.65,amazon,2026-05-17T17:14:40.626326+00:00,seed (simulated history - replace with Keepa API)
B0CMDWC436,Samsung Galaxy Tab S9,2026-01-13T17:14:40.506356+00:00,791.5,amazon,2026-05-17T17:14:40.626342+00:00,seed (simulated history - replace with Keepa API)
B0CMDWC436,Samsung Galaxy Tab S9,2026-01-14T17:14:40.506356+00:00,840.53,amazon,2026-05-17T17:14:40.626359+00:00,seed (simulated history - replace with Keepa API)
B0CMDWC436,Samsung Galaxy Tab S9,2026-01-15T17:14:40.506356+00:00,840.07,amazon,2026-05-17T17:14:40.626374+00:00,seed (simulated history - replace with Keepa API)
B0CMDWC436,Samsung Galaxy Tab S9,2026-01-16T17:14:40.506356+00:00,791.22,amazon,2026-05-17T17:14:40.626402+00:00,seed (simulated history - replace with Keepa API)
B0CMDWC436,Samsung Galaxy Tab S9,2026-01-17T17:14:40.506356+00:00,759.88,amazon,2026-05-17T17:14:40.626419+00:00,seed (simulated history - replace with Keepa API)
B0CMDWC436,Samsung Galaxy Tab S9,2026-01-18T17:14:40.506356+00:00,788.18,amazon,2026-05-17T17:14:40.626435+00:00,seed (simulated history - replace with Keepa API)
B0CMDWC436,Samsung Galaxy Tab S9,2026-01-19T17:14:40.506356+00:00,831.86,amazon,2026-05-17T17:14:40.626451+00:00,seed (simulated history - replace with Keepa API)
B0CMDWC436,Samsung Galaxy Tab S9,2026-01-20T17:14:40.506356+00:00,795.85,amazon,2026-05-17T17:14:40.626474+00:00,seed (simulated history - replace with Keepa API)
B0CMDWC436,Samsung Galaxy Tab S9,2026-01-21T17:14:40.506356+00:00,702.49,amazon,2026-05-17T17:14:40.626516+00:00,seed (simulated history - replace with Keepa API)
B0CMDWC436,Samsung Galaxy Tab S9,2026-01-22T17:14:40.506356+00:00,825.3,amazon,2026-05-17T17:14:40.626534+00:00,seed (simulated history - replace with Keepa API)
B0CMDWC436,Samsung Galaxy Tab S9,2026-01-23T17:14:40.506356+00:00,799.13,amazon,2026-05-17T17:14:40.626576+00:00,seed (simulated history - replace with Keepa API)
B0CMDWC436,Samsung Galaxy Tab S9,2026-01-24T17:14:40.506356+00:00,755.84,amazon,2026-05-17T17:14:40.626594+00:00,seed (simulated history - replace with Keepa API)
B0CMDWC436,Samsung Galaxy Tab S9,2026-01-25T17:14:40.506356+00:00,725.1,amazon,2026-05-17T17:14:40.626613+00:00,seed (simulated history - replace with Keepa API)
B0CMDWC436,Samsung Galaxy Tab S9,2026-01-26T17:14:40.506356+00:00,809.55,amazon,2026-05-17T17:14:40.626640+00:00,seed (simulated history - replace with Keepa API)
B0CMDWC436,Samsung Galaxy Tab S9,2026-01-27T17:14:40.506356+00:00,793.94,amazon,2026-05-17T17:14:40.626663+00:00,seed (simulated history - replace with Keepa API)
B0CMDWC436,Samsung Galaxy Tab S9,2026-01-28T17:14:40.506356+00:00,848.42,amazon,2026-05-17T17:14:40.626685+00:00,seed (simulated history - replace with Keepa API)
B0CMDWC436,Samsung Galaxy Tab S9,2026-01-29T17:14:40.506356+00:00,805.52,amazon,2026-05-17T17:14:40.626706+00:00,seed (simulated history - replace with Keepa API)
B0CMDWC436,Samsung Galaxy Tab S9,2026-01-30T17:14:40.506356+00:00,789.7,amazon,2026-05-17T17:14:40.626728+00:00,seed (simulated history - replace with Keepa API)
B0CMDWC436,Samsung Galaxy Tab S9,2026-01-31T17:14:40.506356+00:00,802.22,amazon,2026-05-17T17:14:40.626798+00:00,seed (simulated history - replace with Keepa API)
B0CMDWC436,Samsung Galaxy Tab S9,2026-02-01T17:14:40.506356+00:00,788.52,amazon,2026-05-17T17:14:40.626819+00:00,seed (simulated history - replace with Keepa API)
B0CMDWC436,Samsung Galaxy Tab S9,2026-02-02T17:14:40.506356+00:00,773.04,amazon,2026-05-17T17:14:40.626834+00:00,seed (simulated history - replace with Keepa API)
B0CMDWC436,Samsung Galaxy Tab S9,2026-02-03T17:14:40.506356+00:00,800.16,amazon,2026-05-17T17:14:40.626849+00:00,seed (simulated history - replace with Keepa API)
B0CMDWC436,Samsung Galaxy Tab S9,2026-02-04T17:14:40.506356+00:00,780.72,amazon,2026-05-17T17:14:40.626864+00:00,seed (simulated history - replace with Keepa API)
B0CMDWC436,Samsung Galaxy Tab S9,2026-02-05T17:14:40.506356+00:00,820.16,amazon,2026-05-17T17:14:40.626886+00:00,seed (simulated history - replace with Keepa API)
B0CMDWC436,Samsung Galaxy Tab S9,2026-02-06T17:14:40.506356+00:00,848.86,amazon,2026-05-17T17:14:40.626902+00:00,seed (simulated history - replace with Keepa API)
B0CMDWC436,Samsung Galaxy Tab S9,2026-02-07T17:14:40.506356+00:00,790.83,amazon,2026-05-17T17:14:40.626917+00:00,seed (simulated history - replace with Keepa API)
B0CMDWC436,Samsung Galaxy Tab S9,2026-02-08T17:14:40.506356+00:00,836.13,amazon,2026-05-17T17:14:40.626932+00:00,seed (simulated history - replace with Keepa API)
B0CMDWC436,Samsung Galaxy Tab S9,2026-02-09T17:14:40.506356+00:00,763.5,amazon,2026-05-17T17:14:40.626947+00:00,seed (simulated history - replace with Keepa API)
B0CMDWC436,Samsung Galaxy Tab S9,2026-02-10T17:14:40.506356+00:00,822.74,amazon,2026-05-17T17:14:40.626962+00:00,seed (simulated history - replace with Keepa API)
B0CMDWC436,Samsung Galaxy Tab S9,2026-02-11T17:14:40.506356+00:00,805.38,amazon,2026-05-17T17:14:40.626978+00:00,seed (simulated history - replace with Keepa API)
B0CMDWC436,Samsung Galaxy Tab S9,2026-02-12T17:14:40.506356+00:00,812.03,amazon,2026-05-17T17:14:40.626999+00:00,seed (simulated history - replace with Keepa API)
B0CMDWC436,Samsung Galaxy Tab S9,2026-02-13T17:14:40.506356+00:00,709.98,amazon,2026-05-17T17:14:40.627045+00:00,seed (simulated history - replace with Keepa API)
B0CMDWC436,Samsung Galaxy Tab S9,2026-02-14T17:14:40.506356+00:00,807.66,amazon,2026-05-17T17:14:40.627065+00:00,seed (simulated history - replace with Keepa API)
B0CMDWC436,Samsung Galaxy Tab S9,2026-02-15T17:14:40.506356+00:00,802.71,amazon,2026-05-17T17:14:40.627081+00:00,seed (simulated history - replace with Keepa API)
B0CMDWC436,Samsung Galaxy Tab S9,2026-02-16T17:14:40.506356+00:00,811.01,amazon,2026-05-17T17:14:40.627095+00:00,seed (simulated history - replace with Keepa API)
B0CMDWC436,Samsung Galaxy Tab S9,2026-02-17T17:14:40.506356+00:00,794.86,amazon,2026-05-17T17:14:40.627112+00:00,seed (simulated history - replace with Keepa API)
B0CMDWC436,Samsung Galaxy Tab S9,2026-02-18T17:14:40.506356+00:00,823.28,amazon,2026-05-17T17:14:40.627128+00:00,seed (simulated history - replace with Keepa API)
B0CMDWC436,Samsung Galaxy Tab S9,2026-02-19T17:14:40.506356+00:00,769.49,amazon,2026-05-17T17:14:40.627145+00:00,seed (simulated history - replace with Keepa API)
B0CMDWC436,Samsung Galaxy Tab S9,2026-02-20T17:14:40.506356+00:00,790.9,amazon,2026-05-17T17:14:40.627161+00:00,seed (simulated history - replace with Keepa API)
B0CMDWC436,Samsung Galaxy Tab S9,2026-02-21T17:14:40.506356+00:00,815.82,amazon,2026-05-17T17:14:40.627178+00:00,seed (simulated history - replace with Keepa API)
B0CMDWC436,Samsung Galaxy Tab S9,2026-02-22T17:14:40.506356+00:00,842.39,amazon,2026-05-17T17:14:40.627194+00:00,seed (simulated history - replace with Keepa API)
B0CMDWC436,Samsung Galaxy Tab S9,2026-02-23T17:14:40.506356+00:00,824.92,amazon,2026-05-17T17:14:40.627210+00:00,seed (simulated history - replace with Keepa API)
B0CMDWC436,Samsung Galaxy Tab S9,2026-02-24T17:14:40.506356+00:00,802.23,amazon,2026-05-17T17:14:40.627230+00:00,seed (simulated history - replace with Keepa API)
B0CMDWC436,Samsung Galaxy Tab S9,2026-02-25T17:14:40.506356+00:00,795.95,amazon,2026-05-17T17:14:40.627247+00:00,seed (simulated history - replace with Keepa API)
B0CMDWC436,Samsung Galaxy Tab S9,2026-02-26T17:14:40.506356+00:00,792.17,amazon,2026-05-17T17:14:40.627264+00:00,seed (simulated history - replace with Keepa API)
B0CMDWC436,Samsung Galaxy Tab S9,2026-02-27T17:14:40.506356+00:00,792.3,amazon,2026-05-17T17:14:40.627284+00:00,seed (simulated history - replace with Keepa API)
B0CMDWC436,Samsung Galaxy Tab S9,2026-02-28T17:14:40.506356+00:00,757.28,amazon,2026-05-17T17:14:40.627301+00:00,seed (simulated history - replace with Keepa API)
B0CMDWC436,Samsung Galaxy Tab S9,2026-03-01T17:14:40.506356+00:00,841.17,amazon,2026-05-17T17:14:40.627319+00:00,seed (simulated history - replace with Keepa API)
B0CMDWC436,Samsung Galaxy Tab S9,2026-03-02T17:14:40.506356+00:00,797.65,amazon,2026-05-17T17:14:40.627366+00:00,seed (simulated history - replace with Keepa API)
B0CMDWC436,Samsung Galaxy Tab S9,2026-03-03T17:14:40.506356+00:00,780.53,amazon,2026-05-17T17:14:40.627399+00:00,seed (simulated history - replace with Keepa API)
B0CMDWC436,Samsung Galaxy Tab S9,2026-03-04T17:14:40.506356+00:00,808.79,amazon,2026-05-17T17:14:40.627417+00:00,seed (simulated history - replace with Keepa API)
B0CMDWC436,Samsung Galaxy Tab S9,2026-03-05T17:14:40.506356+00:00,782.22,amazon,2026-05-17T17:14:40.627434+00:00,seed (simulated history - replace with Keepa API)
B0CMDWC436,Samsung Galaxy Tab S9,2026-03-06T17:14:40.506356+00:00,820.75,amazon,2026-05-17T17:14:40.627451+00:00,seed (simulated history - replace with Keepa API)
B0CMDWC436,Samsung Galaxy Tab S9,2026-03-07T17:14:40.506356+00:00,781.21,amazon,2026-05-17T17:14:40.627467+00:00,seed (simulated history - replace with Keepa API)
B0CMDWC436,Samsung Galaxy Tab S9,2026-03-08T17:14:40.506356+00:00,816.96,amazon,2026-05-17T17:14:40.627497+00:00,seed (simulated history - replace with Keepa API)
B0CMDWC436,Samsung Galaxy Tab S9,2026-03-09T17:14:40.506356+00:00,791.84,amazon,2026-05-17T17:14:40.627517+00:00,seed (simulated history - replace with Keepa API)
B0CMDWC436,Samsung Galaxy Tab S9,2026-03-10T17:14:40.506356+00:00,805.55,amazon,2026-05-17T17:14:40.627534+00:00,seed (simulated history - replace with Keepa API)
B0CMDWC436,Samsung Galaxy Tab S9,2026-03-11T17:14:40.506356+00:00,818.86,amazon,2026-05-17T17:14:40.627571+00:00,seed (simulated history - replace with Keepa API)
B0CMDWC436,Samsung Galaxy Tab S9,2026-03-12T17:14:40.506356+00:00,786.56,amazon,2026-05-17T17:14:40.627597+00:00,seed (simulated history - replace with Keepa API)
B0CMDWC436,Samsung Galaxy Tab S9,2026-03-13T17:14:40.506356+00:00,818.24,amazon,2026-05-17T17:14:40.627615+00:00,seed (simulated history - replace with Keepa API)
B0CMDWC436,Samsung Galaxy Tab S9,2026-03-14T17:14:40.506356+00:00,758.16,amazon,2026-05-17T17:14:40.627631+00:00,seed (simulated history - replace with Keepa API)
B0CMDWC436,Samsung Galaxy Tab S9,2026-03-15T17:14:40.506356+00:00,834.74,amazon,2026-05-17T17:14:40.627648+00:00,seed (simulated history - replace with Keepa API)
B0CMDWC436,Samsung Galaxy Tab S9,2026-03-16T17:14:40.506356+00:00,822.52,amazon,2026-05-17T17:14:40.627667+00:00,seed (simulated history - replace with Keepa API)
B0CMDWC436,Samsung Galaxy Tab S9,2026-03-17T17:14:40.506356+00:00,796.85,amazon,2026-05-17T17:14:40.627684+00:00,seed (simulated history - replace with Keepa API)
B0CMDWC436,Samsung Galaxy Tab S9,2026-03-18T17:14:40.506356+00:00,827.07,amazon,2026-05-17T17:14:40.627700+00:00,seed (simulated history - replace with Keepa API)
B0CMDWC436,Samsung Galaxy Tab S9,2026-03-19T17:14:40.506356+00:00,824.24,amazon,2026-05-17T17:14:40.627716+00:00,seed (simulated history - replace with Keepa API)
B0CMDWC436,Samsung Galaxy Tab S9,2026-03-20T17:14:40.506356+00:00,798.93,amazon,2026-05-17T17:14:40.627732+00:00,seed (simulated history - replace with Keepa API)
B0CMDWC436,Samsung Galaxy Tab S9,2026-03-21T17:14:40.506356+00:00,798.68,amazon,2026-05-17T17:14:40.627750+00:00,seed (simulated history - replace with Keepa API)
B0CMDWC436,Samsung Galaxy Tab S9,2026-03-22T17:14:40.506356+00:00,777.85,amazon,2026-05-17T17:14:40.627765+00:00,seed (simulated history - replace with Keepa API)
B0CMDWC436,Samsung Galaxy Tab S9,2026-03-23T17:14:40.506356+00:00,800.17,amazon,2026-05-17T17:14:40.627782+00:00,seed (simulated history - replace with Keepa API)
B0CMDWC436,Samsung Galaxy Tab S9,2026-03-24T17:14:40.506356+00:00,764.51,amazon,2026-05-17T17:14:40.627799+00:00,seed (simulated history - replace with Keepa API)
B0CMDWC436,Samsung Galaxy Tab S9,2026-03-25T17:14:40.506356+00:00,816.64,amazon,2026-05-17T17:14:40.627818+00:00,seed (simulated history - replace with Keepa API)
B0CMDWC436,Samsung Galaxy Tab S9,2026-03-26T17:14:40.506356+00:00,817.19,amazon,2026-05-17T17:14:40.627901+00:00,seed (simulated history - replace with Keepa API)
B0CMDWC436,Samsung Galaxy Tab S9,2026-03-27T17:14:40.506356+00:00,758.46,amazon,2026-05-17T17:14:40.627929+00:00,seed (simulated history - replace with Keepa API)
B0CMDWC436,Samsung Galaxy Tab S9,2026-03-28T17:14:40.506356+00:00,832.0,amazon,2026-05-17T17:14:40.627950+00:00,seed (simulated history - replace with Keepa API)
B0CMDWC436,Samsung Galaxy Tab S9,2026-03-29T17:14:40.506356+00:00,784.6,amazon,2026-05-17T17:14:40.627972+00:00,seed (simulated history - replace with Keepa API)
B0CMDWC436,Samsung Galaxy Tab S9,2026-03-30T17:14:40.506356+00:00,867.77,amazon,2026-05-17T17:14:40.628002+00:00,seed (simulated history - replace with Keepa API)
B0CMDWC436,Samsung Galaxy Tab S9,2026-03-31T17:14:40.506356+00:00,804.3,amazon,2026-05-17T17:14:40.628038+00:00,seed (simulated history - replace with Keepa API)
B0CMDWC436,Samsung Galaxy Tab S9,2026-04-01T17:14:40.506356+00:00,832.27,amazon,2026-05-17T17:14:40.628060+00:00,seed (simulated history - replace with Keepa API)
B0CMDWC436,Samsung Galaxy Tab S9,2026-04-02T17:14:40.506356+00:00,777.16,amazon,2026-05-17T17:14:40.628083+00:00,seed (simulated history - replace with Keepa API)
B0CMDWC436,Samsung Galaxy Tab S9,2026-04-03T17:14:40.506356+00:00,791.79,amazon,2026-05-17T17:14:40.628104+00:00,seed (simulated history - replace with Keepa API)
B0CMDWC436,Samsung Galaxy Tab S9,2026-04-04T17:14:40.506356+00:00,786.45,amazon,2026-05-17T17:14:40.628136+00:00,seed (simulated history - replace with Keepa API)
B0CMDWC436,Samsung Galaxy Tab S9,2026-04-05T17:14:40.506356+00:00,764.13,amazon,2026-05-17T17:14:40.628159+00:00,seed (simulated history - replace with Keepa API)
B0CMDWC436,Samsung Galaxy Tab S9,2026-04-06T17:14:40.506356+00:00,769.56,amazon,2026-05-17T17:14:40.628189+00:00,seed (simulated history - replace with Keepa API)
B0CMDWC436,Samsung Galaxy Tab S9,2026-04-07T17:14:40.506356+00:00,795.95,amazon,2026-05-17T17:14:40.628208+00:00,seed (simulated history - replace with Keepa API)
B0CMDWC436,Samsung Galaxy Tab S9,2026-04-08T17:14:40.506356+00:00,807.95,amazon,2026-05-17T17:14:40.628225+00:00,seed (simulated history - replace with Keepa API)
B0CMDWC436,Samsung Galaxy Tab S9,2026-04-09T17:14:40.506356+00:00,774.86,amazon,2026-05-17T17:14:40.628242+00:00,seed (simulated history - replace with Keepa API)
B0CMDWC436,Samsung Galaxy Tab S9,2026-04-10T17:14:40.506356+00:00,790.39,amazon,2026-05-17T17:14:40.628258+00:00,seed (simulated history - replace with Keepa API)
B0CMDWC436,Samsung Galaxy Tab S9,2026-04-11T17:14:40.506356+00:00,782.11,amazon,2026-05-17T17:14:40.628275+00:00,seed (simulated history - replace with Keepa API)
B0CMDWC436,Samsung Galaxy Tab S9,2026-04-12T17:14:40.506356+00:00,646.69,amazon,2026-05-17T17:14:40.628319+00:00,seed (simulated history - replace with Keepa API)
B0CMDWC436,Samsung Galaxy Tab S9,2026-04-13T17:14:40.506356+00:00,647.68,amazon,2026-05-17T17:14:40.628345+00:00,seed (simulated history - replace with Keepa API)
B0CMDWC436,Samsung Galaxy Tab S9,2026-04-14T17:14:40.506356+00:00,791.75,amazon,2026-05-17T17:14:40.628364+00:00,seed (simulated history - replace with Keepa API)
B0CMDWC436,Samsung Galaxy Tab S9,2026-04-15T17:14:40.506356+00:00,749.93,amazon,2026-05-17T17:14:40.628385+00:00,seed (simulated history - replace with Keepa API)
B0CMDWC436,Samsung Galaxy Tab S9,2026-04-16T17:14:40.506356+00:00,781.43,amazon,2026-05-17T17:14:40.628404+00:00,seed (simulated history - replace with Keepa API)
B0CMDWC436,Samsung Galaxy Tab S9,2026-04-17T17:14:40.506356+00:00,845.56,amazon,2026-05-17T17:14:40.628424+00:00,seed (simulated history - replace with Keepa API)
B0CMDWC436,Samsung Galaxy Tab S9,2026-04-18T17:14:40.506356+00:00,802.08,amazon,2026-05-17T17:14:40.628443+00:00,seed (simulated history - replace with Keepa API)
B0CMDWC436,Samsung Galaxy Tab S9,2026-04-19T17:14:40.506356+00:00,588.16,amazon,2026-05-17T17:14:40.628470+00:00,seed (simulated history - replace with Keepa API)
B0CMDWC436,Samsung Galaxy Tab S9,2026-04-20T17:14:40.506356+00:00,796.79,amazon,2026-05-17T17:14:40.628499+00:00,seed (simulated history - replace with Keepa API)
B0CMDWC436,Samsung Galaxy Tab S9,2026-04-21T17:14:40.506356+00:00,803.44,amazon,2026-05-17T17:14:40.628519+00:00,seed (simulated history - replace with Keepa API)
B0CMDWC436,Samsung Galaxy Tab S9,2026-04-22T17:14:40.506356+00:00,794.77,amazon,2026-05-17T17:14:40.628561+00:00,seed (simulated history - replace with Keepa API)
B0CMDWC436,Samsung Galaxy Tab S9,2026-04-23T17:14:40.506356+00:00,809.21,amazon,2026-05-17T17:14:40.628625+00:00,seed (simulated history - replace with Keepa API)
B0CMDWC436,Samsung Galaxy Tab S9,2026-04-24T17:14:40.506356+00:00,589.67,amazon,2026-05-17T17:14:40.628666+00:00,seed (simulated history - replace with Keepa API)
B0CMDWC436,Samsung Galaxy Tab S9,2026-04-25T17:14:40.506356+00:00,801.74,amazon,2026-05-17T17:14:40.628686+00:00,seed (simulated history - replace with Keepa API)
B0CMDWC436,Samsung Galaxy Tab S9,2026-04-26T17:14:40.506356+00:00,781.58,amazon,2026-05-17T17:14:40.628706+00:00,seed (simulated history - replace with Keepa API)
B0CMDWC436,Samsung Galaxy Tab S9,2026-04-27T17:14:40.506356+00:00,576.56,amazon,2026-05-17T17:14:40.628731+00:00,seed (simulated history - replace with Keepa API)
B0CMDWC436,Samsung Galaxy Tab S9,2026-04-28T17:14:40.506356+00:00,792.31,amazon,2026-05-17T17:14:40.628752+00:00,seed (simulated history - replace with Keepa API)
B0CMDWC436,Samsung Galaxy Tab S9,2026-04-29T17:14:40.506356+00:00,742.27,amazon,2026-05-17T17:14:40.628775+00:00,seed (simulated history - replace with Keepa API)
B0CMDWC436,Samsung Galaxy Tab S9,2026-04-30T17:14:40.506356+00:00,653.61,amazon,2026-05-17T17:14:40.628801+00:00,seed (simulated history - replace with Keepa API)
B0CMDWC436,Samsung Galaxy Tab S9,2026-05-01T17:14:40.506356+00:00,807.99,amazon,2026-05-17T17:14:40.628821+00:00,seed (simulated history - replace with Keepa API)
B0CMDWC436,Samsung Galaxy Tab S9,2026-05-02T17:14:40.506356+00:00,786.21,amazon,2026-05-17T17:14:40.628845+00:00,seed (simulated history - replace with Keepa API)
B0CMDWC436,Samsung Galaxy Tab S9,2026-05-03T17:14:40.506356+00:00,793.24,amazon,2026-05-17T17:14:40.628864+00:00,seed (simulated history - replace with Keepa API)
B0CMDWC436,Samsung Galaxy Tab S9,2026-05-04T17:14:40.506356+00:00,784.91,amazon,2026-05-17T17:14:40.628883+00:00,seed (simulated history - replace with Keepa API)
B0CMDWC436,Samsung Galaxy Tab S9,2026-05-05T17:14:40.506356+00:00,802.36,amazon,2026-05-17T17:14:40.628902+00:00,seed (simulated history - replace with Keepa API)
B0CMDWC436,Samsung Galaxy Tab S9,2026-05-06T17:14:40.506356+00:00,800.48,amazon,2026-05-17T17:14:40.628978+00:00,seed (simulated history - replace with Keepa API)
B0CMDWC436,Samsung Galaxy Tab S9,2026-05-07T17:14:40.506356+00:00,764.81,amazon,2026-05-17T17:14:40.629020+00:00,seed (simulated history - replace with Keepa API)
B0CMDWC436,Samsung Galaxy Tab S9,2026-05-08T17:14:40.506356+00:00,790.78,amazon,2026-05-17T17:14:40.629040+00:00,seed (simulated history - replace with Keepa API)
B0CMDWC436,Samsung Galaxy Tab S9,2026-05-09T17:14:40.506356+00:00,804.84,amazon,2026-05-17T17:14:40.629057+00:00,seed (simulated history - replace with Keepa API)
B0CMDWC436,Samsung Galaxy Tab S9,2026-05-10T17:14:40.506356+00:00,798.9,amazon,2026-05-17T17:14:40.629080+00:00,seed (simulated history - replace with Keepa API)
B0CMDWC436,Samsung Galaxy Tab S9,2026-05-11T17:14:40.506356+00:00,770.4,amazon,2026-05-17T17:14:40.629097+00:00,seed (simulated history - replace with Keepa API)
B0CMDWC436,Samsung Galaxy Tab S9,2026-05-12T17:14:40.506356+00:00,795.29,amazon,2026-05-17T17:14:40.629112+00:00,seed (simulated history - replace with Keepa API)
B0CMDWC436,Samsung Galaxy Tab S9,2026-05-13T17:14:40.506356+00:00,774.98,amazon,2026-05-17T17:14:40.629135+00:00,seed (simulated history - replace with Keepa API)
B0CMDWC436,Samsung Galaxy Tab S9,2026-05-14T17:14:40.506356+00:00,787.54,amazon,2026-05-17T17:14:40.629150+00:00,seed (simulated history - replace with Keepa API)
B0CMDWC436,Samsung Galaxy Tab S9,2026-05-15T17:14:40.506356+00:00,585.77,amazon,2026-05-17T17:14:40.629186+00:00,seed (simulated history - replace with Keepa API)
B0CMDWC436,Samsung Galaxy Tab S9,2026-05-16T17:14:40.506356+00:00,754.27,amazon,2026-05-17T17:14:40.629204+00:00,seed (simulated history - replace with Keepa API)
B0CMDWC436,Samsung Galaxy Tab S9,2026-05-17T17:14:40.506356+00:00,806.17,amazon,2026-05-17T17:14:40.629222+00:00,seed (simulated history - replace with Keepa API)
B0CVM4T437,Samsung Galaxy Buds3 Pro,2025-11-18T17:14:40.506356+00:00,224.95,amazon,2026-05-17T17:14:40.630633+00:00,seed (simulated history - replace with Keepa API)
B0CVM4T437,Samsung Galaxy Buds3 Pro,2025-11-19T17:14:40.506356+00:00,243.61,amazon,2026-05-17T17:14:40.630666+00:00,seed (simulated history - replace with Keepa API)
B0CVM4T437,Samsung Galaxy Buds3 Pro,2025-11-20T17:14:40.506356+00:00,161.74,amazon,2026-05-17T17:14:40.630690+00:00,seed (simulated history - replace with Keepa API)
B0CVM4T437,Samsung Galaxy Buds3 Pro,2025-11-21T17:14:40.506356+00:00,192.04,amazon,2026-05-17T17:14:40.630711+00:00,seed (simulated history - replace with Keepa API)
B0CVM4T437,Samsung Galaxy Buds3 Pro,2025-11-22T17:14:40.506356+00:00,169.8,amazon,2026-05-17T17:14:40.630730+00:00,seed (simulated history - replace with Keepa API)
B0CVM4T437,Samsung Galaxy Buds3 Pro,2025-11-23T17:14:40.506356+00:00,173.76,amazon,2026-05-17T17:14:40.630750+00:00,seed (simulated history - replace with Keepa API)
B0CVM4T437,Samsung Galaxy Buds3 Pro,2025-11-24T17:14:40.506356+00:00,168.53,amazon,2026-05-17T17:14:40.630769+00:00,seed (simulated history - replace with Keepa API)
B0CVM4T437,Samsung Galaxy Buds3 Pro,2025-11-25T17:14:40.506356+00:00,168.24,amazon,2026-05-17T17:14:40.630790+00:00,seed (simulated history - replace with Keepa API)
B0CVM4T437,Samsung Galaxy Buds3 Pro,2025-11-26T17:14:40.506356+00:00,167.08,amazon,2026-05-17T17:14:40.630857+00:00,seed (simulated history - replace with Keepa API)
B0CVM4T437,Samsung Galaxy Buds3 Pro,2025-11-27T17:14:40.506356+00:00,176.64,amazon,2026-05-17T17:14:40.630896+00:00,seed (simulated history - replace with Keepa API)
B0CVM4T437,Samsung Galaxy Buds3 Pro,2025-11-28T17:14:40.506356+00:00,162.76,amazon,2026-05-17T17:14:40.630918+00:00,seed (simulated history - replace with Keepa API)
B0CVM4T437,Samsung Galaxy Buds3 Pro,2025-11-29T17:14:40.506356+00:00,175.0,amazon,2026-05-17T17:14:40.630936+00:00,seed (simulated history - replace with Keepa API)
B0CVM4T437,Samsung Galaxy Buds3 Pro,2025-11-30T17:14:40.506356+00:00,160.99,amazon,2026-05-17T17:14:40.630956+00:00,seed (simulated history - replace with Keepa API)
B0CVM4T437,Samsung Galaxy Buds3 Pro,2025-12-01T17:14:40.506356+00:00,231.88,amazon,2026-05-17T17:14:40.630978+00:00,seed (simulated history - replace with Keepa API)
B0CVM4T437,Samsung Galaxy Buds3 Pro,2025-12-02T17:14:40.506356+00:00,233.15,amazon,2026-05-17T17:14:40.631037+00:00,seed (simulated history - replace with Keepa API)
B0CVM4T437,Samsung Galaxy Buds3 Pro,2025-12-03T17:14:40.506356+00:00,244.47,amazon,2026-05-17T17:14:40.631065+00:00,seed (simulated history - replace with Keepa API)
B0CVM4T437,Samsung Galaxy Buds3 Pro,2025-12-04T17:14:40.506356+00:00,229.25,amazon,2026-05-17T17:14:40.631133+00:00,seed (simulated history - replace with Keepa API)
B0CVM4T437,Samsung Galaxy Buds3 Pro,2025-12-05T17:14:40.506356+00:00,243.39,amazon,2026-05-17T17:14:40.631162+00:00,seed (simulated history - replace with Keepa API)
B0CVM4T437,Samsung Galaxy Buds3 Pro,2025-12-06T17:14:40.506356+00:00,218.77,amazon,2026-05-17T17:14:40.631226+00:00,seed (simulated history - replace with Keepa API)
B0CVM4T437,Samsung Galaxy Buds3 Pro,2025-12-07T17:14:40.506356+00:00,212.7,amazon,2026-05-17T17:14:40.631253+00:00,seed (simulated history - replace with Keepa API)
B0CVM4T437,Samsung Galaxy Buds3 Pro,2025-12-08T17:14:40.506356+00:00,228.02,amazon,2026-05-17T17:14:40.631274+00:00,seed (simulated history - replace with Keepa API)
B0CVM4T437,Samsung Galaxy Buds3 Pro,2025-12-09T17:14:40.506356+00:00,229.26,amazon,2026-05-17T17:14:40.631295+00:00,seed (simulated history - replace with Keepa API)
B0CVM4T437,Samsung Galaxy Buds3 Pro,2025-12-10T17:14:40.506356+00:00,233.51,amazon,2026-05-17T17:14:40.631316+00:00,seed (simulated history - replace with Keepa API)
B0CVM4T437,Samsung Galaxy Buds3 Pro,2025-12-11T17:14:40.506356+00:00,225.51,amazon,2026-05-17T17:14:40.631336+00:00,seed (simulated history - replace with Keepa API)
B0CVM4T437,Samsung Galaxy Buds3 Pro,2025-12-12T17:14:40.506356+00:00,232.03,amazon,2026-05-17T17:14:40.631355+00:00,seed (simulated history - replace with Keepa API)
B0CVM4T437,Samsung Galaxy Buds3 Pro,2025-12-13T17:14:40.506356+00:00,228.35,amazon,2026-05-17T17:14:40.631374+00:00,seed (simulated history - replace with Keepa API)
B0CVM4T437,Samsung Galaxy Buds3 Pro,2025-12-14T17:14:40.506356+00:00,238.11,amazon,2026-05-17T17:14:40.631394+00:00,seed (simulated history - replace with Keepa API)
B0CVM4T437,Samsung Galaxy Buds3 Pro,2025-12-15T17:14:40.506356+00:00,230.93,amazon,2026-05-17T17:14:40.631413+00:00,seed (simulated history - replace with Keepa API)
B0CVM4T437,Samsung Galaxy Buds3 Pro,2025-12-16T17:14:40.506356+00:00,248.64,amazon,2026-05-17T17:14:40.631433+00:00,seed (simulated history - replace with Keepa API)
B0CVM4T437,Samsung Galaxy Buds3 Pro,2025-12-17T17:14:40.506356+00:00,228.4,amazon,2026-05-17T17:14:40.631453+00:00,seed (simulated history - replace with Keepa API)
B0CVM4T437,Samsung Galaxy Buds3 Pro,2025-12-18T17:14:40.506356+00:00,237.6,amazon,2026-05-17T17:14:40.631471+00:00,seed (simulated history - replace with Keepa API)
B0CVM4T437,Samsung Galaxy Buds3 Pro,2025-12-19T17:14:40.506356+00:00,239.94,amazon,2026-05-17T17:14:40.631497+00:00,seed (simulated history - replace with Keepa API)
B0CVM4T437,Samsung Galaxy Buds3 Pro,2025-12-20T17:14:40.506356+00:00,213.19,amazon,2026-05-17T17:14:40.631516+00:00,seed (simulated history - replace with Keepa API)
B0CVM4T437,Samsung Galaxy Buds3 Pro,2025-12-21T17:14:40.506356+00:00,234.71,amazon,2026-05-17T17:14:40.631537+00:00,seed (simulated history - replace with Keepa API)
B0CVM4T437,Samsung Galaxy Buds3 Pro,2025-12-22T17:14:40.506356+00:00,221.37,amazon,2026-05-17T17:14:40.631587+00:00,seed (simulated history - replace with Keepa API)
B0CVM4T437,Samsung Galaxy Buds3 Pro,2025-12-23T17:14:40.506356+00:00,228.16,amazon,2026-05-17T17:14:40.631611+00:00,seed (simulated history - replace with Keepa API)
B0CVM4T437,Samsung Galaxy Buds3 Pro,2025-12-24T17:14:40.506356+00:00,222.3,amazon,2026-05-17T17:14:40.631631+00:00,seed (simulated history - replace with Keepa API)
B0CVM4T437,Samsung Galaxy Buds3 Pro,2025-12-25T17:14:40.506356+00:00,238.25,amazon,2026-05-17T17:14:40.631648+00:00,seed (simulated history - replace with Keepa API)
B0CVM4T437,Samsung Galaxy Buds3 Pro,2025-12-26T17:14:40.506356+00:00,225.87,amazon,2026-05-17T17:14:40.631666+00:00,seed (simulated history - replace with Keepa API)
B0CVM4T437,Samsung Galaxy Buds3 Pro,2025-12-27T17:14:40.506356+00:00,160.99,amazon,2026-05-17T17:14:40.631716+00:00,seed (simulated history - replace with Keepa API)
B0CVM4T437,Samsung Galaxy Buds3 Pro,2025-12-28T17:14:40.506356+00:00,217.82,amazon,2026-05-17T17:14:40.631734+00:00,seed (simulated history - replace with Keepa API)
B0CVM4T437,Samsung Galaxy Buds3 Pro,2025-12-29T17:14:40.506356+00:00,232.0,amazon,2026-05-17T17:14:40.631753+00:00,seed (simulated history - replace with Keepa API)
B0CVM4T437,Samsung Galaxy Buds3 Pro,2025-12-30T17:14:40.506356+00:00,232.15,amazon,2026-05-17T17:14:40.631773+00:00,seed (simulated history - replace with Keepa API)
B0CVM4T437,Samsung Galaxy Buds3 Pro,2025-12-31T17:14:40.506356+00:00,234.59,amazon,2026-05-17T17:14:40.631794+00:00,seed (simulated history - replace with Keepa API)
B0CVM4T437,Samsung Galaxy Buds3 Pro,2026-01-01T17:14:40.506356+00:00,234.63,amazon,2026-05-17T17:14:40.631815+00:00,seed (simulated history - replace with Keepa API)
B0CVM4T437,Samsung Galaxy Buds3 Pro,2026-01-02T17:14:40.506356+00:00,242.21,amazon,2026-05-17T17:14:40.631835+00:00,seed (simulated history - replace with Keepa API)
B0CVM4T437,Samsung Galaxy Buds3 Pro,2026-01-03T17:14:40.506356+00:00,234.56,amazon,2026-05-17T17:14:40.631857+00:00,seed (simulated history - replace with Keepa API)
B0CVM4T437,Samsung Galaxy Buds3 Pro,2026-01-04T17:14:40.506356+00:00,222.36,amazon,2026-05-17T17:14:40.631879+00:00,seed (simulated history - replace with Keepa API)
B0CVM4T437,Samsung Galaxy Buds3 Pro,2026-01-05T17:14:40.506356+00:00,219.94,amazon,2026-05-17T17:14:40.631899+00:00,seed (simulated history - replace with Keepa API)
B0CVM4T437,Samsung Galaxy Buds3 Pro,2026-01-06T17:14:40.506356+00:00,242.86,amazon,2026-05-17T17:14:40.631920+00:00,seed (simulated history - replace with Keepa API)
B0CVM4T437,Samsung Galaxy Buds3 Pro,2026-01-07T17:14:40.506356+00:00,229.58,amazon,2026-05-17T17:14:40.631950+00:00,seed (simulated history - replace with Keepa API)
B0CVM4T437,Samsung Galaxy Buds3 Pro,2026-01-08T17:14:40.506356+00:00,239.02,amazon,2026-05-17T17:14:40.631973+00:00,seed (simulated history - replace with Keepa API)
B0CVM4T437,Samsung Galaxy Buds3 Pro,2026-01-09T17:14:40.506356+00:00,223.85,amazon,2026-05-17T17:14:40.632019+00:00,seed (simulated history - replace with Keepa API)
B0CVM4T437,Samsung Galaxy Buds3 Pro,2026-01-10T17:14:40.506356+00:00,234.32,amazon,2026-05-17T17:14:40.632043+00:00,seed (simulated history - replace with Keepa API)
B0CVM4T437,Samsung Galaxy Buds3 Pro,2026-01-11T17:14:40.506356+00:00,223.77,amazon,2026-05-17T17:14:40.632072+00:00,seed (simulated history - replace with Keepa API)
B0CVM4T437,Samsung Galaxy Buds3 Pro,2026-01-12T17:14:40.506356+00:00,213.0,amazon,2026-05-17T17:14:40.632094+00:00,seed (simulated history - replace with Keepa API)
B0CVM4T437,Samsung Galaxy Buds3 Pro,2026-01-13T17:14:40.506356+00:00,237.46,amazon,2026-05-17T17:14:40.632116+00:00,seed (simulated history - replace with Keepa API)
B0CVM4T437,Samsung Galaxy Buds3 Pro,2026-01-14T17:14:40.506356+00:00,221.31,amazon,2026-05-17T17:14:40.632138+00:00,seed (simulated history - replace with Keepa API)
B0CVM4T437,Samsung Galaxy Buds3 Pro,2026-01-15T17:14:40.506356+00:00,220.5,amazon,2026-05-17T17:14:40.632159+00:00,seed (simulated history - replace with Keepa API)
B0CVM4T437,Samsung Galaxy Buds3 Pro,2026-01-16T17:14:40.506356+00:00,164.51,amazon,2026-05-17T17:14:40.632259+00:00,seed (simulated history - replace with Keepa API)
B0CVM4T437,Samsung Galaxy Buds3 Pro,2026-01-17T17:14:40.506356+00:00,225.46,amazon,2026-05-17T17:14:40.632294+00:00,seed (simulated history - replace with Keepa API)
B0CVM4T437,Samsung Galaxy Buds3 Pro,2026-01-18T17:14:40.506356+00:00,225.18,amazon,2026-05-17T17:14:40.632318+00:00,seed (simulated history - replace with Keepa API)
B0CVM4T437,Samsung Galaxy Buds3 Pro,2026-01-19T17:14:40.506356+00:00,225.6,amazon,2026-05-17T17:14:40.632341+00:00,seed (simulated history - replace with Keepa API)
B0CVM4T437,Samsung Galaxy Buds3 Pro,2026-01-20T17:14:40.506356+00:00,231.43,amazon,2026-05-17T17:14:40.632364+00:00,seed (simulated history - replace with Keepa API)
B0CVM4T437,Samsung Galaxy Buds3 Pro,2026-01-21T17:14:40.506356+00:00,238.76,amazon,2026-05-17T17:14:40.632388+00:00,seed (simulated history - replace with Keepa API)
B0CVM4T437,Samsung Galaxy Buds3 Pro,2026-01-22T17:14:40.506356+00:00,223.23,amazon,2026-05-17T17:14:40.632407+00:00,seed (simulated history - replace with Keepa API)
B0CVM4T437,Samsung Galaxy Buds3 Pro,2026-01-23T17:14:40.506356+00:00,224.35,amazon,2026-05-17T17:14:40.632426+00:00,seed (simulated history - replace with Keepa API)
B0CVM4T437,Samsung Galaxy Buds3 Pro,2026-01-24T17:14:40.506356+00:00,232.21,amazon,2026-05-17T17:14:40.632442+00:00,seed (simulated history - replace with Keepa API)
B0CVM4T437,Samsung Galaxy Buds3 Pro,2026-01-25T17:14:40.506356+00:00,234.63,amazon,2026-05-17T17:14:40.632458+00:00,seed (simulated history - replace with Keepa API)
B0CVM4T437,Samsung Galaxy Buds3 Pro,2026-01-26T17:14:40.506356+00:00,219.64,amazon,2026-05-17T17:14:40.632475+00:00,seed (simulated history - replace with Keepa API)
B0CVM4T437,Samsung Galaxy Buds3 Pro,2026-01-27T17:14:40.506356+00:00,219.79,amazon,2026-05-17T17:14:40.632501+00:00,seed (simulated history - replace with Keepa API)
B0CVM4T437,Samsung Galaxy Buds3 Pro,2026-01-28T17:14:40.506356+00:00,241.53,amazon,2026-05-17T17:14:40.632517+00:00,seed (simulated history - replace with Keepa API)
B0CVM4T437,Samsung Galaxy Buds3 Pro,2026-01-29T17:14:40.506356+00:00,214.35,amazon,2026-05-17T17:14:40.632533+00:00,seed (simulated history - replace with Keepa API)
B0CVM4T437,Samsung Galaxy Buds3 Pro,2026-01-30T17:14:40.506356+00:00,227.57,amazon,2026-05-17T17:14:40.632587+00:00,seed (simulated history - replace with Keepa API)
B0CVM4T437,Samsung Galaxy Buds3 Pro,2026-01-31T17:14:40.506356+00:00,220.34,amazon,2026-05-17T17:14:40.632603+00:00,seed (simulated history - replace with Keepa API)
B0CVM4T437,Samsung Galaxy Buds3 Pro,2026-02-01T17:14:40.506356+00:00,219.5,amazon,2026-05-17T17:14:40.632619+00:00,seed (simulated history - replace with Keepa API)
B0CVM4T437,Samsung Galaxy Buds3 Pro,2026-02-02T17:14:40.506356+00:00,219.15,amazon,2026-05-17T17:14:40.632638+00:00,seed (simulated history - replace with Keepa API)
B0CVM4T437,Samsung Galaxy Buds3 Pro,2026-02-03T17:14:40.506356+00:00,174.4,amazon,2026-05-17T17:14:40.632681+00:00,seed (simulated history - replace with Keepa API)
B0CVM4T437,Samsung Galaxy Buds3 Pro,2026-02-04T17:14:40.506356+00:00,212.76,amazon,2026-05-17T17:14:40.632698+00:00,seed (simulated history - replace with Keepa API)
B0CVM4T437,Samsung Galaxy Buds3 Pro,2026-02-05T17:14:40.506356+00:00,232.15,amazon,2026-05-17T17:14:40.632716+00:00,seed (simulated history - replace with Keepa API)
B0CVM4T437,Samsung Galaxy Buds3 Pro,2026-02-06T17:14:40.506356+00:00,216.26,amazon,2026-05-17T17:14:40.632735+00:00,seed (simulated history - replace with Keepa API)
B0CVM4T437,Samsung Galaxy Buds3 Pro,2026-02-07T17:14:40.506356+00:00,225.33,amazon,2026-05-17T17:14:40.632751+00:00,seed (simulated history - replace with Keepa API)
B0CVM4T437,Samsung Galaxy Buds3 Pro,2026-02-08T17:14:40.506356+00:00,212.3,amazon,2026-05-17T17:14:40.632768+00:00,seed (simulated history - replace with Keepa API)
B0CVM4T437,Samsung Galaxy Buds3 Pro,2026-02-09T17:14:40.506356+00:00,229.31,amazon,2026-05-17T17:14:40.632787+00:00,seed (simulated history - replace with Keepa API)
B0CVM4T437,Samsung Galaxy Buds3 Pro,2026-02-10T17:14:40.506356+00:00,230.69,amazon,2026-05-17T17:14:40.632808+00:00,seed (simulated history - replace with Keepa API)
B0CVM4T437,Samsung Galaxy Buds3 Pro,2026-02-11T17:14:40.506356+00:00,233.23,amazon,2026-05-17T17:14:40.632826+00:00,seed (simulated history - replace with Keepa API)
B0CVM4T437,Samsung Galaxy Buds3 Pro,2026-02-12T17:14:40.506356+00:00,218.59,amazon,2026-05-17T17:14:40.632854+00:00,seed (simulated history - replace with Keepa API)
B0CVM4T437,Samsung Galaxy Buds3 Pro,2026-02-13T17:14:40.506356+00:00,222.81,amazon,2026-05-17T17:14:40.632874+00:00,seed (simulated history - replace with Keepa API)
B0CVM4T437,Samsung Galaxy Buds3 Pro,2026-02-14T17:14:40.506356+00:00,227.24,amazon,2026-05-17T17:14:40.632893+00:00,seed (simulated history - replace with Keepa API)
B0CVM4T437,Samsung Galaxy Buds3 Pro,2026-02-15T17:14:40.506356+00:00,233.34,amazon,2026-05-17T17:14:40.632911+00:00,seed (simulated history - replace with Keepa API)
B0CVM4T437,Samsung Galaxy Buds3 Pro,2026-02-16T17:14:40.506356+00:00,231.12,amazon,2026-05-17T17:14:40.632931+00:00,seed (simulated history - replace with Keepa API)
B0CVM4T437,Samsung Galaxy Buds3 Pro,2026-02-17T17:14:40.506356+00:00,222.66,amazon,2026-05-17T17:14:40.632950+00:00,seed (simulated history - replace with Keepa API)
B0CVM4T437,Samsung Galaxy Buds3 Pro,2026-02-18T17:14:40.506356+00:00,236.86,amazon,2026-05-17T17:14:40.632969+00:00,seed (simulated history - replace with Keepa API)
B0CVM4T437,Samsung Galaxy Buds3 Pro,2026-02-19T17:14:40.506356+00:00,218.85,amazon,2026-05-17T17:14:40.633017+00:00,seed (simulated history - replace with Keepa API)
B0CVM4T437,Samsung Galaxy Buds3 Pro,2026-02-20T17:14:40.506356+00:00,231.74,amazon,2026-05-17T17:14:40.633037+00:00,seed (simulated history - replace with Keepa API)
B0CVM4T437,Samsung Galaxy Buds3 Pro,2026-02-21T17:14:40.506356+00:00,223.8,amazon,2026-05-17T17:14:40.633055+00:00,seed (simulated history - replace with Keepa API)
B0CVM4T437,Samsung Galaxy Buds3 Pro,2026-02-22T17:14:40.506356+00:00,235.14,amazon,2026-05-17T17:14:40.633073+00:00,seed (simulated history - replace with Keepa API)
B0CVM4T437,Samsung Galaxy Buds3 Pro,2026-02-23T17:14:40.506356+00:00,225.31,amazon,2026-05-17T17:14:40.633091+00:00,seed (simulated history - replace with Keepa API)
B0CVM4T437,Samsung Galaxy Buds3 Pro,2026-02-24T17:14:40.506356+00:00,249.94,amazon,2026-05-17T17:14:40.633110+00:00,seed (simulated history - replace with Keepa API)
B0CVM4T437,Samsung Galaxy Buds3 Pro,2026-02-25T17:14:40.506356+00:00,231.91,amazon,2026-05-17T17:14:40.633130+00:00,seed (simulated history - replace with Keepa API)
B0CVM4T437,Samsung Galaxy Buds3 Pro,2026-02-26T17:14:40.506356+00:00,239.36,amazon,2026-05-17T17:14:40.633147+00:00,seed (simulated history - replace with Keepa API)
B0CVM4T437,Samsung Galaxy Buds3 Pro,2026-02-27T17:14:40.506356+00:00,242.35,amazon,2026-05-17T17:14:40.633164+00:00,seed (simulated history - replace with Keepa API)
B0CVM4T437,Samsung Galaxy Buds3 Pro,2026-02-28T17:14:40.506356+00:00,227.58,amazon,2026-05-17T17:14:40.633184+00:00,seed (simulated history - replace with Keepa API)
B0CVM4T437,Samsung Galaxy Buds3 Pro,2026-03-01T17:14:40.506356+00:00,228.59,amazon,2026-05-17T17:14:40.633204+00:00,seed (simulated history - replace with Keepa API)
B0CVM4T437,Samsung Galaxy Buds3 Pro,2026-03-02T17:14:40.506356+00:00,238.55,amazon,2026-05-17T17:14:40.633223+00:00,seed (simulated history - replace with Keepa API)
B0CVM4T437,Samsung Galaxy Buds3 Pro,2026-03-03T17:14:40.506356+00:00,229.99,amazon,2026-05-17T17:14:40.633243+00:00,seed (simulated history - replace with Keepa API)
B0CVM4T437,Samsung Galaxy Buds3 Pro,2026-03-04T17:14:40.506356+00:00,222.41,amazon,2026-05-17T17:14:40.633316+00:00,seed (simulated history - replace with Keepa API)
B0CVM4T437,Samsung Galaxy Buds3 Pro,2026-03-05T17:14:40.506356+00:00,218.14,amazon,2026-05-17T17:14:40.633341+00:00,seed (simulated history - replace with Keepa API)
B0CVM4T437,Samsung Galaxy Buds3 Pro,2026-03-06T17:14:40.506356+00:00,230.92,amazon,2026-05-17T17:14:40.633361+00:00,seed (simulated history - replace with Keepa API)
B0CVM4T437,Samsung Galaxy Buds3 Pro,2026-03-07T17:14:40.506356+00:00,225.52,amazon,2026-05-17T17:14:40.633381+00:00,seed (simulated history - replace with Keepa API)
B0CVM4T437,Samsung Galaxy Buds3 Pro,2026-03-08T17:14:40.506356+00:00,234.84,amazon,2026-05-17T17:14:40.633399+00:00,seed (simulated history - replace with Keepa API)
B0CVM4T437,Samsung Galaxy Buds3 Pro,2026-03-09T17:14:40.506356+00:00,226.35,amazon,2026-05-17T17:14:40.633429+00:00,seed (simulated history - replace with Keepa API)
B0CVM4T437,Samsung Galaxy Buds3 Pro,2026-03-10T17:14:40.506356+00:00,241.96,amazon,2026-05-17T17:14:40.633453+00:00,seed (simulated history - replace with Keepa API)
B0CVM4T437,Samsung Galaxy Buds3 Pro,2026-03-11T17:14:40.506356+00:00,223.26,amazon,2026-05-17T17:14:40.633476+00:00,seed (simulated history - replace with Keepa API)
B0CVM4T437,Samsung Galaxy Buds3 Pro,2026-03-12T17:14:40.506356+00:00,220.74,amazon,2026-05-17T17:14:40.633502+00:00,seed (simulated history - replace with Keepa API)
B0CVM4T437,Samsung Galaxy Buds3 Pro,2026-03-13T17:14:40.506356+00:00,228.49,amazon,2026-05-17T17:14:40.633521+00:00,seed (simulated history - replace with Keepa API)
B0CVM4T437,Samsung Galaxy Buds3 Pro,2026-03-14T17:14:40.506356+00:00,234.15,amazon,2026-05-17T17:14:40.633558+00:00,seed (simulated history - replace with Keepa API)
B0CVM4T437,Samsung Galaxy Buds3 Pro,2026-03-15T17:14:40.506356+00:00,235.48,amazon,2026-05-17T17:14:40.633579+00:00,seed (simulated history - replace with Keepa API)
B0CVM4T437,Samsung Galaxy Buds3 Pro,2026-03-16T17:14:40.506356+00:00,230.01,amazon,2026-05-17T17:14:40.633597+00:00,seed (simulated history - replace with Keepa API)
B0CVM4T437,Samsung Galaxy Buds3 Pro,2026-03-17T17:14:40.506356+00:00,242.47,amazon,2026-05-17T17:14:40.633618+00:00,seed (simulated history - replace with Keepa API)
B0CVM4T437,Samsung Galaxy Buds3 Pro,2026-03-18T17:14:40.506356+00:00,229.24,amazon,2026-05-17T17:14:40.633637+00:00,seed (simulated history - replace with Keepa API)
B0CVM4T437,Samsung Galaxy Buds3 Pro,2026-03-19T17:14:40.506356+00:00,227.38,amazon,2026-05-17T17:14:40.633653+00:00,seed (simulated history - replace with Keepa API)
B0CVM4T437,Samsung Galaxy Buds3 Pro,2026-03-20T17:14:40.506356+00:00,232.01,amazon,2026-05-17T17:14:40.633671+00:00,seed (simulated history - replace with Keepa API)
B0CVM4T437,Samsung Galaxy Buds3 Pro,2026-03-21T17:14:40.506356+00:00,221.7,amazon,2026-05-17T17:14:40.633691+00:00,seed (simulated history - replace with Keepa API)
B0CVM4T437,Samsung Galaxy Buds3 Pro,2026-03-22T17:14:40.506356+00:00,236.98,amazon,2026-05-17T17:14:40.633713+00:00,seed (simulated history - replace with Keepa API)
B0CVM4T437,Samsung Galaxy Buds3 Pro,2026-03-23T17:14:40.506356+00:00,209.83,amazon,2026-05-17T17:14:40.633762+00:00,seed (simulated history - replace with Keepa API)
B0CVM4T437,Samsung Galaxy Buds3 Pro,2026-03-24T17:14:40.506356+00:00,243.73,amazon,2026-05-17T17:14:40.633783+00:00,seed (simulated history - replace with Keepa API)
B0CVM4T437,Samsung Galaxy Buds3 Pro,2026-03-25T17:14:40.506356+00:00,232.7,amazon,2026-05-17T17:14:40.633804+00:00,seed (simulated history - replace with Keepa API)
B0CVM4T437,Samsung Galaxy Buds3 Pro,2026-03-26T17:14:40.506356+00:00,224.49,amazon,2026-05-17T17:14:40.633824+00:00,seed (simulated history - replace with Keepa API)
B0CVM4T437,Samsung Galaxy Buds3 Pro,2026-03-27T17:14:40.506356+00:00,230.27,amazon,2026-05-17T17:14:40.633845+00:00,seed (simulated history - replace with Keepa API)
B0CVM4T437,Samsung Galaxy Buds3 Pro,2026-03-28T17:14:40.506356+00:00,233.7,amazon,2026-05-17T17:14:40.633867+00:00,seed (simulated history - replace with Keepa API)
B0CVM4T437,Samsung Galaxy Buds3 Pro,2026-03-29T17:14:40.506356+00:00,232.1,amazon,2026-05-17T17:14:40.633888+00:00,seed (simulated history - replace with Keepa API)
B0CVM4T437,Samsung Galaxy Buds3 Pro,2026-03-30T17:14:40.506356+00:00,223.1,amazon,2026-05-17T17:14:40.633925+00:00,seed (simulated history - replace with Keepa API)
B0CVM4T437,Samsung Galaxy Buds3 Pro,2026-03-31T17:14:40.506356+00:00,233.57,amazon,2026-05-17T17:14:40.633946+00:00,seed (simulated history - replace with Keepa API)
B0CVM4T437,Samsung Galaxy Buds3 Pro,2026-04-01T17:14:40.506356+00:00,237.94,amazon,2026-05-17T17:14:40.633967+00:00,seed (simulated history - replace with Keepa API)
B0CVM4T437,Samsung Galaxy Buds3 Pro,2026-04-02T17:14:40.506356+00:00,221.59,amazon,2026-05-17T17:14:40.633996+00:00,seed (simulated history - replace with Keepa API)
B0CVM4T437,Samsung Galaxy Buds3 Pro,2026-04-03T17:14:40.506356+00:00,222.3,amazon,2026-05-17T17:14:40.634030+00:00,seed (simulated history - replace with Keepa API)
B0CVM4T437,Samsung Galaxy Buds3 Pro,2026-04-04T17:14:40.506356+00:00,225.64,amazon,2026-05-17T17:14:40.634058+00:00,seed (simulated history - replace with Keepa API)
B0CVM4T437,Samsung Galaxy Buds3 Pro,2026-04-05T17:14:40.506356+00:00,228.51,amazon,2026-05-17T17:14:40.634081+00:00,seed (simulated history - replace with Keepa API)
B0CVM4T437,Samsung Galaxy Buds3 Pro,2026-04-06T17:14:40.506356+00:00,235.77,amazon,2026-05-17T17:14:40.634102+00:00,seed (simulated history - replace with Keepa API)
B0CVM4T437,Samsung Galaxy Buds3 Pro,2026-04-07T17:14:40.506356+00:00,237.86,amazon,2026-05-17T17:14:40.634123+00:00,seed (simulated history - replace with Keepa API)
B0CVM4T437,Samsung Galaxy Buds3 Pro,2026-04-08T17:14:40.506356+00:00,224.21,amazon,2026-05-17T17:14:40.634144+00:00,seed (simulated history - replace with Keepa API)
B0CVM4T437,Samsung Galaxy Buds3 Pro,2026-04-09T17:14:40.506356+00:00,231.37,amazon,2026-05-17T17:14:40.634165+00:00,seed (simulated history - replace with Keepa API)
B0CVM4T437,Samsung Galaxy Buds3 Pro,2026-04-10T17:14:40.506356+00:00,237.54,amazon,2026-05-17T17:14:40.634186+00:00,seed (simulated history - replace with Keepa API)
B0CVM4T437,Samsung Galaxy Buds3 Pro,2026-04-11T17:14:40.506356+00:00,245.02,amazon,2026-05-17T17:14:40.634211+00:00,seed (simulated history - replace with Keepa API)
B0CVM4T437,Samsung Galaxy Buds3 Pro,2026-04-12T17:14:40.506356+00:00,231.33,amazon,2026-05-17T17:14:40.634232+00:00,seed (simulated history - replace with Keepa API)
B0CVM4T437,Samsung Galaxy Buds3 Pro,2026-04-13T17:14:40.506356+00:00,231.71,amazon,2026-05-17T17:14:40.634253+00:00,seed (simulated history - replace with Keepa API)
B0CVM4T437,Samsung Galaxy Buds3 Pro,2026-04-14T17:14:40.506356+00:00,232.74,amazon,2026-05-17T17:14:40.634274+00:00,seed (simulated history - replace with Keepa API)
B0CVM4T437,Samsung Galaxy Buds3 Pro,2026-04-15T17:14:40.506356+00:00,227.8,amazon,2026-05-17T17:14:40.634295+00:00,seed (simulated history - replace with Keepa API)
B0CVM4T437,Samsung Galaxy Buds3 Pro,2026-04-16T17:14:40.506356+00:00,230.79,amazon,2026-05-17T17:14:40.634316+00:00,seed (simulated history - replace with Keepa API)
B0CVM4T437,Samsung Galaxy Buds3 Pro,2026-04-17T17:14:40.506356+00:00,216.43,amazon,2026-05-17T17:14:40.634337+00:00,seed (simulated history - replace with Keepa API)
B0CVM4T437,Samsung Galaxy Buds3 Pro,2026-04-18T17:14:40.506356+00:00,225.94,amazon,2026-05-17T17:14:40.634441+00:00,seed (simulated history - replace with Keepa API)
B0CVM4T437,Samsung Galaxy Buds3 Pro,2026-04-19T17:14:40.506356+00:00,233.46,amazon,2026-05-17T17:14:40.634466+00:00,seed (simulated history - replace with Keepa API)
B0CVM4T437,Samsung Galaxy Buds3 Pro,2026-04-20T17:14:40.506356+00:00,223.84,amazon,2026-05-17T17:14:40.634495+00:00,seed (simulated history - replace with Keepa API)
B0CVM4T437,Samsung Galaxy Buds3 Pro,2026-04-21T17:14:40.506356+00:00,235.94,amazon,2026-05-17T17:14:40.634517+00:00,seed (simulated history - replace with Keepa API)
B0CVM4T437,Samsung Galaxy Buds3 Pro,2026-04-22T17:14:40.506356+00:00,218.3,amazon,2026-05-17T17:14:40.634559+00:00,seed (simulated history - replace with Keepa API)
B0CVM4T437,Samsung Galaxy Buds3 Pro,2026-04-23T17:14:40.506356+00:00,235.65,amazon,2026-05-17T17:14:40.634582+00:00,seed (simulated history - replace with Keepa API)
B0CVM4T437,Samsung Galaxy Buds3 Pro,2026-04-24T17:14:40.506356+00:00,235.63,amazon,2026-05-17T17:14:40.634603+00:00,seed (simulated history - replace with Keepa API)
B0CVM4T437,Samsung Galaxy Buds3 Pro,2026-04-25T17:14:40.506356+00:00,193.6,amazon,2026-05-17T17:14:40.634645+00:00,seed (simulated history - replace with Keepa API)
B0CVM4T437,Samsung Galaxy Buds3 Pro,2026-04-26T17:14:40.506356+00:00,227.53,amazon,2026-05-17T17:14:40.634667+00:00,seed (simulated history - replace with Keepa API)
B0CVM4T437,Samsung Galaxy Buds3 Pro,2026-04-27T17:14:40.506356+00:00,214.53,amazon,2026-05-17T17:14:40.634689+00:00,seed (simulated history - replace with Keepa API)
B0CVM4T437,Samsung Galaxy Buds3 Pro,2026-04-28T17:14:40.506356+00:00,230.03,amazon,2026-05-17T17:14:40.634711+00:00,seed (simulated history - replace with Keepa API)
B0CVM4T437,Samsung Galaxy Buds3 Pro,2026-04-29T17:14:40.506356+00:00,235.17,amazon,2026-05-17T17:14:40.634738+00:00,seed (simulated history - replace with Keepa API)
B0CVM4T437,Samsung Galaxy Buds3 Pro,2026-04-30T17:14:40.506356+00:00,232.68,amazon,2026-05-17T17:14:40.634760+00:00,seed (simulated history - replace with Keepa API)
B0CVM4T437,Samsung Galaxy Buds3 Pro,2026-05-01T17:14:40.506356+00:00,236.86,amazon,2026-05-17T17:14:40.634782+00:00,seed (simulated history - replace with Keepa API)
B0CVM4T437,Samsung Galaxy Buds3 Pro,2026-05-02T17:14:40.506356+00:00,231.09,amazon,2026-05-17T17:14:40.634803+00:00,seed (simulated history - replace with Keepa API)
B0CVM4T437,Samsung Galaxy Buds3 Pro,2026-05-03T17:14:40.506356+00:00,240.6,amazon,2026-05-17T17:14:40.634825+00:00,seed (simulated history - replace with Keepa API)
B0CVM4T437,Samsung Galaxy Buds3 Pro,2026-05-04T17:14:40.506356+00:00,233.31,amazon,2026-05-17T17:14:40.634846+00:00,seed (simulated history - replace with Keepa API)
B0CVM4T437,Samsung Galaxy Buds3 Pro,2026-05-05T17:14:40.506356+00:00,246.0,amazon,2026-05-17T17:14:40.634868+00:00,seed (simulated history - replace with Keepa API)
B0CVM4T437,Samsung Galaxy Buds3 Pro,2026-05-06T17:14:40.506356+00:00,234.15,amazon,2026-05-17T17:14:40.634888+00:00,seed (simulated history - replace with Keepa API)
B0CVM4T437,Samsung Galaxy Buds3 Pro,2026-05-07T17:14:40.506356+00:00,235.25,amazon,2026-05-17T17:14:40.634908+00:00,seed (simulated history - replace with Keepa API)
B0CVM4T437,Samsung Galaxy Buds3 Pro,2026-05-08T17:14:40.506356+00:00,235.69,amazon,2026-05-17T17:14:40.634934+00:00,seed (simulated history - replace with Keepa API)
B0CVM4T437,Samsung Galaxy Buds3 Pro,2026-05-09T17:14:40.506356+00:00,227.64,amazon,2026-05-17T17:14:40.634955+00:00,seed (simulated history - replace with Keepa API)
B0CVM4T437,Samsung Galaxy Buds3 Pro,2026-05-10T17:14:40.506356+00:00,233.68,amazon,2026-05-17T17:14:40.634976+00:00,seed (simulated history - replace with Keepa API)
B0CVM4T437,Samsung Galaxy Buds3 Pro,2026-05-11T17:14:40.506356+00:00,224.23,amazon,2026-05-17T17:14:40.635016+00:00,seed (simulated history - replace with Keepa API)
B0CVM4T437,Samsung Galaxy Buds3 Pro,2026-05-12T17:14:40.506356+00:00,241.97,amazon,2026-05-17T17:14:40.635044+00:00,seed (simulated history - replace with Keepa API)
B0CVM4T437,Samsung Galaxy Buds3 Pro,2026-05-13T17:14:40.506356+00:00,235.09,amazon,2026-05-17T17:14:40.635066+00:00,seed (simulated history - replace with Keepa API)
B0CVM4T437,Samsung Galaxy Buds3 Pro,2026-05-14T17:14:40.506356+00:00,214.4,amazon,2026-05-17T17:14:40.635099+00:00,seed (simulated history - replace with Keepa API)
B0CVM4T437,Samsung Galaxy Buds3 Pro,2026-05-15T17:14:40.506356+00:00,240.68,amazon,2026-05-17T17:14:40.635142+00:00,seed (simulated history - replace with Keepa API)
B0CVM4T437,Samsung Galaxy Buds3 Pro,2026-05-16T17:14:40.506356+00:00,232.2,amazon,2026-05-17T17:14:40.635164+00:00,seed (simulated history - replace with Keepa API)
B0CVM4T437,Samsung Galaxy Buds3 Pro,2026-05-17T17:14:40.506356+00:00,229.33,amazon,2026-05-17T17:14:40.635186+00:00,seed (simulated history - replace with Keepa API)
B0CVQ2MH8H,Sony WH-1000XM5,2025-11-18T17:14:40.506356+00:00,395.99,amazon,2026-05-17T17:14:40.636781+00:00,seed (simulated history - replace with Keepa API)
B0CVQ2MH8H,Sony WH-1000XM5,2025-11-19T17:14:40.506356+00:00,403.16,amazon,2026-05-17T17:14:40.636821+00:00,seed (simulated history - replace with Keepa API)
B0CVQ2MH8H,Sony WH-1000XM5,2025-11-20T17:14:40.506356+00:00,299.51,amazon,2026-05-17T17:14:40.636845+00:00,seed (simulated history - replace with Keepa API)
B0CVQ2MH8H,Sony WH-1000XM5,2025-11-21T17:14:40.506356+00:00,304.77,amazon,2026-05-17T17:14:40.636869+00:00,seed (simulated history - replace with Keepa API)
B0CVQ2MH8H,Sony WH-1000XM5,2025-11-22T17:14:40.506356+00:00,302.94,amazon,2026-05-17T17:14:40.636890+00:00,seed (simulated history - replace with Keepa API)
B0CVQ2MH8H,Sony WH-1000XM5,2025-11-23T17:14:40.506356+00:00,308.43,amazon,2026-05-17T17:14:40.636909+00:00,seed (simulated history - replace with Keepa API)
B0CVQ2MH8H,Sony WH-1000XM5,2025-11-24T17:14:40.506356+00:00,298.52,amazon,2026-05-17T17:14:40.636929+00:00,seed (simulated history - replace with Keepa API)
B0CVQ2MH8H,Sony WH-1000XM5,2025-11-25T17:14:40.506356+00:00,319.75,amazon,2026-05-17T17:14:40.636966+00:00,seed (simulated history - replace with Keepa API)
B0CVQ2MH8H,Sony WH-1000XM5,2025-11-26T17:14:40.506356+00:00,330.49,amazon,2026-05-17T17:14:40.636997+00:00,seed (simulated history - replace with Keepa API)
B0CVQ2MH8H,Sony WH-1000XM5,2025-11-27T17:14:40.506356+00:00,308.47,amazon,2026-05-17T17:14:40.637034+00:00,seed (simulated history - replace with Keepa API)
B0CVQ2MH8H,Sony WH-1000XM5,2025-11-28T17:14:40.506356+00:00,302.73,amazon,2026-05-17T17:14:40.637049+00:00,seed (simulated history - replace with Keepa API)
B0CVQ2MH8H,Sony WH-1000XM5,2025-11-29T17:14:40.506356+00:00,307.49,amazon,2026-05-17T17:14:40.637069+00:00,seed (simulated history - replace with Keepa API)
B0CVQ2MH8H,Sony WH-1000XM5,2025-11-30T17:14:40.506356+00:00,286.78,amazon,2026-05-17T17:14:40.637089+00:00,seed (simulated history - replace with Keepa API)
B0CVQ2MH8H,Sony WH-1000XM5,2025-12-01T17:14:40.506356+00:00,402.15,amazon,2026-05-17T17:14:40.637112+00:00,seed (simulated history - replace with Keepa API)
B0CVQ2MH8H,Sony WH-1000XM5,2025-12-02T17:14:40.506356+00:00,391.21,amazon,2026-05-17T17:14:40.637134+00:00,seed (simulated history - replace with Keepa API)
B0CVQ2MH8H,Sony WH-1000XM5,2025-12-03T17:14:40.506356+00:00,395.85,amazon,2026-05-17T17:14:40.637157+00:00,seed (simulated history - replace with Keepa API)
B0CVQ2MH8H,Sony WH-1000XM5,2025-12-04T17:14:40.506356+00:00,377.53,amazon,2026-05-17T17:14:40.637178+00:00,seed (simulated history - replace with Keepa API)
B0CVQ2MH8H,Sony WH-1000XM5,2025-12-05T17:14:40.506356+00:00,389.56,amazon,2026-05-17T17:14:40.637201+00:00,seed (simulated history - replace with Keepa API)
B0CVQ2MH8H,Sony WH-1000XM5,2025-12-06T17:14:40.506356+00:00,412.75,amazon,2026-05-17T17:14:40.637223+00:00,seed (simulated history - replace with Keepa API)
B0CVQ2MH8H,Sony WH-1000XM5,2025-12-07T17:14:40.506356+00:00,390.85,amazon,2026-05-17T17:14:40.637245+00:00,seed (simulated history - replace with Keepa API)
B0CVQ2MH8H,Sony WH-1000XM5,2025-12-08T17:14:40.506356+00:00,404.62,amazon,2026-05-17T17:14:40.637266+00:00,seed (simulated history - replace with Keepa API)
B0CVQ2MH8H,Sony WH-1000XM5,2025-12-09T17:14:40.506356+00:00,389.84,amazon,2026-05-17T17:14:40.637289+00:00,seed (simulated history - replace with Keepa API)
B0CVQ2MH8H,Sony WH-1000XM5,2025-12-10T17:14:40.506356+00:00,410.59,amazon,2026-05-17T17:14:40.637311+00:00,seed (simulated history - replace with Keepa API)
B0CVQ2MH8H,Sony WH-1000XM5,2025-12-11T17:14:40.506356+00:00,405.54,amazon,2026-05-17T17:14:40.637332+00:00,seed (simulated history - replace with Keepa API)
B0CVQ2MH8H,Sony WH-1000XM5,2025-12-12T17:14:40.506356+00:00,385.2,amazon,2026-05-17T17:14:40.637354+00:00,seed (simulated history - replace with Keepa API)
B0CVQ2MH8H,Sony WH-1000XM5,2025-12-13T17:14:40.506356+00:00,411.39,amazon,2026-05-17T17:14:40.637375+00:00,seed (simulated history - replace with Keepa API)
B0CVQ2MH8H,Sony WH-1000XM5,2025-12-14T17:14:40.506356+00:00,415.25,amazon,2026-05-17T17:14:40.637396+00:00,seed (simulated history - replace with Keepa API)
B0CVQ2MH8H,Sony WH-1000XM5,2025-12-15T17:14:40.506356+00:00,390.11,amazon,2026-05-17T17:14:40.637418+00:00,seed (simulated history - replace with Keepa API)
B0CVQ2MH8H,Sony WH-1000XM5,2025-12-16T17:14:40.506356+00:00,396.96,amazon,2026-05-17T17:14:40.637440+00:00,seed (simulated history - replace with Keepa API)
B0CVQ2MH8H,Sony WH-1000XM5,2025-12-17T17:14:40.506356+00:00,387.94,amazon,2026-05-17T17:14:40.637468+00:00,seed (simulated history - replace with Keepa API)
B0CVQ2MH8H,Sony WH-1000XM5,2025-12-18T17:14:40.506356+00:00,410.01,amazon,2026-05-17T17:14:40.637496+00:00,seed (simulated history - replace with Keepa API)
B0CVQ2MH8H,Sony WH-1000XM5,2025-12-19T17:14:40.506356+00:00,400.33,amazon,2026-05-17T17:14:40.637519+00:00,seed (simulated history - replace with Keepa API)
B0CVQ2MH8H,Sony WH-1000XM5,2025-12-20T17:14:40.506356+00:00,400.25,amazon,2026-05-17T17:14:40.637572+00:00,seed (simulated history - replace with Keepa API)
B0CVQ2MH8H,Sony WH-1000XM5,2025-12-21T17:14:40.506356+00:00,374.32,amazon,2026-05-17T17:14:40.637597+00:00,seed (simulated history - replace with Keepa API)
B0CVQ2MH8H,Sony WH-1000XM5,2025-12-22T17:14:40.506356+00:00,311.73,amazon,2026-05-17T17:14:40.637705+00:00,seed (simulated history - replace with Keepa API)
B0CVQ2MH8H,Sony WH-1000XM5,2025-12-23T17:14:40.506356+00:00,382.26,amazon,2026-05-17T17:14:40.637734+00:00,seed (simulated history - replace with Keepa API)
B0CVQ2MH8H,Sony WH-1000XM5,2025-12-24T17:14:40.506356+00:00,403.08,amazon,2026-05-17T17:14:40.637755+00:00,seed (simulated history - replace with Keepa API)
B0CVQ2MH8H,Sony WH-1000XM5,2025-12-25T17:14:40.506356+00:00,340.87,amazon,2026-05-17T17:14:40.637793+00:00,seed (simulated history - replace with Keepa API)
B0CVQ2MH8H,Sony WH-1000XM5,2025-12-26T17:14:40.506356+00:00,389.54,amazon,2026-05-17T17:14:40.637816+00:00,seed (simulated history - replace with Keepa API)
B0CVQ2MH8H,Sony WH-1000XM5,2025-12-27T17:14:40.506356+00:00,391.38,amazon,2026-05-17T17:14:40.637838+00:00,seed (simulated history - replace with Keepa API)
B0CVQ2MH8H,Sony WH-1000XM5,2025-12-28T17:14:40.506356+00:00,395.86,amazon,2026-05-17T17:14:40.637859+00:00,seed (simulated history - replace with Keepa API)
B0CVQ2MH8H,Sony WH-1000XM5,2025-12-29T17:14:40.506356+00:00,336.87,amazon,2026-05-17T17:14:40.637888+00:00,seed (simulated history - replace with Keepa API)
B0CVQ2MH8H,Sony WH-1000XM5,2025-12-30T17:14:40.506356+00:00,407.69,amazon,2026-05-17T17:14:40.637907+00:00,seed (simulated history - replace with Keepa API)
B0CVQ2MH8H,Sony WH-1000XM5,2025-12-31T17:14:40.506356+00:00,398.09,amazon,2026-05-17T17:14:40.637928+00:00,seed (simulated history - replace with Keepa API)
B0CVQ2MH8H,Sony WH-1000XM5,2026-01-01T17:14:40.506356+00:00,388.97,amazon,2026-05-17T17:14:40.637950+00:00,seed (simulated history - replace with Keepa API)
B0CVQ2MH8H,Sony WH-1000XM5,2026-01-02T17:14:40.506356+00:00,401.71,amazon,2026-05-17T17:14:40.637973+00:00,seed (simulated history - replace with Keepa API)
B0CVQ2MH8H,Sony WH-1000XM5,2026-01-03T17:14:40.506356+00:00,410.45,amazon,2026-05-17T17:14:40.638002+00:00,seed (simulated history - replace with Keepa API)
B0CVQ2MH8H,Sony WH-1000XM5,2026-01-04T17:14:40.506356+00:00,418.94,amazon,2026-05-17T17:14:40.638038+00:00,seed (simulated history - replace with Keepa API)
B0CVQ2MH8H,Sony WH-1000XM5,2026-01-05T17:14:40.506356+00:00,392.65,amazon,2026-05-17T17:14:40.638074+00:00,seed (simulated history - replace with Keepa API)
B0CVQ2MH8H,Sony WH-1000XM5,2026-01-06T17:14:40.506356+00:00,398.05,amazon,2026-05-17T17:14:40.638096+00:00,seed (simulated history - replace with Keepa API)
B0CVQ2MH8H,Sony WH-1000XM5,2026-01-07T17:14:40.506356+00:00,405.25,amazon,2026-05-17T17:14:40.638117+00:00,seed (simulated history - replace with Keepa API)
B0CVQ2MH8H,Sony WH-1000XM5,2026-01-08T17:14:40.506356+00:00,395.41,amazon,2026-05-17T17:14:40.638140+00:00,seed (simulated history - replace with Keepa API)
B0CVQ2MH8H,Sony WH-1000XM5,2026-01-09T17:14:40.506356+00:00,384.14,amazon,2026-05-17T17:14:40.638161+00:00,seed (simulated history - replace with Keepa API)
B0CVQ2MH8H,Sony WH-1000XM5,2026-01-10T17:14:40.506356+00:00,398.11,amazon,2026-05-17T17:14:40.638182+00:00,seed (simulated history - replace with Keepa API)
B0CVQ2MH8H,Sony WH-1000XM5,2026-01-11T17:14:40.506356+00:00,385.47,amazon,2026-05-17T17:14:40.638204+00:00,seed (simulated history - replace with Keepa API)
B0CVQ2MH8H,Sony WH-1000XM5,2026-01-12T17:14:40.506356+00:00,411.56,amazon,2026-05-17T17:14:40.638226+00:00,seed (simulated history - replace with Keepa API)
B0CVQ2MH8H,Sony WH-1000XM5,2026-01-13T17:14:40.506356+00:00,396.32,amazon,2026-05-17T17:14:40.638248+00:00,seed (simulated history - replace with Keepa API)
B0CVQ2MH8H,Sony WH-1000XM5,2026-01-14T17:14:40.506356+00:00,399.26,amazon,2026-05-17T17:14:40.638270+00:00,seed (simulated history - replace with Keepa API)
B0CVQ2MH8H,Sony WH-1000XM5,2026-01-15T17:14:40.506356+00:00,391.0,amazon,2026-05-17T17:14:40.638301+00:00,seed (simulated history - replace with Keepa API)
B0CVQ2MH8H,Sony WH-1000XM5,2026-01-16T17:14:40.506356+00:00,399.71,amazon,2026-05-17T17:14:40.638325+00:00,seed (simulated history - replace with Keepa API)
B0CVQ2MH8H,Sony WH-1000XM5,2026-01-17T17:14:40.506356+00:00,351.08,amazon,2026-05-17T17:14:40.638357+00:00,seed (simulated history - replace with Keepa API)
B0CVQ2MH8H,Sony WH-1000XM5,2026-01-18T17:14:40.506356+00:00,411.77,amazon,2026-05-17T17:14:40.638380+00:00,seed (simulated history - replace with Keepa API)
B0CVQ2MH8H,Sony WH-1000XM5,2026-01-19T17:14:40.506356+00:00,408.02,amazon,2026-05-17T17:14:40.638401+00:00,seed (simulated history - replace with Keepa API)
B0CVQ2MH8H,Sony WH-1000XM5,2026-01-20T17:14:40.506356+00:00,378.44,amazon,2026-05-17T17:14:40.638422+00:00,seed (simulated history - replace with Keepa API)
B0CVQ2MH8H,Sony WH-1000XM5,2026-01-21T17:14:40.506356+00:00,380.99,amazon,2026-05-17T17:14:40.638443+00:00,seed (simulated history - replace with Keepa API)
B0CVQ2MH8H,Sony WH-1000XM5,2026-01-22T17:14:40.506356+00:00,382.29,amazon,2026-05-17T17:14:40.638465+00:00,seed (simulated history - replace with Keepa API)
B0CVQ2MH8H,Sony WH-1000XM5,2026-01-23T17:14:40.506356+00:00,412.26,amazon,2026-05-17T17:14:40.638493+00:00,seed (simulated history - replace with Keepa API)
B0CVQ2MH8H,Sony WH-1000XM5,2026-01-24T17:14:40.506356+00:00,277.69,amazon,2026-05-17T17:14:40.638524+00:00,seed (simulated history - replace with Keepa API)
B0CVQ2MH8H,Sony WH-1000XM5,2026-01-25T17:14:40.506356+00:00,268.33,amazon,2026-05-17T17:14:40.638592+00:00,seed (simulated history - replace with Keepa API)
B0CVQ2MH8H,Sony WH-1000XM5,2026-01-26T17:14:40.506356+00:00,401.05,amazon,2026-05-17T17:14:40.638611+00:00,seed (simulated history - replace with Keepa API)
B0CVQ2MH8H,Sony WH-1000XM5,2026-01-27T17:14:40.506356+00:00,411.68,amazon,2026-05-17T17:14:40.638629+00:00,seed (simulated history - replace with Keepa API)
B0CVQ2MH8H,Sony WH-1000XM5,2026-01-28T17:14:40.506356+00:00,374.62,amazon,2026-05-17T17:14:40.638652+00:00,seed (simulated history - replace with Keepa API)
B0CVQ2MH8H,Sony WH-1000XM5,2026-01-29T17:14:40.506356+00:00,385.45,amazon,2026-05-17T17:14:40.638670+00:00,seed (simulated history - replace with Keepa API)
B0CVQ2MH8H,Sony WH-1000XM5,2026-01-30T17:14:40.506356+00:00,411.8,amazon,2026-05-17T17:14:40.638688+00:00,seed (simulated history - replace with Keepa API)
B0CVQ2MH8H,Sony WH-1000XM5,2026-01-31T17:14:40.506356+00:00,401.5,amazon,2026-05-17T17:14:40.638704+00:00,seed (simulated history - replace with Keepa API)
B0CVQ2MH8H,Sony WH-1000XM5,2026-02-01T17:14:40.506356+00:00,394.27,amazon,2026-05-17T17:14:40.638785+00:00,seed (simulated history - replace with Keepa API)
B0CVQ2MH8H,Sony WH-1000XM5,2026-02-02T17:14:40.506356+00:00,384.34,amazon,2026-05-17T17:14:40.638819+00:00,seed (simulated history - replace with Keepa API)
B0CVQ2MH8H,Sony WH-1000XM5,2026-02-03T17:14:40.506356+00:00,400.14,amazon,2026-05-17T17:14:40.638838+00:00,seed (simulated history - replace with Keepa API)
B0CVQ2MH8H,Sony WH-1000XM5,2026-02-04T17:14:40.506356+00:00,385.63,amazon,2026-05-17T17:14:40.638855+00:00,seed (simulated history - replace with Keepa API)
B0CVQ2MH8H,Sony WH-1000XM5,2026-02-05T17:14:40.506356+00:00,414.38,amazon,2026-05-17T17:14:40.638873+00:00,seed (simulated history - replace with Keepa API)
B0CVQ2MH8H,Sony WH-1000XM5,2026-02-06T17:14:40.506356+00:00,399.6,amazon,2026-05-17T17:14:40.638893+00:00,seed (simulated history - replace with Keepa API)
B0CVQ2MH8H,Sony WH-1000XM5,2026-02-07T17:14:40.506356+00:00,406.24,amazon,2026-05-17T17:14:40.638912+00:00,seed (simulated history - replace with Keepa API)
B0CVQ2MH8H,Sony WH-1000XM5,2026-02-08T17:14:40.506356+00:00,396.06,amazon,2026-05-17T17:14:40.638932+00:00,seed (simulated history - replace with Keepa API)
B0CVQ2MH8H,Sony WH-1000XM5,2026-02-09T17:14:40.506356+00:00,290.58,amazon,2026-05-17T17:14:40.638975+00:00,seed (simulated history - replace with Keepa API)
B0CVQ2MH8H,Sony WH-1000XM5,2026-02-10T17:14:40.506356+00:00,392.41,amazon,2026-05-17T17:14:40.639015+00:00,seed (simulated history - replace with Keepa API)
B0CVQ2MH8H,Sony WH-1000XM5,2026-02-11T17:14:40.506356+00:00,394.51,amazon,2026-05-17T17:14:40.639037+00:00,seed (simulated history - replace with Keepa API)
B0CVQ2MH8H,Sony WH-1000XM5,2026-02-12T17:14:40.506356+00:00,415.4,amazon,2026-05-17T17:14:40.639058+00:00,seed (simulated history - replace with Keepa API)
B0CVQ2MH8H,Sony WH-1000XM5,2026-02-13T17:14:40.506356+00:00,372.04,amazon,2026-05-17T17:14:40.639092+00:00,seed (simulated history - replace with Keepa API)
B0CVQ2MH8H,Sony WH-1000XM5,2026-02-14T17:14:40.506356+00:00,371.57,amazon,2026-05-17T17:14:40.639111+00:00,seed (simulated history - replace with Keepa API)
B0CVQ2MH8H,Sony WH-1000XM5,2026-02-15T17:14:40.506356+00:00,390.92,amazon,2026-05-17T17:14:40.639136+00:00,seed (simulated history - replace with Keepa API)
B0CVQ2MH8H,Sony WH-1000XM5,2026-02-16T17:14:40.506356+00:00,404.32,amazon,2026-05-17T17:14:40.639156+00:00,seed (simulated history - replace with Keepa API)
B0CVQ2MH8H,Sony WH-1000XM5,2026-02-17T17:14:40.506356+00:00,415.98,amazon,2026-05-17T17:14:40.639176+00:00,seed (simulated history - replace with Keepa API)
B0CVQ2MH8H,Sony WH-1000XM5,2026-02-18T17:14:40.506356+00:00,411.14,amazon,2026-05-17T17:14:40.639195+00:00,seed (simulated history - replace with Keepa API)
B0CVQ2MH8H,Sony WH-1000XM5,2026-02-19T17:14:40.506356+00:00,392.73,amazon,2026-05-17T17:14:40.639212+00:00,seed (simulated history - replace with Keepa API)
B0CVQ2MH8H,Sony WH-1000XM5,2026-02-20T17:14:40.506356+00:00,405.96,amazon,2026-05-17T17:14:40.639229+00:00,seed (simulated history - replace with Keepa API)
B0CVQ2MH8H,Sony WH-1000XM5,2026-02-21T17:14:40.506356+00:00,379.66,amazon,2026-05-17T17:14:40.639245+00:00,seed (simulated history - replace with Keepa API)
B0CVQ2MH8H,Sony WH-1000XM5,2026-02-22T17:14:40.506356+00:00,412.07,amazon,2026-05-17T17:14:40.639264+00:00,seed (simulated history - replace with Keepa API)
B0CVQ2MH8H,Sony WH-1000XM5,2026-02-23T17:14:40.506356+00:00,431.64,amazon,2026-05-17T17:14:40.639284+00:00,seed (simulated history - replace with Keepa API)
B0CVQ2MH8H,Sony WH-1000XM5,2026-02-24T17:14:40.506356+00:00,403.61,amazon,2026-05-17T17:14:40.639303+00:00,seed (simulated history - replace with Keepa API)
B0CVQ2MH8H,Sony WH-1000XM5,2026-02-25T17:14:40.506356+00:00,416.67,amazon,2026-05-17T17:14:40.639324+00:00,seed (simulated history - replace with Keepa API)
B0CVQ2MH8H,Sony WH-1000XM5,2026-02-26T17:14:40.506356+00:00,383.85,amazon,2026-05-17T17:14:40.639343+00:00,seed (simulated history - replace with Keepa API)
B0CVQ2MH8H,Sony WH-1000XM5,2026-02-27T17:14:40.506356+00:00,387.95,amazon,2026-05-17T17:14:40.639361+00:00,seed (simulated history - replace with Keepa API)
B0CVQ2MH8H,Sony WH-1000XM5,2026-02-28T17:14:40.506356+00:00,396.01,amazon,2026-05-17T17:14:40.639381+00:00,seed (simulated history - replace with Keepa API)
B0CVQ2MH8H,Sony WH-1000XM5,2026-03-01T17:14:40.506356+00:00,398.1,amazon,2026-05-17T17:14:40.639400+00:00,seed (simulated history - replace with Keepa API)
B0CVQ2MH8H,Sony WH-1000XM5,2026-03-02T17:14:40.506356+00:00,403.69,amazon,2026-05-17T17:14:40.639420+00:00,seed (simulated history - replace with Keepa API)
B0CVQ2MH8H,Sony WH-1000XM5,2026-03-03T17:14:40.506356+00:00,392.79,amazon,2026-05-17T17:14:40.639440+00:00,seed (simulated history - replace with Keepa API)
B0CVQ2MH8H,Sony WH-1000XM5,2026-03-04T17:14:40.506356+00:00,401.67,amazon,2026-05-17T17:14:40.639459+00:00,seed (simulated history - replace with Keepa API)
B0CVQ2MH8H,Sony WH-1000XM5,2026-03-05T17:14:40.506356+00:00,411.6,amazon,2026-05-17T17:14:40.639491+00:00,seed (simulated history - replace with Keepa API)
B0CVQ2MH8H,Sony WH-1000XM5,2026-03-06T17:14:40.506356+00:00,295.61,amazon,2026-05-17T17:14:40.639521+00:00,seed (simulated history - replace with Keepa API)
B0CVQ2MH8H,Sony WH-1000XM5,2026-03-07T17:14:40.506356+00:00,390.7,amazon,2026-05-17T17:14:40.639582+00:00,seed (simulated history - replace with Keepa API)
B0CVQ2MH8H,Sony WH-1000XM5,2026-03-08T17:14:40.506356+00:00,395.35,amazon,2026-05-17T17:14:40.639604+00:00,seed (simulated history - replace with Keepa API)
B0CVQ2MH8H,Sony WH-1000XM5,2026-03-09T17:14:40.506356+00:00,399.06,amazon,2026-05-17T17:14:40.639624+00:00,seed (simulated history - replace with Keepa API)
B0CVQ2MH8H,Sony WH-1000XM5,2026-03-10T17:14:40.506356+00:00,394.52,amazon,2026-05-17T17:14:40.639644+00:00,seed (simulated history - replace with Keepa API)
B0CVQ2MH8H,Sony WH-1000XM5,2026-03-11T17:14:40.506356+00:00,387.51,amazon,2026-05-17T17:14:40.639664+00:00,seed (simulated history - replace with Keepa API)
B0CVQ2MH8H,Sony WH-1000XM5,2026-03-12T17:14:40.506356+00:00,405.04,amazon,2026-05-17T17:14:40.639684+00:00,seed (simulated history - replace with Keepa API)
B0CVQ2MH8H,Sony WH-1000XM5,2026-03-13T17:14:40.506356+00:00,409.72,amazon,2026-05-17T17:14:40.639701+00:00,seed (simulated history - replace with Keepa API)
B0CVQ2MH8H,Sony WH-1000XM5,2026-03-14T17:14:40.506356+00:00,410.8,amazon,2026-05-17T17:14:40.639721+00:00,seed (simulated history - replace with Keepa API)
B0CVQ2MH8H,Sony WH-1000XM5,2026-03-15T17:14:40.506356+00:00,407.97,amazon,2026-05-17T17:14:40.639741+00:00,seed (simulated history - replace with Keepa API)
B0CVQ2MH8H,Sony WH-1000XM5,2026-03-16T17:14:40.506356+00:00,387.74,amazon,2026-05-17T17:14:40.639761+00:00,seed (simulated history - replace with Keepa API)
B0CVQ2MH8H,Sony WH-1000XM5,2026-03-17T17:14:40.506356+00:00,408.03,amazon,2026-05-17T17:14:40.639782+00:00,seed (simulated history - replace with Keepa API)
B0CVQ2MH8H,Sony WH-1000XM5,2026-03-18T17:14:40.506356+00:00,407.97,amazon,2026-05-17T17:14:40.639807+00:00,seed (simulated history - replace with Keepa API)
B0CVQ2MH8H,Sony WH-1000XM5,2026-03-19T17:14:40.506356+00:00,405.41,amazon,2026-05-17T17:14:40.639870+00:00,seed (simulated history - replace with Keepa API)
B0CVQ2MH8H,Sony WH-1000XM5,2026-03-20T17:14:40.506356+00:00,411.84,amazon,2026-05-17T17:14:40.639899+00:00,seed (simulated history - replace with Keepa API)
B0CVQ2MH8H,Sony WH-1000XM5,2026-03-21T17:14:40.506356+00:00,391.32,amazon,2026-05-17T17:14:40.639920+00:00,seed (simulated history - replace with Keepa API)
B0CVQ2MH8H,Sony WH-1000XM5,2026-03-22T17:14:40.506356+00:00,395.8,amazon,2026-05-17T17:14:40.639940+00:00,seed (simulated history - replace with Keepa API)
B0CVQ2MH8H,Sony WH-1000XM5,2026-03-23T17:14:40.506356+00:00,410.56,amazon,2026-05-17T17:14:40.639961+00:00,seed (simulated history - replace with Keepa API)
B0CVQ2MH8H,Sony WH-1000XM5,2026-03-24T17:14:40.506356+00:00,398.83,amazon,2026-05-17T17:14:40.639994+00:00,seed (simulated history - replace with Keepa API)
B0CVQ2MH8H,Sony WH-1000XM5,2026-03-25T17:14:40.506356+00:00,392.59,amazon,2026-05-17T17:14:40.640025+00:00,seed (simulated history - replace with Keepa API)
B0CVQ2MH8H,Sony WH-1000XM5,2026-03-26T17:14:40.506356+00:00,403.42,amazon,2026-05-17T17:14:40.640045+00:00,seed (simulated history - replace with Keepa API)
B0CVQ2MH8H,Sony WH-1000XM5,2026-03-27T17:14:40.506356+00:00,415.61,amazon,2026-05-17T17:14:40.640065+00:00,seed (simulated history - replace with Keepa API)
B0CVQ2MH8H,Sony WH-1000XM5,2026-03-28T17:14:40.506356+00:00,391.69,amazon,2026-05-17T17:14:40.640085+00:00,seed (simulated history - replace with Keepa API)
B0CVQ2MH8H,Sony WH-1000XM5,2026-03-29T17:14:40.506356+00:00,424.87,amazon,2026-05-17T17:14:40.640105+00:00,seed (simulated history - replace with Keepa API)
B0CVQ2MH8H,Sony WH-1000XM5,2026-03-30T17:14:40.506356+00:00,390.55,amazon,2026-05-17T17:14:40.640123+00:00,seed (simulated history - replace with Keepa API)
B0CVQ2MH8H,Sony WH-1000XM5,2026-03-31T17:14:40.506356+00:00,398.16,amazon,2026-05-17T17:14:40.640145+00:00,seed (simulated history - replace with Keepa API)
B0CVQ2MH8H,Sony WH-1000XM5,2026-04-01T17:14:40.506356+00:00,418.54,amazon,2026-05-17T17:14:40.640169+00:00,seed (simulated history - replace with Keepa API)
B0CVQ2MH8H,Sony WH-1000XM5,2026-04-02T17:14:40.506356+00:00,399.93,amazon,2026-05-17T17:14:40.640190+00:00,seed (simulated history - replace with Keepa API)
B0CVQ2MH8H,Sony WH-1000XM5,2026-04-03T17:14:40.506356+00:00,411.7,amazon,2026-05-17T17:14:40.640210+00:00,seed (simulated history - replace with Keepa API)
B0CVQ2MH8H,Sony WH-1000XM5,2026-04-04T17:14:40.506356+00:00,382.88,amazon,2026-05-17T17:14:40.640228+00:00,seed (simulated history - replace with Keepa API)
B0CVQ2MH8H,Sony WH-1000XM5,2026-04-05T17:14:40.506356+00:00,394.32,amazon,2026-05-17T17:14:40.640248+00:00,seed (simulated history - replace with Keepa API)
B0CVQ2MH8H,Sony WH-1000XM5,2026-04-06T17:14:40.506356+00:00,401.66,amazon,2026-05-17T17:14:40.640269+00:00,seed (simulated history - replace with Keepa API)
B0CVQ2MH8H,Sony WH-1000XM5,2026-04-07T17:14:40.506356+00:00,381.42,amazon,2026-05-17T17:14:40.640288+00:00,seed (simulated history - replace with Keepa API)
B0CVQ2MH8H,Sony WH-1000XM5,2026-04-08T17:14:40.506356+00:00,384.6,amazon,2026-05-17T17:14:40.640310+00:00,seed (simulated history - replace with Keepa API)
B0CVQ2MH8H,Sony WH-1000XM5,2026-04-09T17:14:40.506356+00:00,408.59,amazon,2026-05-17T17:14:40.640328+00:00,seed (simulated history - replace with Keepa API)
B0CVQ2MH8H,Sony WH-1000XM5,2026-04-10T17:14:40.506356+00:00,396.63,amazon,2026-05-17T17:14:40.640348+00:00,seed (simulated history - replace with Keepa API)
B0CVQ2MH8H,Sony WH-1000XM5,2026-04-11T17:14:40.506356+00:00,394.1,amazon,2026-05-17T17:14:40.640368+00:00,seed (simulated history - replace with Keepa API)
B0CVQ2MH8H,Sony WH-1000XM5,2026-04-12T17:14:40.506356+00:00,394.81,amazon,2026-05-17T17:14:40.640388+00:00,seed (simulated history - replace with Keepa API)
B0CVQ2MH8H,Sony WH-1000XM5,2026-04-13T17:14:40.506356+00:00,421.68,amazon,2026-05-17T17:14:40.640413+00:00,seed (simulated history - replace with Keepa API)
B0CVQ2MH8H,Sony WH-1000XM5,2026-04-14T17:14:40.506356+00:00,411.67,amazon,2026-05-17T17:14:40.640433+00:00,seed (simulated history - replace with Keepa API)
B0CVQ2MH8H,Sony WH-1000XM5,2026-04-15T17:14:40.506356+00:00,407.48,amazon,2026-05-17T17:14:40.640452+00:00,seed (simulated history - replace with Keepa API)
B0CVQ2MH8H,Sony WH-1000XM5,2026-04-16T17:14:40.506356+00:00,398.6,amazon,2026-05-17T17:14:40.640472+00:00,seed (simulated history - replace with Keepa API)
B0CVQ2MH8H,Sony WH-1000XM5,2026-04-17T17:14:40.506356+00:00,380.99,amazon,2026-05-17T17:14:40.640498+00:00,seed (simulated history - replace with Keepa API)
B0CVQ2MH8H,Sony WH-1000XM5,2026-04-18T17:14:40.506356+00:00,399.83,amazon,2026-05-17T17:14:40.640520+00:00,seed (simulated history - replace with Keepa API)
B0CVQ2MH8H,Sony WH-1000XM5,2026-04-19T17:14:40.506356+00:00,395.88,amazon,2026-05-17T17:14:40.640559+00:00,seed (simulated history - replace with Keepa API)
B0CVQ2MH8H,Sony WH-1000XM5,2026-04-20T17:14:40.506356+00:00,379.2,amazon,2026-05-17T17:14:40.640578+00:00,seed (simulated history - replace with Keepa API)
B0CVQ2MH8H,Sony WH-1000XM5,2026-04-21T17:14:40.506356+00:00,422.8,amazon,2026-05-17T17:14:40.640595+00:00,seed (simulated history - replace with Keepa API)
B0CVQ2MH8H,Sony WH-1000XM5,2026-04-22T17:14:40.506356+00:00,410.89,amazon,2026-05-17T17:14:40.640616+00:00,seed (simulated history - replace with Keepa API)
B0CVQ2MH8H,Sony WH-1000XM5,2026-04-23T17:14:40.506356+00:00,406.07,amazon,2026-05-17T17:14:40.640633+00:00,seed (simulated history - replace with Keepa API)
B0CVQ2MH8H,Sony WH-1000XM5,2026-04-24T17:14:40.506356+00:00,378.29,amazon,2026-05-17T17:14:40.640651+00:00,seed (simulated history - replace with Keepa API)
B0CVQ2MH8H,Sony WH-1000XM5,2026-04-25T17:14:40.506356+00:00,414.18,amazon,2026-05-17T17:14:40.640670+00:00,seed (simulated history - replace with Keepa API)
B0CVQ2MH8H,Sony WH-1000XM5,2026-04-26T17:14:40.506356+00:00,395.58,amazon,2026-05-17T17:14:40.640688+00:00,seed (simulated history - replace with Keepa API)
B0CVQ2MH8H,Sony WH-1000XM5,2026-04-27T17:14:40.506356+00:00,394.47,amazon,2026-05-17T17:14:40.640716+00:00,seed (simulated history - replace with Keepa API)
B0CVQ2MH8H,Sony WH-1000XM5,2026-04-28T17:14:40.506356+00:00,404.74,amazon,2026-05-17T17:14:40.640735+00:00,seed (simulated history - replace with Keepa API)
B0CVQ2MH8H,Sony WH-1000XM5,2026-04-29T17:14:40.506356+00:00,401.68,amazon,2026-05-17T17:14:40.640754+00:00,seed (simulated history - replace with Keepa API)
B0CVQ2MH8H,Sony WH-1000XM5,2026-04-30T17:14:40.506356+00:00,425.17,amazon,2026-05-17T17:14:40.640775+00:00,seed (simulated history - replace with Keepa API)
B0CVQ2MH8H,Sony WH-1000XM5,2026-05-01T17:14:40.506356+00:00,383.37,amazon,2026-05-17T17:14:40.640795+00:00,seed (simulated history - replace with Keepa API)
B0CVQ2MH8H,Sony WH-1000XM5,2026-05-02T17:14:40.506356+00:00,396.91,amazon,2026-05-17T17:14:40.640822+00:00,seed (simulated history - replace with Keepa API)
B0CVQ2MH8H,Sony WH-1000XM5,2026-05-03T17:14:40.506356+00:00,383.95,amazon,2026-05-17T17:14:40.640842+00:00,seed (simulated history - replace with Keepa API)
B0CVQ2MH8H,Sony WH-1000XM5,2026-05-04T17:14:40.506356+00:00,384.79,amazon,2026-05-17T17:14:40.640864+00:00,seed (simulated history - replace with Keepa API)
B0CVQ2MH8H,Sony WH-1000XM5,2026-05-05T17:14:40.506356+00:00,405.25,amazon,2026-05-17T17:14:40.640885+00:00,seed (simulated history - replace with Keepa API)
B0CVQ2MH8H,Sony WH-1000XM5,2026-05-06T17:14:40.506356+00:00,399.96,amazon,2026-05-17T17:14:40.640904+00:00,seed (simulated history - replace with Keepa API)
B0CVQ2MH8H,Sony WH-1000XM5,2026-05-07T17:14:40.506356+00:00,418.81,amazon,2026-05-17T17:14:40.641033+00:00,seed (simulated history - replace with Keepa API)
B0CVQ2MH8H,Sony WH-1000XM5,2026-05-08T17:14:40.506356+00:00,388.35,amazon,2026-05-17T17:14:40.641060+00:00,seed (simulated history - replace with Keepa API)
B0CVQ2MH8H,Sony WH-1000XM5,2026-05-09T17:14:40.506356+00:00,420.72,amazon,2026-05-17T17:14:40.641083+00:00,seed (simulated history - replace with Keepa API)
B0CVQ2MH8H,Sony WH-1000XM5,2026-05-10T17:14:40.506356+00:00,391.97,amazon,2026-05-17T17:14:40.641104+00:00,seed (simulated history - replace with Keepa API)
B0CVQ2MH8H,Sony WH-1000XM5,2026-05-11T17:14:40.506356+00:00,393.69,amazon,2026-05-17T17:14:40.641126+00:00,seed (simulated history - replace with Keepa API)
B0CVQ2MH8H,Sony WH-1000XM5,2026-05-12T17:14:40.506356+00:00,389.44,amazon,2026-05-17T17:14:40.641147+00:00,seed (simulated history - replace with Keepa API)
B0CVQ2MH8H,Sony WH-1000XM5,2026-05-13T17:14:40.506356+00:00,403.55,amazon,2026-05-17T17:14:40.641169+00:00,seed (simulated history - replace with Keepa API)
B0CVQ2MH8H,Sony WH-1000XM5,2026-05-14T17:14:40.506356+00:00,408.84,amazon,2026-05-17T17:14:40.641191+00:00,seed (simulated history - replace with Keepa API)
B0CVQ2MH8H,Sony WH-1000XM5,2026-05-15T17:14:40.506356+00:00,391.52,amazon,2026-05-17T17:14:40.641212+00:00,seed (simulated history - replace with Keepa API)
B0CVQ2MH8H,Sony WH-1000XM5,2026-05-16T17:14:40.506356+00:00,417.78,amazon,2026-05-17T17:14:40.641233+00:00,seed (simulated history - replace with Keepa API)
B0CVQ2MH8H,Sony WH-1000XM5,2026-05-17T17:14:40.506356+00:00,387.6,amazon,2026-05-17T17:14:40.641304+00:00,seed (simulated history - replace with Keepa API)
B0CY7F85NQ,Sony WF-1000XM5,2025-11-18T17:14:40.506356+00:00,300.39,amazon,2026-05-17T17:14:40.642696+00:00,seed (simulated history - replace with Keepa API)
B0CY7F85NQ,Sony WF-1000XM5,2025-11-19T17:14:40.506356+00:00,304.79,amazon,2026-05-17T17:14:40.642732+00:00,seed (simulated history - replace with Keepa API)
B0CY7F85NQ,Sony WF-1000XM5,2025-11-20T17:14:40.506356+00:00,233.69,amazon,2026-05-17T17:14:40.642757+00:00,seed (simulated history - replace with Keepa API)
B0CY7F85NQ,Sony WF-1000XM5,2025-11-21T17:14:40.506356+00:00,237.21,amazon,2026-05-17T17:14:40.642782+00:00,seed (simulated history - replace with Keepa API)
B0CY7F85NQ,Sony WF-1000XM5,2025-11-22T17:14:40.506356+00:00,229.43,amazon,2026-05-17T17:14:40.642824+00:00,seed (simulated history - replace with Keepa API)
B0CY7F85NQ,Sony WF-1000XM5,2025-11-23T17:14:40.506356+00:00,223.75,amazon,2026-05-17T17:14:40.642846+00:00,seed (simulated history - replace with Keepa API)
B0CY7F85NQ,Sony WF-1000XM5,2025-11-24T17:14:40.506356+00:00,222.89,amazon,2026-05-17T17:14:40.642868+00:00,seed (simulated history - replace with Keepa API)
B0CY7F85NQ,Sony WF-1000XM5,2025-11-25T17:14:40.506356+00:00,229.93,amazon,2026-05-17T17:14:40.642889+00:00,seed (simulated history - replace with Keepa API)
B0CY7F85NQ,Sony WF-1000XM5,2025-11-26T17:14:40.506356+00:00,227.04,amazon,2026-05-17T17:14:40.642909+00:00,seed (simulated history - replace with Keepa API)
B0CY7F85NQ,Sony WF-1000XM5,2025-11-27T17:14:40.506356+00:00,210.15,amazon,2026-05-17T17:14:40.642930+00:00,seed (simulated history - replace with Keepa API)
B0CY7F85NQ,Sony WF-1000XM5,2025-11-28T17:14:40.506356+00:00,230.14,amazon,2026-05-17T17:14:40.642951+00:00,seed (simulated history - replace with Keepa API)
B0CY7F85NQ,Sony WF-1000XM5,2025-11-29T17:14:40.506356+00:00,217.25,amazon,2026-05-17T17:14:40.642972+00:00,seed (simulated history - replace with Keepa API)
B0CY7F85NQ,Sony WF-1000XM5,2025-11-30T17:14:40.506356+00:00,212.24,amazon,2026-05-17T17:14:40.643000+00:00,seed (simulated history - replace with Keepa API)
B0CY7F85NQ,Sony WF-1000XM5,2025-12-01T17:14:40.506356+00:00,284.98,amazon,2026-05-17T17:14:40.643038+00:00,seed (simulated history - replace with Keepa API)
B0CY7F85NQ,Sony WF-1000XM5,2025-12-02T17:14:40.506356+00:00,294.33,amazon,2026-05-17T17:14:40.643060+00:00,seed (simulated history - replace with Keepa API)
B0CY7F85NQ,Sony WF-1000XM5,2025-12-03T17:14:40.506356+00:00,276.43,amazon,2026-05-17T17:14:40.643082+00:00,seed (simulated history - replace with Keepa API)
B0CY7F85NQ,Sony WF-1000XM5,2025-12-04T17:14:40.506356+00:00,301.21,amazon,2026-05-17T17:14:40.643105+00:00,seed (simulated history - replace with Keepa API)
B0CY7F85NQ,Sony WF-1000XM5,2025-12-05T17:14:40.506356+00:00,297.05,amazon,2026-05-17T17:14:40.643197+00:00,seed (simulated history - replace with Keepa API)
B0CY7F85NQ,Sony WF-1000XM5,2025-12-06T17:14:40.506356+00:00,304.54,amazon,2026-05-17T17:14:40.643221+00:00,seed (simulated history - replace with Keepa API)
B0CY7F85NQ,Sony WF-1000XM5,2025-12-07T17:14:40.506356+00:00,304.74,amazon,2026-05-17T17:14:40.643243+00:00,seed (simulated history - replace with Keepa API)
B0CY7F85NQ,Sony WF-1000XM5,2025-12-08T17:14:40.506356+00:00,287.54,amazon,2026-05-17T17:14:40.643265+00:00,seed (simulated history - replace with Keepa API)
B0CY7F85NQ,Sony WF-1000XM5,2025-12-09T17:14:40.506356+00:00,308.11,amazon,2026-05-17T17:14:40.643287+00:00,seed (simulated history - replace with Keepa API)
B0CY7F85NQ,Sony WF-1000XM5,2025-12-10T17:14:40.506356+00:00,293.1,amazon,2026-05-17T17:14:40.643310+00:00,seed (simulated history - replace with Keepa API)
B0CY7F85NQ,Sony WF-1000XM5,2025-12-11T17:14:40.506356+00:00,295.84,amazon,2026-05-17T17:14:40.643342+00:00,seed (simulated history - replace with Keepa API)
B0CY7F85NQ,Sony WF-1000XM5,2025-12-12T17:14:40.506356+00:00,279.72,amazon,2026-05-17T17:14:40.643364+00:00,seed (simulated history - replace with Keepa API)
B0CY7F85NQ,Sony WF-1000XM5,2025-12-13T17:14:40.506356+00:00,303.01,amazon,2026-05-17T17:14:40.643385+00:00,seed (simulated history - replace with Keepa API)
B0CY7F85NQ,Sony WF-1000XM5,2025-12-14T17:14:40.506356+00:00,290.1,amazon,2026-05-17T17:14:40.643406+00:00,seed (simulated history - replace with Keepa API)
B0CY7F85NQ,Sony WF-1000XM5,2025-12-15T17:14:40.506356+00:00,294.42,amazon,2026-05-17T17:14:40.643428+00:00,seed (simulated history - replace with Keepa API)
B0CY7F85NQ,Sony WF-1000XM5,2025-12-16T17:14:40.506356+00:00,289.35,amazon,2026-05-17T17:14:40.643450+00:00,seed (simulated history - replace with Keepa API)
B0CY7F85NQ,Sony WF-1000XM5,2025-12-17T17:14:40.506356+00:00,308.95,amazon,2026-05-17T17:14:40.643471+00:00,seed (simulated history - replace with Keepa API)
B0CY7F85NQ,Sony WF-1000XM5,2025-12-18T17:14:40.506356+00:00,296.56,amazon,2026-05-17T17:14:40.643506+00:00,seed (simulated history - replace with Keepa API)
B0CY7F85NQ,Sony WF-1000XM5,2025-12-19T17:14:40.506356+00:00,288.57,amazon,2026-05-17T17:14:40.643528+00:00,seed (simulated history - replace with Keepa API)
B0CY7F85NQ,Sony WF-1000XM5,2025-12-20T17:14:40.506356+00:00,289.12,amazon,2026-05-17T17:14:40.643574+00:00,seed (simulated history - replace with Keepa API)
B0CY7F85NQ,Sony WF-1000XM5,2025-12-21T17:14:40.506356+00:00,307.27,amazon,2026-05-17T17:14:40.643597+00:00,seed (simulated history - replace with Keepa API)
B0CY7F85NQ,Sony WF-1000XM5,2025-12-22T17:14:40.506356+00:00,292.34,amazon,2026-05-17T17:14:40.643619+00:00,seed (simulated history - replace with Keepa API)
B0CY7F85NQ,Sony WF-1000XM5,2025-12-23T17:14:40.506356+00:00,295.64,amazon,2026-05-17T17:14:40.643641+00:00,seed (simulated history - replace with Keepa API)
B0CY7F85NQ,Sony WF-1000XM5,2025-12-24T17:14:40.506356+00:00,300.33,amazon,2026-05-17T17:14:40.643668+00:00,seed (simulated history - replace with Keepa API)
B0CY7F85NQ,Sony WF-1000XM5,2025-12-25T17:14:40.506356+00:00,297.16,amazon,2026-05-17T17:14:40.643690+00:00,seed (simulated history - replace with Keepa API)
B0CY7F85NQ,Sony WF-1000XM5,2025-12-26T17:14:40.506356+00:00,283.52,amazon,2026-05-17T17:14:40.643711+00:00,seed (simulated history - replace with Keepa API)
B0CY7F85NQ,Sony WF-1000XM5,2025-12-27T17:14:40.506356+00:00,305.53,amazon,2026-05-17T17:14:40.643733+00:00,seed (simulated history - replace with Keepa API)
B0CY7F85NQ,Sony WF-1000XM5,2025-12-28T17:14:40.506356+00:00,297.79,amazon,2026-05-17T17:14:40.643755+00:00,seed (simulated history - replace with Keepa API)
B0CY7F85NQ,Sony WF-1000XM5,2025-12-29T17:14:40.506356+00:00,302.64,amazon,2026-05-17T17:14:40.643777+00:00,seed (simulated history - replace with Keepa API)
B0CY7F85NQ,Sony WF-1000XM5,2025-12-30T17:14:40.506356+00:00,306.23,amazon,2026-05-17T17:14:40.643801+00:00,seed (simulated history - replace with Keepa API)
B0CY7F85NQ,Sony WF-1000XM5,2025-12-31T17:14:40.506356+00:00,281.74,amazon,2026-05-17T17:14:40.643828+00:00,seed (simulated history - replace with Keepa API)
B0CY7F85NQ,Sony WF-1000XM5,2026-01-01T17:14:40.506356+00:00,306.32,amazon,2026-05-17T17:14:40.643849+00:00,seed (simulated history - replace with Keepa API)
B0CY7F85NQ,Sony WF-1000XM5,2026-01-02T17:14:40.506356+00:00,322.48,amazon,2026-05-17T17:14:40.643870+00:00,seed (simulated history - replace with Keepa API)
B0CY7F85NQ,Sony WF-1000XM5,2026-01-03T17:14:40.506356+00:00,303.61,amazon,2026-05-17T17:14:40.643892+00:00,seed (simulated history - replace with Keepa API)
B0CY7F85NQ,Sony WF-1000XM5,2026-01-04T17:14:40.506356+00:00,311.88,amazon,2026-05-17T17:14:40.643913+00:00,seed (simulated history - replace with Keepa API)
B0CY7F85NQ,Sony WF-1000XM5,2026-01-05T17:14:40.506356+00:00,308.61,amazon,2026-05-17T17:14:40.643934+00:00,seed (simulated history - replace with Keepa API)
B0CY7F85NQ,Sony WF-1000XM5,2026-01-06T17:14:40.506356+00:00,305.96,amazon,2026-05-17T17:14:40.643956+00:00,seed (simulated history - replace with Keepa API)
B0CY7F85NQ,Sony WF-1000XM5,2026-01-07T17:14:40.506356+00:00,254.26,amazon,2026-05-17T17:14:40.644021+00:00,seed (simulated history - replace with Keepa API)
B0CY7F85NQ,Sony WF-1000XM5,2026-01-08T17:14:40.506356+00:00,310.63,amazon,2026-05-17T17:14:40.644046+00:00,seed (simulated history - replace with Keepa API)
B0CY7F85NQ,Sony WF-1000XM5,2026-01-09T17:14:40.506356+00:00,290.05,amazon,2026-05-17T17:14:40.644069+00:00,seed (simulated history - replace with Keepa API)
B0CY7F85NQ,Sony WF-1000XM5,2026-01-10T17:14:40.506356+00:00,305.92,amazon,2026-05-17T17:14:40.644091+00:00,seed (simulated history - replace with Keepa API)
B0CY7F85NQ,Sony WF-1000XM5,2026-01-11T17:14:40.506356+00:00,288.57,amazon,2026-05-17T17:14:40.644113+00:00,seed (simulated history - replace with Keepa API)
B0CY7F85NQ,Sony WF-1000XM5,2026-01-12T17:14:40.506356+00:00,316.07,amazon,2026-05-17T17:14:40.644140+00:00,seed (simulated history - replace with Keepa API)
B0CY7F85NQ,Sony WF-1000XM5,2026-01-13T17:14:40.506356+00:00,300.43,amazon,2026-05-17T17:14:40.644163+00:00,seed (simulated history - replace with Keepa API)
B0CY7F85NQ,Sony WF-1000XM5,2026-01-14T17:14:40.506356+00:00,301.87,amazon,2026-05-17T17:14:40.644184+00:00,seed (simulated history - replace with Keepa API)
B0CY7F85NQ,Sony WF-1000XM5,2026-01-15T17:14:40.506356+00:00,226.09,amazon,2026-05-17T17:14:40.644281+00:00,seed (simulated history - replace with Keepa API)
B0CY7F85NQ,Sony WF-1000XM5,2026-01-16T17:14:40.506356+00:00,224.3,amazon,2026-05-17T17:14:40.644322+00:00,seed (simulated history - replace with Keepa API)
B0CY7F85NQ,Sony WF-1000XM5,2026-01-17T17:14:40.506356+00:00,311.74,amazon,2026-05-17T17:14:40.644340+00:00,seed (simulated history - replace with Keepa API)
B0CY7F85NQ,Sony WF-1000XM5,2026-01-18T17:14:40.506356+00:00,285.77,amazon,2026-05-17T17:14:40.644355+00:00,seed (simulated history - replace with Keepa API)
B0CY7F85NQ,Sony WF-1000XM5,2026-01-19T17:14:40.506356+00:00,305.3,amazon,2026-05-17T17:14:40.644380+00:00,seed (simulated history - replace with Keepa API)
B0CY7F85NQ,Sony WF-1000XM5,2026-01-20T17:14:40.506356+00:00,322.85,amazon,2026-05-17T17:14:40.644396+00:00,seed (simulated history - replace with Keepa API)
B0CY7F85NQ,Sony WF-1000XM5,2026-01-21T17:14:40.506356+00:00,233.14,amazon,2026-05-17T17:14:40.644421+00:00,seed (simulated history - replace with Keepa API)
B0CY7F85NQ,Sony WF-1000XM5,2026-01-22T17:14:40.506356+00:00,287.27,amazon,2026-05-17T17:14:40.644438+00:00,seed (simulated history - replace with Keepa API)
B0CY7F85NQ,Sony WF-1000XM5,2026-01-23T17:14:40.506356+00:00,296.67,amazon,2026-05-17T17:14:40.644455+00:00,seed (simulated history - replace with Keepa API)
B0CY7F85NQ,Sony WF-1000XM5,2026-01-24T17:14:40.506356+00:00,307.25,amazon,2026-05-17T17:14:40.644473+00:00,seed (simulated history - replace with Keepa API)
B0CY7F85NQ,Sony WF-1000XM5,2026-01-25T17:14:40.506356+00:00,296.94,amazon,2026-05-17T17:14:40.644504+00:00,seed (simulated history - replace with Keepa API)
B0CY7F85NQ,Sony WF-1000XM5,2026-01-26T17:14:40.506356+00:00,299.62,amazon,2026-05-17T17:14:40.644520+00:00,seed (simulated history - replace with Keepa API)
B0CY7F85NQ,Sony WF-1000XM5,2026-01-27T17:14:40.506356+00:00,305.2,amazon,2026-05-17T17:14:40.644579+00:00,seed (simulated history - replace with Keepa API)
B0CY7F85NQ,Sony WF-1000XM5,2026-01-28T17:14:40.506356+00:00,304.13,amazon,2026-05-17T17:14:40.644600+00:00,seed (simulated history - replace with Keepa API)
B0CY7F85NQ,Sony WF-1000XM5,2026-01-29T17:14:40.506356+00:00,293.82,amazon,2026-05-17T17:14:40.644618+00:00,seed (simulated history - replace with Keepa API)
B0CY7F85NQ,Sony WF-1000XM5,2026-01-30T17:14:40.506356+00:00,307.37,amazon,2026-05-17T17:14:40.644634+00:00,seed (simulated history - replace with Keepa API)
B0CY7F85NQ,Sony WF-1000XM5,2026-01-31T17:14:40.506356+00:00,295.34,amazon,2026-05-17T17:14:40.644651+00:00,seed (simulated history - replace with Keepa API)
B0CY7F85NQ,Sony WF-1000XM5,2026-02-01T17:14:40.506356+00:00,290.78,amazon,2026-05-17T17:14:40.644668+00:00,seed (simulated history - replace with Keepa API)
B0CY7F85NQ,Sony WF-1000XM5,2026-02-02T17:14:40.506356+00:00,217.93,amazon,2026-05-17T17:14:40.644701+00:00,seed (simulated history - replace with Keepa API)
B0CY7F85NQ,Sony WF-1000XM5,2026-02-03T17:14:40.506356+00:00,298.39,amazon,2026-05-17T17:14:40.644719+00:00,seed (simulated history - replace with Keepa API)
B0CY7F85NQ,Sony WF-1000XM5,2026-02-04T17:14:40.506356+00:00,306.64,amazon,2026-05-17T17:14:40.644736+00:00,seed (simulated history - replace with Keepa API)
B0CY7F85NQ,Sony WF-1000XM5,2026-02-05T17:14:40.506356+00:00,296.34,amazon,2026-05-17T17:14:40.644752+00:00,seed (simulated history - replace with Keepa API)
B0CY7F85NQ,Sony WF-1000XM5,2026-02-06T17:14:40.506356+00:00,290.07,amazon,2026-05-17T17:14:40.644769+00:00,seed (simulated history - replace with Keepa API)
B0CY7F85NQ,Sony WF-1000XM5,2026-02-07T17:14:40.506356+00:00,299.86,amazon,2026-05-17T17:14:40.644796+00:00,seed (simulated history - replace with Keepa API)
B0CY7F85NQ,Sony WF-1000XM5,2026-02-08T17:14:40.506356+00:00,293.55,amazon,2026-05-17T17:14:40.644818+00:00,seed (simulated history - replace with Keepa API)
B0CY7F85NQ,Sony WF-1000XM5,2026-02-09T17:14:40.506356+00:00,299.12,amazon,2026-05-17T17:14:40.644834+00:00,seed (simulated history - replace with Keepa API)
B0CY7F85NQ,Sony WF-1000XM5,2026-02-10T17:14:40.506356+00:00,314.95,amazon,2026-05-17T17:14:40.644853+00:00,seed (simulated history - replace with Keepa API)
B0CY7F85NQ,Sony WF-1000XM5,2026-02-11T17:14:40.506356+00:00,297.82,amazon,2026-05-17T17:14:40.644911+00:00,seed (simulated history - replace with Keepa API)
B0CY7F85NQ,Sony WF-1000XM5,2026-02-12T17:14:40.506356+00:00,312.76,amazon,2026-05-17T17:14:40.644928+00:00,seed (simulated history - replace with Keepa API)
B0CY7F85NQ,Sony WF-1000XM5,2026-02-13T17:14:40.506356+00:00,296.94,amazon,2026-05-17T17:14:40.644943+00:00,seed (simulated history - replace with Keepa API)
B0CY7F85NQ,Sony WF-1000XM5,2026-02-14T17:14:40.506356+00:00,273.09,amazon,2026-05-17T17:14:40.644959+00:00,seed (simulated history - replace with Keepa API)
B0CY7F85NQ,Sony WF-1000XM5,2026-02-15T17:14:40.506356+00:00,290.18,amazon,2026-05-17T17:14:40.644976+00:00,seed (simulated history - replace with Keepa API)
B0CY7F85NQ,Sony WF-1000XM5,2026-02-16T17:14:40.506356+00:00,288.34,amazon,2026-05-17T17:14:40.645001+00:00,seed (simulated history - replace with Keepa API)
B0CY7F85NQ,Sony WF-1000XM5,2026-02-17T17:14:40.506356+00:00,301.97,amazon,2026-05-17T17:14:40.645036+00:00,seed (simulated history - replace with Keepa API)
B0CY7F85NQ,Sony WF-1000XM5,2026-02-18T17:14:40.506356+00:00,248.48,amazon,2026-05-17T17:14:40.645067+00:00,seed (simulated history - replace with Keepa API)
B0CY7F85NQ,Sony WF-1000XM5,2026-02-19T17:14:40.506356+00:00,305.32,amazon,2026-05-17T17:14:40.645085+00:00,seed (simulated history - replace with Keepa API)
B0CY7F85NQ,Sony WF-1000XM5,2026-02-20T17:14:40.506356+00:00,301.42,amazon,2026-05-17T17:14:40.645103+00:00,seed (simulated history - replace with Keepa API)
B0CY7F85NQ,Sony WF-1000XM5,2026-02-21T17:14:40.506356+00:00,310.39,amazon,2026-05-17T17:14:40.645123+00:00,seed (simulated history - replace with Keepa API)
B0CY7F85NQ,Sony WF-1000XM5,2026-02-22T17:14:40.506356+00:00,302.27,amazon,2026-05-17T17:14:40.645143+00:00,seed (simulated history - replace with Keepa API)
B0CY7F85NQ,Sony WF-1000XM5,2026-02-23T17:14:40.506356+00:00,283.85,amazon,2026-05-17T17:14:40.645162+00:00,seed (simulated history - replace with Keepa API)
B0CY7F85NQ,Sony WF-1000XM5,2026-02-24T17:14:40.506356+00:00,297.4,amazon,2026-05-17T17:14:40.645183+00:00,seed (simulated history - replace with Keepa API)
B0CY7F85NQ,Sony WF-1000XM5,2026-02-25T17:14:40.506356+00:00,302.2,amazon,2026-05-17T17:14:40.645202+00:00,seed (simulated history - replace with Keepa API)
B0CY7F85NQ,Sony WF-1000XM5,2026-02-26T17:14:40.506356+00:00,314.34,amazon,2026-05-17T17:14:40.645223+00:00,seed (simulated history - replace with Keepa API)
B0CY7F85NQ,Sony WF-1000XM5,2026-02-27T17:14:40.506356+00:00,300.92,amazon,2026-05-17T17:14:40.645252+00:00,seed (simulated history - replace with Keepa API)
B0CY7F85NQ,Sony WF-1000XM5,2026-02-28T17:14:40.506356+00:00,292.07,amazon,2026-05-17T17:14:40.645272+00:00,seed (simulated history - replace with Keepa API)
B0CY7F85NQ,Sony WF-1000XM5,2026-03-01T17:14:40.506356+00:00,302.41,amazon,2026-05-17T17:14:40.645291+00:00,seed (simulated history - replace with Keepa API)
B0CY7F85NQ,Sony WF-1000XM5,2026-03-02T17:14:40.506356+00:00,313.22,amazon,2026-05-17T17:14:40.645373+00:00,seed (simulated history - replace with Keepa API)
B0CY7F85NQ,Sony WF-1000XM5,2026-03-03T17:14:40.506356+00:00,294.39,amazon,2026-05-17T17:14:40.645394+00:00,seed (simulated history - replace with Keepa API)
B0CY7F85NQ,Sony WF-1000XM5,2026-03-04T17:14:40.506356+00:00,295.45,amazon,2026-05-17T17:14:40.645420+00:00,seed (simulated history - replace with Keepa API)
B0CY7F85NQ,Sony WF-1000XM5,2026-03-05T17:14:40.506356+00:00,294.52,amazon,2026-05-17T17:14:40.645441+00:00,seed (simulated history - replace with Keepa API)
B0CY7F85NQ,Sony WF-1000XM5,2026-03-06T17:14:40.506356+00:00,288.39,amazon,2026-05-17T17:14:40.645461+00:00,seed (simulated history - replace with Keepa API)
B0CY7F85NQ,Sony WF-1000XM5,2026-03-07T17:14:40.506356+00:00,300.52,amazon,2026-05-17T17:14:40.645487+00:00,seed (simulated history - replace with Keepa API)
B0CY7F85NQ,Sony WF-1000XM5,2026-03-08T17:14:40.506356+00:00,299.45,amazon,2026-05-17T17:14:40.645507+00:00,seed (simulated history - replace with Keepa API)
B0CY7F85NQ,Sony WF-1000XM5,2026-03-09T17:14:40.506356+00:00,284.68,amazon,2026-05-17T17:14:40.645527+00:00,seed (simulated history - replace with Keepa API)
B0CY7F85NQ,Sony WF-1000XM5,2026-03-10T17:14:40.506356+00:00,292.7,amazon,2026-05-17T17:14:40.645567+00:00,seed (simulated history - replace with Keepa API)
B0CY7F85NQ,Sony WF-1000XM5,2026-03-11T17:14:40.506356+00:00,301.68,amazon,2026-05-17T17:14:40.645588+00:00,seed (simulated history - replace with Keepa API)
B0CY7F85NQ,Sony WF-1000XM5,2026-03-12T17:14:40.506356+00:00,306.13,amazon,2026-05-17T17:14:40.645608+00:00,seed (simulated history - replace with Keepa API)
B0CY7F85NQ,Sony WF-1000XM5,2026-03-13T17:14:40.506356+00:00,308.65,amazon,2026-05-17T17:14:40.645626+00:00,seed (simulated history - replace with Keepa API)
B0CY7F85NQ,Sony WF-1000XM5,2026-03-14T17:14:40.506356+00:00,306.9,amazon,2026-05-17T17:14:40.645647+00:00,seed (simulated history - replace with Keepa API)
B0CY7F85NQ,Sony WF-1000XM5,2026-03-15T17:14:40.506356+00:00,299.97,amazon,2026-05-17T17:14:40.645667+00:00,seed (simulated history - replace with Keepa API)
B0CY7F85NQ,Sony WF-1000XM5,2026-03-16T17:14:40.506356+00:00,242.55,amazon,2026-05-17T17:14:40.645702+00:00,seed (simulated history - replace with Keepa API)
B0CY7F85NQ,Sony WF-1000XM5,2026-03-17T17:14:40.506356+00:00,297.96,amazon,2026-05-17T17:14:40.645721+00:00,seed (simulated history - replace with Keepa API)
B0CY7F85NQ,Sony WF-1000XM5,2026-03-18T17:14:40.506356+00:00,291.77,amazon,2026-05-17T17:14:40.645741+00:00,seed (simulated history - replace with Keepa API)
B0CY7F85NQ,Sony WF-1000XM5,2026-03-19T17:14:40.506356+00:00,280.83,amazon,2026-05-17T17:14:40.645767+00:00,seed (simulated history - replace with Keepa API)
B0CY7F85NQ,Sony WF-1000XM5,2026-03-20T17:14:40.506356+00:00,213.66,amazon,2026-05-17T17:14:40.645793+00:00,seed (simulated history - replace with Keepa API)
B0CY7F85NQ,Sony WF-1000XM5,2026-03-21T17:14:40.506356+00:00,298.71,amazon,2026-05-17T17:14:40.645814+00:00,seed (simulated history - replace with Keepa API)
B0CY7F85NQ,Sony WF-1000XM5,2026-03-22T17:14:40.506356+00:00,294.67,amazon,2026-05-17T17:14:40.645831+00:00,seed (simulated history - replace with Keepa API)
B0CY7F85NQ,Sony WF-1000XM5,2026-03-23T17:14:40.506356+00:00,303.95,amazon,2026-05-17T17:14:40.645851+00:00,seed (simulated history - replace with Keepa API)
B0CY7F85NQ,Sony WF-1000XM5,2026-03-24T17:14:40.506356+00:00,296.45,amazon,2026-05-17T17:14:40.645873+00:00,seed (simulated history - replace with Keepa API)
B0CY7F85NQ,Sony WF-1000XM5,2026-03-25T17:14:40.506356+00:00,293.13,amazon,2026-05-17T17:14:40.645893+00:00,seed (simulated history - replace with Keepa API)
B0CY7F85NQ,Sony WF-1000XM5,2026-03-26T17:14:40.506356+00:00,293.15,amazon,2026-05-17T17:14:40.645913+00:00,seed (simulated history - replace with Keepa API)
B0CY7F85NQ,Sony WF-1000XM5,2026-03-27T17:14:40.506356+00:00,296.45,amazon,2026-05-17T17:14:40.645932+00:00,seed (simulated history - replace with Keepa API)
B0CY7F85NQ,Sony WF-1000XM5,2026-03-28T17:14:40.506356+00:00,296.42,amazon,2026-05-17T17:14:40.645961+00:00,seed (simulated history - replace with Keepa API)
B0CY7F85NQ,Sony WF-1000XM5,2026-03-29T17:14:40.506356+00:00,299.62,amazon,2026-05-17T17:14:40.645987+00:00,seed (simulated history - replace with Keepa API)
B0CY7F85NQ,Sony WF-1000XM5,2026-03-30T17:14:40.506356+00:00,292.31,amazon,2026-05-17T17:14:40.646025+00:00,seed (simulated history - replace with Keepa API)
B0CY7F85NQ,Sony WF-1000XM5,2026-03-31T17:14:40.506356+00:00,293.97,amazon,2026-05-17T17:14:40.646044+00:00,seed (simulated history - replace with Keepa API)
B0CY7F85NQ,Sony WF-1000XM5,2026-04-01T17:14:40.506356+00:00,304.97,amazon,2026-05-17T17:14:40.646065+00:00,seed (simulated history - replace with Keepa API)
B0CY7F85NQ,Sony WF-1000XM5,2026-04-02T17:14:40.506356+00:00,291.56,amazon,2026-05-17T17:14:40.646085+00:00,seed (simulated history - replace with Keepa API)
B0CY7F85NQ,Sony WF-1000XM5,2026-04-03T17:14:40.506356+00:00,302.31,amazon,2026-05-17T17:14:40.646105+00:00,seed (simulated history - replace with Keepa API)
B0CY7F85NQ,Sony WF-1000XM5,2026-04-04T17:14:40.506356+00:00,296.89,amazon,2026-05-17T17:14:40.646125+00:00,seed (simulated history - replace with Keepa API)
B0CY7F85NQ,Sony WF-1000XM5,2026-04-05T17:14:40.506356+00:00,295.08,amazon,2026-05-17T17:14:40.646143+00:00,seed (simulated history - replace with Keepa API)
B0CY7F85NQ,Sony WF-1000XM5,2026-04-06T17:14:40.506356+00:00,316.34,amazon,2026-05-17T17:14:40.646163+00:00,seed (simulated history - replace with Keepa API)
B0CY7F85NQ,Sony WF-1000XM5,2026-04-07T17:14:40.506356+00:00,288.57,amazon,2026-05-17T17:14:40.646187+00:00,seed (simulated history - replace with Keepa API)
B0CY7F85NQ,Sony WF-1000XM5,2026-04-08T17:14:40.506356+00:00,313.81,amazon,2026-05-17T17:14:40.646208+00:00,seed (simulated history - replace with Keepa API)
B0CY7F85NQ,Sony WF-1000XM5,2026-04-09T17:14:40.506356+00:00,307.49,amazon,2026-05-17T17:14:40.646228+00:00,seed (simulated history - replace with Keepa API)
B0CY7F85NQ,Sony WF-1000XM5,2026-04-10T17:14:40.506356+00:00,294.32,amazon,2026-05-17T17:14:40.646246+00:00,seed (simulated history - replace with Keepa API)
B0CY7F85NQ,Sony WF-1000XM5,2026-04-11T17:14:40.506356+00:00,307.77,amazon,2026-05-17T17:14:40.646266+00:00,seed (simulated history - replace with Keepa API)
B0CY7F85NQ,Sony WF-1000XM5,2026-04-12T17:14:40.506356+00:00,232.42,amazon,2026-05-17T17:14:40.646294+00:00,seed (simulated history - replace with Keepa API)
B0CY7F85NQ,Sony WF-1000XM5,2026-04-13T17:14:40.506356+00:00,295.97,amazon,2026-05-17T17:14:40.646315+00:00,seed (simulated history - replace with Keepa API)
B0CY7F85NQ,Sony WF-1000XM5,2026-04-14T17:14:40.506356+00:00,284.43,amazon,2026-05-17T17:14:40.646415+00:00,seed (simulated history - replace with Keepa API)
B0CY7F85NQ,Sony WF-1000XM5,2026-04-15T17:14:40.506356+00:00,295.49,amazon,2026-05-17T17:14:40.646443+00:00,seed (simulated history - replace with Keepa API)
B0CY7F85NQ,Sony WF-1000XM5,2026-04-16T17:14:40.506356+00:00,302.21,amazon,2026-05-17T17:14:40.646462+00:00,seed (simulated history - replace with Keepa API)
B0CY7F85NQ,Sony WF-1000XM5,2026-04-17T17:14:40.506356+00:00,301.28,amazon,2026-05-17T17:14:40.646489+00:00,seed (simulated history - replace with Keepa API)
B0CY7F85NQ,Sony WF-1000XM5,2026-04-18T17:14:40.506356+00:00,299.23,amazon,2026-05-17T17:14:40.646511+00:00,seed (simulated history - replace with Keepa API)
B0CY7F85NQ,Sony WF-1000XM5,2026-04-19T17:14:40.506356+00:00,297.58,amazon,2026-05-17T17:14:40.646532+00:00,seed (simulated history - replace with Keepa API)
B0CY7F85NQ,Sony WF-1000XM5,2026-04-20T17:14:40.506356+00:00,301.56,amazon,2026-05-17T17:14:40.646570+00:00,seed (simulated history - replace with Keepa API)
B0CY7F85NQ,Sony WF-1000XM5,2026-04-21T17:14:40.506356+00:00,304.28,amazon,2026-05-17T17:14:40.646588+00:00,seed (simulated history - replace with Keepa API)
B0CY7F85NQ,Sony WF-1000XM5,2026-04-22T17:14:40.506356+00:00,295.58,amazon,2026-05-17T17:14:40.646604+00:00,seed (simulated history - replace with Keepa API)
B0CY7F85NQ,Sony WF-1000XM5,2026-04-23T17:14:40.506356+00:00,288.74,amazon,2026-05-17T17:14:40.646672+00:00,seed (simulated history - replace with Keepa API)
B0CY7F85NQ,Sony WF-1000XM5,2026-04-24T17:14:40.506356+00:00,301.89,amazon,2026-05-17T17:14:40.646704+00:00,seed (simulated history - replace with Keepa API)
B0CY7F85NQ,Sony WF-1000XM5,2026-04-25T17:14:40.506356+00:00,289.98,amazon,2026-05-17T17:14:40.646725+00:00,seed (simulated history - replace with Keepa API)
B0CY7F85NQ,Sony WF-1000XM5,2026-04-26T17:14:40.506356+00:00,291.29,amazon,2026-05-17T17:14:40.646743+00:00,seed (simulated history - replace with Keepa API)
B0CY7F85NQ,Sony WF-1000XM5,2026-04-27T17:14:40.506356+00:00,306.96,amazon,2026-05-17T17:14:40.646767+00:00,seed (simulated history - replace with Keepa API)
B0CY7F85NQ,Sony WF-1000XM5,2026-04-28T17:14:40.506356+00:00,301.6,amazon,2026-05-17T17:14:40.646787+00:00,seed (simulated history - replace with Keepa API)
B0CY7F85NQ,Sony WF-1000XM5,2026-04-29T17:14:40.506356+00:00,311.8,amazon,2026-05-17T17:14:40.646805+00:00,seed (simulated history - replace with Keepa API)
B0CY7F85NQ,Sony WF-1000XM5,2026-04-30T17:14:40.506356+00:00,308.41,amazon,2026-05-17T17:14:40.646822+00:00,seed (simulated history - replace with Keepa API)
B0CY7F85NQ,Sony WF-1000XM5,2026-05-01T17:14:40.506356+00:00,299.26,amazon,2026-05-17T17:14:40.646846+00:00,seed (simulated history - replace with Keepa API)
B0CY7F85NQ,Sony WF-1000XM5,2026-05-02T17:14:40.506356+00:00,307.19,amazon,2026-05-17T17:14:40.646864+00:00,seed (simulated history - replace with Keepa API)
B0CY7F85NQ,Sony WF-1000XM5,2026-05-03T17:14:40.506356+00:00,289.55,amazon,2026-05-17T17:14:40.646882+00:00,seed (simulated history - replace with Keepa API)
B0CY7F85NQ,Sony WF-1000XM5,2026-05-04T17:14:40.506356+00:00,297.69,amazon,2026-05-17T17:14:40.646897+00:00,seed (simulated history - replace with Keepa API)
B0CY7F85NQ,Sony WF-1000XM5,2026-05-05T17:14:40.506356+00:00,299.58,amazon,2026-05-17T17:14:40.646915+00:00,seed (simulated history - replace with Keepa API)
B0CY7F85NQ,Sony WF-1000XM5,2026-05-06T17:14:40.506356+00:00,296.45,amazon,2026-05-17T17:14:40.646933+00:00,seed (simulated history - replace with Keepa API)
B0CY7F85NQ,Sony WF-1000XM5,2026-05-07T17:14:40.506356+00:00,243.14,amazon,2026-05-17T17:14:40.646978+00:00,seed (simulated history - replace with Keepa API)
B0CY7F85NQ,Sony WF-1000XM5,2026-05-08T17:14:40.506356+00:00,302.16,amazon,2026-05-17T17:14:40.647026+00:00,seed (simulated history - replace with Keepa API)
B0CY7F85NQ,Sony WF-1000XM5,2026-05-09T17:14:40.506356+00:00,282.32,amazon,2026-05-17T17:14:40.647043+00:00,seed (simulated history - replace with Keepa API)
B0CY7F85NQ,Sony WF-1000XM5,2026-05-10T17:14:40.506356+00:00,304.14,amazon,2026-05-17T17:14:40.647060+00:00,seed (simulated history - replace with Keepa API)
B0CY7F85NQ,Sony WF-1000XM5,2026-05-11T17:14:40.506356+00:00,309.43,amazon,2026-05-17T17:14:40.647079+00:00,seed (simulated history - replace with Keepa API)
B0CY7F85NQ,Sony WF-1000XM5,2026-05-12T17:14:40.506356+00:00,299.26,amazon,2026-05-17T17:14:40.647101+00:00,seed (simulated history - replace with Keepa API)
B0CY7F85NQ,Sony WF-1000XM5,2026-05-13T17:14:40.506356+00:00,305.1,amazon,2026-05-17T17:14:40.647123+00:00,seed (simulated history - replace with Keepa API)
B0CY7F85NQ,Sony WF-1000XM5,2026-05-14T17:14:40.506356+00:00,309.77,amazon,2026-05-17T17:14:40.647143+00:00,seed (simulated history - replace with Keepa API)
B0CY7F85NQ,Sony WF-1000XM5,2026-05-15T17:14:40.506356+00:00,295.5,amazon,2026-05-17T17:14:40.647166+00:00,seed (simulated history - replace with Keepa API)
B0CY7F85NQ,Sony WF-1000XM5,2026-05-16T17:14:40.506356+00:00,310.76,amazon,2026-05-17T17:14:40.647197+00:00,seed (simulated history - replace with Keepa API)
B0CY7F85NQ,Sony WF-1000XM5,2026-05-17T17:14:40.506356+00:00,290.59,amazon,2026-05-17T17:14:40.647218+00:00,seed (simulated history - replace with Keepa API)
B0CX5JV4DH,Bose QuietComfort Ultra,2025-11-18T17:14:40.506356+00:00,451.96,amazon,2026-05-17T17:14:40.648610+00:00,seed (simulated history - replace with Keepa API)
B0CX5JV4DH,Bose QuietComfort Ultra,2025-11-19T17:14:40.506356+00:00,430.9,amazon,2026-05-17T17:14:40.648666+00:00,seed (simulated history - replace with Keepa API)
B0CX5JV4DH,Bose QuietComfort Ultra,2025-11-20T17:14:40.506356+00:00,312.99,amazon,2026-05-17T17:14:40.648685+00:00,seed (simulated history - replace with Keepa API)
B0CX5JV4DH,Bose QuietComfort Ultra,2025-11-21T17:14:40.506356+00:00,316.84,amazon,2026-05-17T17:14:40.648702+00:00,seed (simulated history - replace with Keepa API)
B0CX5JV4DH,Bose QuietComfort Ultra,2025-11-22T17:14:40.506356+00:00,326.64,amazon,2026-05-17T17:14:40.648719+00:00,seed (simulated history - replace with Keepa API)
B0CX5JV4DH,Bose QuietComfort Ultra,2025-11-23T17:14:40.506356+00:00,325.49,amazon,2026-05-17T17:14:40.648776+00:00,seed (simulated history - replace with Keepa API)
B0CX5JV4DH,Bose QuietComfort Ultra,2025-11-24T17:14:40.506356+00:00,331.27,amazon,2026-05-17T17:14:40.648791+00:00,seed (simulated history - replace with Keepa API)
B0CX5JV4DH,Bose QuietComfort Ultra,2025-11-25T17:14:40.506356+00:00,321.24,amazon,2026-05-17T17:14:40.648807+00:00,seed (simulated history - replace with Keepa API)
B0CX5JV4DH,Bose QuietComfort Ultra,2025-11-26T17:14:40.506356+00:00,335.09,amazon,2026-05-17T17:14:40.648822+00:00,seed (simulated history - replace with Keepa API)
B0CX5JV4DH,Bose QuietComfort Ultra,2025-11-27T17:14:40.506356+00:00,332.36,amazon,2026-05-17T17:14:40.648836+00:00,seed (simulated history - replace with Keepa API)
B0CX5JV4DH,Bose QuietComfort Ultra,2025-11-28T17:14:40.506356+00:00,322.81,amazon,2026-05-17T17:14:40.648851+00:00,seed (simulated history - replace with Keepa API)
B0CX5JV4DH,Bose QuietComfort Ultra,2025-11-29T17:14:40.506356+00:00,320.22,amazon,2026-05-17T17:14:40.648867+00:00,seed (simulated history - replace with Keepa API)
B0CX5JV4DH,Bose QuietComfort Ultra,2025-11-30T17:14:40.506356+00:00,333.59,amazon,2026-05-17T17:14:40.648883+00:00,seed (simulated history - replace with Keepa API)
B0CX5JV4DH,Bose QuietComfort Ultra,2025-12-01T17:14:40.506356+00:00,419.82,amazon,2026-05-17T17:14:40.648902+00:00,seed (simulated history - replace with Keepa API)
B0CX5JV4DH,Bose QuietComfort Ultra,2025-12-02T17:14:40.506356+00:00,409.61,amazon,2026-05-17T17:14:40.648920+00:00,seed (simulated history - replace with Keepa API)
B0CX5JV4DH,Bose QuietComfort Ultra,2025-12-03T17:14:40.506356+00:00,437.49,amazon,2026-05-17T17:14:40.648945+00:00,seed (simulated history - replace with Keepa API)
B0CX5JV4DH,Bose QuietComfort Ultra,2025-12-04T17:14:40.506356+00:00,423.56,amazon,2026-05-17T17:14:40.648962+00:00,seed (simulated history - replace with Keepa API)
B0CX5JV4DH,Bose QuietComfort Ultra,2025-12-05T17:14:40.506356+00:00,422.73,amazon,2026-05-17T17:14:40.648979+00:00,seed (simulated history - replace with Keepa API)
B0CX5JV4DH,Bose QuietComfort Ultra,2025-12-06T17:14:40.506356+00:00,415.8,amazon,2026-05-17T17:14:40.649017+00:00,seed (simulated history - replace with Keepa API)
B0CX5JV4DH,Bose QuietComfort Ultra,2025-12-07T17:14:40.506356+00:00,434.31,amazon,2026-05-17T17:14:40.649034+00:00,seed (simulated history - replace with Keepa API)
B0CX5JV4DH,Bose QuietComfort Ultra,2025-12-08T17:14:40.506356+00:00,432.7,amazon,2026-05-17T17:14:40.649051+00:00,seed (simulated history - replace with Keepa API)
B0CX5JV4DH,Bose QuietComfort Ultra,2025-12-09T17:14:40.506356+00:00,442.78,amazon,2026-05-17T17:14:40.649068+00:00,seed (simulated history - replace with Keepa API)
B0CX5JV4DH,Bose QuietComfort Ultra,2025-12-10T17:14:40.506356+00:00,427.91,amazon,2026-05-17T17:14:40.649084+00:00,seed (simulated history - replace with Keepa API)
B0CX5JV4DH,Bose QuietComfort Ultra,2025-12-11T17:14:40.506356+00:00,363.22,amazon,2026-05-17T17:14:40.649121+00:00,seed (simulated history - replace with Keepa API)
B0CX5JV4DH,Bose QuietComfort Ultra,2025-12-12T17:14:40.506356+00:00,434.75,amazon,2026-05-17T17:14:40.649137+00:00,seed (simulated history - replace with Keepa API)
B0CX5JV4DH,Bose QuietComfort Ultra,2025-12-13T17:14:40.506356+00:00,432.83,amazon,2026-05-17T17:14:40.649154+00:00,seed (simulated history - replace with Keepa API)
B0CX5JV4DH,Bose QuietComfort Ultra,2025-12-14T17:14:40.506356+00:00,450.46,amazon,2026-05-17T17:14:40.649174+00:00,seed (simulated history - replace with Keepa API)
B0CX5JV4DH,Bose QuietComfort Ultra,2025-12-15T17:14:40.506356+00:00,456.49,amazon,2026-05-17T17:14:40.649191+00:00,seed (simulated history - replace with Keepa API)
B0CX5JV4DH,Bose QuietComfort Ultra,2025-12-16T17:14:40.506356+00:00,432.63,amazon,2026-05-17T17:14:40.649209+00:00,seed (simulated history - replace with Keepa API)
B0CX5JV4DH,Bose QuietComfort Ultra,2025-12-17T17:14:40.506356+00:00,428.59,amazon,2026-05-17T17:14:40.649226+00:00,seed (simulated history - replace with Keepa API)
B0CX5JV4DH,Bose QuietComfort Ultra,2025-12-18T17:14:40.506356+00:00,429.43,amazon,2026-05-17T17:14:40.649242+00:00,seed (simulated history - replace with Keepa API)
B0CX5JV4DH,Bose QuietComfort Ultra,2025-12-19T17:14:40.506356+00:00,414.88,amazon,2026-05-17T17:14:40.649259+00:00,seed (simulated history - replace with Keepa API)
B0CX5JV4DH,Bose QuietComfort Ultra,2025-12-20T17:14:40.506356+00:00,439.58,amazon,2026-05-17T17:14:40.649275+00:00,seed (simulated history - replace with Keepa API)
B0CX5JV4DH,Bose QuietComfort Ultra,2025-12-21T17:14:40.506356+00:00,439.61,amazon,2026-05-17T17:14:40.649292+00:00,seed (simulated history - replace with Keepa API)
B0CX5JV4DH,Bose QuietComfort Ultra,2025-12-22T17:14:40.506356+00:00,426.89,amazon,2026-05-17T17:14:40.649308+00:00,seed (simulated history - replace with Keepa API)
B0CX5JV4DH,Bose QuietComfort Ultra,2025-12-23T17:14:40.506356+00:00,349.7,amazon,2026-05-17T17:14:40.649335+00:00,seed (simulated history - replace with Keepa API)
B0CX5JV4DH,Bose QuietComfort Ultra,2025-12-24T17:14:40.506356+00:00,429.11,amazon,2026-05-17T17:14:40.649352+00:00,seed (simulated history - replace with Keepa API)
B0CX5JV4DH,Bose QuietComfort Ultra,2025-12-25T17:14:40.506356+00:00,423.57,amazon,2026-05-17T17:14:40.649375+00:00,seed (simulated history - replace with Keepa API)
B0CX5JV4DH,Bose QuietComfort Ultra,2025-12-26T17:14:40.506356+00:00,438.09,amazon,2026-05-17T17:14:40.649391+00:00,seed (simulated history - replace with Keepa API)
B0CX5JV4DH,Bose QuietComfort Ultra,2025-12-27T17:14:40.506356+00:00,408.14,amazon,2026-05-17T17:14:40.649408+00:00,seed (simulated history - replace with Keepa API)
B0CX5JV4DH,Bose QuietComfort Ultra,2025-12-28T17:14:40.506356+00:00,420.02,amazon,2026-05-17T17:14:40.649424+00:00,seed (simulated history - replace with Keepa API)
B0CX5JV4DH,Bose QuietComfort Ultra,2025-12-29T17:14:40.506356+00:00,457.95,amazon,2026-05-17T17:14:40.649442+00:00,seed (simulated history - replace with Keepa API)
B0CX5JV4DH,Bose QuietComfort Ultra,2025-12-30T17:14:40.506356+00:00,417.32,amazon,2026-05-17T17:14:40.649458+00:00,seed (simulated history - replace with Keepa API)
B0CX5JV4DH,Bose QuietComfort Ultra,2025-12-31T17:14:40.506356+00:00,407.89,amazon,2026-05-17T17:14:40.649474+00:00,seed (simulated history - replace with Keepa API)
B0CX5JV4DH,Bose QuietComfort Ultra,2026-01-01T17:14:40.506356+00:00,421.95,amazon,2026-05-17T17:14:40.649503+00:00,seed (simulated history - replace with Keepa API)
B0CX5JV4DH,Bose QuietComfort Ultra,2026-01-02T17:14:40.506356+00:00,402.31,amazon,2026-05-17T17:14:40.649523+00:00,seed (simulated history - replace with Keepa API)
B0CX5JV4DH,Bose QuietComfort Ultra,2026-01-03T17:14:40.506356+00:00,406.33,amazon,2026-05-17T17:14:40.649568+00:00,seed (simulated history - replace with Keepa API)
B0CX5JV4DH,Bose QuietComfort Ultra,2026-01-04T17:14:40.506356+00:00,421.02,amazon,2026-05-17T17:14:40.649590+00:00,seed (simulated history - replace with Keepa API)
B0CX5JV4DH,Bose QuietComfort Ultra,2026-01-05T17:14:40.506356+00:00,421.46,amazon,2026-05-17T17:14:40.649609+00:00,seed (simulated history - replace with Keepa API)
B0CX5JV4DH,Bose QuietComfort Ultra,2026-01-06T17:14:40.506356+00:00,405.57,amazon,2026-05-17T17:14:40.649627+00:00,seed (simulated history - replace with Keepa API)
B0CX5JV4DH,Bose QuietComfort Ultra,2026-01-07T17:14:40.506356+00:00,444.28,amazon,2026-05-17T17:14:40.649685+00:00,seed (simulated history - replace with Keepa API)
B0CX5JV4DH,Bose QuietComfort Ultra,2026-01-08T17:14:40.506356+00:00,422.96,amazon,2026-05-17T17:14:40.649714+00:00,seed (simulated history - replace with Keepa API)
B0CX5JV4DH,Bose QuietComfort Ultra,2026-01-09T17:14:40.506356+00:00,423.8,amazon,2026-05-17T17:14:40.649745+00:00,seed (simulated history - replace with Keepa API)
B0CX5JV4DH,Bose QuietComfort Ultra,2026-01-10T17:14:40.506356+00:00,423.0,amazon,2026-05-17T17:14:40.649765+00:00,seed (simulated history - replace with Keepa API)
B0CX5JV4DH,Bose QuietComfort Ultra,2026-01-11T17:14:40.506356+00:00,427.86,amazon,2026-05-17T17:14:40.649786+00:00,seed (simulated history - replace with Keepa API)
B0CX5JV4DH,Bose QuietComfort Ultra,2026-01-12T17:14:40.506356+00:00,451.73,amazon,2026-05-17T17:14:40.649806+00:00,seed (simulated history - replace with Keepa API)
B0CX5JV4DH,Bose QuietComfort Ultra,2026-01-13T17:14:40.506356+00:00,435.46,amazon,2026-05-17T17:14:40.649826+00:00,seed (simulated history - replace with Keepa API)
B0CX5JV4DH,Bose QuietComfort Ultra,2026-01-14T17:14:40.506356+00:00,428.91,amazon,2026-05-17T17:14:40.649851+00:00,seed (simulated history - replace with Keepa API)
B0CX5JV4DH,Bose QuietComfort Ultra,2026-01-15T17:14:40.506356+00:00,414.5,amazon,2026-05-17T17:14:40.649870+00:00,seed (simulated history - replace with Keepa API)
B0CX5JV4DH,Bose QuietComfort Ultra,2026-01-16T17:14:40.506356+00:00,417.88,amazon,2026-05-17T17:14:40.649890+00:00,seed (simulated history - replace with Keepa API)
B0CX5JV4DH,Bose QuietComfort Ultra,2026-01-17T17:14:40.506356+00:00,423.56,amazon,2026-05-17T17:14:40.649908+00:00,seed (simulated history - replace with Keepa API)
B0CX5JV4DH,Bose QuietComfort Ultra,2026-01-18T17:14:40.506356+00:00,422.76,amazon,2026-05-17T17:14:40.649929+00:00,seed (simulated history - replace with Keepa API)
B0CX5JV4DH,Bose QuietComfort Ultra,2026-01-19T17:14:40.506356+00:00,434.94,amazon,2026-05-17T17:14:40.649949+00:00,seed (simulated history - replace with Keepa API)
B0CX5JV4DH,Bose QuietComfort Ultra,2026-01-20T17:14:40.506356+00:00,406.84,amazon,2026-05-17T17:14:40.649967+00:00,seed (simulated history - replace with Keepa API)
B0CX5JV4DH,Bose QuietComfort Ultra,2026-01-21T17:14:40.506356+00:00,439.28,amazon,2026-05-17T17:14:40.649992+00:00,seed (simulated history - replace with Keepa API)
B0CX5JV4DH,Bose QuietComfort Ultra,2026-01-22T17:14:40.506356+00:00,425.14,amazon,2026-05-17T17:14:40.650025+00:00,seed (simulated history - replace with Keepa API)
B0CX5JV4DH,Bose QuietComfort Ultra,2026-01-23T17:14:40.506356+00:00,412.25,amazon,2026-05-17T17:14:40.650046+00:00,seed (simulated history - replace with Keepa API)
B0CX5JV4DH,Bose QuietComfort Ultra,2026-01-24T17:14:40.506356+00:00,429.15,amazon,2026-05-17T17:14:40.650066+00:00,seed (simulated history - replace with Keepa API)
B0CX5JV4DH,Bose QuietComfort Ultra,2026-01-25T17:14:40.506356+00:00,425.04,amazon,2026-05-17T17:14:40.650083+00:00,seed (simulated history - replace with Keepa API)
B0CX5JV4DH,Bose QuietComfort Ultra,2026-01-26T17:14:40.506356+00:00,418.79,amazon,2026-05-17T17:14:40.650103+00:00,seed (simulated history - replace with Keepa API)
B0CX5JV4DH,Bose QuietComfort Ultra,2026-01-27T17:14:40.506356+00:00,460.67,amazon,2026-05-17T17:14:40.650123+00:00,seed (simulated history - replace with Keepa API)
B0CX5JV4DH,Bose QuietComfort Ultra,2026-01-28T17:14:40.506356+00:00,422.39,amazon,2026-05-17T17:14:40.650144+00:00,seed (simulated history - replace with Keepa API)
B0CX5JV4DH,Bose QuietComfort Ultra,2026-01-29T17:14:40.506356+00:00,441.26,amazon,2026-05-17T17:14:40.650164+00:00,seed (simulated history - replace with Keepa API)
B0CX5JV4DH,Bose QuietComfort Ultra,2026-01-30T17:14:40.506356+00:00,450.79,amazon,2026-05-17T17:14:40.650182+00:00,seed (simulated history - replace with Keepa API)
B0CX5JV4DH,Bose QuietComfort Ultra,2026-01-31T17:14:40.506356+00:00,429.39,amazon,2026-05-17T17:14:40.650201+00:00,seed (simulated history - replace with Keepa API)
B0CX5JV4DH,Bose QuietComfort Ultra,2026-02-01T17:14:40.506356+00:00,439.94,amazon,2026-05-17T17:14:40.650221+00:00,seed (simulated history - replace with Keepa API)
B0CX5JV4DH,Bose QuietComfort Ultra,2026-02-02T17:14:40.506356+00:00,437.0,amazon,2026-05-17T17:14:40.650246+00:00,seed (simulated history - replace with Keepa API)
B0CX5JV4DH,Bose QuietComfort Ultra,2026-02-03T17:14:40.506356+00:00,441.22,amazon,2026-05-17T17:14:40.650275+00:00,seed (simulated history - replace with Keepa API)
B0CX5JV4DH,Bose QuietComfort Ultra,2026-02-04T17:14:40.506356+00:00,426.7,amazon,2026-05-17T17:14:40.650298+00:00,seed (simulated history - replace with Keepa API)
B0CX5JV4DH,Bose QuietComfort Ultra,2026-02-05T17:14:40.506356+00:00,438.04,amazon,2026-05-17T17:14:40.650317+00:00,seed (simulated history - replace with Keepa API)
B0CX5JV4DH,Bose QuietComfort Ultra,2026-02-06T17:14:40.506356+00:00,433.52,amazon,2026-05-17T17:14:40.650337+00:00,seed (simulated history - replace with Keepa API)
B0CX5JV4DH,Bose QuietComfort Ultra,2026-02-07T17:14:40.506356+00:00,418.9,amazon,2026-05-17T17:14:40.650358+00:00,seed (simulated history - replace with Keepa API)
B0CX5JV4DH,Bose QuietComfort Ultra,2026-02-08T17:14:40.506356+00:00,438.15,amazon,2026-05-17T17:14:40.650378+00:00,seed (simulated history - replace with Keepa API)
B0CX5JV4DH,Bose QuietComfort Ultra,2026-02-09T17:14:40.506356+00:00,420.42,amazon,2026-05-17T17:14:40.650397+00:00,seed (simulated history - replace with Keepa API)
B0CX5JV4DH,Bose QuietComfort Ultra,2026-02-10T17:14:40.506356+00:00,449.03,amazon,2026-05-17T17:14:40.650416+00:00,seed (simulated history - replace with Keepa API)
B0CX5JV4DH,Bose QuietComfort Ultra,2026-02-11T17:14:40.506356+00:00,418.28,amazon,2026-05-17T17:14:40.650435+00:00,seed (simulated history - replace with Keepa API)
B0CX5JV4DH,Bose QuietComfort Ultra,2026-02-12T17:14:40.506356+00:00,421.86,amazon,2026-05-17T17:14:40.650455+00:00,seed (simulated history - replace with Keepa API)
B0CX5JV4DH,Bose QuietComfort Ultra,2026-02-13T17:14:40.506356+00:00,400.71,amazon,2026-05-17T17:14:40.650475+00:00,seed (simulated history - replace with Keepa API)
B0CX5JV4DH,Bose QuietComfort Ultra,2026-02-14T17:14:40.506356+00:00,417.64,amazon,2026-05-17T17:14:40.650502+00:00,seed (simulated history - replace with Keepa API)
B0CX5JV4DH,Bose QuietComfort Ultra,2026-02-15T17:14:40.506356+00:00,450.77,amazon,2026-05-17T17:14:40.650520+00:00,seed (simulated history - replace with Keepa API)
B0CX5JV4DH,Bose QuietComfort Ultra,2026-02-16T17:14:40.506356+00:00,448.89,amazon,2026-05-17T17:14:40.650558+00:00,seed (simulated history - replace with Keepa API)
B0CX5JV4DH,Bose QuietComfort Ultra,2026-02-17T17:14:40.506356+00:00,429.32,amazon,2026-05-17T17:14:40.650580+00:00,seed (simulated history - replace with Keepa API)
B0CX5JV4DH,Bose QuietComfort Ultra,2026-02-18T17:14:40.506356+00:00,420.34,amazon,2026-05-17T17:14:40.650600+00:00,seed (simulated history - replace with Keepa API)
B0CX5JV4DH,Bose QuietComfort Ultra,2026-02-19T17:14:40.506356+00:00,431.97,amazon,2026-05-17T17:14:40.650619+00:00,seed (simulated history - replace with Keepa API)
B0CX5JV4DH,Bose QuietComfort Ultra,2026-02-20T17:14:40.506356+00:00,418.2,amazon,2026-05-17T17:14:40.650637+00:00,seed (simulated history - replace with Keepa API)
B0CX5JV4DH,Bose QuietComfort Ultra,2026-02-21T17:14:40.506356+00:00,423.7,amazon,2026-05-17T17:14:40.650657+00:00,seed (simulated history - replace with Keepa API)
B0CX5JV4DH,Bose QuietComfort Ultra,2026-02-22T17:14:40.506356+00:00,435.97,amazon,2026-05-17T17:14:40.650683+00:00,seed (simulated history - replace with Keepa API)
B0CX5JV4DH,Bose QuietComfort Ultra,2026-02-23T17:14:40.506356+00:00,423.86,amazon,2026-05-17T17:14:40.650703+00:00,seed (simulated history - replace with Keepa API)
B0CX5JV4DH,Bose QuietComfort Ultra,2026-02-24T17:14:40.506356+00:00,428.91,amazon,2026-05-17T17:14:40.650760+00:00,seed (simulated history - replace with Keepa API)
B0CX5JV4DH,Bose QuietComfort Ultra,2026-02-25T17:14:40.506356+00:00,436.36,amazon,2026-05-17T17:14:40.650788+00:00,seed (simulated history - replace with Keepa API)
B0CX5JV4DH,Bose QuietComfort Ultra,2026-02-26T17:14:40.506356+00:00,436.67,amazon,2026-05-17T17:14:40.650809+00:00,seed (simulated history - replace with Keepa API)
B0CX5JV4DH,Bose QuietComfort Ultra,2026-02-27T17:14:40.506356+00:00,422.2,amazon,2026-05-17T17:14:40.650828+00:00,seed (simulated history - replace with Keepa API)
B0CX5JV4DH,Bose QuietComfort Ultra,2026-02-28T17:14:40.506356+00:00,419.86,amazon,2026-05-17T17:14:40.650848+00:00,seed (simulated history - replace with Keepa API)
B0CX5JV4DH,Bose QuietComfort Ultra,2026-03-01T17:14:40.506356+00:00,436.63,amazon,2026-05-17T17:14:40.650873+00:00,seed (simulated history - replace with Keepa API)
B0CX5JV4DH,Bose QuietComfort Ultra,2026-03-02T17:14:40.506356+00:00,427.49,amazon,2026-05-17T17:14:40.650895+00:00,seed (simulated history - replace with Keepa API)
B0CX5JV4DH,Bose QuietComfort Ultra,2026-03-03T17:14:40.506356+00:00,438.44,amazon,2026-05-17T17:14:40.650915+00:00,seed (simulated history - replace with Keepa API)
B0CX5JV4DH,Bose QuietComfort Ultra,2026-03-04T17:14:40.506356+00:00,419.68,amazon,2026-05-17T17:14:40.650933+00:00,seed (simulated history - replace with Keepa API)
B0CX5JV4DH,Bose QuietComfort Ultra,2026-03-05T17:14:40.506356+00:00,423.46,amazon,2026-05-17T17:14:40.650953+00:00,seed (simulated history - replace with Keepa API)
B0CX5JV4DH,Bose QuietComfort Ultra,2026-03-06T17:14:40.506356+00:00,439.38,amazon,2026-05-17T17:14:40.650973+00:00,seed (simulated history - replace with Keepa API)
B0CX5JV4DH,Bose QuietComfort Ultra,2026-03-07T17:14:40.506356+00:00,422.62,amazon,2026-05-17T17:14:40.650999+00:00,seed (simulated history - replace with Keepa API)
B0CX5JV4DH,Bose QuietComfort Ultra,2026-03-08T17:14:40.506356+00:00,385.92,amazon,2026-05-17T17:14:40.651050+00:00,seed (simulated history - replace with Keepa API)
B0CX5JV4DH,Bose QuietComfort Ultra,2026-03-09T17:14:40.506356+00:00,438.2,amazon,2026-05-17T17:14:40.651075+00:00,seed (simulated history - replace with Keepa API)
B0CX5JV4DH,Bose QuietComfort Ultra,2026-03-10T17:14:40.506356+00:00,432.91,amazon,2026-05-17T17:14:40.651095+00:00,seed (simulated history - replace with Keepa API)
B0CX5JV4DH,Bose QuietComfort Ultra,2026-03-11T17:14:40.506356+00:00,422.61,amazon,2026-05-17T17:14:40.651116+00:00,seed (simulated history - replace with Keepa API)
B0CX5JV4DH,Bose QuietComfort Ultra,2026-03-12T17:14:40.506356+00:00,451.06,amazon,2026-05-17T17:14:40.651136+00:00,seed (simulated history - replace with Keepa API)
B0CX5JV4DH,Bose QuietComfort Ultra,2026-03-13T17:14:40.506356+00:00,415.1,amazon,2026-05-17T17:14:40.651159+00:00,seed (simulated history - replace with Keepa API)
B0CX5JV4DH,Bose QuietComfort Ultra,2026-03-14T17:14:40.506356+00:00,429.25,amazon,2026-05-17T17:14:40.651178+00:00,seed (simulated history - replace with Keepa API)
B0CX5JV4DH,Bose QuietComfort Ultra,2026-03-15T17:14:40.506356+00:00,427.27,amazon,2026-05-17T17:14:40.651198+00:00,seed (simulated history - replace with Keepa API)
B0CX5JV4DH,Bose QuietComfort Ultra,2026-03-16T17:14:40.506356+00:00,407.17,amazon,2026-05-17T17:14:40.651218+00:00,seed (simulated history - replace with Keepa API)
B0CX5JV4DH,Bose QuietComfort Ultra,2026-03-17T17:14:40.506356+00:00,425.31,amazon,2026-05-17T17:14:40.651239+00:00,seed (simulated history - replace with Keepa API)
B0CX5JV4DH,Bose QuietComfort Ultra,2026-03-18T17:14:40.506356+00:00,390.36,amazon,2026-05-17T17:14:40.651343+00:00,seed (simulated history - replace with Keepa API)
B0CX5JV4DH,Bose QuietComfort Ultra,2026-03-19T17:14:40.506356+00:00,423.47,amazon,2026-05-17T17:14:40.651366+00:00,seed (simulated history - replace with Keepa API)
B0CX5JV4DH,Bose QuietComfort Ultra,2026-03-20T17:14:40.506356+00:00,412.25,amazon,2026-05-17T17:14:40.651386+00:00,seed (simulated history - replace with Keepa API)
B0CX5JV4DH,Bose QuietComfort Ultra,2026-03-21T17:14:40.506356+00:00,445.73,amazon,2026-05-17T17:14:40.651438+00:00,seed (simulated history - replace with Keepa API)
B0CX5JV4DH,Bose QuietComfort Ultra,2026-03-22T17:14:40.506356+00:00,441.36,amazon,2026-05-17T17:14:40.651461+00:00,seed (simulated history - replace with Keepa API)
B0CX5JV4DH,Bose QuietComfort Ultra,2026-03-23T17:14:40.506356+00:00,405.34,amazon,2026-05-17T17:14:40.651487+00:00,seed (simulated history - replace with Keepa API)
B0CX5JV4DH,Bose QuietComfort Ultra,2026-03-24T17:14:40.506356+00:00,440.56,amazon,2026-05-17T17:14:40.651509+00:00,seed (simulated history - replace with Keepa API)
B0CX5JV4DH,Bose QuietComfort Ultra,2026-03-25T17:14:40.506356+00:00,424.27,amazon,2026-05-17T17:14:40.651529+00:00,seed (simulated history - replace with Keepa API)
B0CX5JV4DH,Bose QuietComfort Ultra,2026-03-26T17:14:40.506356+00:00,438.04,amazon,2026-05-17T17:14:40.651575+00:00,seed (simulated history - replace with Keepa API)
B0CX5JV4DH,Bose QuietComfort Ultra,2026-03-27T17:14:40.506356+00:00,410.15,amazon,2026-05-17T17:14:40.651594+00:00,seed (simulated history - replace with Keepa API)
B0CX5JV4DH,Bose QuietComfort Ultra,2026-03-28T17:14:40.506356+00:00,420.4,amazon,2026-05-17T17:14:40.651612+00:00,seed (simulated history - replace with Keepa API)
B0CX5JV4DH,Bose QuietComfort Ultra,2026-03-29T17:14:40.506356+00:00,430.22,amazon,2026-05-17T17:14:40.651629+00:00,seed (simulated history - replace with Keepa API)
B0CX5JV4DH,Bose QuietComfort Ultra,2026-03-30T17:14:40.506356+00:00,366.18,amazon,2026-05-17T17:14:40.651673+00:00,seed (simulated history - replace with Keepa API)
B0CX5JV4DH,Bose QuietComfort Ultra,2026-03-31T17:14:40.506356+00:00,346.8,amazon,2026-05-17T17:14:40.651697+00:00,seed (simulated history - replace with Keepa API)
B0CX5JV4DH,Bose QuietComfort Ultra,2026-04-01T17:14:40.506356+00:00,430.99,amazon,2026-05-17T17:14:40.651714+00:00,seed (simulated history - replace with Keepa API)
B0CX5JV4DH,Bose QuietComfort Ultra,2026-04-02T17:14:40.506356+00:00,329.68,amazon,2026-05-17T17:14:40.651749+00:00,seed (simulated history - replace with Keepa API)
B0CX5JV4DH,Bose QuietComfort Ultra,2026-04-03T17:14:40.506356+00:00,424.6,amazon,2026-05-17T17:14:40.651766+00:00,seed (simulated history - replace with Keepa API)
B0CX5JV4DH,Bose QuietComfort Ultra,2026-04-04T17:14:40.506356+00:00,297.45,amazon,2026-05-17T17:14:40.651787+00:00,seed (simulated history - replace with Keepa API)
B0CX5JV4DH,Bose QuietComfort Ultra,2026-04-05T17:14:40.506356+00:00,454.02,amazon,2026-05-17T17:14:40.651864+00:00,seed (simulated history - replace with Keepa API)
B0CX5JV4DH,Bose QuietComfort Ultra,2026-04-06T17:14:40.506356+00:00,415.28,amazon,2026-05-17T17:14:40.651889+00:00,seed (simulated history - replace with Keepa API)
B0CX5JV4DH,Bose QuietComfort Ultra,2026-04-07T17:14:40.506356+00:00,428.34,amazon,2026-05-17T17:14:40.651906+00:00,seed (simulated history - replace with Keepa API)
B0CX5JV4DH,Bose QuietComfort Ultra,2026-04-08T17:14:40.506356+00:00,453.61,amazon,2026-05-17T17:14:40.651923+00:00,seed (simulated history - replace with Keepa API)
B0CX5JV4DH,Bose QuietComfort Ultra,2026-04-09T17:14:40.506356+00:00,443.98,amazon,2026-05-17T17:14:40.651950+00:00,seed (simulated history - replace with Keepa API)
B0CX5JV4DH,Bose QuietComfort Ultra,2026-04-10T17:14:40.506356+00:00,330.58,amazon,2026-05-17T17:14:40.651979+00:00,seed (simulated history - replace with Keepa API)
B0CX5JV4DH,Bose QuietComfort Ultra,2026-04-11T17:14:40.506356+00:00,441.9,amazon,2026-05-17T17:14:40.652017+00:00,seed (simulated history - replace with Keepa API)
B0CX5JV4DH,Bose QuietComfort Ultra,2026-04-12T17:14:40.506356+00:00,453.96,amazon,2026-05-17T17:14:40.652035+00:00,seed (simulated history - replace with Keepa API)
B0CX5JV4DH,Bose QuietComfort Ultra,2026-04-13T17:14:40.506356+00:00,439.97,amazon,2026-05-17T17:14:40.652051+00:00,seed (simulated history - replace with Keepa API)
B0CX5JV4DH,Bose QuietComfort Ultra,2026-04-14T17:14:40.506356+00:00,311.8,amazon,2026-05-17T17:14:40.652078+00:00,seed (simulated history - replace with Keepa API)
B0CX5JV4DH,Bose QuietComfort Ultra,2026-04-15T17:14:40.506356+00:00,418.25,amazon,2026-05-17T17:14:40.652098+00:00,seed (simulated history - replace with Keepa API)
B0CX5JV4DH,Bose QuietComfort Ultra,2026-04-16T17:14:40.506356+00:00,425.44,amazon,2026-05-17T17:14:40.652117+00:00,seed (simulated history - replace with Keepa API)
B0CX5JV4DH,Bose QuietComfort Ultra,2026-04-17T17:14:40.506356+00:00,420.35,amazon,2026-05-17T17:14:40.652137+00:00,seed (simulated history - replace with Keepa API)
B0CX5JV4DH,Bose QuietComfort Ultra,2026-04-18T17:14:40.506356+00:00,340.63,amazon,2026-05-17T17:14:40.652161+00:00,seed (simulated history - replace with Keepa API)
B0CX5JV4DH,Bose QuietComfort Ultra,2026-04-19T17:14:40.506356+00:00,455.91,amazon,2026-05-17T17:14:40.652181+00:00,seed (simulated history - replace with Keepa API)
B0CX5JV4DH,Bose QuietComfort Ultra,2026-04-20T17:14:40.506356+00:00,443.33,amazon,2026-05-17T17:14:40.652201+00:00,seed (simulated history - replace with Keepa API)
B0CX5JV4DH,Bose QuietComfort Ultra,2026-04-21T17:14:40.506356+00:00,441.09,amazon,2026-05-17T17:14:40.652231+00:00,seed (simulated history - replace with Keepa API)
B0CX5JV4DH,Bose QuietComfort Ultra,2026-04-22T17:14:40.506356+00:00,425.35,amazon,2026-05-17T17:14:40.652250+00:00,seed (simulated history - replace with Keepa API)
B0CX5JV4DH,Bose QuietComfort Ultra,2026-04-23T17:14:40.506356+00:00,422.58,amazon,2026-05-17T17:14:40.652270+00:00,seed (simulated history - replace with Keepa API)
B0CX5JV4DH,Bose QuietComfort Ultra,2026-04-24T17:14:40.506356+00:00,425.4,amazon,2026-05-17T17:14:40.652289+00:00,seed (simulated history - replace with Keepa API)
B0CX5JV4DH,Bose QuietComfort Ultra,2026-04-25T17:14:40.506356+00:00,428.95,amazon,2026-05-17T17:14:40.652308+00:00,seed (simulated history - replace with Keepa API)
B0CX5JV4DH,Bose QuietComfort Ultra,2026-04-26T17:14:40.506356+00:00,419.33,amazon,2026-05-17T17:14:40.652327+00:00,seed (simulated history - replace with Keepa API)
B0CX5JV4DH,Bose QuietComfort Ultra,2026-04-27T17:14:40.506356+00:00,430.79,amazon,2026-05-17T17:14:40.652346+00:00,seed (simulated history - replace with Keepa API)
B0CX5JV4DH,Bose QuietComfort Ultra,2026-04-28T17:14:40.506356+00:00,429.67,amazon,2026-05-17T17:14:40.652366+00:00,seed (simulated history - replace with Keepa API)
B0CX5JV4DH,Bose QuietComfort Ultra,2026-04-29T17:14:40.506356+00:00,429.99,amazon,2026-05-17T17:14:40.652385+00:00,seed (simulated history - replace with Keepa API)
B0CX5JV4DH,Bose QuietComfort Ultra,2026-04-30T17:14:40.506356+00:00,447.78,amazon,2026-05-17T17:14:40.652405+00:00,seed (simulated history - replace with Keepa API)
B0CX5JV4DH,Bose QuietComfort Ultra,2026-05-01T17:14:40.506356+00:00,446.25,amazon,2026-05-17T17:14:40.652424+00:00,seed (simulated history - replace with Keepa API)
B0CX5JV4DH,Bose QuietComfort Ultra,2026-05-02T17:14:40.506356+00:00,434.63,amazon,2026-05-17T17:14:40.652443+00:00,seed (simulated history - replace with Keepa API)
B0CX5JV4DH,Bose QuietComfort Ultra,2026-05-03T17:14:40.506356+00:00,433.19,amazon,2026-05-17T17:14:40.652462+00:00,seed (simulated history - replace with Keepa API)
B0CX5JV4DH,Bose QuietComfort Ultra,2026-05-04T17:14:40.506356+00:00,457.88,amazon,2026-05-17T17:14:40.652486+00:00,seed (simulated history - replace with Keepa API)
B0CX5JV4DH,Bose QuietComfort Ultra,2026-05-05T17:14:40.506356+00:00,393.92,amazon,2026-05-17T17:14:40.652506+00:00,seed (simulated history - replace with Keepa API)
B0CX5JV4DH,Bose QuietComfort Ultra,2026-05-06T17:14:40.506356+00:00,345.93,amazon,2026-05-17T17:14:40.652533+00:00,seed (simulated history - replace with Keepa API)
B0CX5JV4DH,Bose QuietComfort Ultra,2026-05-07T17:14:40.506356+00:00,462.02,amazon,2026-05-17T17:14:40.652577+00:00,seed (simulated history - replace with Keepa API)
B0CX5JV4DH,Bose QuietComfort Ultra,2026-05-08T17:14:40.506356+00:00,433.0,amazon,2026-05-17T17:14:40.652598+00:00,seed (simulated history - replace with Keepa API)
B0CX5JV4DH,Bose QuietComfort Ultra,2026-05-09T17:14:40.506356+00:00,414.49,amazon,2026-05-17T17:14:40.652617+00:00,seed (simulated history - replace with Keepa API)
B0CX5JV4DH,Bose QuietComfort Ultra,2026-05-10T17:14:40.506356+00:00,411.44,amazon,2026-05-17T17:14:40.652636+00:00,seed (simulated history - replace with Keepa API)
B0CX5JV4DH,Bose QuietComfort Ultra,2026-05-11T17:14:40.506356+00:00,422.15,amazon,2026-05-17T17:14:40.652661+00:00,seed (simulated history - replace with Keepa API)
B0CX5JV4DH,Bose QuietComfort Ultra,2026-05-12T17:14:40.506356+00:00,449.66,amazon,2026-05-17T17:14:40.652680+00:00,seed (simulated history - replace with Keepa API)
B0CX5JV4DH,Bose QuietComfort Ultra,2026-05-13T17:14:40.506356+00:00,444.75,amazon,2026-05-17T17:14:40.652699+00:00,seed (simulated history - replace with Keepa API)
B0CX5JV4DH,Bose QuietComfort Ultra,2026-05-14T17:14:40.506356+00:00,408.78,amazon,2026-05-17T17:14:40.652719+00:00,seed (simulated history - replace with Keepa API)
B0CX5JV4DH,Bose QuietComfort Ultra,2026-05-15T17:14:40.506356+00:00,417.0,amazon,2026-05-17T17:14:40.652739+00:00,seed (simulated history - replace with Keepa API)
B0CX5JV4DH,Bose QuietComfort Ultra,2026-05-16T17:14:40.506356+00:00,438.86,amazon,2026-05-17T17:14:40.652762+00:00,seed (simulated history - replace with Keepa API)
B0CX5JV4DH,Bose QuietComfort Ultra,2026-05-17T17:14:40.506356+00:00,423.67,amazon,2026-05-17T17:14:40.652782+00:00,seed (simulated history - replace with Keepa API)
B0B4PSQHD5,Bose QuietComfort 45,2025-11-18T17:14:40.506356+00:00,333.55,amazon,2026-05-17T17:14:40.654136+00:00,seed (simulated history - replace with Keepa API)
B0B4PSQHD5,Bose QuietComfort 45,2025-11-19T17:14:40.506356+00:00,313.97,amazon,2026-05-17T17:14:40.654188+00:00,seed (simulated history - replace with Keepa API)
B0B4PSQHD5,Bose QuietComfort 45,2025-11-20T17:14:40.506356+00:00,246.87,amazon,2026-05-17T17:14:40.654215+00:00,seed (simulated history - replace with Keepa API)
B0B4PSQHD5,Bose QuietComfort 45,2025-11-21T17:14:40.506356+00:00,245.83,amazon,2026-05-17T17:14:40.654238+00:00,seed (simulated history - replace with Keepa API)
B0B4PSQHD5,Bose QuietComfort 45,2025-11-22T17:14:40.506356+00:00,234.2,amazon,2026-05-17T17:14:40.654259+00:00,seed (simulated history - replace with Keepa API)
B0B4PSQHD5,Bose QuietComfort 45,2025-11-23T17:14:40.506356+00:00,235.37,amazon,2026-05-17T17:14:40.654280+00:00,seed (simulated history - replace with Keepa API)
B0B4PSQHD5,Bose QuietComfort 45,2025-11-24T17:14:40.506356+00:00,256.3,amazon,2026-05-17T17:14:40.654302+00:00,seed (simulated history - replace with Keepa API)
B0B4PSQHD5,Bose QuietComfort 45,2025-11-25T17:14:40.506356+00:00,250.69,amazon,2026-05-17T17:14:40.654323+00:00,seed (simulated history - replace with Keepa API)
B0B4PSQHD5,Bose QuietComfort 45,2025-11-26T17:14:40.506356+00:00,257.11,amazon,2026-05-17T17:14:40.654344+00:00,seed (simulated history - replace with Keepa API)
B0B4PSQHD5,Bose QuietComfort 45,2025-11-27T17:14:40.506356+00:00,249.95,amazon,2026-05-17T17:14:40.654365+00:00,seed (simulated history - replace with Keepa API)
B0B4PSQHD5,Bose QuietComfort 45,2025-11-28T17:14:40.506356+00:00,248.16,amazon,2026-05-17T17:14:40.654388+00:00,seed (simulated history - replace with Keepa API)
B0B4PSQHD5,Bose QuietComfort 45,2025-11-29T17:14:40.506356+00:00,229.71,amazon,2026-05-17T17:14:40.654406+00:00,seed (simulated history - replace with Keepa API)
B0B4PSQHD5,Bose QuietComfort 45,2025-11-30T17:14:40.506356+00:00,244.08,amazon,2026-05-17T17:14:40.654445+00:00,seed (simulated history - replace with Keepa API)
B0B4PSQHD5,Bose QuietComfort 45,2025-12-01T17:14:40.506356+00:00,328.73,amazon,2026-05-17T17:14:40.654469+00:00,seed (simulated history - replace with Keepa API)
B0B4PSQHD5,Bose QuietComfort 45,2025-12-02T17:14:40.506356+00:00,338.71,amazon,2026-05-17T17:14:40.654499+00:00,seed (simulated history - replace with Keepa API)
B0B4PSQHD5,Bose QuietComfort 45,2025-12-03T17:14:40.506356+00:00,346.07,amazon,2026-05-17T17:14:40.654522+00:00,seed (simulated history - replace with Keepa API)
B0B4PSQHD5,Bose QuietComfort 45,2025-12-04T17:14:40.506356+00:00,313.67,amazon,2026-05-17T17:14:40.654570+00:00,seed (simulated history - replace with Keepa API)
B0B4PSQHD5,Bose QuietComfort 45,2025-12-05T17:14:40.506356+00:00,335.57,amazon,2026-05-17T17:14:40.654594+00:00,seed (simulated history - replace with Keepa API)
B0B4PSQHD5,Bose QuietComfort 45,2025-12-06T17:14:40.506356+00:00,309.96,amazon,2026-05-17T17:14:40.654617+00:00,seed (simulated history - replace with Keepa API)
B0B4PSQHD5,Bose QuietComfort 45,2025-12-07T17:14:40.506356+00:00,335.04,amazon,2026-05-17T17:14:40.654638+00:00,seed (simulated history - replace with Keepa API)
B0B4PSQHD5,Bose QuietComfort 45,2025-12-08T17:14:40.506356+00:00,340.61,amazon,2026-05-17T17:14:40.654660+00:00,seed (simulated history - replace with Keepa API)
B0B4PSQHD5,Bose QuietComfort 45,2025-12-09T17:14:40.506356+00:00,321.38,amazon,2026-05-17T17:14:40.654681+00:00,seed (simulated history - replace with Keepa API)
B0B4PSQHD5,Bose QuietComfort 45,2025-12-10T17:14:40.506356+00:00,326.43,amazon,2026-05-17T17:14:40.654702+00:00,seed (simulated history - replace with Keepa API)
B0B4PSQHD5,Bose QuietComfort 45,2025-12-11T17:14:40.506356+00:00,329.28,amazon,2026-05-17T17:14:40.654724+00:00,seed (simulated history - replace with Keepa API)
B0B4PSQHD5,Bose QuietComfort 45,2025-12-12T17:14:40.506356+00:00,314.08,amazon,2026-05-17T17:14:40.654752+00:00,seed (simulated history - replace with Keepa API)
B0B4PSQHD5,Bose QuietComfort 45,2025-12-13T17:14:40.506356+00:00,334.28,amazon,2026-05-17T17:14:40.654776+00:00,seed (simulated history - replace with Keepa API)
B0B4PSQHD5,Bose QuietComfort 45,2025-12-14T17:14:40.506356+00:00,310.5,amazon,2026-05-17T17:14:40.654798+00:00,seed (simulated history - replace with Keepa API)
B0B4PSQHD5,Bose QuietComfort 45,2025-12-15T17:14:40.506356+00:00,326.87,amazon,2026-05-17T17:14:40.654819+00:00,seed (simulated history - replace with Keepa API)
B0B4PSQHD5,Bose QuietComfort 45,2025-12-16T17:14:40.506356+00:00,346.46,amazon,2026-05-17T17:14:40.654841+00:00,seed (simulated history - replace with Keepa API)
B0B4PSQHD5,Bose QuietComfort 45,2025-12-17T17:14:40.506356+00:00,330.97,amazon,2026-05-17T17:14:40.654863+00:00,seed (simulated history - replace with Keepa API)
B0B4PSQHD5,Bose QuietComfort 45,2025-12-18T17:14:40.506356+00:00,316.36,amazon,2026-05-17T17:14:40.654892+00:00,seed (simulated history - replace with Keepa API)
B0B4PSQHD5,Bose QuietComfort 45,2025-12-19T17:14:40.506356+00:00,318.86,amazon,2026-05-17T17:14:40.654914+00:00,seed (simulated history - replace with Keepa API)
B0B4PSQHD5,Bose QuietComfort 45,2025-12-20T17:14:40.506356+00:00,312.59,amazon,2026-05-17T17:14:40.654941+00:00,seed (simulated history - replace with Keepa API)
B0B4PSQHD5,Bose QuietComfort 45,2025-12-21T17:14:40.506356+00:00,335.12,amazon,2026-05-17T17:14:40.654963+00:00,seed (simulated history - replace with Keepa API)
B0B4PSQHD5,Bose QuietComfort 45,2025-12-22T17:14:40.506356+00:00,316.58,amazon,2026-05-17T17:14:40.654990+00:00,seed (simulated history - replace with Keepa API)
B0B4PSQHD5,Bose QuietComfort 45,2025-12-23T17:14:40.506356+00:00,337.68,amazon,2026-05-17T17:14:40.655025+00:00,seed (simulated history - replace with Keepa API)
B0B4PSQHD5,Bose QuietComfort 45,2025-12-24T17:14:40.506356+00:00,330.73,amazon,2026-05-17T17:14:40.655047+00:00,seed (simulated history - replace with Keepa API)
B0B4PSQHD5,Bose QuietComfort 45,2025-12-25T17:14:40.506356+00:00,309.93,amazon,2026-05-17T17:14:40.655068+00:00,seed (simulated history - replace with Keepa API)
B0B4PSQHD5,Bose QuietComfort 45,2025-12-26T17:14:40.506356+00:00,310.54,amazon,2026-05-17T17:14:40.655089+00:00,seed (simulated history - replace with Keepa API)
B0B4PSQHD5,Bose QuietComfort 45,2025-12-27T17:14:40.506356+00:00,319.95,amazon,2026-05-17T17:14:40.655171+00:00,seed (simulated history - replace with Keepa API)
B0B4PSQHD5,Bose QuietComfort 45,2025-12-28T17:14:40.506356+00:00,327.31,amazon,2026-05-17T17:14:40.655196+00:00,seed (simulated history - replace with Keepa API)
B0B4PSQHD5,Bose QuietComfort 45,2025-12-29T17:14:40.506356+00:00,341.31,amazon,2026-05-17T17:14:40.655217+00:00,seed (simulated history - replace with Keepa API)
B0B4PSQHD5,Bose QuietComfort 45,2025-12-30T17:14:40.506356+00:00,333.68,amazon,2026-05-17T17:14:40.655239+00:00,seed (simulated history - replace with Keepa API)
B0B4PSQHD5,Bose QuietComfort 45,2025-12-31T17:14:40.506356+00:00,335.87,amazon,2026-05-17T17:14:40.655260+00:00,seed (simulated history - replace with Keepa API)
B0B4PSQHD5,Bose QuietComfort 45,2026-01-01T17:14:40.506356+00:00,267.02,amazon,2026-05-17T17:14:40.655303+00:00,seed (simulated history - replace with Keepa API)
B0B4PSQHD5,Bose QuietComfort 45,2026-01-02T17:14:40.506356+00:00,312.69,amazon,2026-05-17T17:14:40.655325+00:00,seed (simulated history - replace with Keepa API)
B0B4PSQHD5,Bose QuietComfort 45,2026-01-03T17:14:40.506356+00:00,329.23,amazon,2026-05-17T17:14:40.655348+00:00,seed (simulated history - replace with Keepa API)
B0B4PSQHD5,Bose QuietComfort 45,2026-01-04T17:14:40.506356+00:00,335.17,amazon,2026-05-17T17:14:40.655370+00:00,seed (simulated history - replace with Keepa API)
B0B4PSQHD5,Bose QuietComfort 45,2026-01-05T17:14:40.506356+00:00,328.27,amazon,2026-05-17T17:14:40.655391+00:00,seed (simulated history - replace with Keepa API)
B0B4PSQHD5,Bose QuietComfort 45,2026-01-06T17:14:40.506356+00:00,327.18,amazon,2026-05-17T17:14:40.655418+00:00,seed (simulated history - replace with Keepa API)
B0B4PSQHD5,Bose QuietComfort 45,2026-01-07T17:14:40.506356+00:00,325.15,amazon,2026-05-17T17:14:40.655440+00:00,seed (simulated history - replace with Keepa API)
B0B4PSQHD5,Bose QuietComfort 45,2026-01-08T17:14:40.506356+00:00,334.09,amazon,2026-05-17T17:14:40.655466+00:00,seed (simulated history - replace with Keepa API)
B0B4PSQHD5,Bose QuietComfort 45,2026-01-09T17:14:40.506356+00:00,323.79,amazon,2026-05-17T17:14:40.655496+00:00,seed (simulated history - replace with Keepa API)
B0B4PSQHD5,Bose QuietComfort 45,2026-01-10T17:14:40.506356+00:00,342.35,amazon,2026-05-17T17:14:40.655518+00:00,seed (simulated history - replace with Keepa API)
B0B4PSQHD5,Bose QuietComfort 45,2026-01-11T17:14:40.506356+00:00,287.77,amazon,2026-05-17T17:14:40.655576+00:00,seed (simulated history - replace with Keepa API)
B0B4PSQHD5,Bose QuietComfort 45,2026-01-12T17:14:40.506356+00:00,312.41,amazon,2026-05-17T17:14:40.655596+00:00,seed (simulated history - replace with Keepa API)
B0B4PSQHD5,Bose QuietComfort 45,2026-01-13T17:14:40.506356+00:00,324.37,amazon,2026-05-17T17:14:40.655621+00:00,seed (simulated history - replace with Keepa API)
B0B4PSQHD5,Bose QuietComfort 45,2026-01-14T17:14:40.506356+00:00,344.12,amazon,2026-05-17T17:14:40.655637+00:00,seed (simulated history - replace with Keepa API)
B0B4PSQHD5,Bose QuietComfort 45,2026-01-15T17:14:40.506356+00:00,337.17,amazon,2026-05-17T17:14:40.655654+00:00,seed (simulated history - replace with Keepa API)
B0B4PSQHD5,Bose QuietComfort 45,2026-01-16T17:14:40.506356+00:00,335.92,amazon,2026-05-17T17:14:40.655670+00:00,seed (simulated history - replace with Keepa API)
B0B4PSQHD5,Bose QuietComfort 45,2026-01-17T17:14:40.506356+00:00,323.04,amazon,2026-05-17T17:14:40.655687+00:00,seed (simulated history - replace with Keepa API)
B0B4PSQHD5,Bose QuietComfort 45,2026-01-18T17:14:40.506356+00:00,318.13,amazon,2026-05-17T17:14:40.655706+00:00,seed (simulated history - replace with Keepa API)
B0B4PSQHD5,Bose QuietComfort 45,2026-01-19T17:14:40.506356+00:00,321.33,amazon,2026-05-17T17:14:40.655727+00:00,seed (simulated history - replace with Keepa API)
B0B4PSQHD5,Bose QuietComfort 45,2026-01-20T17:14:40.506356+00:00,340.47,amazon,2026-05-17T17:14:40.655746+00:00,seed (simulated history - replace with Keepa API)
B0B4PSQHD5,Bose QuietComfort 45,2026-01-21T17:14:40.506356+00:00,317.27,amazon,2026-05-17T17:14:40.655766+00:00,seed (simulated history - replace with Keepa API)
B0B4PSQHD5,Bose QuietComfort 45,2026-01-22T17:14:40.506356+00:00,348.63,amazon,2026-05-17T17:14:40.655784+00:00,seed (simulated history - replace with Keepa API)
B0B4PSQHD5,Bose QuietComfort 45,2026-01-23T17:14:40.506356+00:00,330.22,amazon,2026-05-17T17:14:40.655804+00:00,seed (simulated history - replace with Keepa API)
B0B4PSQHD5,Bose QuietComfort 45,2026-01-24T17:14:40.506356+00:00,347.72,amazon,2026-05-17T17:14:40.655824+00:00,seed (simulated history - replace with Keepa API)
B0B4PSQHD5,Bose QuietComfort 45,2026-01-25T17:14:40.506356+00:00,340.71,amazon,2026-05-17T17:14:40.655844+00:00,seed (simulated history - replace with Keepa API)
B0B4PSQHD5,Bose QuietComfort 45,2026-01-26T17:14:40.506356+00:00,310.33,amazon,2026-05-17T17:14:40.655864+00:00,seed (simulated history - replace with Keepa API)
B0B4PSQHD5,Bose QuietComfort 45,2026-01-27T17:14:40.506356+00:00,322.1,amazon,2026-05-17T17:14:40.655882+00:00,seed (simulated history - replace with Keepa API)
B0B4PSQHD5,Bose QuietComfort 45,2026-01-28T17:14:40.506356+00:00,333.09,amazon,2026-05-17T17:14:40.655907+00:00,seed (simulated history - replace with Keepa API)
B0B4PSQHD5,Bose QuietComfort 45,2026-01-29T17:14:40.506356+00:00,323.4,amazon,2026-05-17T17:14:40.655927+00:00,seed (simulated history - replace with Keepa API)
B0B4PSQHD5,Bose QuietComfort 45,2026-01-30T17:14:40.506356+00:00,335.28,amazon,2026-05-17T17:14:40.655946+00:00,seed (simulated history - replace with Keepa API)
B0B4PSQHD5,Bose QuietComfort 45,2026-01-31T17:14:40.506356+00:00,353.75,amazon,2026-05-17T17:14:40.655966+00:00,seed (simulated history - replace with Keepa API)
B0B4PSQHD5,Bose QuietComfort 45,2026-02-01T17:14:40.506356+00:00,346.17,amazon,2026-05-17T17:14:40.655998+00:00,seed (simulated history - replace with Keepa API)
B0B4PSQHD5,Bose QuietComfort 45,2026-02-02T17:14:40.506356+00:00,352.95,amazon,2026-05-17T17:14:40.656032+00:00,seed (simulated history - replace with Keepa API)
B0B4PSQHD5,Bose QuietComfort 45,2026-02-03T17:14:40.506356+00:00,323.33,amazon,2026-05-17T17:14:40.656052+00:00,seed (simulated history - replace with Keepa API)
B0B4PSQHD5,Bose QuietComfort 45,2026-02-04T17:14:40.506356+00:00,349.61,amazon,2026-05-17T17:14:40.656073+00:00,seed (simulated history - replace with Keepa API)
B0B4PSQHD5,Bose QuietComfort 45,2026-02-05T17:14:40.506356+00:00,324.79,amazon,2026-05-17T17:14:40.656093+00:00,seed (simulated history - replace with Keepa API)
B0B4PSQHD5,Bose QuietComfort 45,2026-02-06T17:14:40.506356+00:00,328.11,amazon,2026-05-17T17:14:40.656111+00:00,seed (simulated history - replace with Keepa API)
B0B4PSQHD5,Bose QuietComfort 45,2026-02-07T17:14:40.506356+00:00,333.88,amazon,2026-05-17T17:14:40.656131+00:00,seed (simulated history - replace with Keepa API)
B0B4PSQHD5,Bose QuietComfort 45,2026-02-08T17:14:40.506356+00:00,330.4,amazon,2026-05-17T17:14:40.656151+00:00,seed (simulated history - replace with Keepa API)
B0B4PSQHD5,Bose QuietComfort 45,2026-02-09T17:14:40.506356+00:00,345.52,amazon,2026-05-17T17:14:40.656170+00:00,seed (simulated history - replace with Keepa API)
B0B4PSQHD5,Bose QuietComfort 45,2026-02-10T17:14:40.506356+00:00,348.54,amazon,2026-05-17T17:14:40.656246+00:00,seed (simulated history - replace with Keepa API)
B0B4PSQHD5,Bose QuietComfort 45,2026-02-11T17:14:40.506356+00:00,335.34,amazon,2026-05-17T17:14:40.656276+00:00,seed (simulated history - replace with Keepa API)
B0B4PSQHD5,Bose QuietComfort 45,2026-02-12T17:14:40.506356+00:00,315.4,amazon,2026-05-17T17:14:40.656296+00:00,seed (simulated history - replace with Keepa API)
B0B4PSQHD5,Bose QuietComfort 45,2026-02-13T17:14:40.506356+00:00,345.78,amazon,2026-05-17T17:14:40.656314+00:00,seed (simulated history - replace with Keepa API)
B0B4PSQHD5,Bose QuietComfort 45,2026-02-14T17:14:40.506356+00:00,346.17,amazon,2026-05-17T17:14:40.656334+00:00,seed (simulated history - replace with Keepa API)
B0B4PSQHD5,Bose QuietComfort 45,2026-02-15T17:14:40.506356+00:00,329.84,amazon,2026-05-17T17:14:40.656354+00:00,seed (simulated history - replace with Keepa API)
B0B4PSQHD5,Bose QuietComfort 45,2026-02-16T17:14:40.506356+00:00,312.97,amazon,2026-05-17T17:14:40.656381+00:00,seed (simulated history - replace with Keepa API)
B0B4PSQHD5,Bose QuietComfort 45,2026-02-17T17:14:40.506356+00:00,312.61,amazon,2026-05-17T17:14:40.656400+00:00,seed (simulated history - replace with Keepa API)
B0B4PSQHD5,Bose QuietComfort 45,2026-02-18T17:14:40.506356+00:00,317.94,amazon,2026-05-17T17:14:40.656422+00:00,seed (simulated history - replace with Keepa API)
B0B4PSQHD5,Bose QuietComfort 45,2026-02-19T17:14:40.506356+00:00,328.91,amazon,2026-05-17T17:14:40.656442+00:00,seed (simulated history - replace with Keepa API)
B0B4PSQHD5,Bose QuietComfort 45,2026-02-20T17:14:40.506356+00:00,345.18,amazon,2026-05-17T17:14:40.656462+00:00,seed (simulated history - replace with Keepa API)
B0B4PSQHD5,Bose QuietComfort 45,2026-02-21T17:14:40.506356+00:00,339.65,amazon,2026-05-17T17:14:40.656521+00:00,seed (simulated history - replace with Keepa API)
B0B4PSQHD5,Bose QuietComfort 45,2026-02-22T17:14:40.506356+00:00,341.46,amazon,2026-05-17T17:14:40.656561+00:00,seed (simulated history - replace with Keepa API)
B0B4PSQHD5,Bose QuietComfort 45,2026-02-23T17:14:40.506356+00:00,335.38,amazon,2026-05-17T17:14:40.656583+00:00,seed (simulated history - replace with Keepa API)
B0B4PSQHD5,Bose QuietComfort 45,2026-02-24T17:14:40.506356+00:00,332.14,amazon,2026-05-17T17:14:40.656604+00:00,seed (simulated history - replace with Keepa API)
B0B4PSQHD5,Bose QuietComfort 45,2026-02-25T17:14:40.506356+00:00,331.85,amazon,2026-05-17T17:14:40.656624+00:00,seed (simulated history - replace with Keepa API)
B0B4PSQHD5,Bose QuietComfort 45,2026-02-26T17:14:40.506356+00:00,319.16,amazon,2026-05-17T17:14:40.656650+00:00,seed (simulated history - replace with Keepa API)
B0B4PSQHD5,Bose QuietComfort 45,2026-02-27T17:14:40.506356+00:00,281.89,amazon,2026-05-17T17:14:40.656691+00:00,seed (simulated history - replace with Keepa API)
B0B4PSQHD5,Bose QuietComfort 45,2026-02-28T17:14:40.506356+00:00,320.57,amazon,2026-05-17T17:14:40.656713+00:00,seed (simulated history - replace with Keepa API)
B0B4PSQHD5,Bose QuietComfort 45,2026-03-01T17:14:40.506356+00:00,322.65,amazon,2026-05-17T17:14:40.656733+00:00,seed (simulated history - replace with Keepa API)
B0B4PSQHD5,Bose QuietComfort 45,2026-03-02T17:14:40.506356+00:00,327.84,amazon,2026-05-17T17:14:40.656753+00:00,seed (simulated history - replace with Keepa API)
B0B4PSQHD5,Bose QuietComfort 45,2026-03-03T17:14:40.506356+00:00,329.15,amazon,2026-05-17T17:14:40.656774+00:00,seed (simulated history - replace with Keepa API)
B0B4PSQHD5,Bose QuietComfort 45,2026-03-04T17:14:40.506356+00:00,332.32,amazon,2026-05-17T17:14:40.656793+00:00,seed (simulated history - replace with Keepa API)
B0B4PSQHD5,Bose QuietComfort 45,2026-03-05T17:14:40.506356+00:00,321.73,amazon,2026-05-17T17:14:40.656809+00:00,seed (simulated history - replace with Keepa API)
B0B4PSQHD5,Bose QuietComfort 45,2026-03-06T17:14:40.506356+00:00,336.1,amazon,2026-05-17T17:14:40.656825+00:00,seed (simulated history - replace with Keepa API)
B0B4PSQHD5,Bose QuietComfort 45,2026-03-07T17:14:40.506356+00:00,346.96,amazon,2026-05-17T17:14:40.656840+00:00,seed (simulated history - replace with Keepa API)
B0B4PSQHD5,Bose QuietComfort 45,2026-03-08T17:14:40.506356+00:00,323.23,amazon,2026-05-17T17:14:40.656863+00:00,seed (simulated history - replace with Keepa API)
B0B4PSQHD5,Bose QuietComfort 45,2026-03-09T17:14:40.506356+00:00,353.2,amazon,2026-05-17T17:14:40.656878+00:00,seed (simulated history - replace with Keepa API)
B0B4PSQHD5,Bose QuietComfort 45,2026-03-10T17:14:40.506356+00:00,348.58,amazon,2026-05-17T17:14:40.656895+00:00,seed (simulated history - replace with Keepa API)
B0B4PSQHD5,Bose QuietComfort 45,2026-03-11T17:14:40.506356+00:00,329.12,amazon,2026-05-17T17:14:40.656911+00:00,seed (simulated history - replace with Keepa API)
B0B4PSQHD5,Bose QuietComfort 45,2026-03-12T17:14:40.506356+00:00,272.97,amazon,2026-05-17T17:14:40.656949+00:00,seed (simulated history - replace with Keepa API)
B0B4PSQHD5,Bose QuietComfort 45,2026-03-13T17:14:40.506356+00:00,322.52,amazon,2026-05-17T17:14:40.656968+00:00,seed (simulated history - replace with Keepa API)
B0B4PSQHD5,Bose QuietComfort 45,2026-03-14T17:14:40.506356+00:00,337.62,amazon,2026-05-17T17:14:40.656995+00:00,seed (simulated history - replace with Keepa API)
B0B4PSQHD5,Bose QuietComfort 45,2026-03-15T17:14:40.506356+00:00,352.95,amazon,2026-05-17T17:14:40.657025+00:00,seed (simulated history - replace with Keepa API)
B0B4PSQHD5,Bose QuietComfort 45,2026-03-16T17:14:40.506356+00:00,327.41,amazon,2026-05-17T17:14:40.657041+00:00,seed (simulated history - replace with Keepa API)
B0B4PSQHD5,Bose QuietComfort 45,2026-03-17T17:14:40.506356+00:00,335.98,amazon,2026-05-17T17:14:40.657058+00:00,seed (simulated history - replace with Keepa API)
B0B4PSQHD5,Bose QuietComfort 45,2026-03-18T17:14:40.506356+00:00,327.28,amazon,2026-05-17T17:14:40.657078+00:00,seed (simulated history - replace with Keepa API)
B0B4PSQHD5,Bose QuietComfort 45,2026-03-19T17:14:40.506356+00:00,345.92,amazon,2026-05-17T17:14:40.657097+00:00,seed (simulated history - replace with Keepa API)
B0B4PSQHD5,Bose QuietComfort 45,2026-03-20T17:14:40.506356+00:00,345.65,amazon,2026-05-17T17:14:40.657116+00:00,seed (simulated history - replace with Keepa API)
B0B4PSQHD5,Bose QuietComfort 45,2026-03-21T17:14:40.506356+00:00,286.23,amazon,2026-05-17T17:14:40.657143+00:00,seed (simulated history - replace with Keepa API)
B0B4PSQHD5,Bose QuietComfort 45,2026-03-22T17:14:40.506356+00:00,348.41,amazon,2026-05-17T17:14:40.657161+00:00,seed (simulated history - replace with Keepa API)
B0B4PSQHD5,Bose QuietComfort 45,2026-03-23T17:14:40.506356+00:00,328.61,amazon,2026-05-17T17:14:40.657179+00:00,seed (simulated history - replace with Keepa API)
B0B4PSQHD5,Bose QuietComfort 45,2026-03-24T17:14:40.506356+00:00,339.61,amazon,2026-05-17T17:14:40.657207+00:00,seed (simulated history - replace with Keepa API)
B0B4PSQHD5,Bose QuietComfort 45,2026-03-25T17:14:40.506356+00:00,339.34,amazon,2026-05-17T17:14:40.657225+00:00,seed (simulated history - replace with Keepa API)
B0B4PSQHD5,Bose QuietComfort 45,2026-03-26T17:14:40.506356+00:00,299.84,amazon,2026-05-17T17:14:40.657243+00:00,seed (simulated history - replace with Keepa API)
B0B4PSQHD5,Bose QuietComfort 45,2026-03-27T17:14:40.506356+00:00,322.67,amazon,2026-05-17T17:14:40.657264+00:00,seed (simulated history - replace with Keepa API)
B0B4PSQHD5,Bose QuietComfort 45,2026-03-28T17:14:40.506356+00:00,330.21,amazon,2026-05-17T17:14:40.657354+00:00,seed (simulated history - replace with Keepa API)
B0B4PSQHD5,Bose QuietComfort 45,2026-03-29T17:14:40.506356+00:00,324.86,amazon,2026-05-17T17:14:40.657399+00:00,seed (simulated history - replace with Keepa API)
B0B4PSQHD5,Bose QuietComfort 45,2026-03-30T17:14:40.506356+00:00,321.94,amazon,2026-05-17T17:14:40.657419+00:00,seed (simulated history - replace with Keepa API)
B0B4PSQHD5,Bose QuietComfort 45,2026-03-31T17:14:40.506356+00:00,340.07,amazon,2026-05-17T17:14:40.657438+00:00,seed (simulated history - replace with Keepa API)
B0B4PSQHD5,Bose QuietComfort 45,2026-04-01T17:14:40.506356+00:00,324.49,amazon,2026-05-17T17:14:40.657459+00:00,seed (simulated history - replace with Keepa API)
B0B4PSQHD5,Bose QuietComfort 45,2026-04-02T17:14:40.506356+00:00,332.35,amazon,2026-05-17T17:14:40.657490+00:00,seed (simulated history - replace with Keepa API)
B0B4PSQHD5,Bose QuietComfort 45,2026-04-03T17:14:40.506356+00:00,339.08,amazon,2026-05-17T17:14:40.657511+00:00,seed (simulated history - replace with Keepa API)
B0B4PSQHD5,Bose QuietComfort 45,2026-04-04T17:14:40.506356+00:00,290.77,amazon,2026-05-17T17:14:40.657573+00:00,seed (simulated history - replace with Keepa API)
B0B4PSQHD5,Bose QuietComfort 45,2026-04-05T17:14:40.506356+00:00,321.84,amazon,2026-05-17T17:14:40.657597+00:00,seed (simulated history - replace with Keepa API)
B0B4PSQHD5,Bose QuietComfort 45,2026-04-06T17:14:40.506356+00:00,324.55,amazon,2026-05-17T17:14:40.657618+00:00,seed (simulated history - replace with Keepa API)
B0B4PSQHD5,Bose QuietComfort 45,2026-04-07T17:14:40.506356+00:00,349.59,amazon,2026-05-17T17:14:40.657641+00:00,seed (simulated history - replace with Keepa API)
B0B4PSQHD5,Bose QuietComfort 45,2026-04-08T17:14:40.506356+00:00,331.75,amazon,2026-05-17T17:14:40.657663+00:00,seed (simulated history - replace with Keepa API)
B0B4PSQHD5,Bose QuietComfort 45,2026-04-09T17:14:40.506356+00:00,316.65,amazon,2026-05-17T17:14:40.657717+00:00,seed (simulated history - replace with Keepa API)
B0B4PSQHD5,Bose QuietComfort 45,2026-04-10T17:14:40.506356+00:00,281.2,amazon,2026-05-17T17:14:40.657768+00:00,seed (simulated history - replace with Keepa API)
B0B4PSQHD5,Bose QuietComfort 45,2026-04-11T17:14:40.506356+00:00,335.27,amazon,2026-05-17T17:14:40.657796+00:00,seed (simulated history - replace with Keepa API)
B0B4PSQHD5,Bose QuietComfort 45,2026-04-12T17:14:40.506356+00:00,327.84,amazon,2026-05-17T17:14:40.657818+00:00,seed (simulated history - replace with Keepa API)
B0B4PSQHD5,Bose QuietComfort 45,2026-04-13T17:14:40.506356+00:00,333.68,amazon,2026-05-17T17:14:40.657840+00:00,seed (simulated history - replace with Keepa API)
B0B4PSQHD5,Bose QuietComfort 45,2026-04-14T17:14:40.506356+00:00,335.98,amazon,2026-05-17T17:14:40.657862+00:00,seed (simulated history - replace with Keepa API)
B0B4PSQHD5,Bose QuietComfort 45,2026-04-15T17:14:40.506356+00:00,315.42,amazon,2026-05-17T17:14:40.657884+00:00,seed (simulated history - replace with Keepa API)
B0B4PSQHD5,Bose QuietComfort 45,2026-04-16T17:14:40.506356+00:00,324.33,amazon,2026-05-17T17:14:40.657925+00:00,seed (simulated history - replace with Keepa API)
B0B4PSQHD5,Bose QuietComfort 45,2026-04-17T17:14:40.506356+00:00,352.38,amazon,2026-05-17T17:14:40.657946+00:00,seed (simulated history - replace with Keepa API)
B0B4PSQHD5,Bose QuietComfort 45,2026-04-18T17:14:40.506356+00:00,342.77,amazon,2026-05-17T17:14:40.657972+00:00,seed (simulated history - replace with Keepa API)
B0B4PSQHD5,Bose QuietComfort 45,2026-04-19T17:14:40.506356+00:00,331.39,amazon,2026-05-17T17:14:40.658021+00:00,seed (simulated history - replace with Keepa API)
B0B4PSQHD5,Bose QuietComfort 45,2026-04-20T17:14:40.506356+00:00,331.97,amazon,2026-05-17T17:14:40.658045+00:00,seed (simulated history - replace with Keepa API)
B0B4PSQHD5,Bose QuietComfort 45,2026-04-21T17:14:40.506356+00:00,328.64,amazon,2026-05-17T17:14:40.658068+00:00,seed (simulated history - replace with Keepa API)
B0B4PSQHD5,Bose QuietComfort 45,2026-04-22T17:14:40.506356+00:00,311.85,amazon,2026-05-17T17:14:40.658089+00:00,seed (simulated history - replace with Keepa API)
B0B4PSQHD5,Bose QuietComfort 45,2026-04-23T17:14:40.506356+00:00,323.08,amazon,2026-05-17T17:14:40.658121+00:00,seed (simulated history - replace with Keepa API)
B0B4PSQHD5,Bose QuietComfort 45,2026-04-24T17:14:40.506356+00:00,333.07,amazon,2026-05-17T17:14:40.658143+00:00,seed (simulated history - replace with Keepa API)
B0B4PSQHD5,Bose QuietComfort 45,2026-04-25T17:14:40.506356+00:00,324.55,amazon,2026-05-17T17:14:40.658164+00:00,seed (simulated history - replace with Keepa API)
B0B4PSQHD5,Bose QuietComfort 45,2026-04-26T17:14:40.506356+00:00,318.95,amazon,2026-05-17T17:14:40.658185+00:00,seed (simulated history - replace with Keepa API)
B0B4PSQHD5,Bose QuietComfort 45,2026-04-27T17:14:40.506356+00:00,320.11,amazon,2026-05-17T17:14:40.658202+00:00,seed (simulated history - replace with Keepa API)
B0B4PSQHD5,Bose QuietComfort 45,2026-04-28T17:14:40.506356+00:00,343.01,amazon,2026-05-17T17:14:40.658219+00:00,seed (simulated history - replace with Keepa API)
B0B4PSQHD5,Bose QuietComfort 45,2026-04-29T17:14:40.506356+00:00,324.04,amazon,2026-05-17T17:14:40.658235+00:00,seed (simulated history - replace with Keepa API)
B0B4PSQHD5,Bose QuietComfort 45,2026-04-30T17:14:40.506356+00:00,340.64,amazon,2026-05-17T17:14:40.658253+00:00,seed (simulated history - replace with Keepa API)
B0B4PSQHD5,Bose QuietComfort 45,2026-05-01T17:14:40.506356+00:00,332.02,amazon,2026-05-17T17:14:40.658274+00:00,seed (simulated history - replace with Keepa API)
B0B4PSQHD5,Bose QuietComfort 45,2026-05-02T17:14:40.506356+00:00,326.72,amazon,2026-05-17T17:14:40.658290+00:00,seed (simulated history - replace with Keepa API)
B0B4PSQHD5,Bose QuietComfort 45,2026-05-03T17:14:40.506356+00:00,321.5,amazon,2026-05-17T17:14:40.658307+00:00,seed (simulated history - replace with Keepa API)
B0B4PSQHD5,Bose QuietComfort 45,2026-05-04T17:14:40.506356+00:00,335.55,amazon,2026-05-17T17:14:40.658325+00:00,seed (simulated history - replace with Keepa API)
B0B4PSQHD5,Bose QuietComfort 45,2026-05-05T17:14:40.506356+00:00,339.25,amazon,2026-05-17T17:14:40.658352+00:00,seed (simulated history - replace with Keepa API)
B0B4PSQHD5,Bose QuietComfort 45,2026-05-06T17:14:40.506356+00:00,336.54,amazon,2026-05-17T17:14:40.658371+00:00,seed (simulated history - replace with Keepa API)
B0B4PSQHD5,Bose QuietComfort 45,2026-05-07T17:14:40.506356+00:00,316.31,amazon,2026-05-17T17:14:40.658464+00:00,seed (simulated history - replace with Keepa API)
B0B4PSQHD5,Bose QuietComfort 45,2026-05-08T17:14:40.506356+00:00,324.01,amazon,2026-05-17T17:14:40.658498+00:00,seed (simulated history - replace with Keepa API)
B0B4PSQHD5,Bose QuietComfort 45,2026-05-09T17:14:40.506356+00:00,325.12,amazon,2026-05-17T17:14:40.658519+00:00,seed (simulated history - replace with Keepa API)
B0B4PSQHD5,Bose QuietComfort 45,2026-05-10T17:14:40.506356+00:00,310.16,amazon,2026-05-17T17:14:40.658555+00:00,seed (simulated history - replace with Keepa API)
B0B4PSQHD5,Bose QuietComfort 45,2026-05-11T17:14:40.506356+00:00,333.58,amazon,2026-05-17T17:14:40.658575+00:00,seed (simulated history - replace with Keepa API)
B0B4PSQHD5,Bose QuietComfort 45,2026-05-12T17:14:40.506356+00:00,335.01,amazon,2026-05-17T17:14:40.658593+00:00,seed (simulated history - replace with Keepa API)
B0B4PSQHD5,Bose QuietComfort 45,2026-05-13T17:14:40.506356+00:00,334.65,amazon,2026-05-17T17:14:40.658613+00:00,seed (simulated history - replace with Keepa API)
B0B4PSQHD5,Bose QuietComfort 45,2026-05-14T17:14:40.506356+00:00,332.92,amazon,2026-05-17T17:14:40.658643+00:00,seed (simulated history - replace with Keepa API)
B0B4PSQHD5,Bose QuietComfort 45,2026-05-15T17:14:40.506356+00:00,325.91,amazon,2026-05-17T17:14:40.658661+00:00,seed (simulated history - replace with Keepa API)
B0B4PSQHD5,Bose QuietComfort 45,2026-05-16T17:14:40.506356+00:00,321.14,amazon,2026-05-17T17:14:40.658678+00:00,seed (simulated history - replace with Keepa API)
B0B4PSQHD5,Bose QuietComfort 45,2026-05-17T17:14:40.506356+00:00,325.88,amazon,2026-05-17T17:14:40.658696+00:00,seed (simulated history - replace with Keepa API)
B0BQJ6CYNJ,Anker 737 Power Bank 24K,2025-11-18T17:14:40.506356+00:00,151.4,amazon,2026-05-17T17:14:40.660162+00:00,seed (simulated history - replace with Keepa API)
B0BQJ6CYNJ,Anker 737 Power Bank 24K,2025-11-19T17:14:40.506356+00:00,155.76,amazon,2026-05-17T17:14:40.660204+00:00,seed (simulated history - replace with Keepa API)
B0BQJ6CYNJ,Anker 737 Power Bank 24K,2025-11-20T17:14:40.506356+00:00,112.84,amazon,2026-05-17T17:14:40.660228+00:00,seed (simulated history - replace with Keepa API)
B0BQJ6CYNJ,Anker 737 Power Bank 24K,2025-11-21T17:14:40.506356+00:00,109.7,amazon,2026-05-17T17:14:40.660250+00:00,seed (simulated history - replace with Keepa API)
B0BQJ6CYNJ,Anker 737 Power Bank 24K,2025-11-22T17:14:40.506356+00:00,108.53,amazon,2026-05-17T17:14:40.660272+00:00,seed (simulated history - replace with Keepa API)
B0BQJ6CYNJ,Anker 737 Power Bank 24K,2025-11-23T17:14:40.506356+00:00,127.24,amazon,2026-05-17T17:14:40.660295+00:00,seed (simulated history - replace with Keepa API)
B0BQJ6CYNJ,Anker 737 Power Bank 24K,2025-11-24T17:14:40.506356+00:00,114.92,amazon,2026-05-17T17:14:40.660315+00:00,seed (simulated history - replace with Keepa API)
B0BQJ6CYNJ,Anker 737 Power Bank 24K,2025-11-25T17:14:40.506356+00:00,115.05,amazon,2026-05-17T17:14:40.660355+00:00,seed (simulated history - replace with Keepa API)
B0BQJ6CYNJ,Anker 737 Power Bank 24K,2025-11-26T17:14:40.506356+00:00,115.17,amazon,2026-05-17T17:14:40.660377+00:00,seed (simulated history - replace with Keepa API)
B0BQJ6CYNJ,Anker 737 Power Bank 24K,2025-11-27T17:14:40.506356+00:00,118.82,amazon,2026-05-17T17:14:40.660397+00:00,seed (simulated history - replace with Keepa API)
B0BQJ6CYNJ,Anker 737 Power Bank 24K,2025-11-28T17:14:40.506356+00:00,114.33,amazon,2026-05-17T17:14:40.660416+00:00,seed (simulated history - replace with Keepa API)
B0BQJ6CYNJ,Anker 737 Power Bank 24K,2025-11-29T17:14:40.506356+00:00,116.17,amazon,2026-05-17T17:14:40.660436+00:00,seed (simulated history - replace with Keepa API)
B0BQJ6CYNJ,Anker 737 Power Bank 24K,2025-11-30T17:14:40.506356+00:00,107.73,amazon,2026-05-17T17:14:40.660456+00:00,seed (simulated history - replace with Keepa API)
B0BQJ6CYNJ,Anker 737 Power Bank 24K,2025-12-01T17:14:40.506356+00:00,154.42,amazon,2026-05-17T17:14:40.660489+00:00,seed (simulated history - replace with Keepa API)
B0BQJ6CYNJ,Anker 737 Power Bank 24K,2025-12-02T17:14:40.506356+00:00,124.91,amazon,2026-05-17T17:14:40.660568+00:00,seed (simulated history - replace with Keepa API)
B0BQJ6CYNJ,Anker 737 Power Bank 24K,2025-12-03T17:14:40.506356+00:00,141.55,amazon,2026-05-17T17:14:40.660596+00:00,seed (simulated history - replace with Keepa API)
B0BQJ6CYNJ,Anker 737 Power Bank 24K,2025-12-04T17:14:40.506356+00:00,155.3,amazon,2026-05-17T17:14:40.660618+00:00,seed (simulated history - replace with Keepa API)
B0BQJ6CYNJ,Anker 737 Power Bank 24K,2025-12-05T17:14:40.506356+00:00,148.97,amazon,2026-05-17T17:14:40.660698+00:00,seed (simulated history - replace with Keepa API)
B0BQJ6CYNJ,Anker 737 Power Bank 24K,2025-12-06T17:14:40.506356+00:00,151.79,amazon,2026-05-17T17:14:40.660721+00:00,seed (simulated history - replace with Keepa API)
B0BQJ6CYNJ,Anker 737 Power Bank 24K,2025-12-07T17:14:40.506356+00:00,153.51,amazon,2026-05-17T17:14:40.660744+00:00,seed (simulated history - replace with Keepa API)
B0BQJ6CYNJ,Anker 737 Power Bank 24K,2025-12-08T17:14:40.506356+00:00,130.61,amazon,2026-05-17T17:14:40.660780+00:00,seed (simulated history - replace with Keepa API)
B0BQJ6CYNJ,Anker 737 Power Bank 24K,2025-12-09T17:14:40.506356+00:00,110.35,amazon,2026-05-17T17:14:40.660809+00:00,seed (simulated history - replace with Keepa API)
B0BQJ6CYNJ,Anker 737 Power Bank 24K,2025-12-10T17:14:40.506356+00:00,136.35,amazon,2026-05-17T17:14:40.660840+00:00,seed (simulated history - replace with Keepa API)
B0BQJ6CYNJ,Anker 737 Power Bank 24K,2025-12-11T17:14:40.506356+00:00,141.92,amazon,2026-05-17T17:14:40.660863+00:00,seed (simulated history - replace with Keepa API)
B0BQJ6CYNJ,Anker 737 Power Bank 24K,2025-12-12T17:14:40.506356+00:00,152.42,amazon,2026-05-17T17:14:40.660885+00:00,seed (simulated history - replace with Keepa API)
B0BQJ6CYNJ,Anker 737 Power Bank 24K,2025-12-13T17:14:40.506356+00:00,150.9,amazon,2026-05-17T17:14:40.660904+00:00,seed (simulated history - replace with Keepa API)
B0BQJ6CYNJ,Anker 737 Power Bank 24K,2025-12-14T17:14:40.506356+00:00,142.98,amazon,2026-05-17T17:14:40.660929+00:00,seed (simulated history - replace with Keepa API)
B0BQJ6CYNJ,Anker 737 Power Bank 24K,2025-12-15T17:14:40.506356+00:00,152.07,amazon,2026-05-17T17:14:40.660951+00:00,seed (simulated history - replace with Keepa API)
B0BQJ6CYNJ,Anker 737 Power Bank 24K,2025-12-16T17:14:40.506356+00:00,145.83,amazon,2026-05-17T17:14:40.660972+00:00,seed (simulated history - replace with Keepa API)
B0BQJ6CYNJ,Anker 737 Power Bank 24K,2025-12-17T17:14:40.506356+00:00,146.51,amazon,2026-05-17T17:14:40.661001+00:00,seed (simulated history - replace with Keepa API)
B0BQJ6CYNJ,Anker 737 Power Bank 24K,2025-12-18T17:14:40.506356+00:00,149.73,amazon,2026-05-17T17:14:40.661056+00:00,seed (simulated history - replace with Keepa API)
B0BQJ6CYNJ,Anker 737 Power Bank 24K,2025-12-19T17:14:40.506356+00:00,157.93,amazon,2026-05-17T17:14:40.661078+00:00,seed (simulated history - replace with Keepa API)
B0BQJ6CYNJ,Anker 737 Power Bank 24K,2025-12-20T17:14:40.506356+00:00,162.55,amazon,2026-05-17T17:14:40.661099+00:00,seed (simulated history - replace with Keepa API)
B0BQJ6CYNJ,Anker 737 Power Bank 24K,2025-12-21T17:14:40.506356+00:00,141.98,amazon,2026-05-17T17:14:40.661120+00:00,seed (simulated history - replace with Keepa API)
B0BQJ6CYNJ,Anker 737 Power Bank 24K,2025-12-22T17:14:40.506356+00:00,156.75,amazon,2026-05-17T17:14:40.661141+00:00,seed (simulated history - replace with Keepa API)
B0BQJ6CYNJ,Anker 737 Power Bank 24K,2025-12-23T17:14:40.506356+00:00,153.48,amazon,2026-05-17T17:14:40.661162+00:00,seed (simulated history - replace with Keepa API)
B0BQJ6CYNJ,Anker 737 Power Bank 24K,2025-12-24T17:14:40.506356+00:00,147.81,amazon,2026-05-17T17:14:40.661183+00:00,seed (simulated history - replace with Keepa API)
B0BQJ6CYNJ,Anker 737 Power Bank 24K,2025-12-25T17:14:40.506356+00:00,147.93,amazon,2026-05-17T17:14:40.661204+00:00,seed (simulated history - replace with Keepa API)
B0BQJ6CYNJ,Anker 737 Power Bank 24K,2025-12-26T17:14:40.506356+00:00,152.13,amazon,2026-05-17T17:14:40.661225+00:00,seed (simulated history - replace with Keepa API)
B0BQJ6CYNJ,Anker 737 Power Bank 24K,2025-12-27T17:14:40.506356+00:00,145.24,amazon,2026-05-17T17:14:40.661246+00:00,seed (simulated history - replace with Keepa API)
B0BQJ6CYNJ,Anker 737 Power Bank 24K,2025-12-28T17:14:40.506356+00:00,145.27,amazon,2026-05-17T17:14:40.661268+00:00,seed (simulated history - replace with Keepa API)
B0BQJ6CYNJ,Anker 737 Power Bank 24K,2025-12-29T17:14:40.506356+00:00,147.21,amazon,2026-05-17T17:14:40.661299+00:00,seed (simulated history - replace with Keepa API)
B0BQJ6CYNJ,Anker 737 Power Bank 24K,2025-12-30T17:14:40.506356+00:00,99.81,amazon,2026-05-17T17:14:40.661332+00:00,seed (simulated history - replace with Keepa API)
B0BQJ6CYNJ,Anker 737 Power Bank 24K,2025-12-31T17:14:40.506356+00:00,145.64,amazon,2026-05-17T17:14:40.661354+00:00,seed (simulated history - replace with Keepa API)
B0BQJ6CYNJ,Anker 737 Power Bank 24K,2026-01-01T17:14:40.506356+00:00,155.31,amazon,2026-05-17T17:14:40.661375+00:00,seed (simulated history - replace with Keepa API)
B0BQJ6CYNJ,Anker 737 Power Bank 24K,2026-01-02T17:14:40.506356+00:00,145.45,amazon,2026-05-17T17:14:40.661395+00:00,seed (simulated history - replace with Keepa API)
B0BQJ6CYNJ,Anker 737 Power Bank 24K,2026-01-03T17:14:40.506356+00:00,151.61,amazon,2026-05-17T17:14:40.661422+00:00,seed (simulated history - replace with Keepa API)
B0BQJ6CYNJ,Anker 737 Power Bank 24K,2026-01-04T17:14:40.506356+00:00,146.89,amazon,2026-05-17T17:14:40.661444+00:00,seed (simulated history - replace with Keepa API)
B0BQJ6CYNJ,Anker 737 Power Bank 24K,2026-01-05T17:14:40.506356+00:00,143.68,amazon,2026-05-17T17:14:40.661469+00:00,seed (simulated history - replace with Keepa API)
B0BQJ6CYNJ,Anker 737 Power Bank 24K,2026-01-06T17:14:40.506356+00:00,118.72,amazon,2026-05-17T17:14:40.661507+00:00,seed (simulated history - replace with Keepa API)
B0BQJ6CYNJ,Anker 737 Power Bank 24K,2026-01-07T17:14:40.506356+00:00,144.99,amazon,2026-05-17T17:14:40.661529+00:00,seed (simulated history - replace with Keepa API)
B0BQJ6CYNJ,Anker 737 Power Bank 24K,2026-01-08T17:14:40.506356+00:00,139.89,amazon,2026-05-17T17:14:40.661626+00:00,seed (simulated history - replace with Keepa API)
B0BQJ6CYNJ,Anker 737 Power Bank 24K,2026-01-09T17:14:40.506356+00:00,150.87,amazon,2026-05-17T17:14:40.661652+00:00,seed (simulated history - replace with Keepa API)
B0BQJ6CYNJ,Anker 737 Power Bank 24K,2026-01-10T17:14:40.506356+00:00,148.98,amazon,2026-05-17T17:14:40.661674+00:00,seed (simulated history - replace with Keepa API)
B0BQJ6CYNJ,Anker 737 Power Bank 24K,2026-01-11T17:14:40.506356+00:00,151.32,amazon,2026-05-17T17:14:40.661696+00:00,seed (simulated history - replace with Keepa API)
B0BQJ6CYNJ,Anker 737 Power Bank 24K,2026-01-12T17:14:40.506356+00:00,147.48,amazon,2026-05-17T17:14:40.661761+00:00,seed (simulated history - replace with Keepa API)
B0BQJ6CYNJ,Anker 737 Power Bank 24K,2026-01-13T17:14:40.506356+00:00,148.59,amazon,2026-05-17T17:14:40.661786+00:00,seed (simulated history - replace with Keepa API)
B0BQJ6CYNJ,Anker 737 Power Bank 24K,2026-01-14T17:14:40.506356+00:00,155.52,amazon,2026-05-17T17:14:40.661808+00:00,seed (simulated history - replace with Keepa API)
B0BQJ6CYNJ,Anker 737 Power Bank 24K,2026-01-15T17:14:40.506356+00:00,152.06,amazon,2026-05-17T17:14:40.661829+00:00,seed (simulated history - replace with Keepa API)
B0BQJ6CYNJ,Anker 737 Power Bank 24K,2026-01-16T17:14:40.506356+00:00,148.8,amazon,2026-05-17T17:14:40.661852+00:00,seed (simulated history - replace with Keepa API)
B0BQJ6CYNJ,Anker 737 Power Bank 24K,2026-01-17T17:14:40.506356+00:00,121.05,amazon,2026-05-17T17:14:40.661888+00:00,seed (simulated history - replace with Keepa API)
B0BQJ6CYNJ,Anker 737 Power Bank 24K,2026-01-18T17:14:40.506356+00:00,152.2,amazon,2026-05-17T17:14:40.661908+00:00,seed (simulated history - replace with Keepa API)
B0BQJ6CYNJ,Anker 737 Power Bank 24K,2026-01-19T17:14:40.506356+00:00,145.16,amazon,2026-05-17T17:14:40.661926+00:00,seed (simulated history - replace with Keepa API)
B0BQJ6CYNJ,Anker 737 Power Bank 24K,2026-01-20T17:14:40.506356+00:00,152.5,amazon,2026-05-17T17:14:40.661943+00:00,seed (simulated history - replace with Keepa API)
B0BQJ6CYNJ,Anker 737 Power Bank 24K,2026-01-21T17:14:40.506356+00:00,149.59,amazon,2026-05-17T17:14:40.661957+00:00,seed (simulated history - replace with Keepa API)
B0BQJ6CYNJ,Anker 737 Power Bank 24K,2026-01-22T17:14:40.506356+00:00,151.78,amazon,2026-05-17T17:14:40.661994+00:00,seed (simulated history - replace with Keepa API)
B0BQJ6CYNJ,Anker 737 Power Bank 24K,2026-01-23T17:14:40.506356+00:00,157.43,amazon,2026-05-17T17:14:40.662027+00:00,seed (simulated history - replace with Keepa API)
B0BQJ6CYNJ,Anker 737 Power Bank 24K,2026-01-24T17:14:40.506356+00:00,146.07,amazon,2026-05-17T17:14:40.662045+00:00,seed (simulated history - replace with Keepa API)
B0BQJ6CYNJ,Anker 737 Power Bank 24K,2026-01-25T17:14:40.506356+00:00,149.64,amazon,2026-05-17T17:14:40.662062+00:00,seed (simulated history - replace with Keepa API)
B0BQJ6CYNJ,Anker 737 Power Bank 24K,2026-01-26T17:14:40.506356+00:00,150.71,amazon,2026-05-17T17:14:40.662080+00:00,seed (simulated history - replace with Keepa API)
B0BQJ6CYNJ,Anker 737 Power Bank 24K,2026-01-27T17:14:40.506356+00:00,144.5,amazon,2026-05-17T17:14:40.662097+00:00,seed (simulated history - replace with Keepa API)
B0BQJ6CYNJ,Anker 737 Power Bank 24K,2026-01-28T17:14:40.506356+00:00,154.15,amazon,2026-05-17T17:14:40.662114+00:00,seed (simulated history - replace with Keepa API)
B0BQJ6CYNJ,Anker 737 Power Bank 24K,2026-01-29T17:14:40.506356+00:00,156.65,amazon,2026-05-17T17:14:40.662129+00:00,seed (simulated history - replace with Keepa API)
B0BQJ6CYNJ,Anker 737 Power Bank 24K,2026-01-30T17:14:40.506356+00:00,151.06,amazon,2026-05-17T17:14:40.662155+00:00,seed (simulated history - replace with Keepa API)
B0BQJ6CYNJ,Anker 737 Power Bank 24K,2026-01-31T17:14:40.506356+00:00,158.02,amazon,2026-05-17T17:14:40.662175+00:00,seed (simulated history - replace with Keepa API)
B0BQJ6CYNJ,Anker 737 Power Bank 24K,2026-02-01T17:14:40.506356+00:00,152.74,amazon,2026-05-17T17:14:40.662193+00:00,seed (simulated history - replace with Keepa API)
B0BQJ6CYNJ,Anker 737 Power Bank 24K,2026-02-02T17:14:40.506356+00:00,150.68,amazon,2026-05-17T17:14:40.662211+00:00,seed (simulated history - replace with Keepa API)
B0BQJ6CYNJ,Anker 737 Power Bank 24K,2026-02-03T17:14:40.506356+00:00,154.39,amazon,2026-05-17T17:14:40.662230+00:00,seed (simulated history - replace with Keepa API)
B0BQJ6CYNJ,Anker 737 Power Bank 24K,2026-02-04T17:14:40.506356+00:00,149.55,amazon,2026-05-17T17:14:40.662252+00:00,seed (simulated history - replace with Keepa API)
B0BQJ6CYNJ,Anker 737 Power Bank 24K,2026-02-05T17:14:40.506356+00:00,149.15,amazon,2026-05-17T17:14:40.662272+00:00,seed (simulated history - replace with Keepa API)
B0BQJ6CYNJ,Anker 737 Power Bank 24K,2026-02-06T17:14:40.506356+00:00,152.64,amazon,2026-05-17T17:14:40.662289+00:00,seed (simulated history - replace with Keepa API)
B0BQJ6CYNJ,Anker 737 Power Bank 24K,2026-02-07T17:14:40.506356+00:00,159.11,amazon,2026-05-17T17:14:40.662306+00:00,seed (simulated history - replace with Keepa API)
B0BQJ6CYNJ,Anker 737 Power Bank 24K,2026-02-08T17:14:40.506356+00:00,113.18,amazon,2026-05-17T17:14:40.662343+00:00,seed (simulated history - replace with Keepa API)
B0BQJ6CYNJ,Anker 737 Power Bank 24K,2026-02-09T17:14:40.506356+00:00,147.61,amazon,2026-05-17T17:14:40.662364+00:00,seed (simulated history - replace with Keepa API)
B0BQJ6CYNJ,Anker 737 Power Bank 24K,2026-02-10T17:14:40.506356+00:00,145.15,amazon,2026-05-17T17:14:40.662384+00:00,seed (simulated history - replace with Keepa API)
B0BQJ6CYNJ,Anker 737 Power Bank 24K,2026-02-11T17:14:40.506356+00:00,146.68,amazon,2026-05-17T17:14:40.662414+00:00,seed (simulated history - replace with Keepa API)
B0BQJ6CYNJ,Anker 737 Power Bank 24K,2026-02-12T17:14:40.506356+00:00,119.49,amazon,2026-05-17T17:14:40.662440+00:00,seed (simulated history - replace with Keepa API)
B0BQJ6CYNJ,Anker 737 Power Bank 24K,2026-02-13T17:14:40.506356+00:00,156.25,amazon,2026-05-17T17:14:40.662462+00:00,seed (simulated history - replace with Keepa API)
B0BQJ6CYNJ,Anker 737 Power Bank 24K,2026-02-14T17:14:40.506356+00:00,155.91,amazon,2026-05-17T17:14:40.662489+00:00,seed (simulated history - replace with Keepa API)
B0BQJ6CYNJ,Anker 737 Power Bank 24K,2026-02-15T17:14:40.506356+00:00,158.67,amazon,2026-05-17T17:14:40.662510+00:00,seed (simulated history - replace with Keepa API)
B0BQJ6CYNJ,Anker 737 Power Bank 24K,2026-02-16T17:14:40.506356+00:00,150.2,amazon,2026-05-17T17:14:40.662528+00:00,seed (simulated history - replace with Keepa API)
B0BQJ6CYNJ,Anker 737 Power Bank 24K,2026-02-17T17:14:40.506356+00:00,150.93,amazon,2026-05-17T17:14:40.662566+00:00,seed (simulated history - replace with Keepa API)
B0BQJ6CYNJ,Anker 737 Power Bank 24K,2026-02-18T17:14:40.506356+00:00,147.89,amazon,2026-05-17T17:14:40.662583+00:00,seed (simulated history - replace with Keepa API)
B0BQJ6CYNJ,Anker 737 Power Bank 24K,2026-02-19T17:14:40.506356+00:00,155.18,amazon,2026-05-17T17:14:40.662600+00:00,seed (simulated history - replace with Keepa API)
B0BQJ6CYNJ,Anker 737 Power Bank 24K,2026-02-20T17:14:40.506356+00:00,143.13,amazon,2026-05-17T17:14:40.662617+00:00,seed (simulated history - replace with Keepa API)
B0BQJ6CYNJ,Anker 737 Power Bank 24K,2026-02-21T17:14:40.506356+00:00,148.37,amazon,2026-05-17T17:14:40.662636+00:00,seed (simulated history - replace with Keepa API)
B0BQJ6CYNJ,Anker 737 Power Bank 24K,2026-02-22T17:14:40.506356+00:00,155.36,amazon,2026-05-17T17:14:40.662654+00:00,seed (simulated history - replace with Keepa API)
B0BQJ6CYNJ,Anker 737 Power Bank 24K,2026-02-23T17:14:40.506356+00:00,149.36,amazon,2026-05-17T17:14:40.662674+00:00,seed (simulated history - replace with Keepa API)
B0BQJ6CYNJ,Anker 737 Power Bank 24K,2026-02-24T17:14:40.506356+00:00,147.63,amazon,2026-05-17T17:14:40.662693+00:00,seed (simulated history - replace with Keepa API)
B0BQJ6CYNJ,Anker 737 Power Bank 24K,2026-02-25T17:14:40.506356+00:00,146.73,amazon,2026-05-17T17:14:40.662724+00:00,seed (simulated history - replace with Keepa API)
B0BQJ6CYNJ,Anker 737 Power Bank 24K,2026-02-26T17:14:40.506356+00:00,145.96,amazon,2026-05-17T17:14:40.662744+00:00,seed (simulated history - replace with Keepa API)
B0BQJ6CYNJ,Anker 737 Power Bank 24K,2026-02-27T17:14:40.506356+00:00,147.68,amazon,2026-05-17T17:14:40.662762+00:00,seed (simulated history - replace with Keepa API)
B0BQJ6CYNJ,Anker 737 Power Bank 24K,2026-02-28T17:14:40.506356+00:00,152.19,amazon,2026-05-17T17:14:40.662830+00:00,seed (simulated history - replace with Keepa API)
B0BQJ6CYNJ,Anker 737 Power Bank 24K,2026-03-01T17:14:40.506356+00:00,150.22,amazon,2026-05-17T17:14:40.662861+00:00,seed (simulated history - replace with Keepa API)
B0BQJ6CYNJ,Anker 737 Power Bank 24K,2026-03-02T17:14:40.506356+00:00,156.6,amazon,2026-05-17T17:14:40.662893+00:00,seed (simulated history - replace with Keepa API)
B0BQJ6CYNJ,Anker 737 Power Bank 24K,2026-03-03T17:14:40.506356+00:00,143.29,amazon,2026-05-17T17:14:40.662913+00:00,seed (simulated history - replace with Keepa API)
B0BQJ6CYNJ,Anker 737 Power Bank 24K,2026-03-04T17:14:40.506356+00:00,147.07,amazon,2026-05-17T17:14:40.662933+00:00,seed (simulated history - replace with Keepa API)
B0BQJ6CYNJ,Anker 737 Power Bank 24K,2026-03-05T17:14:40.506356+00:00,144.53,amazon,2026-05-17T17:14:40.662953+00:00,seed (simulated history - replace with Keepa API)
B0BQJ6CYNJ,Anker 737 Power Bank 24K,2026-03-06T17:14:40.506356+00:00,108.5,amazon,2026-05-17T17:14:40.662995+00:00,seed (simulated history - replace with Keepa API)
B0BQJ6CYNJ,Anker 737 Power Bank 24K,2026-03-07T17:14:40.506356+00:00,155.34,amazon,2026-05-17T17:14:40.663029+00:00,seed (simulated history - replace with Keepa API)
B0BQJ6CYNJ,Anker 737 Power Bank 24K,2026-03-08T17:14:40.506356+00:00,152.99,amazon,2026-05-17T17:14:40.663050+00:00,seed (simulated history - replace with Keepa API)
B0BQJ6CYNJ,Anker 737 Power Bank 24K,2026-03-09T17:14:40.506356+00:00,152.97,amazon,2026-05-17T17:14:40.663069+00:00,seed (simulated history - replace with Keepa API)
B0BQJ6CYNJ,Anker 737 Power Bank 24K,2026-03-10T17:14:40.506356+00:00,146.29,amazon,2026-05-17T17:14:40.663087+00:00,seed (simulated history - replace with Keepa API)
B0BQJ6CYNJ,Anker 737 Power Bank 24K,2026-03-11T17:14:40.506356+00:00,151.77,amazon,2026-05-17T17:14:40.663108+00:00,seed (simulated history - replace with Keepa API)
B0BQJ6CYNJ,Anker 737 Power Bank 24K,2026-03-12T17:14:40.506356+00:00,150.75,amazon,2026-05-17T17:14:40.663128+00:00,seed (simulated history - replace with Keepa API)
B0BQJ6CYNJ,Anker 737 Power Bank 24K,2026-03-13T17:14:40.506356+00:00,146.59,amazon,2026-05-17T17:14:40.663148+00:00,seed (simulated history - replace with Keepa API)
B0BQJ6CYNJ,Anker 737 Power Bank 24K,2026-03-14T17:14:40.506356+00:00,149.53,amazon,2026-05-17T17:14:40.663168+00:00,seed (simulated history - replace with Keepa API)
B0BQJ6CYNJ,Anker 737 Power Bank 24K,2026-03-15T17:14:40.506356+00:00,142.91,amazon,2026-05-17T17:14:40.663186+00:00,seed (simulated history - replace with Keepa API)
B0BQJ6CYNJ,Anker 737 Power Bank 24K,2026-03-16T17:14:40.506356+00:00,145.25,amazon,2026-05-17T17:14:40.663206+00:00,seed (simulated history - replace with Keepa API)
B0BQJ6CYNJ,Anker 737 Power Bank 24K,2026-03-17T17:14:40.506356+00:00,149.41,amazon,2026-05-17T17:14:40.663226+00:00,seed (simulated history - replace with Keepa API)
B0BQJ6CYNJ,Anker 737 Power Bank 24K,2026-03-18T17:14:40.506356+00:00,147.7,amazon,2026-05-17T17:14:40.663246+00:00,seed (simulated history - replace with Keepa API)
B0BQJ6CYNJ,Anker 737 Power Bank 24K,2026-03-19T17:14:40.506356+00:00,151.37,amazon,2026-05-17T17:14:40.663266+00:00,seed (simulated history - replace with Keepa API)
B0BQJ6CYNJ,Anker 737 Power Bank 24K,2026-03-20T17:14:40.506356+00:00,146.7,amazon,2026-05-17T17:14:40.663285+00:00,seed (simulated history - replace with Keepa API)
B0BQJ6CYNJ,Anker 737 Power Bank 24K,2026-03-21T17:14:40.506356+00:00,148.3,amazon,2026-05-17T17:14:40.663304+00:00,seed (simulated history - replace with Keepa API)
B0BQJ6CYNJ,Anker 737 Power Bank 24K,2026-03-22T17:14:40.506356+00:00,149.77,amazon,2026-05-17T17:14:40.663336+00:00,seed (simulated history - replace with Keepa API)
B0BQJ6CYNJ,Anker 737 Power Bank 24K,2026-03-23T17:14:40.506356+00:00,146.36,amazon,2026-05-17T17:14:40.663356+00:00,seed (simulated history - replace with Keepa API)
B0BQJ6CYNJ,Anker 737 Power Bank 24K,2026-03-24T17:14:40.506356+00:00,148.23,amazon,2026-05-17T17:14:40.663375+00:00,seed (simulated history - replace with Keepa API)
B0BQJ6CYNJ,Anker 737 Power Bank 24K,2026-03-25T17:14:40.506356+00:00,150.72,amazon,2026-05-17T17:14:40.663393+00:00,seed (simulated history - replace with Keepa API)
B0BQJ6CYNJ,Anker 737 Power Bank 24K,2026-03-26T17:14:40.506356+00:00,156.72,amazon,2026-05-17T17:14:40.663413+00:00,seed (simulated history - replace with Keepa API)
B0BQJ6CYNJ,Anker 737 Power Bank 24K,2026-03-27T17:14:40.506356+00:00,146.38,amazon,2026-05-17T17:14:40.663434+00:00,seed (simulated history - replace with Keepa API)
B0BQJ6CYNJ,Anker 737 Power Bank 24K,2026-03-28T17:14:40.506356+00:00,147.72,amazon,2026-05-17T17:14:40.663454+00:00,seed (simulated history - replace with Keepa API)
B0BQJ6CYNJ,Anker 737 Power Bank 24K,2026-03-29T17:14:40.506356+00:00,162.24,amazon,2026-05-17T17:14:40.663479+00:00,seed (simulated history - replace with Keepa API)
B0BQJ6CYNJ,Anker 737 Power Bank 24K,2026-03-30T17:14:40.506356+00:00,153.79,amazon,2026-05-17T17:14:40.663504+00:00,seed (simulated history - replace with Keepa API)
B0BQJ6CYNJ,Anker 737 Power Bank 24K,2026-03-31T17:14:40.506356+00:00,154.95,amazon,2026-05-17T17:14:40.663525+00:00,seed (simulated history - replace with Keepa API)
B0BQJ6CYNJ,Anker 737 Power Bank 24K,2026-04-01T17:14:40.506356+00:00,152.2,amazon,2026-05-17T17:14:40.663569+00:00,seed (simulated history - replace with Keepa API)
B0BQJ6CYNJ,Anker 737 Power Bank 24K,2026-04-02T17:14:40.506356+00:00,133.24,amazon,2026-05-17T17:14:40.663605+00:00,seed (simulated history - replace with Keepa API)
B0BQJ6CYNJ,Anker 737 Power Bank 24K,2026-04-03T17:14:40.506356+00:00,146.15,amazon,2026-05-17T17:14:40.663623+00:00,seed (simulated history - replace with Keepa API)
B0BQJ6CYNJ,Anker 737 Power Bank 24K,2026-04-04T17:14:40.506356+00:00,148.94,amazon,2026-05-17T17:14:40.663643+00:00,seed (simulated history - replace with Keepa API)
B0BQJ6CYNJ,Anker 737 Power Bank 24K,2026-04-05T17:14:40.506356+00:00,156.63,amazon,2026-05-17T17:14:40.663665+00:00,seed (simulated history - replace with Keepa API)
B0BQJ6CYNJ,Anker 737 Power Bank 24K,2026-04-06T17:14:40.506356+00:00,148.48,amazon,2026-05-17T17:14:40.663685+00:00,seed (simulated history - replace with Keepa API)
B0BQJ6CYNJ,Anker 737 Power Bank 24K,2026-04-07T17:14:40.506356+00:00,144.94,amazon,2026-05-17T17:14:40.663706+00:00,seed (simulated history - replace with Keepa API)
B0BQJ6CYNJ,Anker 737 Power Bank 24K,2026-04-08T17:14:40.506356+00:00,150.05,amazon,2026-05-17T17:14:40.663723+00:00,seed (simulated history - replace with Keepa API)
B0BQJ6CYNJ,Anker 737 Power Bank 24K,2026-04-09T17:14:40.506356+00:00,146.53,amazon,2026-05-17T17:14:40.663743+00:00,seed (simulated history - replace with Keepa API)
B0BQJ6CYNJ,Anker 737 Power Bank 24K,2026-04-10T17:14:40.506356+00:00,150.97,amazon,2026-05-17T17:14:40.663769+00:00,seed (simulated history - replace with Keepa API)
B0BQJ6CYNJ,Anker 737 Power Bank 24K,2026-04-11T17:14:40.506356+00:00,155.83,amazon,2026-05-17T17:14:40.663789+00:00,seed (simulated history - replace with Keepa API)
B0BQJ6CYNJ,Anker 737 Power Bank 24K,2026-04-12T17:14:40.506356+00:00,146.05,amazon,2026-05-17T17:14:40.663809+00:00,seed (simulated history - replace with Keepa API)
B0BQJ6CYNJ,Anker 737 Power Bank 24K,2026-04-13T17:14:40.506356+00:00,143.19,amazon,2026-05-17T17:14:40.663827+00:00,seed (simulated history - replace with Keepa API)
B0BQJ6CYNJ,Anker 737 Power Bank 24K,2026-04-14T17:14:40.506356+00:00,140.75,amazon,2026-05-17T17:14:40.663846+00:00,seed (simulated history - replace with Keepa API)
B0BQJ6CYNJ,Anker 737 Power Bank 24K,2026-04-15T17:14:40.506356+00:00,144.68,amazon,2026-05-17T17:14:40.663916+00:00,seed (simulated history - replace with Keepa API)
B0BQJ6CYNJ,Anker 737 Power Bank 24K,2026-04-16T17:14:40.506356+00:00,143.14,amazon,2026-05-17T17:14:40.663946+00:00,seed (simulated history - replace with Keepa API)
B0BQJ6CYNJ,Anker 737 Power Bank 24K,2026-04-17T17:14:40.506356+00:00,151.31,amazon,2026-05-17T17:14:40.663974+00:00,seed (simulated history - replace with Keepa API)
B0BQJ6CYNJ,Anker 737 Power Bank 24K,2026-04-18T17:14:40.506356+00:00,152.56,amazon,2026-05-17T17:14:40.664002+00:00,seed (simulated history - replace with Keepa API)
B0BQJ6CYNJ,Anker 737 Power Bank 24K,2026-04-19T17:14:40.506356+00:00,152.82,amazon,2026-05-17T17:14:40.664035+00:00,seed (simulated history - replace with Keepa API)
B0BQJ6CYNJ,Anker 737 Power Bank 24K,2026-04-20T17:14:40.506356+00:00,147.41,amazon,2026-05-17T17:14:40.664054+00:00,seed (simulated history - replace with Keepa API)
B0BQJ6CYNJ,Anker 737 Power Bank 24K,2026-04-21T17:14:40.506356+00:00,126.49,amazon,2026-05-17T17:14:40.664085+00:00,seed (simulated history - replace with Keepa API)
B0BQJ6CYNJ,Anker 737 Power Bank 24K,2026-04-22T17:14:40.506356+00:00,153.36,amazon,2026-05-17T17:14:40.664107+00:00,seed (simulated history - replace with Keepa API)
B0BQJ6CYNJ,Anker 737 Power Bank 24K,2026-04-23T17:14:40.506356+00:00,140.92,amazon,2026-05-17T17:14:40.664166+00:00,seed (simulated history - replace with Keepa API)
B0BQJ6CYNJ,Anker 737 Power Bank 24K,2026-04-24T17:14:40.506356+00:00,146.22,amazon,2026-05-17T17:14:40.664189+00:00,seed (simulated history - replace with Keepa API)
B0BQJ6CYNJ,Anker 737 Power Bank 24K,2026-04-25T17:14:40.506356+00:00,146.65,amazon,2026-05-17T17:14:40.664209+00:00,seed (simulated history - replace with Keepa API)
B0BQJ6CYNJ,Anker 737 Power Bank 24K,2026-04-26T17:14:40.506356+00:00,146.83,amazon,2026-05-17T17:14:40.664230+00:00,seed (simulated history - replace with Keepa API)
B0BQJ6CYNJ,Anker 737 Power Bank 24K,2026-04-27T17:14:40.506356+00:00,146.05,amazon,2026-05-17T17:14:40.664249+00:00,seed (simulated history - replace with Keepa API)
B0BQJ6CYNJ,Anker 737 Power Bank 24K,2026-04-28T17:14:40.506356+00:00,149.02,amazon,2026-05-17T17:14:40.664266+00:00,seed (simulated history - replace with Keepa API)
B0BQJ6CYNJ,Anker 737 Power Bank 24K,2026-04-29T17:14:40.506356+00:00,156.93,amazon,2026-05-17T17:14:40.664287+00:00,seed (simulated history - replace with Keepa API)
B0BQJ6CYNJ,Anker 737 Power Bank 24K,2026-04-30T17:14:40.506356+00:00,147.74,amazon,2026-05-17T17:14:40.664314+00:00,seed (simulated history - replace with Keepa API)
B0BQJ6CYNJ,Anker 737 Power Bank 24K,2026-05-01T17:14:40.506356+00:00,152.43,amazon,2026-05-17T17:14:40.664334+00:00,seed (simulated history - replace with Keepa API)
B0BQJ6CYNJ,Anker 737 Power Bank 24K,2026-05-02T17:14:40.506356+00:00,151.83,amazon,2026-05-17T17:14:40.664357+00:00,seed (simulated history - replace with Keepa API)
B0BQJ6CYNJ,Anker 737 Power Bank 24K,2026-05-03T17:14:40.506356+00:00,147.3,amazon,2026-05-17T17:14:40.664377+00:00,seed (simulated history - replace with Keepa API)
B0BQJ6CYNJ,Anker 737 Power Bank 24K,2026-05-04T17:14:40.506356+00:00,152.77,amazon,2026-05-17T17:14:40.664396+00:00,seed (simulated history - replace with Keepa API)
B0BQJ6CYNJ,Anker 737 Power Bank 24K,2026-05-05T17:14:40.506356+00:00,132.19,amazon,2026-05-17T17:14:40.664425+00:00,seed (simulated history - replace with Keepa API)
B0BQJ6CYNJ,Anker 737 Power Bank 24K,2026-05-06T17:14:40.506356+00:00,144.9,amazon,2026-05-17T17:14:40.664446+00:00,seed (simulated history - replace with Keepa API)
B0BQJ6CYNJ,Anker 737 Power Bank 24K,2026-05-07T17:14:40.506356+00:00,153.98,amazon,2026-05-17T17:14:40.664465+00:00,seed (simulated history - replace with Keepa API)
B0BQJ6CYNJ,Anker 737 Power Bank 24K,2026-05-08T17:14:40.506356+00:00,149.11,amazon,2026-05-17T17:14:40.664488+00:00,seed (simulated history - replace with Keepa API)
B0BQJ6CYNJ,Anker 737 Power Bank 24K,2026-05-09T17:14:40.506356+00:00,152.45,amazon,2026-05-17T17:14:40.664510+00:00,seed (simulated history - replace with Keepa API)
B0BQJ6CYNJ,Anker 737 Power Bank 24K,2026-05-10T17:14:40.506356+00:00,146.71,amazon,2026-05-17T17:14:40.664530+00:00,seed (simulated history - replace with Keepa API)
B0BQJ6CYNJ,Anker 737 Power Bank 24K,2026-05-11T17:14:40.506356+00:00,153.16,amazon,2026-05-17T17:14:40.664571+00:00,seed (simulated history - replace with Keepa API)
B0BQJ6CYNJ,Anker 737 Power Bank 24K,2026-05-12T17:14:40.506356+00:00,153.38,amazon,2026-05-17T17:14:40.664593+00:00,seed (simulated history - replace with Keepa API)
B0BQJ6CYNJ,Anker 737 Power Bank 24K,2026-05-13T17:14:40.506356+00:00,150.59,amazon,2026-05-17T17:14:40.664610+00:00,seed (simulated history - replace with Keepa API)
B0BQJ6CYNJ,Anker 737 Power Bank 24K,2026-05-14T17:14:40.506356+00:00,152.59,amazon,2026-05-17T17:14:40.664626+00:00,seed (simulated history - replace with Keepa API)
B0BQJ6CYNJ,Anker 737 Power Bank 24K,2026-05-15T17:14:40.506356+00:00,144.46,amazon,2026-05-17T17:14:40.664643+00:00,seed (simulated history - replace with Keepa API)
B0BQJ6CYNJ,Anker 737 Power Bank 24K,2026-05-16T17:14:40.506356+00:00,152.46,amazon,2026-05-17T17:14:40.664660+00:00,seed (simulated history - replace with Keepa API)
B0BQJ6CYNJ,Anker 737 Power Bank 24K,2026-05-17T17:14:40.506356+00:00,147.02,amazon,2026-05-17T17:14:40.664677+00:00,seed (simulated history - replace with Keepa API)
B0B7RVNYGP,Anker 735 Charger (Nano II 65W),2025-11-18T17:14:40.506356+00:00,62.44,amazon,2026-05-17T17:14:40.665967+00:00,seed (simulated history - replace with Keepa API)
B0B7RVNYGP,Anker 735 Charger (Nano II 65W),2025-11-19T17:14:40.506356+00:00,59.33,amazon,2026-05-17T17:14:40.666023+00:00,seed (simulated history - replace with Keepa API)
B0B7RVNYGP,Anker 735 Charger (Nano II 65W),2025-11-20T17:14:40.506356+00:00,42.21,amazon,2026-05-17T17:14:40.666049+00:00,seed (simulated history - replace with Keepa API)
B0B7RVNYGP,Anker 735 Charger (Nano II 65W),2025-11-21T17:14:40.506356+00:00,47.38,amazon,2026-05-17T17:14:40.666102+00:00,seed (simulated history - replace with Keepa API)
B0B7RVNYGP,Anker 735 Charger (Nano II 65W),2025-11-22T17:14:40.506356+00:00,47.83,amazon,2026-05-17T17:14:40.666125+00:00,seed (simulated history - replace with Keepa API)
B0B7RVNYGP,Anker 735 Charger (Nano II 65W),2025-11-23T17:14:40.506356+00:00,43.44,amazon,2026-05-17T17:14:40.666145+00:00,seed (simulated history - replace with Keepa API)
B0B7RVNYGP,Anker 735 Charger (Nano II 65W),2025-11-24T17:14:40.506356+00:00,45.12,amazon,2026-05-17T17:14:40.666166+00:00,seed (simulated history - replace with Keepa API)
B0B7RVNYGP,Anker 735 Charger (Nano II 65W),2025-11-25T17:14:40.506356+00:00,46.27,amazon,2026-05-17T17:14:40.666187+00:00,seed (simulated history - replace with Keepa API)
B0B7RVNYGP,Anker 735 Charger (Nano II 65W),2025-11-26T17:14:40.506356+00:00,44.58,amazon,2026-05-17T17:14:40.666208+00:00,seed (simulated history - replace with Keepa API)
B0B7RVNYGP,Anker 735 Charger (Nano II 65W),2025-11-27T17:14:40.506356+00:00,45.26,amazon,2026-05-17T17:14:40.666229+00:00,seed (simulated history - replace with Keepa API)
B0B7RVNYGP,Anker 735 Charger (Nano II 65W),2025-11-28T17:14:40.506356+00:00,45.01,amazon,2026-05-17T17:14:40.666249+00:00,seed (simulated history - replace with Keepa API)
B0B7RVNYGP,Anker 735 Charger (Nano II 65W),2025-11-29T17:14:40.506356+00:00,42.33,amazon,2026-05-17T17:14:40.666270+00:00,seed (simulated history - replace with Keepa API)
B0B7RVNYGP,Anker 735 Charger (Nano II 65W),2025-11-30T17:14:40.506356+00:00,44.37,amazon,2026-05-17T17:14:40.666290+00:00,seed (simulated history - replace with Keepa API)
B0B7RVNYGP,Anker 735 Charger (Nano II 65W),2025-12-01T17:14:40.506356+00:00,60.01,amazon,2026-05-17T17:14:40.666312+00:00,seed (simulated history - replace with Keepa API)
B0B7RVNYGP,Anker 735 Charger (Nano II 65W),2025-12-02T17:14:40.506356+00:00,64.87,amazon,2026-05-17T17:14:40.666335+00:00,seed (simulated history - replace with Keepa API)
B0B7RVNYGP,Anker 735 Charger (Nano II 65W),2025-12-03T17:14:40.506356+00:00,60.93,amazon,2026-05-17T17:14:40.666357+00:00,seed (simulated history - replace with Keepa API)
B0B7RVNYGP,Anker 735 Charger (Nano II 65W),2025-12-04T17:14:40.506356+00:00,61.27,amazon,2026-05-17T17:14:40.666379+00:00,seed (simulated history - replace with Keepa API)
B0B7RVNYGP,Anker 735 Charger (Nano II 65W),2025-12-05T17:14:40.506356+00:00,59.74,amazon,2026-05-17T17:14:40.666399+00:00,seed (simulated history - replace with Keepa API)
B0B7RVNYGP,Anker 735 Charger (Nano II 65W),2025-12-06T17:14:40.506356+00:00,60.68,amazon,2026-05-17T17:14:40.666421+00:00,seed (simulated history - replace with Keepa API)
B0B7RVNYGP,Anker 735 Charger (Nano II 65W),2025-12-07T17:14:40.506356+00:00,58.53,amazon,2026-05-17T17:14:40.666442+00:00,seed (simulated history - replace with Keepa API)
B0B7RVNYGP,Anker 735 Charger (Nano II 65W),2025-12-08T17:14:40.506356+00:00,61.3,amazon,2026-05-17T17:14:40.666480+00:00,seed (simulated history - replace with Keepa API)
B0B7RVNYGP,Anker 735 Charger (Nano II 65W),2025-12-09T17:14:40.506356+00:00,62.5,amazon,2026-05-17T17:14:40.666514+00:00,seed (simulated history - replace with Keepa API)
B0B7RVNYGP,Anker 735 Charger (Nano II 65W),2025-12-10T17:14:40.506356+00:00,61.45,amazon,2026-05-17T17:14:40.666536+00:00,seed (simulated history - replace with Keepa API)
B0B7RVNYGP,Anker 735 Charger (Nano II 65W),2025-12-11T17:14:40.506356+00:00,58.69,amazon,2026-05-17T17:14:40.666694+00:00,seed (simulated history - replace with Keepa API)
B0B7RVNYGP,Anker 735 Charger (Nano II 65W),2025-12-12T17:14:40.506356+00:00,58.27,amazon,2026-05-17T17:14:40.666723+00:00,seed (simulated history - replace with Keepa API)
B0B7RVNYGP,Anker 735 Charger (Nano II 65W),2025-12-13T17:14:40.506356+00:00,64.16,amazon,2026-05-17T17:14:40.666745+00:00,seed (simulated history - replace with Keepa API)
B0B7RVNYGP,Anker 735 Charger (Nano II 65W),2025-12-14T17:14:40.506356+00:00,62.36,amazon,2026-05-17T17:14:40.666767+00:00,seed (simulated history - replace with Keepa API)
B0B7RVNYGP,Anker 735 Charger (Nano II 65W),2025-12-15T17:14:40.506356+00:00,61.27,amazon,2026-05-17T17:14:40.666789+00:00,seed (simulated history - replace with Keepa API)
B0B7RVNYGP,Anker 735 Charger (Nano II 65W),2025-12-16T17:14:40.506356+00:00,62.63,amazon,2026-05-17T17:14:40.666810+00:00,seed (simulated history - replace with Keepa API)
B0B7RVNYGP,Anker 735 Charger (Nano II 65W),2025-12-17T17:14:40.506356+00:00,59.94,amazon,2026-05-17T17:14:40.666832+00:00,seed (simulated history - replace with Keepa API)
B0B7RVNYGP,Anker 735 Charger (Nano II 65W),2025-12-18T17:14:40.506356+00:00,61.24,amazon,2026-05-17T17:14:40.666853+00:00,seed (simulated history - replace with Keepa API)
B0B7RVNYGP,Anker 735 Charger (Nano II 65W),2025-12-19T17:14:40.506356+00:00,62.09,amazon,2026-05-17T17:14:40.666875+00:00,seed (simulated history - replace with Keepa API)
B0B7RVNYGP,Anker 735 Charger (Nano II 65W),2025-12-20T17:14:40.506356+00:00,59.47,amazon,2026-05-17T17:14:40.666895+00:00,seed (simulated history - replace with Keepa API)
B0B7RVNYGP,Anker 735 Charger (Nano II 65W),2025-12-21T17:14:40.506356+00:00,60.79,amazon,2026-05-17T17:14:40.666918+00:00,seed (simulated history - replace with Keepa API)
B0B7RVNYGP,Anker 735 Charger (Nano II 65W),2025-12-22T17:14:40.506356+00:00,61.86,amazon,2026-05-17T17:14:40.666941+00:00,seed (simulated history - replace with Keepa API)
B0B7RVNYGP,Anker 735 Charger (Nano II 65W),2025-12-23T17:14:40.506356+00:00,58.16,amazon,2026-05-17T17:14:40.666963+00:00,seed (simulated history - replace with Keepa API)
B0B7RVNYGP,Anker 735 Charger (Nano II 65W),2025-12-24T17:14:40.506356+00:00,59.3,amazon,2026-05-17T17:14:40.666993+00:00,seed (simulated history - replace with Keepa API)
B0B7RVNYGP,Anker 735 Charger (Nano II 65W),2025-12-25T17:14:40.506356+00:00,61.82,amazon,2026-05-17T17:14:40.667027+00:00,seed (simulated history - replace with Keepa API)
B0B7RVNYGP,Anker 735 Charger (Nano II 65W),2025-12-26T17:14:40.506356+00:00,60.34,amazon,2026-05-17T17:14:40.667043+00:00,seed (simulated history - replace with Keepa API)
B0B7RVNYGP,Anker 735 Charger (Nano II 65W),2025-12-27T17:14:40.506356+00:00,60.1,amazon,2026-05-17T17:14:40.667061+00:00,seed (simulated history - replace with Keepa API)
B0B7RVNYGP,Anker 735 Charger (Nano II 65W),2025-12-28T17:14:40.506356+00:00,59.89,amazon,2026-05-17T17:14:40.667091+00:00,seed (simulated history - replace with Keepa API)
B0B7RVNYGP,Anker 735 Charger (Nano II 65W),2025-12-29T17:14:40.506356+00:00,62.02,amazon,2026-05-17T17:14:40.667111+00:00,seed (simulated history - replace with Keepa API)
B0B7RVNYGP,Anker 735 Charger (Nano II 65W),2025-12-30T17:14:40.506356+00:00,58.33,amazon,2026-05-17T17:14:40.667130+00:00,seed (simulated history - replace with Keepa API)
B0B7RVNYGP,Anker 735 Charger (Nano II 65W),2025-12-31T17:14:40.506356+00:00,59.18,amazon,2026-05-17T17:14:40.667149+00:00,seed (simulated history - replace with Keepa API)
B0B7RVNYGP,Anker 735 Charger (Nano II 65W),2026-01-01T17:14:40.506356+00:00,57.58,amazon,2026-05-17T17:14:40.667170+00:00,seed (simulated history - replace with Keepa API)
B0B7RVNYGP,Anker 735 Charger (Nano II 65W),2026-01-02T17:14:40.506356+00:00,59.41,amazon,2026-05-17T17:14:40.667195+00:00,seed (simulated history - replace with Keepa API)
B0B7RVNYGP,Anker 735 Charger (Nano II 65W),2026-01-03T17:14:40.506356+00:00,60.25,amazon,2026-05-17T17:14:40.667219+00:00,seed (simulated history - replace with Keepa API)
B0B7RVNYGP,Anker 735 Charger (Nano II 65W),2026-01-04T17:14:40.506356+00:00,56.69,amazon,2026-05-17T17:14:40.667240+00:00,seed (simulated history - replace with Keepa API)
B0B7RVNYGP,Anker 735 Charger (Nano II 65W),2026-01-05T17:14:40.506356+00:00,58.56,amazon,2026-05-17T17:14:40.667262+00:00,seed (simulated history - replace with Keepa API)
B0B7RVNYGP,Anker 735 Charger (Nano II 65W),2026-01-06T17:14:40.506356+00:00,60.34,amazon,2026-05-17T17:14:40.667284+00:00,seed (simulated history - replace with Keepa API)
B0B7RVNYGP,Anker 735 Charger (Nano II 65W),2026-01-07T17:14:40.506356+00:00,60.76,amazon,2026-05-17T17:14:40.667306+00:00,seed (simulated history - replace with Keepa API)
B0B7RVNYGP,Anker 735 Charger (Nano II 65W),2026-01-08T17:14:40.506356+00:00,63.09,amazon,2026-05-17T17:14:40.667327+00:00,seed (simulated history - replace with Keepa API)
B0B7RVNYGP,Anker 735 Charger (Nano II 65W),2026-01-09T17:14:40.506356+00:00,61.03,amazon,2026-05-17T17:14:40.667349+00:00,seed (simulated history - replace with Keepa API)
B0B7RVNYGP,Anker 735 Charger (Nano II 65W),2026-01-10T17:14:40.506356+00:00,59.67,amazon,2026-05-17T17:14:40.667370+00:00,seed (simulated history - replace with Keepa API)
B0B7RVNYGP,Anker 735 Charger (Nano II 65W),2026-01-11T17:14:40.506356+00:00,60.2,amazon,2026-05-17T17:14:40.667390+00:00,seed (simulated history - replace with Keepa API)
B0B7RVNYGP,Anker 735 Charger (Nano II 65W),2026-01-12T17:14:40.506356+00:00,60.26,amazon,2026-05-17T17:14:40.667409+00:00,seed (simulated history - replace with Keepa API)
B0B7RVNYGP,Anker 735 Charger (Nano II 65W),2026-01-13T17:14:40.506356+00:00,59.18,amazon,2026-05-17T17:14:40.667429+00:00,seed (simulated history - replace with Keepa API)
B0B7RVNYGP,Anker 735 Charger (Nano II 65W),2026-01-14T17:14:40.506356+00:00,60.41,amazon,2026-05-17T17:14:40.667448+00:00,seed (simulated history - replace with Keepa API)
B0B7RVNYGP,Anker 735 Charger (Nano II 65W),2026-01-15T17:14:40.506356+00:00,59.1,amazon,2026-05-17T17:14:40.667468+00:00,seed (simulated history - replace with Keepa API)
B0B7RVNYGP,Anker 735 Charger (Nano II 65W),2026-01-16T17:14:40.506356+00:00,60.5,amazon,2026-05-17T17:14:40.667495+00:00,seed (simulated history - replace with Keepa API)
B0B7RVNYGP,Anker 735 Charger (Nano II 65W),2026-01-17T17:14:40.506356+00:00,59.88,amazon,2026-05-17T17:14:40.667528+00:00,seed (simulated history - replace with Keepa API)
B0B7RVNYGP,Anker 735 Charger (Nano II 65W),2026-01-18T17:14:40.506356+00:00,59.59,amazon,2026-05-17T17:14:40.667567+00:00,seed (simulated history - replace with Keepa API)
B0B7RVNYGP,Anker 735 Charger (Nano II 65W),2026-01-19T17:14:40.506356+00:00,59.64,amazon,2026-05-17T17:14:40.667585+00:00,seed (simulated history - replace with Keepa API)
B0B7RVNYGP,Anker 735 Charger (Nano II 65W),2026-01-20T17:14:40.506356+00:00,53.31,amazon,2026-05-17T17:14:40.667633+00:00,seed (simulated history - replace with Keepa API)
B0B7RVNYGP,Anker 735 Charger (Nano II 65W),2026-01-21T17:14:40.506356+00:00,58.19,amazon,2026-05-17T17:14:40.667708+00:00,seed (simulated history - replace with Keepa API)
B0B7RVNYGP,Anker 735 Charger (Nano II 65W),2026-01-22T17:14:40.506356+00:00,63.94,amazon,2026-05-17T17:14:40.667748+00:00,seed (simulated history - replace with Keepa API)
B0B7RVNYGP,Anker 735 Charger (Nano II 65W),2026-01-23T17:14:40.506356+00:00,56.96,amazon,2026-05-17T17:14:40.667772+00:00,seed (simulated history - replace with Keepa API)
B0B7RVNYGP,Anker 735 Charger (Nano II 65W),2026-01-24T17:14:40.506356+00:00,59.09,amazon,2026-05-17T17:14:40.667794+00:00,seed (simulated history - replace with Keepa API)
B0B7RVNYGP,Anker 735 Charger (Nano II 65W),2026-01-25T17:14:40.506356+00:00,61.15,amazon,2026-05-17T17:14:40.667817+00:00,seed (simulated history - replace with Keepa API)
B0B7RVNYGP,Anker 735 Charger (Nano II 65W),2026-01-26T17:14:40.506356+00:00,64.15,amazon,2026-05-17T17:14:40.667838+00:00,seed (simulated history - replace with Keepa API)
B0B7RVNYGP,Anker 735 Charger (Nano II 65W),2026-01-27T17:14:40.506356+00:00,49.95,amazon,2026-05-17T17:14:40.667880+00:00,seed (simulated history - replace with Keepa API)
B0B7RVNYGP,Anker 735 Charger (Nano II 65W),2026-01-28T17:14:40.506356+00:00,59.41,amazon,2026-05-17T17:14:40.667916+00:00,seed (simulated history - replace with Keepa API)
B0B7RVNYGP,Anker 735 Charger (Nano II 65W),2026-01-29T17:14:40.506356+00:00,63.59,amazon,2026-05-17T17:14:40.667939+00:00,seed (simulated history - replace with Keepa API)
B0B7RVNYGP,Anker 735 Charger (Nano II 65W),2026-01-30T17:14:40.506356+00:00,59.44,amazon,2026-05-17T17:14:40.667961+00:00,seed (simulated history - replace with Keepa API)
B0B7RVNYGP,Anker 735 Charger (Nano II 65W),2026-01-31T17:14:40.506356+00:00,58.19,amazon,2026-05-17T17:14:40.667994+00:00,seed (simulated history - replace with Keepa API)
B0B7RVNYGP,Anker 735 Charger (Nano II 65W),2026-02-01T17:14:40.506356+00:00,58.45,amazon,2026-05-17T17:14:40.668025+00:00,seed (simulated history - replace with Keepa API)
B0B7RVNYGP,Anker 735 Charger (Nano II 65W),2026-02-02T17:14:40.506356+00:00,54.86,amazon,2026-05-17T17:14:40.668047+00:00,seed (simulated history - replace with Keepa API)
B0B7RVNYGP,Anker 735 Charger (Nano II 65W),2026-02-03T17:14:40.506356+00:00,60.97,amazon,2026-05-17T17:14:40.668067+00:00,seed (simulated history - replace with Keepa API)
B0B7RVNYGP,Anker 735 Charger (Nano II 65W),2026-02-04T17:14:40.506356+00:00,57.44,amazon,2026-05-17T17:14:40.668098+00:00,seed (simulated history - replace with Keepa API)
B0B7RVNYGP,Anker 735 Charger (Nano II 65W),2026-02-05T17:14:40.506356+00:00,58.83,amazon,2026-05-17T17:14:40.668125+00:00,seed (simulated history - replace with Keepa API)
B0B7RVNYGP,Anker 735 Charger (Nano II 65W),2026-02-06T17:14:40.506356+00:00,61.54,amazon,2026-05-17T17:14:40.668147+00:00,seed (simulated history - replace with Keepa API)
B0B7RVNYGP,Anker 735 Charger (Nano II 65W),2026-02-07T17:14:40.506356+00:00,61.45,amazon,2026-05-17T17:14:40.668168+00:00,seed (simulated history - replace with Keepa API)
B0B7RVNYGP,Anker 735 Charger (Nano II 65W),2026-02-08T17:14:40.506356+00:00,62.74,amazon,2026-05-17T17:14:40.668190+00:00,seed (simulated history - replace with Keepa API)
B0B7RVNYGP,Anker 735 Charger (Nano II 65W),2026-02-09T17:14:40.506356+00:00,63.41,amazon,2026-05-17T17:14:40.668212+00:00,seed (simulated history - replace with Keepa API)
B0B7RVNYGP,Anker 735 Charger (Nano II 65W),2026-02-10T17:14:40.506356+00:00,65.07,amazon,2026-05-17T17:14:40.668233+00:00,seed (simulated history - replace with Keepa API)
B0B7RVNYGP,Anker 735 Charger (Nano II 65W),2026-02-11T17:14:40.506356+00:00,59.35,amazon,2026-05-17T17:14:40.668255+00:00,seed (simulated history - replace with Keepa API)
B0B7RVNYGP,Anker 735 Charger (Nano II 65W),2026-02-12T17:14:40.506356+00:00,58.94,amazon,2026-05-17T17:14:40.668277+00:00,seed (simulated history - replace with Keepa API)
B0B7RVNYGP,Anker 735 Charger (Nano II 65W),2026-02-13T17:14:40.506356+00:00,60.71,amazon,2026-05-17T17:14:40.668298+00:00,seed (simulated history - replace with Keepa API)
B0B7RVNYGP,Anker 735 Charger (Nano II 65W),2026-02-14T17:14:40.506356+00:00,57.61,amazon,2026-05-17T17:14:40.668315+00:00,seed (simulated history - replace with Keepa API)
B0B7RVNYGP,Anker 735 Charger (Nano II 65W),2026-02-15T17:14:40.506356+00:00,59.56,amazon,2026-05-17T17:14:40.668332+00:00,seed (simulated history - replace with Keepa API)
B0B7RVNYGP,Anker 735 Charger (Nano II 65W),2026-02-16T17:14:40.506356+00:00,60.24,amazon,2026-05-17T17:14:40.668348+00:00,seed (simulated history - replace with Keepa API)
B0B7RVNYGP,Anker 735 Charger (Nano II 65W),2026-02-17T17:14:40.506356+00:00,60.85,amazon,2026-05-17T17:14:40.668364+00:00,seed (simulated history - replace with Keepa API)
B0B7RVNYGP,Anker 735 Charger (Nano II 65W),2026-02-18T17:14:40.506356+00:00,61.04,amazon,2026-05-17T17:14:40.668383+00:00,seed (simulated history - replace with Keepa API)
B0B7RVNYGP,Anker 735 Charger (Nano II 65W),2026-02-19T17:14:40.506356+00:00,59.51,amazon,2026-05-17T17:14:40.668400+00:00,seed (simulated history - replace with Keepa API)
B0B7RVNYGP,Anker 735 Charger (Nano II 65W),2026-02-20T17:14:40.506356+00:00,42.05,amazon,2026-05-17T17:14:40.668438+00:00,seed (simulated history - replace with Keepa API)
B0B7RVNYGP,Anker 735 Charger (Nano II 65W),2026-02-21T17:14:40.506356+00:00,58.17,amazon,2026-05-17T17:14:40.668459+00:00,seed (simulated history - replace with Keepa API)
B0B7RVNYGP,Anker 735 Charger (Nano II 65W),2026-02-22T17:14:40.506356+00:00,59.39,amazon,2026-05-17T17:14:40.668496+00:00,seed (simulated history - replace with Keepa API)
B0B7RVNYGP,Anker 735 Charger (Nano II 65W),2026-02-23T17:14:40.506356+00:00,56.37,amazon,2026-05-17T17:14:40.668517+00:00,seed (simulated history - replace with Keepa API)
B0B7RVNYGP,Anker 735 Charger (Nano II 65W),2026-02-24T17:14:40.506356+00:00,59.75,amazon,2026-05-17T17:14:40.668536+00:00,seed (simulated history - replace with Keepa API)
B0B7RVNYGP,Anker 735 Charger (Nano II 65W),2026-02-25T17:14:40.506356+00:00,61.03,amazon,2026-05-17T17:14:40.668588+00:00,seed (simulated history - replace with Keepa API)
B0B7RVNYGP,Anker 735 Charger (Nano II 65W),2026-02-26T17:14:40.506356+00:00,58.19,amazon,2026-05-17T17:14:40.668609+00:00,seed (simulated history - replace with Keepa API)
B0B7RVNYGP,Anker 735 Charger (Nano II 65W),2026-02-27T17:14:40.506356+00:00,59.06,amazon,2026-05-17T17:14:40.668630+00:00,seed (simulated history - replace with Keepa API)
B0B7RVNYGP,Anker 735 Charger (Nano II 65W),2026-02-28T17:14:40.506356+00:00,62.25,amazon,2026-05-17T17:14:40.668656+00:00,seed (simulated history - replace with Keepa API)
B0B7RVNYGP,Anker 735 Charger (Nano II 65W),2026-03-01T17:14:40.506356+00:00,61.23,amazon,2026-05-17T17:14:40.668677+00:00,seed (simulated history - replace with Keepa API)
B0B7RVNYGP,Anker 735 Charger (Nano II 65W),2026-03-02T17:14:40.506356+00:00,60.54,amazon,2026-05-17T17:14:40.668698+00:00,seed (simulated history - replace with Keepa API)
B0B7RVNYGP,Anker 735 Charger (Nano II 65W),2026-03-03T17:14:40.506356+00:00,60.28,amazon,2026-05-17T17:14:40.668718+00:00,seed (simulated history - replace with Keepa API)
B0B7RVNYGP,Anker 735 Charger (Nano II 65W),2026-03-04T17:14:40.506356+00:00,59.33,amazon,2026-05-17T17:14:40.668739+00:00,seed (simulated history - replace with Keepa API)
B0B7RVNYGP,Anker 735 Charger (Nano II 65W),2026-03-05T17:14:40.506356+00:00,59.56,amazon,2026-05-17T17:14:40.668811+00:00,seed (simulated history - replace with Keepa API)
B0B7RVNYGP,Anker 735 Charger (Nano II 65W),2026-03-06T17:14:40.506356+00:00,60.53,amazon,2026-05-17T17:14:40.668838+00:00,seed (simulated history - replace with Keepa API)
B0B7RVNYGP,Anker 735 Charger (Nano II 65W),2026-03-07T17:14:40.506356+00:00,43.56,amazon,2026-05-17T17:14:40.668871+00:00,seed (simulated history - replace with Keepa API)
B0B7RVNYGP,Anker 735 Charger (Nano II 65W),2026-03-08T17:14:40.506356+00:00,57.73,amazon,2026-05-17T17:14:40.668892+00:00,seed (simulated history - replace with Keepa API)
B0B7RVNYGP,Anker 735 Charger (Nano II 65W),2026-03-09T17:14:40.506356+00:00,62.31,amazon,2026-05-17T17:14:40.668911+00:00,seed (simulated history - replace with Keepa API)
B0B7RVNYGP,Anker 735 Charger (Nano II 65W),2026-03-10T17:14:40.506356+00:00,58.36,amazon,2026-05-17T17:14:40.668932+00:00,seed (simulated history - replace with Keepa API)
B0B7RVNYGP,Anker 735 Charger (Nano II 65W),2026-03-11T17:14:40.506356+00:00,60.25,amazon,2026-05-17T17:14:40.668952+00:00,seed (simulated history - replace with Keepa API)
B0B7RVNYGP,Anker 735 Charger (Nano II 65W),2026-03-12T17:14:40.506356+00:00,60.55,amazon,2026-05-17T17:14:40.668970+00:00,seed (simulated history - replace with Keepa API)
B0B7RVNYGP,Anker 735 Charger (Nano II 65W),2026-03-13T17:14:40.506356+00:00,57.32,amazon,2026-05-17T17:14:40.668996+00:00,seed (simulated history - replace with Keepa API)
B0B7RVNYGP,Anker 735 Charger (Nano II 65W),2026-03-14T17:14:40.506356+00:00,59.68,amazon,2026-05-17T17:14:40.669032+00:00,seed (simulated history - replace with Keepa API)
B0B7RVNYGP,Anker 735 Charger (Nano II 65W),2026-03-15T17:14:40.506356+00:00,62.44,amazon,2026-05-17T17:14:40.669052+00:00,seed (simulated history - replace with Keepa API)
B0B7RVNYGP,Anker 735 Charger (Nano II 65W),2026-03-16T17:14:40.506356+00:00,56.0,amazon,2026-05-17T17:14:40.669081+00:00,seed (simulated history - replace with Keepa API)
B0B7RVNYGP,Anker 735 Charger (Nano II 65W),2026-03-17T17:14:40.506356+00:00,64.34,amazon,2026-05-17T17:14:40.669101+00:00,seed (simulated history - replace with Keepa API)
B0B7RVNYGP,Anker 735 Charger (Nano II 65W),2026-03-18T17:14:40.506356+00:00,56.44,amazon,2026-05-17T17:14:40.669121+00:00,seed (simulated history - replace with Keepa API)
B0B7RVNYGP,Anker 735 Charger (Nano II 65W),2026-03-19T17:14:40.506356+00:00,47.51,amazon,2026-05-17T17:14:40.669150+00:00,seed (simulated history - replace with Keepa API)
B0B7RVNYGP,Anker 735 Charger (Nano II 65W),2026-03-20T17:14:40.506356+00:00,59.0,amazon,2026-05-17T17:14:40.669174+00:00,seed (simulated history - replace with Keepa API)
B0B7RVNYGP,Anker 735 Charger (Nano II 65W),2026-03-21T17:14:40.506356+00:00,59.23,amazon,2026-05-17T17:14:40.669192+00:00,seed (simulated history - replace with Keepa API)
B0B7RVNYGP,Anker 735 Charger (Nano II 65W),2026-03-22T17:14:40.506356+00:00,60.03,amazon,2026-05-17T17:14:40.669212+00:00,seed (simulated history - replace with Keepa API)
B0B7RVNYGP,Anker 735 Charger (Nano II 65W),2026-03-23T17:14:40.506356+00:00,62.97,amazon,2026-05-17T17:14:40.669232+00:00,seed (simulated history - replace with Keepa API)
B0B7RVNYGP,Anker 735 Charger (Nano II 65W),2026-03-24T17:14:40.506356+00:00,60.91,amazon,2026-05-17T17:14:40.669253+00:00,seed (simulated history - replace with Keepa API)
B0B7RVNYGP,Anker 735 Charger (Nano II 65W),2026-03-25T17:14:40.506356+00:00,62.07,amazon,2026-05-17T17:14:40.669272+00:00,seed (simulated history - replace with Keepa API)
B0B7RVNYGP,Anker 735 Charger (Nano II 65W),2026-03-26T17:14:40.506356+00:00,58.44,amazon,2026-05-17T17:14:40.669290+00:00,seed (simulated history - replace with Keepa API)
B0B7RVNYGP,Anker 735 Charger (Nano II 65W),2026-03-27T17:14:40.506356+00:00,58.81,amazon,2026-05-17T17:14:40.669310+00:00,seed (simulated history - replace with Keepa API)
B0B7RVNYGP,Anker 735 Charger (Nano II 65W),2026-03-28T17:14:40.506356+00:00,60.1,amazon,2026-05-17T17:14:40.669330+00:00,seed (simulated history - replace with Keepa API)
B0B7RVNYGP,Anker 735 Charger (Nano II 65W),2026-03-29T17:14:40.506356+00:00,60.57,amazon,2026-05-17T17:14:40.669351+00:00,seed (simulated history - replace with Keepa API)
B0B7RVNYGP,Anker 735 Charger (Nano II 65W),2026-03-30T17:14:40.506356+00:00,59.06,amazon,2026-05-17T17:14:40.669371+00:00,seed (simulated history - replace with Keepa API)
B0B7RVNYGP,Anker 735 Charger (Nano II 65W),2026-03-31T17:14:40.506356+00:00,59.98,amazon,2026-05-17T17:14:40.669388+00:00,seed (simulated history - replace with Keepa API)
B0B7RVNYGP,Anker 735 Charger (Nano II 65W),2026-04-01T17:14:40.506356+00:00,62.67,amazon,2026-05-17T17:14:40.669408+00:00,seed (simulated history - replace with Keepa API)
B0B7RVNYGP,Anker 735 Charger (Nano II 65W),2026-04-02T17:14:40.506356+00:00,59.12,amazon,2026-05-17T17:14:40.669428+00:00,seed (simulated history - replace with Keepa API)
B0B7RVNYGP,Anker 735 Charger (Nano II 65W),2026-04-03T17:14:40.506356+00:00,59.27,amazon,2026-05-17T17:14:40.669462+00:00,seed (simulated history - replace with Keepa API)
B0B7RVNYGP,Anker 735 Charger (Nano II 65W),2026-04-04T17:14:40.506356+00:00,58.08,amazon,2026-05-17T17:14:40.669487+00:00,seed (simulated history - replace with Keepa API)
B0B7RVNYGP,Anker 735 Charger (Nano II 65W),2026-04-05T17:14:40.506356+00:00,62.4,amazon,2026-05-17T17:14:40.669512+00:00,seed (simulated history - replace with Keepa API)
B0B7RVNYGP,Anker 735 Charger (Nano II 65W),2026-04-06T17:14:40.506356+00:00,56.82,amazon,2026-05-17T17:14:40.669533+00:00,seed (simulated history - replace with Keepa API)
B0B7RVNYGP,Anker 735 Charger (Nano II 65W),2026-04-07T17:14:40.506356+00:00,60.32,amazon,2026-05-17T17:14:40.669575+00:00,seed (simulated history - replace with Keepa API)
B0B7RVNYGP,Anker 735 Charger (Nano II 65W),2026-04-08T17:14:40.506356+00:00,60.07,amazon,2026-05-17T17:14:40.669595+00:00,seed (simulated history - replace with Keepa API)
B0B7RVNYGP,Anker 735 Charger (Nano II 65W),2026-04-09T17:14:40.506356+00:00,58.68,amazon,2026-05-17T17:14:40.669614+00:00,seed (simulated history - replace with Keepa API)
B0B7RVNYGP,Anker 735 Charger (Nano II 65W),2026-04-10T17:14:40.506356+00:00,58.47,amazon,2026-05-17T17:14:40.669634+00:00,seed (simulated history - replace with Keepa API)
B0B7RVNYGP,Anker 735 Charger (Nano II 65W),2026-04-11T17:14:40.506356+00:00,44.6,amazon,2026-05-17T17:14:40.669662+00:00,seed (simulated history - replace with Keepa API)
B0B7RVNYGP,Anker 735 Charger (Nano II 65W),2026-04-12T17:14:40.506356+00:00,58.67,amazon,2026-05-17T17:14:40.669683+00:00,seed (simulated history - replace with Keepa API)
B0B7RVNYGP,Anker 735 Charger (Nano II 65W),2026-04-13T17:14:40.506356+00:00,60.42,amazon,2026-05-17T17:14:40.669703+00:00,seed (simulated history - replace with Keepa API)
B0B7RVNYGP,Anker 735 Charger (Nano II 65W),2026-04-14T17:14:40.506356+00:00,58.48,amazon,2026-05-17T17:14:40.669725+00:00,seed (simulated history - replace with Keepa API)
B0B7RVNYGP,Anker 735 Charger (Nano II 65W),2026-04-15T17:14:40.506356+00:00,60.57,amazon,2026-05-17T17:14:40.669747+00:00,seed (simulated history - replace with Keepa API)
B0B7RVNYGP,Anker 735 Charger (Nano II 65W),2026-04-16T17:14:40.506356+00:00,61.03,amazon,2026-05-17T17:14:40.669766+00:00,seed (simulated history - replace with Keepa API)
B0B7RVNYGP,Anker 735 Charger (Nano II 65W),2026-04-17T17:14:40.506356+00:00,62.17,amazon,2026-05-17T17:14:40.669786+00:00,seed (simulated history - replace with Keepa API)
B0B7RVNYGP,Anker 735 Charger (Nano II 65W),2026-04-18T17:14:40.506356+00:00,59.95,amazon,2026-05-17T17:14:40.669806+00:00,seed (simulated history - replace with Keepa API)
B0B7RVNYGP,Anker 735 Charger (Nano II 65W),2026-04-19T17:14:40.506356+00:00,52.54,amazon,2026-05-17T17:14:40.669831+00:00,seed (simulated history - replace with Keepa API)
B0B7RVNYGP,Anker 735 Charger (Nano II 65W),2026-04-20T17:14:40.506356+00:00,63.97,amazon,2026-05-17T17:14:40.669906+00:00,seed (simulated history - replace with Keepa API)
B0B7RVNYGP,Anker 735 Charger (Nano II 65W),2026-04-21T17:14:40.506356+00:00,61.55,amazon,2026-05-17T17:14:40.669927+00:00,seed (simulated history - replace with Keepa API)
B0B7RVNYGP,Anker 735 Charger (Nano II 65W),2026-04-22T17:14:40.506356+00:00,51.83,amazon,2026-05-17T17:14:40.669956+00:00,seed (simulated history - replace with Keepa API)
B0B7RVNYGP,Anker 735 Charger (Nano II 65W),2026-04-23T17:14:40.506356+00:00,59.68,amazon,2026-05-17T17:14:40.669977+00:00,seed (simulated history - replace with Keepa API)
B0B7RVNYGP,Anker 735 Charger (Nano II 65W),2026-04-24T17:14:40.506356+00:00,61.28,amazon,2026-05-17T17:14:40.670020+00:00,seed (simulated history - replace with Keepa API)
B0B7RVNYGP,Anker 735 Charger (Nano II 65W),2026-04-25T17:14:40.506356+00:00,60.17,amazon,2026-05-17T17:14:40.670039+00:00,seed (simulated history - replace with Keepa API)
B0B7RVNYGP,Anker 735 Charger (Nano II 65W),2026-04-26T17:14:40.506356+00:00,62.69,amazon,2026-05-17T17:14:40.670060+00:00,seed (simulated history - replace with Keepa API)
B0B7RVNYGP,Anker 735 Charger (Nano II 65W),2026-04-27T17:14:40.506356+00:00,59.47,amazon,2026-05-17T17:14:40.670080+00:00,seed (simulated history - replace with Keepa API)
B0B7RVNYGP,Anker 735 Charger (Nano II 65W),2026-04-28T17:14:40.506356+00:00,60.77,amazon,2026-05-17T17:14:40.670100+00:00,seed (simulated history - replace with Keepa API)
B0B7RVNYGP,Anker 735 Charger (Nano II 65W),2026-04-29T17:14:40.506356+00:00,59.31,amazon,2026-05-17T17:14:40.670172+00:00,seed (simulated history - replace with Keepa API)
B0B7RVNYGP,Anker 735 Charger (Nano II 65W),2026-04-30T17:14:40.506356+00:00,62.41,amazon,2026-05-17T17:14:40.670197+00:00,seed (simulated history - replace with Keepa API)
B0B7RVNYGP,Anker 735 Charger (Nano II 65W),2026-05-01T17:14:40.506356+00:00,63.81,amazon,2026-05-17T17:14:40.670222+00:00,seed (simulated history - replace with Keepa API)
B0B7RVNYGP,Anker 735 Charger (Nano II 65W),2026-05-02T17:14:40.506356+00:00,61.75,amazon,2026-05-17T17:14:40.670241+00:00,seed (simulated history - replace with Keepa API)
B0B7RVNYGP,Anker 735 Charger (Nano II 65W),2026-05-03T17:14:40.506356+00:00,56.73,amazon,2026-05-17T17:14:40.670263+00:00,seed (simulated history - replace with Keepa API)
B0B7RVNYGP,Anker 735 Charger (Nano II 65W),2026-05-04T17:14:40.506356+00:00,58.28,amazon,2026-05-17T17:14:40.670283+00:00,seed (simulated history - replace with Keepa API)
B0B7RVNYGP,Anker 735 Charger (Nano II 65W),2026-05-05T17:14:40.506356+00:00,57.93,amazon,2026-05-17T17:14:40.670303+00:00,seed (simulated history - replace with Keepa API)
B0B7RVNYGP,Anker 735 Charger (Nano II 65W),2026-05-06T17:14:40.506356+00:00,60.1,amazon,2026-05-17T17:14:40.670323+00:00,seed (simulated history - replace with Keepa API)
B0B7RVNYGP,Anker 735 Charger (Nano II 65W),2026-05-07T17:14:40.506356+00:00,59.24,amazon,2026-05-17T17:14:40.670341+00:00,seed (simulated history - replace with Keepa API)
B0B7RVNYGP,Anker 735 Charger (Nano II 65W),2026-05-08T17:14:40.506356+00:00,62.69,amazon,2026-05-17T17:14:40.670362+00:00,seed (simulated history - replace with Keepa API)
B0B7RVNYGP,Anker 735 Charger (Nano II 65W),2026-05-09T17:14:40.506356+00:00,59.4,amazon,2026-05-17T17:14:40.670382+00:00,seed (simulated history - replace with Keepa API)
B0B7RVNYGP,Anker 735 Charger (Nano II 65W),2026-05-10T17:14:40.506356+00:00,63.56,amazon,2026-05-17T17:14:40.670406+00:00,seed (simulated history - replace with Keepa API)
B0B7RVNYGP,Anker 735 Charger (Nano II 65W),2026-05-11T17:14:40.506356+00:00,59.84,amazon,2026-05-17T17:14:40.670429+00:00,seed (simulated history - replace with Keepa API)
B0B7RVNYGP,Anker 735 Charger (Nano II 65W),2026-05-12T17:14:40.506356+00:00,64.05,amazon,2026-05-17T17:14:40.670447+00:00,seed (simulated history - replace with Keepa API)
B0B7RVNYGP,Anker 735 Charger (Nano II 65W),2026-05-13T17:14:40.506356+00:00,59.63,amazon,2026-05-17T17:14:40.670467+00:00,seed (simulated history - replace with Keepa API)
B0B7RVNYGP,Anker 735 Charger (Nano II 65W),2026-05-14T17:14:40.506356+00:00,59.66,amazon,2026-05-17T17:14:40.670497+00:00,seed (simulated history - replace with Keepa API)
B0B7RVNYGP,Anker 735 Charger (Nano II 65W),2026-05-15T17:14:40.506356+00:00,61.71,amazon,2026-05-17T17:14:40.670518+00:00,seed (simulated history - replace with Keepa API)
B0B7RVNYGP,Anker 735 Charger (Nano II 65W),2026-05-16T17:14:40.506356+00:00,61.41,amazon,2026-05-17T17:14:40.670575+00:00,seed (simulated history - replace with Keepa API)
B0B7RVNYGP,Anker 735 Charger (Nano II 65W),2026-05-17T17:14:40.506356+00:00,57.66,amazon,2026-05-17T17:14:40.670597+00:00,seed (simulated history - replace with Keepa API)
B09V3KXJPB,Ninja DZ401 Foodi 10 Qt,2025-11-18T17:14:40.506356+00:00,250.62,amazon,2026-05-17T17:14:40.672092+00:00,seed (simulated history - replace with Keepa API)
B09V3KXJPB,Ninja DZ401 Foodi 10 Qt,2025-11-19T17:14:40.506356+00:00,246.81,amazon,2026-05-17T17:14:40.672140+00:00,seed (simulated history - replace with Keepa API)
B09V3KXJPB,Ninja DZ401 Foodi 10 Qt,2025-11-20T17:14:40.506356+00:00,183.82,amazon,2026-05-17T17:14:40.672160+00:00,seed (simulated history - replace with Keepa API)
B09V3KXJPB,Ninja DZ401 Foodi 10 Qt,2025-11-21T17:14:40.506356+00:00,189.18,amazon,2026-05-17T17:14:40.672180+00:00,seed (simulated history - replace with Keepa API)
B09V3KXJPB,Ninja DZ401 Foodi 10 Qt,2025-11-22T17:14:40.506356+00:00,187.95,amazon,2026-05-17T17:14:40.672196+00:00,seed (simulated history - replace with Keepa API)
B09V3KXJPB,Ninja DZ401 Foodi 10 Qt,2025-11-23T17:14:40.506356+00:00,181.65,amazon,2026-05-17T17:14:40.672214+00:00,seed (simulated history - replace with Keepa API)
B09V3KXJPB,Ninja DZ401 Foodi 10 Qt,2025-11-24T17:14:40.506356+00:00,184.91,amazon,2026-05-17T17:14:40.672232+00:00,seed (simulated history - replace with Keepa API)
B09V3KXJPB,Ninja DZ401 Foodi 10 Qt,2025-11-25T17:14:40.506356+00:00,193.98,amazon,2026-05-17T17:14:40.672250+00:00,seed (simulated history - replace with Keepa API)
B09V3KXJPB,Ninja DZ401 Foodi 10 Qt,2025-11-26T17:14:40.506356+00:00,188.62,amazon,2026-05-17T17:14:40.672269+00:00,seed (simulated history - replace with Keepa API)
B09V3KXJPB,Ninja DZ401 Foodi 10 Qt,2025-11-27T17:14:40.506356+00:00,191.61,amazon,2026-05-17T17:14:40.672285+00:00,seed (simulated history - replace with Keepa API)
B09V3KXJPB,Ninja DZ401 Foodi 10 Qt,2025-11-28T17:14:40.506356+00:00,197.04,amazon,2026-05-17T17:14:40.672301+00:00,seed (simulated history - replace with Keepa API)
B09V3KXJPB,Ninja DZ401 Foodi 10 Qt,2025-11-29T17:14:40.506356+00:00,190.75,amazon,2026-05-17T17:14:40.672319+00:00,seed (simulated history - replace with Keepa API)
B09V3KXJPB,Ninja DZ401 Foodi 10 Qt,2025-11-30T17:14:40.506356+00:00,173.09,amazon,2026-05-17T17:14:40.672339+00:00,seed (simulated history - replace with Keepa API)
B09V3KXJPB,Ninja DZ401 Foodi 10 Qt,2025-12-01T17:14:40.506356+00:00,252.02,amazon,2026-05-17T17:14:40.672363+00:00,seed (simulated history - replace with Keepa API)
B09V3KXJPB,Ninja DZ401 Foodi 10 Qt,2025-12-02T17:14:40.506356+00:00,245.35,amazon,2026-05-17T17:14:40.672384+00:00,seed (simulated history - replace with Keepa API)
B09V3KXJPB,Ninja DZ401 Foodi 10 Qt,2025-12-03T17:14:40.506356+00:00,263.57,amazon,2026-05-17T17:14:40.672435+00:00,seed (simulated history - replace with Keepa API)
B09V3KXJPB,Ninja DZ401 Foodi 10 Qt,2025-12-04T17:14:40.506356+00:00,252.98,amazon,2026-05-17T17:14:40.672457+00:00,seed (simulated history - replace with Keepa API)
B09V3KXJPB,Ninja DZ401 Foodi 10 Qt,2025-12-05T17:14:40.506356+00:00,250.67,amazon,2026-05-17T17:14:40.672492+00:00,seed (simulated history - replace with Keepa API)
B09V3KXJPB,Ninja DZ401 Foodi 10 Qt,2025-12-06T17:14:40.506356+00:00,237.11,amazon,2026-05-17T17:14:40.672516+00:00,seed (simulated history - replace with Keepa API)
B09V3KXJPB,Ninja DZ401 Foodi 10 Qt,2025-12-07T17:14:40.506356+00:00,260.64,amazon,2026-05-17T17:14:40.672537+00:00,seed (simulated history - replace with Keepa API)
B09V3KXJPB,Ninja DZ401 Foodi 10 Qt,2025-12-08T17:14:40.506356+00:00,249.06,amazon,2026-05-17T17:14:40.672583+00:00,seed (simulated history - replace with Keepa API)
B09V3KXJPB,Ninja DZ401 Foodi 10 Qt,2025-12-09T17:14:40.506356+00:00,257.3,amazon,2026-05-17T17:14:40.672606+00:00,seed (simulated history - replace with Keepa API)
B09V3KXJPB,Ninja DZ401 Foodi 10 Qt,2025-12-10T17:14:40.506356+00:00,246.3,amazon,2026-05-17T17:14:40.672627+00:00,seed (simulated history - replace with Keepa API)
B09V3KXJPB,Ninja DZ401 Foodi 10 Qt,2025-12-11T17:14:40.506356+00:00,249.04,amazon,2026-05-17T17:14:40.672654+00:00,seed (simulated history - replace with Keepa API)
B09V3KXJPB,Ninja DZ401 Foodi 10 Qt,2025-12-12T17:14:40.506356+00:00,238.86,amazon,2026-05-17T17:14:40.672675+00:00,seed (simulated history - replace with Keepa API)
B09V3KXJPB,Ninja DZ401 Foodi 10 Qt,2025-12-13T17:14:40.506356+00:00,200.55,amazon,2026-05-17T17:14:40.672720+00:00,seed (simulated history - replace with Keepa API)
B09V3KXJPB,Ninja DZ401 Foodi 10 Qt,2025-12-14T17:14:40.506356+00:00,248.88,amazon,2026-05-17T17:14:40.672742+00:00,seed (simulated history - replace with Keepa API)
B09V3KXJPB,Ninja DZ401 Foodi 10 Qt,2025-12-15T17:14:40.506356+00:00,258.64,amazon,2026-05-17T17:14:40.672764+00:00,seed (simulated history - replace with Keepa API)
B09V3KXJPB,Ninja DZ401 Foodi 10 Qt,2025-12-16T17:14:40.506356+00:00,258.71,amazon,2026-05-17T17:14:40.672786+00:00,seed (simulated history - replace with Keepa API)
B09V3KXJPB,Ninja DZ401 Foodi 10 Qt,2025-12-17T17:14:40.506356+00:00,232.02,amazon,2026-05-17T17:14:40.672808+00:00,seed (simulated history - replace with Keepa API)
B09V3KXJPB,Ninja DZ401 Foodi 10 Qt,2025-12-18T17:14:40.506356+00:00,244.9,amazon,2026-05-17T17:14:40.672829+00:00,seed (simulated history - replace with Keepa API)
B09V3KXJPB,Ninja DZ401 Foodi 10 Qt,2025-12-19T17:14:40.506356+00:00,241.31,amazon,2026-05-17T17:14:40.672851+00:00,seed (simulated history - replace with Keepa API)
B09V3KXJPB,Ninja DZ401 Foodi 10 Qt,2025-12-20T17:14:40.506356+00:00,235.13,amazon,2026-05-17T17:14:40.672871+00:00,seed (simulated history - replace with Keepa API)
B09V3KXJPB,Ninja DZ401 Foodi 10 Qt,2025-12-21T17:14:40.506356+00:00,249.7,amazon,2026-05-17T17:14:40.672892+00:00,seed (simulated history - replace with Keepa API)
B09V3KXJPB,Ninja DZ401 Foodi 10 Qt,2025-12-22T17:14:40.506356+00:00,256.13,amazon,2026-05-17T17:14:40.672912+00:00,seed (simulated history - replace with Keepa API)
B09V3KXJPB,Ninja DZ401 Foodi 10 Qt,2025-12-23T17:14:40.506356+00:00,242.76,amazon,2026-05-17T17:14:40.672940+00:00,seed (simulated history - replace with Keepa API)
B09V3KXJPB,Ninja DZ401 Foodi 10 Qt,2025-12-24T17:14:40.506356+00:00,235.5,amazon,2026-05-17T17:14:40.672961+00:00,seed (simulated history - replace with Keepa API)
B09V3KXJPB,Ninja DZ401 Foodi 10 Qt,2025-12-25T17:14:40.506356+00:00,243.32,amazon,2026-05-17T17:14:40.672988+00:00,seed (simulated history - replace with Keepa API)
B09V3KXJPB,Ninja DZ401 Foodi 10 Qt,2025-12-26T17:14:40.506356+00:00,248.79,amazon,2026-05-17T17:14:40.673023+00:00,seed (simulated history - replace with Keepa API)
B09V3KXJPB,Ninja DZ401 Foodi 10 Qt,2025-12-27T17:14:40.506356+00:00,248.25,amazon,2026-05-17T17:14:40.673046+00:00,seed (simulated history - replace with Keepa API)
B09V3KXJPB,Ninja DZ401 Foodi 10 Qt,2025-12-28T17:14:40.506356+00:00,250.07,amazon,2026-05-17T17:14:40.673067+00:00,seed (simulated history - replace with Keepa API)
B09V3KXJPB,Ninja DZ401 Foodi 10 Qt,2025-12-29T17:14:40.506356+00:00,253.13,amazon,2026-05-17T17:14:40.673091+00:00,seed (simulated history - replace with Keepa API)
B09V3KXJPB,Ninja DZ401 Foodi 10 Qt,2025-12-30T17:14:40.506356+00:00,249.89,amazon,2026-05-17T17:14:40.673173+00:00,seed (simulated history - replace with Keepa API)
B09V3KXJPB,Ninja DZ401 Foodi 10 Qt,2025-12-31T17:14:40.506356+00:00,256.58,amazon,2026-05-17T17:14:40.673211+00:00,seed (simulated history - replace with Keepa API)
B09V3KXJPB,Ninja DZ401 Foodi 10 Qt,2026-01-01T17:14:40.506356+00:00,242.89,amazon,2026-05-17T17:14:40.673234+00:00,seed (simulated history - replace with Keepa API)
B09V3KXJPB,Ninja DZ401 Foodi 10 Qt,2026-01-02T17:14:40.506356+00:00,247.94,amazon,2026-05-17T17:14:40.673257+00:00,seed (simulated history - replace with Keepa API)
B09V3KXJPB,Ninja DZ401 Foodi 10 Qt,2026-01-03T17:14:40.506356+00:00,254.38,amazon,2026-05-17T17:14:40.673278+00:00,seed (simulated history - replace with Keepa API)
B09V3KXJPB,Ninja DZ401 Foodi 10 Qt,2026-01-04T17:14:40.506356+00:00,252.1,amazon,2026-05-17T17:14:40.673302+00:00,seed (simulated history - replace with Keepa API)
B09V3KXJPB,Ninja DZ401 Foodi 10 Qt,2026-01-05T17:14:40.506356+00:00,263.73,amazon,2026-05-17T17:14:40.673323+00:00,seed (simulated history - replace with Keepa API)
B09V3KXJPB,Ninja DZ401 Foodi 10 Qt,2026-01-06T17:14:40.506356+00:00,243.18,amazon,2026-05-17T17:14:40.673350+00:00,seed (simulated history - replace with Keepa API)
B09V3KXJPB,Ninja DZ401 Foodi 10 Qt,2026-01-07T17:14:40.506356+00:00,254.52,amazon,2026-05-17T17:14:40.673372+00:00,seed (simulated history - replace with Keepa API)
B09V3KXJPB,Ninja DZ401 Foodi 10 Qt,2026-01-08T17:14:40.506356+00:00,245.26,amazon,2026-05-17T17:14:40.673392+00:00,seed (simulated history - replace with Keepa API)
B09V3KXJPB,Ninja DZ401 Foodi 10 Qt,2026-01-09T17:14:40.506356+00:00,244.48,amazon,2026-05-17T17:14:40.673412+00:00,seed (simulated history - replace with Keepa API)
B09V3KXJPB,Ninja DZ401 Foodi 10 Qt,2026-01-10T17:14:40.506356+00:00,258.12,amazon,2026-05-17T17:14:40.673433+00:00,seed (simulated history - replace with Keepa API)
B09V3KXJPB,Ninja DZ401 Foodi 10 Qt,2026-01-11T17:14:40.506356+00:00,249.8,amazon,2026-05-17T17:14:40.673460+00:00,seed (simulated history - replace with Keepa API)
B09V3KXJPB,Ninja DZ401 Foodi 10 Qt,2026-01-12T17:14:40.506356+00:00,251.97,amazon,2026-05-17T17:14:40.673487+00:00,seed (simulated history - replace with Keepa API)
B09V3KXJPB,Ninja DZ401 Foodi 10 Qt,2026-01-13T17:14:40.506356+00:00,245.8,amazon,2026-05-17T17:14:40.673510+00:00,seed (simulated history - replace with Keepa API)
B09V3KXJPB,Ninja DZ401 Foodi 10 Qt,2026-01-14T17:14:40.506356+00:00,246.21,amazon,2026-05-17T17:14:40.673532+00:00,seed (simulated history - replace with Keepa API)
B09V3KXJPB,Ninja DZ401 Foodi 10 Qt,2026-01-15T17:14:40.506356+00:00,238.59,amazon,2026-05-17T17:14:40.673575+00:00,seed (simulated history - replace with Keepa API)
B09V3KXJPB,Ninja DZ401 Foodi 10 Qt,2026-01-16T17:14:40.506356+00:00,251.36,amazon,2026-05-17T17:14:40.673597+00:00,seed (simulated history - replace with Keepa API)
B09V3KXJPB,Ninja DZ401 Foodi 10 Qt,2026-01-17T17:14:40.506356+00:00,242.22,amazon,2026-05-17T17:14:40.673618+00:00,seed (simulated history - replace with Keepa API)
B09V3KXJPB,Ninja DZ401 Foodi 10 Qt,2026-01-18T17:14:40.506356+00:00,248.93,amazon,2026-05-17T17:14:40.673640+00:00,seed (simulated history - replace with Keepa API)
B09V3KXJPB,Ninja DZ401 Foodi 10 Qt,2026-01-19T17:14:40.506356+00:00,256.57,amazon,2026-05-17T17:14:40.673661+00:00,seed (simulated history - replace with Keepa API)
B09V3KXJPB,Ninja DZ401 Foodi 10 Qt,2026-01-20T17:14:40.506356+00:00,236.73,amazon,2026-05-17T17:14:40.673682+00:00,seed (simulated history - replace with Keepa API)
B09V3KXJPB,Ninja DZ401 Foodi 10 Qt,2026-01-21T17:14:40.506356+00:00,272.44,amazon,2026-05-17T17:14:40.673704+00:00,seed (simulated history - replace with Keepa API)
B09V3KXJPB,Ninja DZ401 Foodi 10 Qt,2026-01-22T17:14:40.506356+00:00,244.34,amazon,2026-05-17T17:14:40.673726+00:00,seed (simulated history - replace with Keepa API)
B09V3KXJPB,Ninja DZ401 Foodi 10 Qt,2026-01-23T17:14:40.506356+00:00,249.14,amazon,2026-05-17T17:14:40.673747+00:00,seed (simulated history - replace with Keepa API)
B09V3KXJPB,Ninja DZ401 Foodi 10 Qt,2026-01-24T17:14:40.506356+00:00,251.96,amazon,2026-05-17T17:14:40.673768+00:00,seed (simulated history - replace with Keepa API)
B09V3KXJPB,Ninja DZ401 Foodi 10 Qt,2026-01-25T17:14:40.506356+00:00,244.11,amazon,2026-05-17T17:14:40.673796+00:00,seed (simulated history - replace with Keepa API)
B09V3KXJPB,Ninja DZ401 Foodi 10 Qt,2026-01-26T17:14:40.506356+00:00,246.46,amazon,2026-05-17T17:14:40.673819+00:00,seed (simulated history - replace with Keepa API)
B09V3KXJPB,Ninja DZ401 Foodi 10 Qt,2026-01-27T17:14:40.506356+00:00,258.4,amazon,2026-05-17T17:14:40.673840+00:00,seed (simulated history - replace with Keepa API)
B09V3KXJPB,Ninja DZ401 Foodi 10 Qt,2026-01-28T17:14:40.506356+00:00,255.67,amazon,2026-05-17T17:14:40.673862+00:00,seed (simulated history - replace with Keepa API)
B09V3KXJPB,Ninja DZ401 Foodi 10 Qt,2026-01-29T17:14:40.506356+00:00,248.1,amazon,2026-05-17T17:14:40.673883+00:00,seed (simulated history - replace with Keepa API)
B09V3KXJPB,Ninja DZ401 Foodi 10 Qt,2026-01-30T17:14:40.506356+00:00,249.98,amazon,2026-05-17T17:14:40.673902+00:00,seed (simulated history - replace with Keepa API)
B09V3KXJPB,Ninja DZ401 Foodi 10 Qt,2026-01-31T17:14:40.506356+00:00,251.04,amazon,2026-05-17T17:14:40.673928+00:00,seed (simulated history - replace with Keepa API)
B09V3KXJPB,Ninja DZ401 Foodi 10 Qt,2026-02-01T17:14:40.506356+00:00,254.17,amazon,2026-05-17T17:14:40.673950+00:00,seed (simulated history - replace with Keepa API)
B09V3KXJPB,Ninja DZ401 Foodi 10 Qt,2026-02-02T17:14:40.506356+00:00,254.73,amazon,2026-05-17T17:14:40.673971+00:00,seed (simulated history - replace with Keepa API)
B09V3KXJPB,Ninja DZ401 Foodi 10 Qt,2026-02-03T17:14:40.506356+00:00,254.52,amazon,2026-05-17T17:14:40.673999+00:00,seed (simulated history - replace with Keepa API)
B09V3KXJPB,Ninja DZ401 Foodi 10 Qt,2026-02-04T17:14:40.506356+00:00,246.91,amazon,2026-05-17T17:14:40.674034+00:00,seed (simulated history - replace with Keepa API)
B09V3KXJPB,Ninja DZ401 Foodi 10 Qt,2026-02-05T17:14:40.506356+00:00,250.8,amazon,2026-05-17T17:14:40.674056+00:00,seed (simulated history - replace with Keepa API)
B09V3KXJPB,Ninja DZ401 Foodi 10 Qt,2026-02-06T17:14:40.506356+00:00,257.48,amazon,2026-05-17T17:14:40.674078+00:00,seed (simulated history - replace with Keepa API)
B09V3KXJPB,Ninja DZ401 Foodi 10 Qt,2026-02-07T17:14:40.506356+00:00,266.54,amazon,2026-05-17T17:14:40.674099+00:00,seed (simulated history - replace with Keepa API)
B09V3KXJPB,Ninja DZ401 Foodi 10 Qt,2026-02-08T17:14:40.506356+00:00,250.59,amazon,2026-05-17T17:14:40.674120+00:00,seed (simulated history - replace with Keepa API)
B09V3KXJPB,Ninja DZ401 Foodi 10 Qt,2026-02-09T17:14:40.506356+00:00,245.94,amazon,2026-05-17T17:14:40.674142+00:00,seed (simulated history - replace with Keepa API)
B09V3KXJPB,Ninja DZ401 Foodi 10 Qt,2026-02-10T17:14:40.506356+00:00,243.98,amazon,2026-05-17T17:14:40.674164+00:00,seed (simulated history - replace with Keepa API)
B09V3KXJPB,Ninja DZ401 Foodi 10 Qt,2026-02-11T17:14:40.506356+00:00,254.58,amazon,2026-05-17T17:14:40.674185+00:00,seed (simulated history - replace with Keepa API)
B09V3KXJPB,Ninja DZ401 Foodi 10 Qt,2026-02-12T17:14:40.506356+00:00,238.29,amazon,2026-05-17T17:14:40.674258+00:00,seed (simulated history - replace with Keepa API)
B09V3KXJPB,Ninja DZ401 Foodi 10 Qt,2026-02-13T17:14:40.506356+00:00,254.66,amazon,2026-05-17T17:14:40.674290+00:00,seed (simulated history - replace with Keepa API)
B09V3KXJPB,Ninja DZ401 Foodi 10 Qt,2026-02-14T17:14:40.506356+00:00,254.8,amazon,2026-05-17T17:14:40.674313+00:00,seed (simulated history - replace with Keepa API)
B09V3KXJPB,Ninja DZ401 Foodi 10 Qt,2026-02-15T17:14:40.506356+00:00,246.19,amazon,2026-05-17T17:14:40.674335+00:00,seed (simulated history - replace with Keepa API)
B09V3KXJPB,Ninja DZ401 Foodi 10 Qt,2026-02-16T17:14:40.506356+00:00,251.79,amazon,2026-05-17T17:14:40.674356+00:00,seed (simulated history - replace with Keepa API)
B09V3KXJPB,Ninja DZ401 Foodi 10 Qt,2026-02-17T17:14:40.506356+00:00,248.33,amazon,2026-05-17T17:14:40.674378+00:00,seed (simulated history - replace with Keepa API)
B09V3KXJPB,Ninja DZ401 Foodi 10 Qt,2026-02-18T17:14:40.506356+00:00,240.0,amazon,2026-05-17T17:14:40.674398+00:00,seed (simulated history - replace with Keepa API)
B09V3KXJPB,Ninja DZ401 Foodi 10 Qt,2026-02-19T17:14:40.506356+00:00,254.07,amazon,2026-05-17T17:14:40.674427+00:00,seed (simulated history - replace with Keepa API)
B09V3KXJPB,Ninja DZ401 Foodi 10 Qt,2026-02-20T17:14:40.506356+00:00,253.36,amazon,2026-05-17T17:14:40.674454+00:00,seed (simulated history - replace with Keepa API)
B09V3KXJPB,Ninja DZ401 Foodi 10 Qt,2026-02-21T17:14:40.506356+00:00,246.75,amazon,2026-05-17T17:14:40.674478+00:00,seed (simulated history - replace with Keepa API)
B09V3KXJPB,Ninja DZ401 Foodi 10 Qt,2026-02-22T17:14:40.506356+00:00,266.38,amazon,2026-05-17T17:14:40.674508+00:00,seed (simulated history - replace with Keepa API)
B09V3KXJPB,Ninja DZ401 Foodi 10 Qt,2026-02-23T17:14:40.506356+00:00,250.04,amazon,2026-05-17T17:14:40.674529+00:00,seed (simulated history - replace with Keepa API)
B09V3KXJPB,Ninja DZ401 Foodi 10 Qt,2026-02-24T17:14:40.506356+00:00,236.13,amazon,2026-05-17T17:14:40.674573+00:00,seed (simulated history - replace with Keepa API)
B09V3KXJPB,Ninja DZ401 Foodi 10 Qt,2026-02-25T17:14:40.506356+00:00,257.91,amazon,2026-05-17T17:14:40.674592+00:00,seed (simulated history - replace with Keepa API)
B09V3KXJPB,Ninja DZ401 Foodi 10 Qt,2026-02-26T17:14:40.506356+00:00,255.9,amazon,2026-05-17T17:14:40.674611+00:00,seed (simulated history - replace with Keepa API)
B09V3KXJPB,Ninja DZ401 Foodi 10 Qt,2026-02-27T17:14:40.506356+00:00,256.85,amazon,2026-05-17T17:14:40.674628+00:00,seed (simulated history - replace with Keepa API)
B09V3KXJPB,Ninja DZ401 Foodi 10 Qt,2026-02-28T17:14:40.506356+00:00,242.59,amazon,2026-05-17T17:14:40.674644+00:00,seed (simulated history - replace with Keepa API)
B09V3KXJPB,Ninja DZ401 Foodi 10 Qt,2026-03-01T17:14:40.506356+00:00,251.59,amazon,2026-05-17T17:14:40.674661+00:00,seed (simulated history - replace with Keepa API)
B09V3KXJPB,Ninja DZ401 Foodi 10 Qt,2026-03-02T17:14:40.506356+00:00,249.91,amazon,2026-05-17T17:14:40.674676+00:00,seed (simulated history - replace with Keepa API)
B09V3KXJPB,Ninja DZ401 Foodi 10 Qt,2026-03-03T17:14:40.506356+00:00,248.69,amazon,2026-05-17T17:14:40.674695+00:00,seed (simulated history - replace with Keepa API)
B09V3KXJPB,Ninja DZ401 Foodi 10 Qt,2026-03-04T17:14:40.506356+00:00,260.03,amazon,2026-05-17T17:14:40.674715+00:00,seed (simulated history - replace with Keepa API)
B09V3KXJPB,Ninja DZ401 Foodi 10 Qt,2026-03-05T17:14:40.506356+00:00,250.14,amazon,2026-05-17T17:14:40.674735+00:00,seed (simulated history - replace with Keepa API)
B09V3KXJPB,Ninja DZ401 Foodi 10 Qt,2026-03-06T17:14:40.506356+00:00,246.99,amazon,2026-05-17T17:14:40.674755+00:00,seed (simulated history - replace with Keepa API)
B09V3KXJPB,Ninja DZ401 Foodi 10 Qt,2026-03-07T17:14:40.506356+00:00,246.92,amazon,2026-05-17T17:14:40.674773+00:00,seed (simulated history - replace with Keepa API)
B09V3KXJPB,Ninja DZ401 Foodi 10 Qt,2026-03-08T17:14:40.506356+00:00,242.07,amazon,2026-05-17T17:14:40.674789+00:00,seed (simulated history - replace with Keepa API)
B09V3KXJPB,Ninja DZ401 Foodi 10 Qt,2026-03-09T17:14:40.506356+00:00,250.85,amazon,2026-05-17T17:14:40.674807+00:00,seed (simulated history - replace with Keepa API)
B09V3KXJPB,Ninja DZ401 Foodi 10 Qt,2026-03-10T17:14:40.506356+00:00,260.69,amazon,2026-05-17T17:14:40.674827+00:00,seed (simulated history - replace with Keepa API)
B09V3KXJPB,Ninja DZ401 Foodi 10 Qt,2026-03-11T17:14:40.506356+00:00,247.57,amazon,2026-05-17T17:14:40.674860+00:00,seed (simulated history - replace with Keepa API)
B09V3KXJPB,Ninja DZ401 Foodi 10 Qt,2026-03-12T17:14:40.506356+00:00,252.01,amazon,2026-05-17T17:14:40.674881+00:00,seed (simulated history - replace with Keepa API)
B09V3KXJPB,Ninja DZ401 Foodi 10 Qt,2026-03-13T17:14:40.506356+00:00,248.57,amazon,2026-05-17T17:14:40.674899+00:00,seed (simulated history - replace with Keepa API)
B09V3KXJPB,Ninja DZ401 Foodi 10 Qt,2026-03-14T17:14:40.506356+00:00,249.34,amazon,2026-05-17T17:14:40.674916+00:00,seed (simulated history - replace with Keepa API)
B09V3KXJPB,Ninja DZ401 Foodi 10 Qt,2026-03-15T17:14:40.506356+00:00,256.26,amazon,2026-05-17T17:14:40.674935+00:00,seed (simulated history - replace with Keepa API)
B09V3KXJPB,Ninja DZ401 Foodi 10 Qt,2026-03-16T17:14:40.506356+00:00,241.98,amazon,2026-05-17T17:14:40.674954+00:00,seed (simulated history - replace with Keepa API)
B09V3KXJPB,Ninja DZ401 Foodi 10 Qt,2026-03-17T17:14:40.506356+00:00,238.92,amazon,2026-05-17T17:14:40.674986+00:00,seed (simulated history - replace with Keepa API)
B09V3KXJPB,Ninja DZ401 Foodi 10 Qt,2026-03-18T17:14:40.506356+00:00,221.15,amazon,2026-05-17T17:14:40.675041+00:00,seed (simulated history - replace with Keepa API)
B09V3KXJPB,Ninja DZ401 Foodi 10 Qt,2026-03-19T17:14:40.506356+00:00,252.32,amazon,2026-05-17T17:14:40.675065+00:00,seed (simulated history - replace with Keepa API)
B09V3KXJPB,Ninja DZ401 Foodi 10 Qt,2026-03-20T17:14:40.506356+00:00,242.46,amazon,2026-05-17T17:14:40.675085+00:00,seed (simulated history - replace with Keepa API)
B09V3KXJPB,Ninja DZ401 Foodi 10 Qt,2026-03-21T17:14:40.506356+00:00,210.76,amazon,2026-05-17T17:14:40.675112+00:00,seed (simulated history - replace with Keepa API)
B09V3KXJPB,Ninja DZ401 Foodi 10 Qt,2026-03-22T17:14:40.506356+00:00,193.56,amazon,2026-05-17T17:14:40.675137+00:00,seed (simulated history - replace with Keepa API)
B09V3KXJPB,Ninja DZ401 Foodi 10 Qt,2026-03-23T17:14:40.506356+00:00,257.69,amazon,2026-05-17T17:14:40.675157+00:00,seed (simulated history - replace with Keepa API)
B09V3KXJPB,Ninja DZ401 Foodi 10 Qt,2026-03-24T17:14:40.506356+00:00,245.26,amazon,2026-05-17T17:14:40.675177+00:00,seed (simulated history - replace with Keepa API)
B09V3KXJPB,Ninja DZ401 Foodi 10 Qt,2026-03-25T17:14:40.506356+00:00,263.8,amazon,2026-05-17T17:14:40.675197+00:00,seed (simulated history - replace with Keepa API)
B09V3KXJPB,Ninja DZ401 Foodi 10 Qt,2026-03-26T17:14:40.506356+00:00,250.83,amazon,2026-05-17T17:14:40.675215+00:00,seed (simulated history - replace with Keepa API)
B09V3KXJPB,Ninja DZ401 Foodi 10 Qt,2026-03-27T17:14:40.506356+00:00,235.64,amazon,2026-05-17T17:14:40.675232+00:00,seed (simulated history - replace with Keepa API)
B09V3KXJPB,Ninja DZ401 Foodi 10 Qt,2026-03-28T17:14:40.506356+00:00,254.64,amazon,2026-05-17T17:14:40.675247+00:00,seed (simulated history - replace with Keepa API)
B09V3KXJPB,Ninja DZ401 Foodi 10 Qt,2026-03-29T17:14:40.506356+00:00,267.87,amazon,2026-05-17T17:14:40.675261+00:00,seed (simulated history - replace with Keepa API)
B09V3KXJPB,Ninja DZ401 Foodi 10 Qt,2026-03-30T17:14:40.506356+00:00,249.12,amazon,2026-05-17T17:14:40.675284+00:00,seed (simulated history - replace with Keepa API)
B09V3KXJPB,Ninja DZ401 Foodi 10 Qt,2026-03-31T17:14:40.506356+00:00,252.29,amazon,2026-05-17T17:14:40.675353+00:00,seed (simulated history - replace with Keepa API)
B09V3KXJPB,Ninja DZ401 Foodi 10 Qt,2026-04-01T17:14:40.506356+00:00,263.82,amazon,2026-05-17T17:14:40.675374+00:00,seed (simulated history - replace with Keepa API)
B09V3KXJPB,Ninja DZ401 Foodi 10 Qt,2026-04-02T17:14:40.506356+00:00,235.43,amazon,2026-05-17T17:14:40.675394+00:00,seed (simulated history - replace with Keepa API)
B09V3KXJPB,Ninja DZ401 Foodi 10 Qt,2026-04-03T17:14:40.506356+00:00,238.69,amazon,2026-05-17T17:14:40.675413+00:00,seed (simulated history - replace with Keepa API)
B09V3KXJPB,Ninja DZ401 Foodi 10 Qt,2026-04-04T17:14:40.506356+00:00,250.95,amazon,2026-05-17T17:14:40.675433+00:00,seed (simulated history - replace with Keepa API)
B09V3KXJPB,Ninja DZ401 Foodi 10 Qt,2026-04-05T17:14:40.506356+00:00,245.56,amazon,2026-05-17T17:14:40.675451+00:00,seed (simulated history - replace with Keepa API)
B09V3KXJPB,Ninja DZ401 Foodi 10 Qt,2026-04-06T17:14:40.506356+00:00,250.97,amazon,2026-05-17T17:14:40.675471+00:00,seed (simulated history - replace with Keepa API)
B09V3KXJPB,Ninja DZ401 Foodi 10 Qt,2026-04-07T17:14:40.506356+00:00,243.57,amazon,2026-05-17T17:14:40.675497+00:00,seed (simulated history - replace with Keepa API)
B09V3KXJPB,Ninja DZ401 Foodi 10 Qt,2026-04-08T17:14:40.506356+00:00,260.85,amazon,2026-05-17T17:14:40.675518+00:00,seed (simulated history - replace with Keepa API)
B09V3KXJPB,Ninja DZ401 Foodi 10 Qt,2026-04-09T17:14:40.506356+00:00,255.13,amazon,2026-05-17T17:14:40.675555+00:00,seed (simulated history - replace with Keepa API)
B09V3KXJPB,Ninja DZ401 Foodi 10 Qt,2026-04-10T17:14:40.506356+00:00,254.12,amazon,2026-05-17T17:14:40.675574+00:00,seed (simulated history - replace with Keepa API)
B09V3KXJPB,Ninja DZ401 Foodi 10 Qt,2026-04-11T17:14:40.506356+00:00,249.16,amazon,2026-05-17T17:14:40.675593+00:00,seed (simulated history - replace with Keepa API)
B09V3KXJPB,Ninja DZ401 Foodi 10 Qt,2026-04-12T17:14:40.506356+00:00,248.3,amazon,2026-05-17T17:14:40.675625+00:00,seed (simulated history - replace with Keepa API)
B09V3KXJPB,Ninja DZ401 Foodi 10 Qt,2026-04-13T17:14:40.506356+00:00,241.08,amazon,2026-05-17T17:14:40.675645+00:00,seed (simulated history - replace with Keepa API)
B09V3KXJPB,Ninja DZ401 Foodi 10 Qt,2026-04-14T17:14:40.506356+00:00,261.38,amazon,2026-05-17T17:14:40.675664+00:00,seed (simulated history - replace with Keepa API)
B09V3KXJPB,Ninja DZ401 Foodi 10 Qt,2026-04-15T17:14:40.506356+00:00,253.79,amazon,2026-05-17T17:14:40.675683+00:00,seed (simulated history - replace with Keepa API)
B09V3KXJPB,Ninja DZ401 Foodi 10 Qt,2026-04-16T17:14:40.506356+00:00,246.77,amazon,2026-05-17T17:14:40.675702+00:00,seed (simulated history - replace with Keepa API)
B09V3KXJPB,Ninja DZ401 Foodi 10 Qt,2026-04-17T17:14:40.506356+00:00,256.05,amazon,2026-05-17T17:14:40.675722+00:00,seed (simulated history - replace with Keepa API)
B09V3KXJPB,Ninja DZ401 Foodi 10 Qt,2026-04-18T17:14:40.506356+00:00,255.9,amazon,2026-05-17T17:14:40.675746+00:00,seed (simulated history - replace with Keepa API)
B09V3KXJPB,Ninja DZ401 Foodi 10 Qt,2026-04-19T17:14:40.506356+00:00,253.45,amazon,2026-05-17T17:14:40.675770+00:00,seed (simulated history - replace with Keepa API)
B09V3KXJPB,Ninja DZ401 Foodi 10 Qt,2026-04-20T17:14:40.506356+00:00,263.2,amazon,2026-05-17T17:14:40.675789+00:00,seed (simulated history - replace with Keepa API)
B09V3KXJPB,Ninja DZ401 Foodi 10 Qt,2026-04-21T17:14:40.506356+00:00,259.17,amazon,2026-05-17T17:14:40.675807+00:00,seed (simulated history - replace with Keepa API)
B09V3KXJPB,Ninja DZ401 Foodi 10 Qt,2026-04-22T17:14:40.506356+00:00,255.42,amazon,2026-05-17T17:14:40.675828+00:00,seed (simulated history - replace with Keepa API)
B09V3KXJPB,Ninja DZ401 Foodi 10 Qt,2026-04-23T17:14:40.506356+00:00,248.04,amazon,2026-05-17T17:14:40.675847+00:00,seed (simulated history - replace with Keepa API)
B09V3KXJPB,Ninja DZ401 Foodi 10 Qt,2026-04-24T17:14:40.506356+00:00,247.45,amazon,2026-05-17T17:14:40.675867+00:00,seed (simulated history - replace with Keepa API)
B09V3KXJPB,Ninja DZ401 Foodi 10 Qt,2026-04-25T17:14:40.506356+00:00,259.1,amazon,2026-05-17T17:14:40.675886+00:00,seed (simulated history - replace with Keepa API)
B09V3KXJPB,Ninja DZ401 Foodi 10 Qt,2026-04-26T17:14:40.506356+00:00,260.5,amazon,2026-05-17T17:14:40.675903+00:00,seed (simulated history - replace with Keepa API)
B09V3KXJPB,Ninja DZ401 Foodi 10 Qt,2026-04-27T17:14:40.506356+00:00,268.99,amazon,2026-05-17T17:14:40.675923+00:00,seed (simulated history - replace with Keepa API)
B09V3KXJPB,Ninja DZ401 Foodi 10 Qt,2026-04-28T17:14:40.506356+00:00,250.55,amazon,2026-05-17T17:14:40.675943+00:00,seed (simulated history - replace with Keepa API)
B09V3KXJPB,Ninja DZ401 Foodi 10 Qt,2026-04-29T17:14:40.506356+00:00,250.72,amazon,2026-05-17T17:14:40.675963+00:00,seed (simulated history - replace with Keepa API)
B09V3KXJPB,Ninja DZ401 Foodi 10 Qt,2026-04-30T17:14:40.506356+00:00,240.49,amazon,2026-05-17T17:14:40.675988+00:00,seed (simulated history - replace with Keepa API)
B09V3KXJPB,Ninja DZ401 Foodi 10 Qt,2026-05-01T17:14:40.506356+00:00,263.14,amazon,2026-05-17T17:14:40.676019+00:00,seed (simulated history - replace with Keepa API)
B09V3KXJPB,Ninja DZ401 Foodi 10 Qt,2026-05-02T17:14:40.506356+00:00,253.27,amazon,2026-05-17T17:14:40.676040+00:00,seed (simulated history - replace with Keepa API)
B09V3KXJPB,Ninja DZ401 Foodi 10 Qt,2026-05-03T17:14:40.506356+00:00,263.74,amazon,2026-05-17T17:14:40.676059+00:00,seed (simulated history - replace with Keepa API)
B09V3KXJPB,Ninja DZ401 Foodi 10 Qt,2026-05-04T17:14:40.506356+00:00,239.57,amazon,2026-05-17T17:14:40.676079+00:00,seed (simulated history - replace with Keepa API)
B09V3KXJPB,Ninja DZ401 Foodi 10 Qt,2026-05-05T17:14:40.506356+00:00,249.1,amazon,2026-05-17T17:14:40.676099+00:00,seed (simulated history - replace with Keepa API)
B09V3KXJPB,Ninja DZ401 Foodi 10 Qt,2026-05-06T17:14:40.506356+00:00,248.59,amazon,2026-05-17T17:14:40.676117+00:00,seed (simulated history - replace with Keepa API)
B09V3KXJPB,Ninja DZ401 Foodi 10 Qt,2026-05-07T17:14:40.506356+00:00,255.99,amazon,2026-05-17T17:14:40.676140+00:00,seed (simulated history - replace with Keepa API)
B09V3KXJPB,Ninja DZ401 Foodi 10 Qt,2026-05-08T17:14:40.506356+00:00,252.79,amazon,2026-05-17T17:14:40.676166+00:00,seed (simulated history - replace with Keepa API)
B09V3KXJPB,Ninja DZ401 Foodi 10 Qt,2026-05-09T17:14:40.506356+00:00,254.18,amazon,2026-05-17T17:14:40.676186+00:00,seed (simulated history - replace with Keepa API)
B09V3KXJPB,Ninja DZ401 Foodi 10 Qt,2026-05-10T17:14:40.506356+00:00,245.57,amazon,2026-05-17T17:14:40.676206+00:00,seed (simulated history - replace with Keepa API)
B09V3KXJPB,Ninja DZ401 Foodi 10 Qt,2026-05-11T17:14:40.506356+00:00,253.08,amazon,2026-05-17T17:14:40.676224+00:00,seed (simulated history - replace with Keepa API)
B09V3KXJPB,Ninja DZ401 Foodi 10 Qt,2026-05-12T17:14:40.506356+00:00,255.85,amazon,2026-05-17T17:14:40.676244+00:00,seed (simulated history - replace with Keepa API)
B09V3KXJPB,Ninja DZ401 Foodi 10 Qt,2026-05-13T17:14:40.506356+00:00,250.14,amazon,2026-05-17T17:14:40.676264+00:00,seed (simulated history - replace with Keepa API)
B09V3KXJPB,Ninja DZ401 Foodi 10 Qt,2026-05-14T17:14:40.506356+00:00,246.51,amazon,2026-05-17T17:14:40.676289+00:00,seed (simulated history - replace with Keepa API)
B09V3KXJPB,Ninja DZ401 Foodi 10 Qt,2026-05-15T17:14:40.506356+00:00,242.0,amazon,2026-05-17T17:14:40.676308+00:00,seed (simulated history - replace with Keepa API)
B09V3KXJPB,Ninja DZ401 Foodi 10 Qt,2026-05-16T17:14:40.506356+00:00,257.44,amazon,2026-05-17T17:14:40.676325+00:00,seed (simulated history - replace with Keepa API)
B09V3KXJPB,Ninja DZ401 Foodi 10 Qt,2026-05-17T17:14:40.506356+00:00,253.37,amazon,2026-05-17T17:14:40.676341+00:00,seed (simulated history - replace with Keepa API)
B0CZPML9KY,Ninja Creami Deluxe,2025-11-18T17:14:40.506356+00:00,323.87,amazon,2026-05-17T17:14:40.677797+00:00,seed (simulated history - replace with Keepa API)
B0CZPML9KY,Ninja Creami Deluxe,2025-11-19T17:14:40.506356+00:00,310.69,amazon,2026-05-17T17:14:40.677840+00:00,seed (simulated history - replace with Keepa API)
B0CZPML9KY,Ninja Creami Deluxe,2025-11-20T17:14:40.506356+00:00,212.25,amazon,2026-05-17T17:14:40.677863+00:00,seed (simulated history - replace with Keepa API)
B0CZPML9KY,Ninja Creami Deluxe,2025-11-21T17:14:40.506356+00:00,212.65,amazon,2026-05-17T17:14:40.677880+00:00,seed (simulated history - replace with Keepa API)
B0CZPML9KY,Ninja Creami Deluxe,2025-11-22T17:14:40.506356+00:00,224.39,amazon,2026-05-17T17:14:40.677897+00:00,seed (simulated history - replace with Keepa API)
B0CZPML9KY,Ninja Creami Deluxe,2025-11-23T17:14:40.506356+00:00,229.96,amazon,2026-05-17T17:14:40.677915+00:00,seed (simulated history - replace with Keepa API)
B0CZPML9KY,Ninja Creami Deluxe,2025-11-24T17:14:40.506356+00:00,232.29,amazon,2026-05-17T17:14:40.677935+00:00,seed (simulated history - replace with Keepa API)
B0CZPML9KY,Ninja Creami Deluxe,2025-11-25T17:14:40.506356+00:00,232.42,amazon,2026-05-17T17:14:40.677954+00:00,seed (simulated history - replace with Keepa API)
B0CZPML9KY,Ninja Creami Deluxe,2025-11-26T17:14:40.506356+00:00,229.45,amazon,2026-05-17T17:14:40.677974+00:00,seed (simulated history - replace with Keepa API)
B0CZPML9KY,Ninja Creami Deluxe,2025-11-27T17:14:40.506356+00:00,210.47,amazon,2026-05-17T17:14:40.678017+00:00,seed (simulated history - replace with Keepa API)
B0CZPML9KY,Ninja Creami Deluxe,2025-11-28T17:14:40.506356+00:00,224.44,amazon,2026-05-17T17:14:40.678056+00:00,seed (simulated history - replace with Keepa API)
B0CZPML9KY,Ninja Creami Deluxe,2025-11-29T17:14:40.506356+00:00,233.71,amazon,2026-05-17T17:14:40.678076+00:00,seed (simulated history - replace with Keepa API)
B0CZPML9KY,Ninja Creami Deluxe,2025-11-30T17:14:40.506356+00:00,228.98,amazon,2026-05-17T17:14:40.678096+00:00,seed (simulated history - replace with Keepa API)
B0CZPML9KY,Ninja Creami Deluxe,2025-12-01T17:14:40.506356+00:00,301.63,amazon,2026-05-17T17:14:40.678117+00:00,seed (simulated history - replace with Keepa API)
B0CZPML9KY,Ninja Creami Deluxe,2025-12-02T17:14:40.506356+00:00,302.09,amazon,2026-05-17T17:14:40.678137+00:00,seed (simulated history - replace with Keepa API)
B0CZPML9KY,Ninja Creami Deluxe,2025-12-03T17:14:40.506356+00:00,310.47,amazon,2026-05-17T17:14:40.678162+00:00,seed (simulated history - replace with Keepa API)
B0CZPML9KY,Ninja Creami Deluxe,2025-12-04T17:14:40.506356+00:00,312.16,amazon,2026-05-17T17:14:40.678184+00:00,seed (simulated history - replace with Keepa API)
B0CZPML9KY,Ninja Creami Deluxe,2025-12-05T17:14:40.506356+00:00,278.71,amazon,2026-05-17T17:14:40.678205+00:00,seed (simulated history - replace with Keepa API)
B0CZPML9KY,Ninja Creami Deluxe,2025-12-06T17:14:40.506356+00:00,294.35,amazon,2026-05-17T17:14:40.678224+00:00,seed (simulated history - replace with Keepa API)
B0CZPML9KY,Ninja Creami Deluxe,2025-12-07T17:14:40.506356+00:00,299.62,amazon,2026-05-17T17:14:40.678243+00:00,seed (simulated history - replace with Keepa API)
B0CZPML9KY,Ninja Creami Deluxe,2025-12-08T17:14:40.506356+00:00,245.75,amazon,2026-05-17T17:14:40.678284+00:00,seed (simulated history - replace with Keepa API)
B0CZPML9KY,Ninja Creami Deluxe,2025-12-09T17:14:40.506356+00:00,302.34,amazon,2026-05-17T17:14:40.678305+00:00,seed (simulated history - replace with Keepa API)
B0CZPML9KY,Ninja Creami Deluxe,2025-12-10T17:14:40.506356+00:00,294.24,amazon,2026-05-17T17:14:40.678324+00:00,seed (simulated history - replace with Keepa API)
B0CZPML9KY,Ninja Creami Deluxe,2025-12-11T17:14:40.506356+00:00,218.13,amazon,2026-05-17T17:14:40.678350+00:00,seed (simulated history - replace with Keepa API)
B0CZPML9KY,Ninja Creami Deluxe,2025-12-12T17:14:40.506356+00:00,302.58,amazon,2026-05-17T17:14:40.678371+00:00,seed (simulated history - replace with Keepa API)
B0CZPML9KY,Ninja Creami Deluxe,2025-12-13T17:14:40.506356+00:00,308.48,amazon,2026-05-17T17:14:40.678392+00:00,seed (simulated history - replace with Keepa API)
B0CZPML9KY,Ninja Creami Deluxe,2025-12-14T17:14:40.506356+00:00,305.51,amazon,2026-05-17T17:14:40.678413+00:00,seed (simulated history - replace with Keepa API)
B0CZPML9KY,Ninja Creami Deluxe,2025-12-15T17:14:40.506356+00:00,299.7,amazon,2026-05-17T17:14:40.678431+00:00,seed (simulated history - replace with Keepa API)
B0CZPML9KY,Ninja Creami Deluxe,2025-12-16T17:14:40.506356+00:00,283.98,amazon,2026-05-17T17:14:40.678450+00:00,seed (simulated history - replace with Keepa API)
B0CZPML9KY,Ninja Creami Deluxe,2025-12-17T17:14:40.506356+00:00,295.19,amazon,2026-05-17T17:14:40.678476+00:00,seed (simulated history - replace with Keepa API)
B0CZPML9KY,Ninja Creami Deluxe,2025-12-18T17:14:40.506356+00:00,294.26,amazon,2026-05-17T17:14:40.678501+00:00,seed (simulated history - replace with Keepa API)
B0CZPML9KY,Ninja Creami Deluxe,2025-12-19T17:14:40.506356+00:00,306.66,amazon,2026-05-17T17:14:40.678521+00:00,seed (simulated history - replace with Keepa API)
B0CZPML9KY,Ninja Creami Deluxe,2025-12-20T17:14:40.506356+00:00,301.41,amazon,2026-05-17T17:14:40.678576+00:00,seed (simulated history - replace with Keepa API)
B0CZPML9KY,Ninja Creami Deluxe,2025-12-21T17:14:40.506356+00:00,301.74,amazon,2026-05-17T17:14:40.678598+00:00,seed (simulated history - replace with Keepa API)
B0CZPML9KY,Ninja Creami Deluxe,2025-12-22T17:14:40.506356+00:00,292.83,amazon,2026-05-17T17:14:40.678619+00:00,seed (simulated history - replace with Keepa API)
B0CZPML9KY,Ninja Creami Deluxe,2025-12-23T17:14:40.506356+00:00,312.58,amazon,2026-05-17T17:14:40.678639+00:00,seed (simulated history - replace with Keepa API)
B0CZPML9KY,Ninja Creami Deluxe,2025-12-24T17:14:40.506356+00:00,301.68,amazon,2026-05-17T17:14:40.678659+00:00,seed (simulated history - replace with Keepa API)
B0CZPML9KY,Ninja Creami Deluxe,2025-12-25T17:14:40.506356+00:00,292.33,amazon,2026-05-17T17:14:40.678677+00:00,seed (simulated history - replace with Keepa API)
B0CZPML9KY,Ninja Creami Deluxe,2025-12-26T17:14:40.506356+00:00,292.91,amazon,2026-05-17T17:14:40.678698+00:00,seed (simulated history - replace with Keepa API)
B0CZPML9KY,Ninja Creami Deluxe,2025-12-27T17:14:40.506356+00:00,302.98,amazon,2026-05-17T17:14:40.678718+00:00,seed (simulated history - replace with Keepa API)
B0CZPML9KY,Ninja Creami Deluxe,2025-12-28T17:14:40.506356+00:00,247.48,amazon,2026-05-17T17:14:40.678752+00:00,seed (simulated history - replace with Keepa API)
B0CZPML9KY,Ninja Creami Deluxe,2025-12-29T17:14:40.506356+00:00,294.37,amazon,2026-05-17T17:14:40.678772+00:00,seed (simulated history - replace with Keepa API)
B0CZPML9KY,Ninja Creami Deluxe,2025-12-30T17:14:40.506356+00:00,300.46,amazon,2026-05-17T17:14:40.678792+00:00,seed (simulated history - replace with Keepa API)
B0CZPML9KY,Ninja Creami Deluxe,2025-12-31T17:14:40.506356+00:00,285.83,amazon,2026-05-17T17:14:40.678812+00:00,seed (simulated history - replace with Keepa API)
B0CZPML9KY,Ninja Creami Deluxe,2026-01-01T17:14:40.506356+00:00,285.4,amazon,2026-05-17T17:14:40.678833+00:00,seed (simulated history - replace with Keepa API)
B0CZPML9KY,Ninja Creami Deluxe,2026-01-02T17:14:40.506356+00:00,287.93,amazon,2026-05-17T17:14:40.678853+00:00,seed (simulated history - replace with Keepa API)
B0CZPML9KY,Ninja Creami Deluxe,2026-01-03T17:14:40.506356+00:00,287.41,amazon,2026-05-17T17:14:40.678872+00:00,seed (simulated history - replace with Keepa API)
B0CZPML9KY,Ninja Creami Deluxe,2026-01-04T17:14:40.506356+00:00,312.4,amazon,2026-05-17T17:14:40.678892+00:00,seed (simulated history - replace with Keepa API)
B0CZPML9KY,Ninja Creami Deluxe,2026-01-05T17:14:40.506356+00:00,285.69,amazon,2026-05-17T17:14:40.678911+00:00,seed (simulated history - replace with Keepa API)
B0CZPML9KY,Ninja Creami Deluxe,2026-01-06T17:14:40.506356+00:00,311.63,amazon,2026-05-17T17:14:40.678936+00:00,seed (simulated history - replace with Keepa API)
B0CZPML9KY,Ninja Creami Deluxe,2026-01-07T17:14:40.506356+00:00,286.11,amazon,2026-05-17T17:14:40.678956+00:00,seed (simulated history - replace with Keepa API)
B0CZPML9KY,Ninja Creami Deluxe,2026-01-08T17:14:40.506356+00:00,299.3,amazon,2026-05-17T17:14:40.679076+00:00,seed (simulated history - replace with Keepa API)
B0CZPML9KY,Ninja Creami Deluxe,2026-01-09T17:14:40.506356+00:00,293.64,amazon,2026-05-17T17:14:40.679121+00:00,seed (simulated history - replace with Keepa API)
B0CZPML9KY,Ninja Creami Deluxe,2026-01-10T17:14:40.506356+00:00,306.48,amazon,2026-05-17T17:14:40.679144+00:00,seed (simulated history - replace with Keepa API)
B0CZPML9KY,Ninja Creami Deluxe,2026-01-11T17:14:40.506356+00:00,308.97,amazon,2026-05-17T17:14:40.679165+00:00,seed (simulated history - replace with Keepa API)
B0CZPML9KY,Ninja Creami Deluxe,2026-01-12T17:14:40.506356+00:00,301.89,amazon,2026-05-17T17:14:40.679184+00:00,seed (simulated history - replace with Keepa API)
B0CZPML9KY,Ninja Creami Deluxe,2026-01-13T17:14:40.506356+00:00,299.61,amazon,2026-05-17T17:14:40.679206+00:00,seed (simulated history - replace with Keepa API)
B0CZPML9KY,Ninja Creami Deluxe,2026-01-14T17:14:40.506356+00:00,297.48,amazon,2026-05-17T17:14:40.679226+00:00,seed (simulated history - replace with Keepa API)
B0CZPML9KY,Ninja Creami Deluxe,2026-01-15T17:14:40.506356+00:00,291.25,amazon,2026-05-17T17:14:40.679247+00:00,seed (simulated history - replace with Keepa API)
B0CZPML9KY,Ninja Creami Deluxe,2026-01-16T17:14:40.506356+00:00,303.81,amazon,2026-05-17T17:14:40.679277+00:00,seed (simulated history - replace with Keepa API)
B0CZPML9KY,Ninja Creami Deluxe,2026-01-17T17:14:40.506356+00:00,292.99,amazon,2026-05-17T17:14:40.679298+00:00,seed (simulated history - replace with Keepa API)
B0CZPML9KY,Ninja Creami Deluxe,2026-01-18T17:14:40.506356+00:00,256.42,amazon,2026-05-17T17:14:40.679330+00:00,seed (simulated history - replace with Keepa API)
B0CZPML9KY,Ninja Creami Deluxe,2026-01-19T17:14:40.506356+00:00,291.1,amazon,2026-05-17T17:14:40.679352+00:00,seed (simulated history - replace with Keepa API)
B0CZPML9KY,Ninja Creami Deluxe,2026-01-20T17:14:40.506356+00:00,306.66,amazon,2026-05-17T17:14:40.679372+00:00,seed (simulated history - replace with Keepa API)
B0CZPML9KY,Ninja Creami Deluxe,2026-01-21T17:14:40.506356+00:00,283.97,amazon,2026-05-17T17:14:40.679390+00:00,seed (simulated history - replace with Keepa API)
B0CZPML9KY,Ninja Creami Deluxe,2026-01-22T17:14:40.506356+00:00,309.57,amazon,2026-05-17T17:14:40.679409+00:00,seed (simulated history - replace with Keepa API)
B0CZPML9KY,Ninja Creami Deluxe,2026-01-23T17:14:40.506356+00:00,317.05,amazon,2026-05-17T17:14:40.679434+00:00,seed (simulated history - replace with Keepa API)
B0CZPML9KY,Ninja Creami Deluxe,2026-01-24T17:14:40.506356+00:00,297.62,amazon,2026-05-17T17:14:40.679454+00:00,seed (simulated history - replace with Keepa API)
B0CZPML9KY,Ninja Creami Deluxe,2026-01-25T17:14:40.506356+00:00,309.42,amazon,2026-05-17T17:14:40.679478+00:00,seed (simulated history - replace with Keepa API)
B0CZPML9KY,Ninja Creami Deluxe,2026-01-26T17:14:40.506356+00:00,292.45,amazon,2026-05-17T17:14:40.679505+00:00,seed (simulated history - replace with Keepa API)
B0CZPML9KY,Ninja Creami Deluxe,2026-01-27T17:14:40.506356+00:00,300.02,amazon,2026-05-17T17:14:40.679525+00:00,seed (simulated history - replace with Keepa API)
B0CZPML9KY,Ninja Creami Deluxe,2026-01-28T17:14:40.506356+00:00,305.25,amazon,2026-05-17T17:14:40.679568+00:00,seed (simulated history - replace with Keepa API)
B0CZPML9KY,Ninja Creami Deluxe,2026-01-29T17:14:40.506356+00:00,296.1,amazon,2026-05-17T17:14:40.679586+00:00,seed (simulated history - replace with Keepa API)
B0CZPML9KY,Ninja Creami Deluxe,2026-01-30T17:14:40.506356+00:00,229.11,amazon,2026-05-17T17:14:40.679617+00:00,seed (simulated history - replace with Keepa API)
B0CZPML9KY,Ninja Creami Deluxe,2026-01-31T17:14:40.506356+00:00,310.33,amazon,2026-05-17T17:14:40.679635+00:00,seed (simulated history - replace with Keepa API)
B0CZPML9KY,Ninja Creami Deluxe,2026-02-01T17:14:40.506356+00:00,294.38,amazon,2026-05-17T17:14:40.679654+00:00,seed (simulated history - replace with Keepa API)
B0CZPML9KY,Ninja Creami Deluxe,2026-02-02T17:14:40.506356+00:00,298.58,amazon,2026-05-17T17:14:40.679672+00:00,seed (simulated history - replace with Keepa API)
B0CZPML9KY,Ninja Creami Deluxe,2026-02-03T17:14:40.506356+00:00,298.39,amazon,2026-05-17T17:14:40.679688+00:00,seed (simulated history - replace with Keepa API)
B0CZPML9KY,Ninja Creami Deluxe,2026-02-04T17:14:40.506356+00:00,311.0,amazon,2026-05-17T17:14:40.679708+00:00,seed (simulated history - replace with Keepa API)
B0CZPML9KY,Ninja Creami Deluxe,2026-02-05T17:14:40.506356+00:00,293.67,amazon,2026-05-17T17:14:40.679729+00:00,seed (simulated history - replace with Keepa API)
B0CZPML9KY,Ninja Creami Deluxe,2026-02-06T17:14:40.506356+00:00,297.68,amazon,2026-05-17T17:14:40.679810+00:00,seed (simulated history - replace with Keepa API)
B0CZPML9KY,Ninja Creami Deluxe,2026-02-07T17:14:40.506356+00:00,295.44,amazon,2026-05-17T17:14:40.679833+00:00,seed (simulated history - replace with Keepa API)
B0CZPML9KY,Ninja Creami Deluxe,2026-02-08T17:14:40.506356+00:00,315.42,amazon,2026-05-17T17:14:40.679854+00:00,seed (simulated history - replace with Keepa API)
B0CZPML9KY,Ninja Creami Deluxe,2026-02-09T17:14:40.506356+00:00,310.24,amazon,2026-05-17T17:14:40.679875+00:00,seed (simulated history - replace with Keepa API)
B0CZPML9KY,Ninja Creami Deluxe,2026-02-10T17:14:40.506356+00:00,304.66,amazon,2026-05-17T17:14:40.679895+00:00,seed (simulated history - replace with Keepa API)
B0CZPML9KY,Ninja Creami Deluxe,2026-02-11T17:14:40.506356+00:00,307.56,amazon,2026-05-17T17:14:40.679915+00:00,seed (simulated history - replace with Keepa API)
B0CZPML9KY,Ninja Creami Deluxe,2026-02-12T17:14:40.506356+00:00,291.4,amazon,2026-05-17T17:14:40.679936+00:00,seed (simulated history - replace with Keepa API)
B0CZPML9KY,Ninja Creami Deluxe,2026-02-13T17:14:40.506356+00:00,305.76,amazon,2026-05-17T17:14:40.679958+00:00,seed (simulated history - replace with Keepa API)
B0CZPML9KY,Ninja Creami Deluxe,2026-02-14T17:14:40.506356+00:00,303.5,amazon,2026-05-17T17:14:40.679998+00:00,seed (simulated history - replace with Keepa API)
B0CZPML9KY,Ninja Creami Deluxe,2026-02-15T17:14:40.506356+00:00,207.9,amazon,2026-05-17T17:14:40.680049+00:00,seed (simulated history - replace with Keepa API)
B0CZPML9KY,Ninja Creami Deluxe,2026-02-16T17:14:40.506356+00:00,300.72,amazon,2026-05-17T17:14:40.680072+00:00,seed (simulated history - replace with Keepa API)
B0CZPML9KY,Ninja Creami Deluxe,2026-02-17T17:14:40.506356+00:00,310.6,amazon,2026-05-17T17:14:40.680104+00:00,seed (simulated history - replace with Keepa API)
B0CZPML9KY,Ninja Creami Deluxe,2026-02-18T17:14:40.506356+00:00,288.03,amazon,2026-05-17T17:14:40.680181+00:00,seed (simulated history - replace with Keepa API)
B0CZPML9KY,Ninja Creami Deluxe,2026-02-19T17:14:40.506356+00:00,293.31,amazon,2026-05-17T17:14:40.680208+00:00,seed (simulated history - replace with Keepa API)
B0CZPML9KY,Ninja Creami Deluxe,2026-02-20T17:14:40.506356+00:00,308.48,amazon,2026-05-17T17:14:40.680231+00:00,seed (simulated history - replace with Keepa API)
B0CZPML9KY,Ninja Creami Deluxe,2026-02-21T17:14:40.506356+00:00,301.62,amazon,2026-05-17T17:14:40.680253+00:00,seed (simulated history - replace with Keepa API)
B0CZPML9KY,Ninja Creami Deluxe,2026-02-22T17:14:40.506356+00:00,299.14,amazon,2026-05-17T17:14:40.680275+00:00,seed (simulated history - replace with Keepa API)
B0CZPML9KY,Ninja Creami Deluxe,2026-02-23T17:14:40.506356+00:00,310.46,amazon,2026-05-17T17:14:40.680297+00:00,seed (simulated history - replace with Keepa API)
B0CZPML9KY,Ninja Creami Deluxe,2026-02-24T17:14:40.506356+00:00,308.34,amazon,2026-05-17T17:14:40.680325+00:00,seed (simulated history - replace with Keepa API)
B0CZPML9KY,Ninja Creami Deluxe,2026-02-25T17:14:40.506356+00:00,301.87,amazon,2026-05-17T17:14:40.680347+00:00,seed (simulated history - replace with Keepa API)
B0CZPML9KY,Ninja Creami Deluxe,2026-02-26T17:14:40.506356+00:00,278.8,amazon,2026-05-17T17:14:40.680368+00:00,seed (simulated history - replace with Keepa API)
B0CZPML9KY,Ninja Creami Deluxe,2026-02-27T17:14:40.506356+00:00,300.15,amazon,2026-05-17T17:14:40.680390+00:00,seed (simulated history - replace with Keepa API)
B0CZPML9KY,Ninja Creami Deluxe,2026-02-28T17:14:40.506356+00:00,304.0,amazon,2026-05-17T17:14:40.680410+00:00,seed (simulated history - replace with Keepa API)
B0CZPML9KY,Ninja Creami Deluxe,2026-03-01T17:14:40.506356+00:00,284.49,amazon,2026-05-17T17:14:40.680430+00:00,seed (simulated history - replace with Keepa API)
B0CZPML9KY,Ninja Creami Deluxe,2026-03-02T17:14:40.506356+00:00,303.68,amazon,2026-05-17T17:14:40.680452+00:00,seed (simulated history - replace with Keepa API)
B0CZPML9KY,Ninja Creami Deluxe,2026-03-03T17:14:40.506356+00:00,310.92,amazon,2026-05-17T17:14:40.680474+00:00,seed (simulated history - replace with Keepa API)
B0CZPML9KY,Ninja Creami Deluxe,2026-03-04T17:14:40.506356+00:00,300.14,amazon,2026-05-17T17:14:40.680503+00:00,seed (simulated history - replace with Keepa API)
B0CZPML9KY,Ninja Creami Deluxe,2026-03-05T17:14:40.506356+00:00,291.11,amazon,2026-05-17T17:14:40.680610+00:00,seed (simulated history - replace with Keepa API)
B0CZPML9KY,Ninja Creami Deluxe,2026-03-06T17:14:40.506356+00:00,279.69,amazon,2026-05-17T17:14:40.680637+00:00,seed (simulated history - replace with Keepa API)
B0CZPML9KY,Ninja Creami Deluxe,2026-03-07T17:14:40.506356+00:00,303.87,amazon,2026-05-17T17:14:40.680660+00:00,seed (simulated history - replace with Keepa API)
B0CZPML9KY,Ninja Creami Deluxe,2026-03-08T17:14:40.506356+00:00,285.42,amazon,2026-05-17T17:14:40.680842+00:00,seed (simulated history - replace with Keepa API)
B0CZPML9KY,Ninja Creami Deluxe,2026-03-09T17:14:40.506356+00:00,305.66,amazon,2026-05-17T17:14:40.680867+00:00,seed (simulated history - replace with Keepa API)
B0CZPML9KY,Ninja Creami Deluxe,2026-03-10T17:14:40.506356+00:00,316.77,amazon,2026-05-17T17:14:40.681260+00:00,seed (simulated history - replace with Keepa API)
B0CZPML9KY,Ninja Creami Deluxe,2026-03-11T17:14:40.506356+00:00,280.72,amazon,2026-05-17T17:14:40.681374+00:00,seed (simulated history - replace with Keepa API)
B0CZPML9KY,Ninja Creami Deluxe,2026-03-12T17:14:40.506356+00:00,293.69,amazon,2026-05-17T17:14:40.681398+00:00,seed (simulated history - replace with Keepa API)
B0CZPML9KY,Ninja Creami Deluxe,2026-03-13T17:14:40.506356+00:00,298.11,amazon,2026-05-17T17:14:40.681415+00:00,seed (simulated history - replace with Keepa API)
B0CZPML9KY,Ninja Creami Deluxe,2026-03-14T17:14:40.506356+00:00,317.41,amazon,2026-05-17T17:14:40.681431+00:00,seed (simulated history - replace with Keepa API)
B0CZPML9KY,Ninja Creami Deluxe,2026-03-15T17:14:40.506356+00:00,301.21,amazon,2026-05-17T17:14:40.681474+00:00,seed (simulated history - replace with Keepa API)
B0CZPML9KY,Ninja Creami Deluxe,2026-03-16T17:14:40.506356+00:00,296.06,amazon,2026-05-17T17:14:40.681508+00:00,seed (simulated history - replace with Keepa API)
B0CZPML9KY,Ninja Creami Deluxe,2026-03-17T17:14:40.506356+00:00,309.42,amazon,2026-05-17T17:14:40.681526+00:00,seed (simulated history - replace with Keepa API)
B0CZPML9KY,Ninja Creami Deluxe,2026-03-18T17:14:40.506356+00:00,296.53,amazon,2026-05-17T17:14:40.681572+00:00,seed (simulated history - replace with Keepa API)
B0CZPML9KY,Ninja Creami Deluxe,2026-03-19T17:14:40.506356+00:00,293.13,amazon,2026-05-17T17:14:40.681597+00:00,seed (simulated history - replace with Keepa API)
B0CZPML9KY,Ninja Creami Deluxe,2026-03-20T17:14:40.506356+00:00,305.51,amazon,2026-05-17T17:14:40.681614+00:00,seed (simulated history - replace with Keepa API)
B0CZPML9KY,Ninja Creami Deluxe,2026-03-21T17:14:40.506356+00:00,310.23,amazon,2026-05-17T17:14:40.681631+00:00,seed (simulated history - replace with Keepa API)
B0CZPML9KY,Ninja Creami Deluxe,2026-03-22T17:14:40.506356+00:00,277.41,amazon,2026-05-17T17:14:40.681648+00:00,seed (simulated history - replace with Keepa API)
B0CZPML9KY,Ninja Creami Deluxe,2026-03-23T17:14:40.506356+00:00,293.07,amazon,2026-05-17T17:14:40.681664+00:00,seed (simulated history - replace with Keepa API)
B0CZPML9KY,Ninja Creami Deluxe,2026-03-24T17:14:40.506356+00:00,301.96,amazon,2026-05-17T17:14:40.681681+00:00,seed (simulated history - replace with Keepa API)
B0CZPML9KY,Ninja Creami Deluxe,2026-03-25T17:14:40.506356+00:00,298.49,amazon,2026-05-17T17:14:40.681704+00:00,seed (simulated history - replace with Keepa API)
B0CZPML9KY,Ninja Creami Deluxe,2026-03-26T17:14:40.506356+00:00,299.88,amazon,2026-05-17T17:14:40.681721+00:00,seed (simulated history - replace with Keepa API)
B0CZPML9KY,Ninja Creami Deluxe,2026-03-27T17:14:40.506356+00:00,291.19,amazon,2026-05-17T17:14:40.681739+00:00,seed (simulated history - replace with Keepa API)
B0CZPML9KY,Ninja Creami Deluxe,2026-03-28T17:14:40.506356+00:00,306.23,amazon,2026-05-17T17:14:40.681760+00:00,seed (simulated history - replace with Keepa API)
B0CZPML9KY,Ninja Creami Deluxe,2026-03-29T17:14:40.506356+00:00,239.24,amazon,2026-05-17T17:14:40.681803+00:00,seed (simulated history - replace with Keepa API)
B0CZPML9KY,Ninja Creami Deluxe,2026-03-30T17:14:40.506356+00:00,304.9,amazon,2026-05-17T17:14:40.681826+00:00,seed (simulated history - replace with Keepa API)
B0CZPML9KY,Ninja Creami Deluxe,2026-03-31T17:14:40.506356+00:00,295.8,amazon,2026-05-17T17:14:40.681848+00:00,seed (simulated history - replace with Keepa API)
B0CZPML9KY,Ninja Creami Deluxe,2026-04-01T17:14:40.506356+00:00,288.92,amazon,2026-05-17T17:14:40.681870+00:00,seed (simulated history - replace with Keepa API)
B0CZPML9KY,Ninja Creami Deluxe,2026-04-02T17:14:40.506356+00:00,295.1,amazon,2026-05-17T17:14:40.681891+00:00,seed (simulated history - replace with Keepa API)
B0CZPML9KY,Ninja Creami Deluxe,2026-04-03T17:14:40.506356+00:00,300.43,amazon,2026-05-17T17:14:40.682030+00:00,seed (simulated history - replace with Keepa API)
B0CZPML9KY,Ninja Creami Deluxe,2026-04-04T17:14:40.506356+00:00,298.25,amazon,2026-05-17T17:14:40.682058+00:00,seed (simulated history - replace with Keepa API)
B0CZPML9KY,Ninja Creami Deluxe,2026-04-05T17:14:40.506356+00:00,289.76,amazon,2026-05-17T17:14:40.682082+00:00,seed (simulated history - replace with Keepa API)
B0CZPML9KY,Ninja Creami Deluxe,2026-04-06T17:14:40.506356+00:00,288.52,amazon,2026-05-17T17:14:40.682101+00:00,seed (simulated history - replace with Keepa API)
B0CZPML9KY,Ninja Creami Deluxe,2026-04-07T17:14:40.506356+00:00,293.51,amazon,2026-05-17T17:14:40.682119+00:00,seed (simulated history - replace with Keepa API)
B0CZPML9KY,Ninja Creami Deluxe,2026-04-08T17:14:40.506356+00:00,306.35,amazon,2026-05-17T17:14:40.682141+00:00,seed (simulated history - replace with Keepa API)
B0CZPML9KY,Ninja Creami Deluxe,2026-04-09T17:14:40.506356+00:00,297.44,amazon,2026-05-17T17:14:40.682173+00:00,seed (simulated history - replace with Keepa API)
B0CZPML9KY,Ninja Creami Deluxe,2026-04-10T17:14:40.506356+00:00,309.46,amazon,2026-05-17T17:14:40.682196+00:00,seed (simulated history - replace with Keepa API)
B0CZPML9KY,Ninja Creami Deluxe,2026-04-11T17:14:40.506356+00:00,296.01,amazon,2026-05-17T17:14:40.682218+00:00,seed (simulated history - replace with Keepa API)
B0CZPML9KY,Ninja Creami Deluxe,2026-04-12T17:14:40.506356+00:00,307.59,amazon,2026-05-17T17:14:40.682241+00:00,seed (simulated history - replace with Keepa API)
B0CZPML9KY,Ninja Creami Deluxe,2026-04-13T17:14:40.506356+00:00,307.14,amazon,2026-05-17T17:14:40.682268+00:00,seed (simulated history - replace with Keepa API)
B0CZPML9KY,Ninja Creami Deluxe,2026-04-14T17:14:40.506356+00:00,297.32,amazon,2026-05-17T17:14:40.682290+00:00,seed (simulated history - replace with Keepa API)
B0CZPML9KY,Ninja Creami Deluxe,2026-04-15T17:14:40.506356+00:00,316.55,amazon,2026-05-17T17:14:40.682313+00:00,seed (simulated history - replace with Keepa API)
B0CZPML9KY,Ninja Creami Deluxe,2026-04-16T17:14:40.506356+00:00,308.08,amazon,2026-05-17T17:14:40.682334+00:00,seed (simulated history - replace with Keepa API)
B0CZPML9KY,Ninja Creami Deluxe,2026-04-17T17:14:40.506356+00:00,310.75,amazon,2026-05-17T17:14:40.682357+00:00,seed (simulated history - replace with Keepa API)
B0CZPML9KY,Ninja Creami Deluxe,2026-04-18T17:14:40.506356+00:00,307.54,amazon,2026-05-17T17:14:40.682379+00:00,seed (simulated history - replace with Keepa API)
B0CZPML9KY,Ninja Creami Deluxe,2026-04-19T17:14:40.506356+00:00,297.29,amazon,2026-05-17T17:14:40.682397+00:00,seed (simulated history - replace with Keepa API)
B0CZPML9KY,Ninja Creami Deluxe,2026-04-20T17:14:40.506356+00:00,315.16,amazon,2026-05-17T17:14:40.682416+00:00,seed (simulated history - replace with Keepa API)
B0CZPML9KY,Ninja Creami Deluxe,2026-04-21T17:14:40.506356+00:00,308.72,amazon,2026-05-17T17:14:40.682431+00:00,seed (simulated history - replace with Keepa API)
B0CZPML9KY,Ninja Creami Deluxe,2026-04-22T17:14:40.506356+00:00,302.11,amazon,2026-05-17T17:14:40.682450+00:00,seed (simulated history - replace with Keepa API)
B0CZPML9KY,Ninja Creami Deluxe,2026-04-23T17:14:40.506356+00:00,310.31,amazon,2026-05-17T17:14:40.682563+00:00,seed (simulated history - replace with Keepa API)
B0CZPML9KY,Ninja Creami Deluxe,2026-04-24T17:14:40.506356+00:00,311.45,amazon,2026-05-17T17:14:40.682599+00:00,seed (simulated history - replace with Keepa API)
B0CZPML9KY,Ninja Creami Deluxe,2026-04-25T17:14:40.506356+00:00,309.81,amazon,2026-05-17T17:14:40.682620+00:00,seed (simulated history - replace with Keepa API)
B0CZPML9KY,Ninja Creami Deluxe,2026-04-26T17:14:40.506356+00:00,299.47,amazon,2026-05-17T17:14:40.682643+00:00,seed (simulated history - replace with Keepa API)
B0CZPML9KY,Ninja Creami Deluxe,2026-04-27T17:14:40.506356+00:00,290.48,amazon,2026-05-17T17:14:40.682666+00:00,seed (simulated history - replace with Keepa API)
B0CZPML9KY,Ninja Creami Deluxe,2026-04-28T17:14:40.506356+00:00,307.77,amazon,2026-05-17T17:14:40.682687+00:00,seed (simulated history - replace with Keepa API)
B0CZPML9KY,Ninja Creami Deluxe,2026-04-29T17:14:40.506356+00:00,302.37,amazon,2026-05-17T17:14:40.682710+00:00,seed (simulated history - replace with Keepa API)
B0CZPML9KY,Ninja Creami Deluxe,2026-04-30T17:14:40.506356+00:00,290.56,amazon,2026-05-17T17:14:40.682733+00:00,seed (simulated history - replace with Keepa API)
B0CZPML9KY,Ninja Creami Deluxe,2026-05-01T17:14:40.506356+00:00,301.33,amazon,2026-05-17T17:14:40.682755+00:00,seed (simulated history - replace with Keepa API)
B0CZPML9KY,Ninja Creami Deluxe,2026-05-02T17:14:40.506356+00:00,304.23,amazon,2026-05-17T17:14:40.682777+00:00,seed (simulated history - replace with Keepa API)
B0CZPML9KY,Ninja Creami Deluxe,2026-05-03T17:14:40.506356+00:00,301.77,amazon,2026-05-17T17:14:40.682813+00:00,seed (simulated history - replace with Keepa API)
B0CZPML9KY,Ninja Creami Deluxe,2026-05-04T17:14:40.506356+00:00,279.96,amazon,2026-05-17T17:14:40.682834+00:00,seed (simulated history - replace with Keepa API)
B0CZPML9KY,Ninja Creami Deluxe,2026-05-05T17:14:40.506356+00:00,304.94,amazon,2026-05-17T17:14:40.682863+00:00,seed (simulated history - replace with Keepa API)
B0CZPML9KY,Ninja Creami Deluxe,2026-05-06T17:14:40.506356+00:00,296.74,amazon,2026-05-17T17:14:40.682885+00:00,seed (simulated history - replace with Keepa API)
B0CZPML9KY,Ninja Creami Deluxe,2026-05-07T17:14:40.506356+00:00,298.55,amazon,2026-05-17T17:14:40.682903+00:00,seed (simulated history - replace with Keepa API)
B0CZPML9KY,Ninja Creami Deluxe,2026-05-08T17:14:40.506356+00:00,306.07,amazon,2026-05-17T17:14:40.682918+00:00,seed (simulated history - replace with Keepa API)
B0CZPML9KY,Ninja Creami Deluxe,2026-05-09T17:14:40.506356+00:00,273.69,amazon,2026-05-17T17:14:40.682935+00:00,seed (simulated history - replace with Keepa API)
B0CZPML9KY,Ninja Creami Deluxe,2026-05-10T17:14:40.506356+00:00,289.7,amazon,2026-05-17T17:14:40.682952+00:00,seed (simulated history - replace with Keepa API)
B0CZPML9KY,Ninja Creami Deluxe,2026-05-11T17:14:40.506356+00:00,265.06,amazon,2026-05-17T17:14:40.683231+00:00,seed (simulated history - replace with Keepa API)
B0CZPML9KY,Ninja Creami Deluxe,2026-05-12T17:14:40.506356+00:00,243.98,amazon,2026-05-17T17:14:40.683277+00:00,seed (simulated history - replace with Keepa API)
B0CZPML9KY,Ninja Creami Deluxe,2026-05-13T17:14:40.506356+00:00,307.62,amazon,2026-05-17T17:14:40.683301+00:00,seed (simulated history - replace with Keepa API)
B0CZPML9KY,Ninja Creami Deluxe,2026-05-14T17:14:40.506356+00:00,305.82,amazon,2026-05-17T17:14:40.683322+00:00,seed (simulated history - replace with Keepa API)
B0CZPML9KY,Ninja Creami Deluxe,2026-05-15T17:14:40.506356+00:00,302.2,amazon,2026-05-17T17:14:40.683341+00:00,seed (simulated history - replace with Keepa API)
B0CZPML9KY,Ninja Creami Deluxe,2026-05-16T17:14:40.506356+00:00,298.71,amazon,2026-05-17T17:14:40.683362+00:00,seed (simulated history - replace with Keepa API)
B0CZPML9KY,Ninja Creami Deluxe,2026-05-17T17:14:40.506356+00:00,304.24,amazon,2026-05-17T17:14:40.683383+00:00,seed (simulated history - replace with Keepa API)
B0C6L2QBC8,Ring Battery Doorbell Pro,2025-11-18T17:14:40.506356+00:00,231.49,amazon,2026-05-17T17:14:40.684820+00:00,seed (simulated history - replace with Keepa API)
B0C6L2QBC8,Ring Battery Doorbell Pro,2025-11-19T17:14:40.506356+00:00,220.28,amazon,2026-05-17T17:14:40.684853+00:00,seed (simulated history - replace with Keepa API)
B0C6L2QBC8,Ring Battery Doorbell Pro,2025-11-20T17:14:40.506356+00:00,160.72,amazon,2026-05-17T17:14:40.684875+00:00,seed (simulated history - replace with Keepa API)
B0C6L2QBC8,Ring Battery Doorbell Pro,2025-11-21T17:14:40.506356+00:00,180.14,amazon,2026-05-17T17:14:40.684895+00:00,seed (simulated history - replace with Keepa API)
B0C6L2QBC8,Ring Battery Doorbell Pro,2025-11-22T17:14:40.506356+00:00,176.4,amazon,2026-05-17T17:14:40.684934+00:00,seed (simulated history - replace with Keepa API)
B0C6L2QBC8,Ring Battery Doorbell Pro,2025-11-23T17:14:40.506356+00:00,176.94,amazon,2026-05-17T17:14:40.684953+00:00,seed (simulated history - replace with Keepa API)
B0C6L2QBC8,Ring Battery Doorbell Pro,2025-11-24T17:14:40.506356+00:00,173.5,amazon,2026-05-17T17:14:40.684971+00:00,seed (simulated history - replace with Keepa API)
B0C6L2QBC8,Ring Battery Doorbell Pro,2025-11-25T17:14:40.506356+00:00,176.1,amazon,2026-05-17T17:14:40.684996+00:00,seed (simulated history - replace with Keepa API)
B0C6L2QBC8,Ring Battery Doorbell Pro,2025-11-26T17:14:40.506356+00:00,166.97,amazon,2026-05-17T17:14:40.685030+00:00,seed (simulated history - replace with Keepa API)
B0C6L2QBC8,Ring Battery Doorbell Pro,2025-11-27T17:14:40.506356+00:00,170.36,amazon,2026-05-17T17:14:40.685049+00:00,seed (simulated history - replace with Keepa API)
B0C6L2QBC8,Ring Battery Doorbell Pro,2025-11-28T17:14:40.506356+00:00,173.82,amazon,2026-05-17T17:14:40.685068+00:00,seed (simulated history - replace with Keepa API)
B0C6L2QBC8,Ring Battery Doorbell Pro,2025-11-29T17:14:40.506356+00:00,174.41,amazon,2026-05-17T17:14:40.685087+00:00,seed (simulated history - replace with Keepa API)
B0C6L2QBC8,Ring Battery Doorbell Pro,2025-11-30T17:14:40.506356+00:00,174.7,amazon,2026-05-17T17:14:40.685110+00:00,seed (simulated history - replace with Keepa API)
B0C6L2QBC8,Ring Battery Doorbell Pro,2025-12-01T17:14:40.506356+00:00,229.04,amazon,2026-05-17T17:14:40.685131+00:00,seed (simulated history - replace with Keepa API)
B0C6L2QBC8,Ring Battery Doorbell Pro,2025-12-02T17:14:40.506356+00:00,227.39,amazon,2026-05-17T17:14:40.685151+00:00,seed (simulated history - replace with Keepa API)
B0C6L2QBC8,Ring Battery Doorbell Pro,2025-12-03T17:14:40.506356+00:00,232.84,amazon,2026-05-17T17:14:40.685171+00:00,seed (simulated history - replace with Keepa API)
B0C6L2QBC8,Ring Battery Doorbell Pro,2025-12-04T17:14:40.506356+00:00,191.57,amazon,2026-05-17T17:14:40.685278+00:00,seed (simulated history - replace with Keepa API)
B0C6L2QBC8,Ring Battery Doorbell Pro,2025-12-05T17:14:40.506356+00:00,213.25,amazon,2026-05-17T17:14:40.685299+00:00,seed (simulated history - replace with Keepa API)
B0C6L2QBC8,Ring Battery Doorbell Pro,2025-12-06T17:14:40.506356+00:00,235.66,amazon,2026-05-17T17:14:40.685319+00:00,seed (simulated history - replace with Keepa API)
B0C6L2QBC8,Ring Battery Doorbell Pro,2025-12-07T17:14:40.506356+00:00,222.61,amazon,2026-05-17T17:14:40.685339+00:00,seed (simulated history - replace with Keepa API)
B0C6L2QBC8,Ring Battery Doorbell Pro,2025-12-08T17:14:40.506356+00:00,219.36,amazon,2026-05-17T17:14:40.685359+00:00,seed (simulated history - replace with Keepa API)
B0C6L2QBC8,Ring Battery Doorbell Pro,2025-12-09T17:14:40.506356+00:00,235.59,amazon,2026-05-17T17:14:40.685379+00:00,seed (simulated history - replace with Keepa API)
B0C6L2QBC8,Ring Battery Doorbell Pro,2025-12-10T17:14:40.506356+00:00,228.5,amazon,2026-05-17T17:14:40.685398+00:00,seed (simulated history - replace with Keepa API)
B0C6L2QBC8,Ring Battery Doorbell Pro,2025-12-11T17:14:40.506356+00:00,232.9,amazon,2026-05-17T17:14:40.685418+00:00,seed (simulated history - replace with Keepa API)
B0C6L2QBC8,Ring Battery Doorbell Pro,2025-12-12T17:14:40.506356+00:00,192.65,amazon,2026-05-17T17:14:40.685451+00:00,seed (simulated history - replace with Keepa API)
B0C6L2QBC8,Ring Battery Doorbell Pro,2025-12-13T17:14:40.506356+00:00,216.5,amazon,2026-05-17T17:14:40.685470+00:00,seed (simulated history - replace with Keepa API)
B0C6L2QBC8,Ring Battery Doorbell Pro,2025-12-14T17:14:40.506356+00:00,227.85,amazon,2026-05-17T17:14:40.685495+00:00,seed (simulated history - replace with Keepa API)
B0C6L2QBC8,Ring Battery Doorbell Pro,2025-12-15T17:14:40.506356+00:00,234.26,amazon,2026-05-17T17:14:40.685515+00:00,seed (simulated history - replace with Keepa API)
B0C6L2QBC8,Ring Battery Doorbell Pro,2025-12-16T17:14:40.506356+00:00,227.4,amazon,2026-05-17T17:14:40.685535+00:00,seed (simulated history - replace with Keepa API)
B0C6L2QBC8,Ring Battery Doorbell Pro,2025-12-17T17:14:40.506356+00:00,226.56,amazon,2026-05-17T17:14:40.685575+00:00,seed (simulated history - replace with Keepa API)
B0C6L2QBC8,Ring Battery Doorbell Pro,2025-12-18T17:14:40.506356+00:00,232.02,amazon,2026-05-17T17:14:40.685592+00:00,seed (simulated history - replace with Keepa API)
B0C6L2QBC8,Ring Battery Doorbell Pro,2025-12-19T17:14:40.506356+00:00,236.69,amazon,2026-05-17T17:14:40.685608+00:00,seed (simulated history - replace with Keepa API)
B0C6L2QBC8,Ring Battery Doorbell Pro,2025-12-20T17:14:40.506356+00:00,221.05,amazon,2026-05-17T17:14:40.685624+00:00,seed (simulated history - replace with Keepa API)
B0C6L2QBC8,Ring Battery Doorbell Pro,2025-12-21T17:14:40.506356+00:00,229.55,amazon,2026-05-17T17:14:40.685641+00:00,seed (simulated history - replace with Keepa API)
B0C6L2QBC8,Ring Battery Doorbell Pro,2025-12-22T17:14:40.506356+00:00,226.85,amazon,2026-05-17T17:14:40.685656+00:00,seed (simulated history - replace with Keepa API)
B0C6L2QBC8,Ring Battery Doorbell Pro,2025-12-23T17:14:40.506356+00:00,230.35,amazon,2026-05-17T17:14:40.685672+00:00,seed (simulated history - replace with Keepa API)
B0C6L2QBC8,Ring Battery Doorbell Pro,2025-12-24T17:14:40.506356+00:00,235.37,amazon,2026-05-17T17:14:40.685688+00:00,seed (simulated history - replace with Keepa API)
B0C6L2QBC8,Ring Battery Doorbell Pro,2025-12-25T17:14:40.506356+00:00,224.55,amazon,2026-05-17T17:14:40.685704+00:00,seed (simulated history - replace with Keepa API)
B0C6L2QBC8,Ring Battery Doorbell Pro,2025-12-26T17:14:40.506356+00:00,234.52,amazon,2026-05-17T17:14:40.685765+00:00,seed (simulated history - replace with Keepa API)
B0C6L2QBC8,Ring Battery Doorbell Pro,2025-12-27T17:14:40.506356+00:00,227.62,amazon,2026-05-17T17:14:40.685793+00:00,seed (simulated history - replace with Keepa API)
B0C6L2QBC8,Ring Battery Doorbell Pro,2025-12-28T17:14:40.506356+00:00,237.87,amazon,2026-05-17T17:14:40.685810+00:00,seed (simulated history - replace with Keepa API)
B0C6L2QBC8,Ring Battery Doorbell Pro,2025-12-29T17:14:40.506356+00:00,224.92,amazon,2026-05-17T17:14:40.685827+00:00,seed (simulated history - replace with Keepa API)
B0C6L2QBC8,Ring Battery Doorbell Pro,2025-12-30T17:14:40.506356+00:00,236.59,amazon,2026-05-17T17:14:40.685844+00:00,seed (simulated history - replace with Keepa API)
B0C6L2QBC8,Ring Battery Doorbell Pro,2025-12-31T17:14:40.506356+00:00,221.68,amazon,2026-05-17T17:14:40.685870+00:00,seed (simulated history - replace with Keepa API)
B0C6L2QBC8,Ring Battery Doorbell Pro,2026-01-01T17:14:40.506356+00:00,231.54,amazon,2026-05-17T17:14:40.685885+00:00,seed (simulated history - replace with Keepa API)
B0C6L2QBC8,Ring Battery Doorbell Pro,2026-01-02T17:14:40.506356+00:00,180.82,amazon,2026-05-17T17:14:40.685930+00:00,seed (simulated history - replace with Keepa API)
B0C6L2QBC8,Ring Battery Doorbell Pro,2026-01-03T17:14:40.506356+00:00,225.09,amazon,2026-05-17T17:14:40.685948+00:00,seed (simulated history - replace with Keepa API)
B0C6L2QBC8,Ring Battery Doorbell Pro,2026-01-04T17:14:40.506356+00:00,236.21,amazon,2026-05-17T17:14:40.685965+00:00,seed (simulated history - replace with Keepa API)
B0C6L2QBC8,Ring Battery Doorbell Pro,2026-01-05T17:14:40.506356+00:00,176.32,amazon,2026-05-17T17:14:40.686003+00:00,seed (simulated history - replace with Keepa API)
B0C6L2QBC8,Ring Battery Doorbell Pro,2026-01-06T17:14:40.506356+00:00,222.0,amazon,2026-05-17T17:14:40.686035+00:00,seed (simulated history - replace with Keepa API)
B0C6L2QBC8,Ring Battery Doorbell Pro,2026-01-07T17:14:40.506356+00:00,217.46,amazon,2026-05-17T17:14:40.686053+00:00,seed (simulated history - replace with Keepa API)
B0C6L2QBC8,Ring Battery Doorbell Pro,2026-01-08T17:14:40.506356+00:00,238.66,amazon,2026-05-17T17:14:40.686071+00:00,seed (simulated history - replace with Keepa API)
B0C6L2QBC8,Ring Battery Doorbell Pro,2026-01-09T17:14:40.506356+00:00,238.18,amazon,2026-05-17T17:14:40.686087+00:00,seed (simulated history - replace with Keepa API)
B0C6L2QBC8,Ring Battery Doorbell Pro,2026-01-10T17:14:40.506356+00:00,233.42,amazon,2026-05-17T17:14:40.686103+00:00,seed (simulated history - replace with Keepa API)
B0C6L2QBC8,Ring Battery Doorbell Pro,2026-01-11T17:14:40.506356+00:00,234.37,amazon,2026-05-17T17:14:40.686119+00:00,seed (simulated history - replace with Keepa API)
B0C6L2QBC8,Ring Battery Doorbell Pro,2026-01-12T17:14:40.506356+00:00,224.01,amazon,2026-05-17T17:14:40.686136+00:00,seed (simulated history - replace with Keepa API)
B0C6L2QBC8,Ring Battery Doorbell Pro,2026-01-13T17:14:40.506356+00:00,229.79,amazon,2026-05-17T17:14:40.686152+00:00,seed (simulated history - replace with Keepa API)
B0C6L2QBC8,Ring Battery Doorbell Pro,2026-01-14T17:14:40.506356+00:00,230.99,amazon,2026-05-17T17:14:40.686168+00:00,seed (simulated history - replace with Keepa API)
B0C6L2QBC8,Ring Battery Doorbell Pro,2026-01-15T17:14:40.506356+00:00,232.27,amazon,2026-05-17T17:14:40.686184+00:00,seed (simulated history - replace with Keepa API)
B0C6L2QBC8,Ring Battery Doorbell Pro,2026-01-16T17:14:40.506356+00:00,232.15,amazon,2026-05-17T17:14:40.686201+00:00,seed (simulated history - replace with Keepa API)
B0C6L2QBC8,Ring Battery Doorbell Pro,2026-01-17T17:14:40.506356+00:00,174.15,amazon,2026-05-17T17:14:40.686225+00:00,seed (simulated history - replace with Keepa API)
B0C6L2QBC8,Ring Battery Doorbell Pro,2026-01-18T17:14:40.506356+00:00,242.16,amazon,2026-05-17T17:14:40.686242+00:00,seed (simulated history - replace with Keepa API)
B0C6L2QBC8,Ring Battery Doorbell Pro,2026-01-19T17:14:40.506356+00:00,235.95,amazon,2026-05-17T17:14:40.686258+00:00,seed (simulated history - replace with Keepa API)
B0C6L2QBC8,Ring Battery Doorbell Pro,2026-01-20T17:14:40.506356+00:00,221.51,amazon,2026-05-17T17:14:40.686331+00:00,seed (simulated history - replace with Keepa API)
B0C6L2QBC8,Ring Battery Doorbell Pro,2026-01-21T17:14:40.506356+00:00,236.54,amazon,2026-05-17T17:14:40.686355+00:00,seed (simulated history - replace with Keepa API)
B0C6L2QBC8,Ring Battery Doorbell Pro,2026-01-22T17:14:40.506356+00:00,227.22,amazon,2026-05-17T17:14:40.686372+00:00,seed (simulated history - replace with Keepa API)
B0C6L2QBC8,Ring Battery Doorbell Pro,2026-01-23T17:14:40.506356+00:00,226.72,amazon,2026-05-17T17:14:40.686388+00:00,seed (simulated history - replace with Keepa API)
B0C6L2QBC8,Ring Battery Doorbell Pro,2026-01-24T17:14:40.506356+00:00,235.05,amazon,2026-05-17T17:14:40.686405+00:00,seed (simulated history - replace with Keepa API)
B0C6L2QBC8,Ring Battery Doorbell Pro,2026-01-25T17:14:40.506356+00:00,226.45,amazon,2026-05-17T17:14:40.686421+00:00,seed (simulated history - replace with Keepa API)
B0C6L2QBC8,Ring Battery Doorbell Pro,2026-01-26T17:14:40.506356+00:00,240.4,amazon,2026-05-17T17:14:40.686438+00:00,seed (simulated history - replace with Keepa API)
B0C6L2QBC8,Ring Battery Doorbell Pro,2026-01-27T17:14:40.506356+00:00,219.19,amazon,2026-05-17T17:14:40.686454+00:00,seed (simulated history - replace with Keepa API)
B0C6L2QBC8,Ring Battery Doorbell Pro,2026-01-28T17:14:40.506356+00:00,230.31,amazon,2026-05-17T17:14:40.686475+00:00,seed (simulated history - replace with Keepa API)
B0C6L2QBC8,Ring Battery Doorbell Pro,2026-01-29T17:14:40.506356+00:00,189.81,amazon,2026-05-17T17:14:40.686505+00:00,seed (simulated history - replace with Keepa API)
B0C6L2QBC8,Ring Battery Doorbell Pro,2026-01-30T17:14:40.506356+00:00,232.99,amazon,2026-05-17T17:14:40.686521+00:00,seed (simulated history - replace with Keepa API)
B0C6L2QBC8,Ring Battery Doorbell Pro,2026-01-31T17:14:40.506356+00:00,163.39,amazon,2026-05-17T17:14:40.686561+00:00,seed (simulated history - replace with Keepa API)
B0C6L2QBC8,Ring Battery Doorbell Pro,2026-02-01T17:14:40.506356+00:00,227.09,amazon,2026-05-17T17:14:40.686578+00:00,seed (simulated history - replace with Keepa API)
B0C6L2QBC8,Ring Battery Doorbell Pro,2026-02-02T17:14:40.506356+00:00,219.22,amazon,2026-05-17T17:14:40.686594+00:00,seed (simulated history - replace with Keepa API)
B0C6L2QBC8,Ring Battery Doorbell Pro,2026-02-03T17:14:40.506356+00:00,225.03,amazon,2026-05-17T17:14:40.686611+00:00,seed (simulated history - replace with Keepa API)
B0C6L2QBC8,Ring Battery Doorbell Pro,2026-02-04T17:14:40.506356+00:00,229.32,amazon,2026-05-17T17:14:40.686627+00:00,seed (simulated history - replace with Keepa API)
B0C6L2QBC8,Ring Battery Doorbell Pro,2026-02-05T17:14:40.506356+00:00,228.85,amazon,2026-05-17T17:14:40.686644+00:00,seed (simulated history - replace with Keepa API)
B0C6L2QBC8,Ring Battery Doorbell Pro,2026-02-06T17:14:40.506356+00:00,235.47,amazon,2026-05-17T17:14:40.686661+00:00,seed (simulated history - replace with Keepa API)
B0C6L2QBC8,Ring Battery Doorbell Pro,2026-02-07T17:14:40.506356+00:00,239.6,amazon,2026-05-17T17:14:40.686679+00:00,seed (simulated history - replace with Keepa API)
B0C6L2QBC8,Ring Battery Doorbell Pro,2026-02-08T17:14:40.506356+00:00,228.05,amazon,2026-05-17T17:14:40.686707+00:00,seed (simulated history - replace with Keepa API)
B0C6L2QBC8,Ring Battery Doorbell Pro,2026-02-09T17:14:40.506356+00:00,222.0,amazon,2026-05-17T17:14:40.686723+00:00,seed (simulated history - replace with Keepa API)
B0C6L2QBC8,Ring Battery Doorbell Pro,2026-02-10T17:14:40.506356+00:00,233.25,amazon,2026-05-17T17:14:40.686741+00:00,seed (simulated history - replace with Keepa API)
B0C6L2QBC8,Ring Battery Doorbell Pro,2026-02-11T17:14:40.506356+00:00,229.27,amazon,2026-05-17T17:14:40.686760+00:00,seed (simulated history - replace with Keepa API)
B0C6L2QBC8,Ring Battery Doorbell Pro,2026-02-12T17:14:40.506356+00:00,237.25,amazon,2026-05-17T17:14:40.686780+00:00,seed (simulated history - replace with Keepa API)
B0C6L2QBC8,Ring Battery Doorbell Pro,2026-02-13T17:14:40.506356+00:00,229.46,amazon,2026-05-17T17:14:40.686799+00:00,seed (simulated history - replace with Keepa API)
B0C6L2QBC8,Ring Battery Doorbell Pro,2026-02-14T17:14:40.506356+00:00,230.6,amazon,2026-05-17T17:14:40.686816+00:00,seed (simulated history - replace with Keepa API)
B0C6L2QBC8,Ring Battery Doorbell Pro,2026-02-15T17:14:40.506356+00:00,228.99,amazon,2026-05-17T17:14:40.686840+00:00,seed (simulated history - replace with Keepa API)
B0C6L2QBC8,Ring Battery Doorbell Pro,2026-02-16T17:14:40.506356+00:00,240.63,amazon,2026-05-17T17:14:40.686857+00:00,seed (simulated history - replace with Keepa API)
B0C6L2QBC8,Ring Battery Doorbell Pro,2026-02-17T17:14:40.506356+00:00,231.2,amazon,2026-05-17T17:14:40.686877+00:00,seed (simulated history - replace with Keepa API)
B0C6L2QBC8,Ring Battery Doorbell Pro,2026-02-18T17:14:40.506356+00:00,237.93,amazon,2026-05-17T17:14:40.686896+00:00,seed (simulated history - replace with Keepa API)
B0C6L2QBC8,Ring Battery Doorbell Pro,2026-02-19T17:14:40.506356+00:00,228.0,amazon,2026-05-17T17:14:40.686916+00:00,seed (simulated history - replace with Keepa API)
B0C6L2QBC8,Ring Battery Doorbell Pro,2026-02-20T17:14:40.506356+00:00,194.32,amazon,2026-05-17T17:14:40.686949+00:00,seed (simulated history - replace with Keepa API)
B0C6L2QBC8,Ring Battery Doorbell Pro,2026-02-21T17:14:40.506356+00:00,227.9,amazon,2026-05-17T17:14:40.686968+00:00,seed (simulated history - replace with Keepa API)
B0C6L2QBC8,Ring Battery Doorbell Pro,2026-02-22T17:14:40.506356+00:00,233.65,amazon,2026-05-17T17:14:40.686994+00:00,seed (simulated history - replace with Keepa API)
B0C6L2QBC8,Ring Battery Doorbell Pro,2026-02-23T17:14:40.506356+00:00,222.24,amazon,2026-05-17T17:14:40.687076+00:00,seed (simulated history - replace with Keepa API)
B0C6L2QBC8,Ring Battery Doorbell Pro,2026-02-24T17:14:40.506356+00:00,244.1,amazon,2026-05-17T17:14:40.687152+00:00,seed (simulated history - replace with Keepa API)
B0C6L2QBC8,Ring Battery Doorbell Pro,2026-02-25T17:14:40.506356+00:00,222.69,amazon,2026-05-17T17:14:40.687175+00:00,seed (simulated history - replace with Keepa API)
B0C6L2QBC8,Ring Battery Doorbell Pro,2026-02-26T17:14:40.506356+00:00,234.29,amazon,2026-05-17T17:14:40.687195+00:00,seed (simulated history - replace with Keepa API)
B0C6L2QBC8,Ring Battery Doorbell Pro,2026-02-27T17:14:40.506356+00:00,223.25,amazon,2026-05-17T17:14:40.687215+00:00,seed (simulated history - replace with Keepa API)
B0C6L2QBC8,Ring Battery Doorbell Pro,2026-02-28T17:14:40.506356+00:00,231.1,amazon,2026-05-17T17:14:40.687243+00:00,seed (simulated history - replace with Keepa API)
B0C6L2QBC8,Ring Battery Doorbell Pro,2026-03-01T17:14:40.506356+00:00,235.06,amazon,2026-05-17T17:14:40.687263+00:00,seed (simulated history - replace with Keepa API)
B0C6L2QBC8,Ring Battery Doorbell Pro,2026-03-02T17:14:40.506356+00:00,219.38,amazon,2026-05-17T17:14:40.687282+00:00,seed (simulated history - replace with Keepa API)
B0C6L2QBC8,Ring Battery Doorbell Pro,2026-03-03T17:14:40.506356+00:00,223.92,amazon,2026-05-17T17:14:40.687303+00:00,seed (simulated history - replace with Keepa API)
B0C6L2QBC8,Ring Battery Doorbell Pro,2026-03-04T17:14:40.506356+00:00,160.87,amazon,2026-05-17T17:14:40.687335+00:00,seed (simulated history - replace with Keepa API)
B0C6L2QBC8,Ring Battery Doorbell Pro,2026-03-05T17:14:40.506356+00:00,224.9,amazon,2026-05-17T17:14:40.687354+00:00,seed (simulated history - replace with Keepa API)
B0C6L2QBC8,Ring Battery Doorbell Pro,2026-03-06T17:14:40.506356+00:00,216.53,amazon,2026-05-17T17:14:40.687417+00:00,seed (simulated history - replace with Keepa API)
B0C6L2QBC8,Ring Battery Doorbell Pro,2026-03-07T17:14:40.506356+00:00,233.84,amazon,2026-05-17T17:14:40.687442+00:00,seed (simulated history - replace with Keepa API)
B0C6L2QBC8,Ring Battery Doorbell Pro,2026-03-08T17:14:40.506356+00:00,193.45,amazon,2026-05-17T17:14:40.687469+00:00,seed (simulated history - replace with Keepa API)
B0C6L2QBC8,Ring Battery Doorbell Pro,2026-03-09T17:14:40.506356+00:00,222.48,amazon,2026-05-17T17:14:40.687496+00:00,seed (simulated history - replace with Keepa API)
B0C6L2QBC8,Ring Battery Doorbell Pro,2026-03-10T17:14:40.506356+00:00,229.14,amazon,2026-05-17T17:14:40.687514+00:00,seed (simulated history - replace with Keepa API)
B0C6L2QBC8,Ring Battery Doorbell Pro,2026-03-11T17:14:40.506356+00:00,220.67,amazon,2026-05-17T17:14:40.687529+00:00,seed (simulated history - replace with Keepa API)
B0C6L2QBC8,Ring Battery Doorbell Pro,2026-03-12T17:14:40.506356+00:00,227.92,amazon,2026-05-17T17:14:40.687576+00:00,seed (simulated history - replace with Keepa API)
B0C6L2QBC8,Ring Battery Doorbell Pro,2026-03-13T17:14:40.506356+00:00,227.46,amazon,2026-05-17T17:14:40.687594+00:00,seed (simulated history - replace with Keepa API)
B0C6L2QBC8,Ring Battery Doorbell Pro,2026-03-14T17:14:40.506356+00:00,231.21,amazon,2026-05-17T17:14:40.687613+00:00,seed (simulated history - replace with Keepa API)
B0C6L2QBC8,Ring Battery Doorbell Pro,2026-03-15T17:14:40.506356+00:00,234.32,amazon,2026-05-17T17:14:40.687631+00:00,seed (simulated history - replace with Keepa API)
B0C6L2QBC8,Ring Battery Doorbell Pro,2026-03-16T17:14:40.506356+00:00,229.65,amazon,2026-05-17T17:14:40.687649+00:00,seed (simulated history - replace with Keepa API)
B0C6L2QBC8,Ring Battery Doorbell Pro,2026-03-17T17:14:40.506356+00:00,223.17,amazon,2026-05-17T17:14:40.687667+00:00,seed (simulated history - replace with Keepa API)
B0C6L2QBC8,Ring Battery Doorbell Pro,2026-03-18T17:14:40.506356+00:00,245.45,amazon,2026-05-17T17:14:40.687683+00:00,seed (simulated history - replace with Keepa API)
B0C6L2QBC8,Ring Battery Doorbell Pro,2026-03-19T17:14:40.506356+00:00,239.75,amazon,2026-05-17T17:14:40.687707+00:00,seed (simulated history - replace with Keepa API)
B0C6L2QBC8,Ring Battery Doorbell Pro,2026-03-20T17:14:40.506356+00:00,176.22,amazon,2026-05-17T17:14:40.687747+00:00,seed (simulated history - replace with Keepa API)
B0C6L2QBC8,Ring Battery Doorbell Pro,2026-03-21T17:14:40.506356+00:00,226.04,amazon,2026-05-17T17:14:40.687767+00:00,seed (simulated history - replace with Keepa API)
B0C6L2QBC8,Ring Battery Doorbell Pro,2026-03-22T17:14:40.506356+00:00,217.19,amazon,2026-05-17T17:14:40.687789+00:00,seed (simulated history - replace with Keepa API)
B0C6L2QBC8,Ring Battery Doorbell Pro,2026-03-23T17:14:40.506356+00:00,224.81,amazon,2026-05-17T17:14:40.687809+00:00,seed (simulated history - replace with Keepa API)
B0C6L2QBC8,Ring Battery Doorbell Pro,2026-03-24T17:14:40.506356+00:00,233.54,amazon,2026-05-17T17:14:40.687831+00:00,seed (simulated history - replace with Keepa API)
B0C6L2QBC8,Ring Battery Doorbell Pro,2026-03-25T17:14:40.506356+00:00,231.95,amazon,2026-05-17T17:14:40.687852+00:00,seed (simulated history - replace with Keepa API)
B0C6L2QBC8,Ring Battery Doorbell Pro,2026-03-26T17:14:40.506356+00:00,228.24,amazon,2026-05-17T17:14:40.687872+00:00,seed (simulated history - replace with Keepa API)
B0C6L2QBC8,Ring Battery Doorbell Pro,2026-03-27T17:14:40.506356+00:00,227.24,amazon,2026-05-17T17:14:40.687903+00:00,seed (simulated history - replace with Keepa API)
B0C6L2QBC8,Ring Battery Doorbell Pro,2026-03-28T17:14:40.506356+00:00,222.23,amazon,2026-05-17T17:14:40.687923+00:00,seed (simulated history - replace with Keepa API)
B0C6L2QBC8,Ring Battery Doorbell Pro,2026-03-29T17:14:40.506356+00:00,228.11,amazon,2026-05-17T17:14:40.687943+00:00,seed (simulated history - replace with Keepa API)
B0C6L2QBC8,Ring Battery Doorbell Pro,2026-03-30T17:14:40.506356+00:00,227.92,amazon,2026-05-17T17:14:40.687965+00:00,seed (simulated history - replace with Keepa API)
B0C6L2QBC8,Ring Battery Doorbell Pro,2026-03-31T17:14:40.506356+00:00,238.91,amazon,2026-05-17T17:14:40.687997+00:00,seed (simulated history - replace with Keepa API)
B0C6L2QBC8,Ring Battery Doorbell Pro,2026-04-01T17:14:40.506356+00:00,232.9,amazon,2026-05-17T17:14:40.688034+00:00,seed (simulated history - replace with Keepa API)
B0C6L2QBC8,Ring Battery Doorbell Pro,2026-04-02T17:14:40.506356+00:00,230.93,amazon,2026-05-17T17:14:40.688055+00:00,seed (simulated history - replace with Keepa API)
B0C6L2QBC8,Ring Battery Doorbell Pro,2026-04-03T17:14:40.506356+00:00,231.57,amazon,2026-05-17T17:14:40.688077+00:00,seed (simulated history - replace with Keepa API)
B0C6L2QBC8,Ring Battery Doorbell Pro,2026-04-04T17:14:40.506356+00:00,240.49,amazon,2026-05-17T17:14:40.688097+00:00,seed (simulated history - replace with Keepa API)
B0C6L2QBC8,Ring Battery Doorbell Pro,2026-04-05T17:14:40.506356+00:00,227.1,amazon,2026-05-17T17:14:40.688119+00:00,seed (simulated history - replace with Keepa API)
B0C6L2QBC8,Ring Battery Doorbell Pro,2026-04-06T17:14:40.506356+00:00,226.11,amazon,2026-05-17T17:14:40.688139+00:00,seed (simulated history - replace with Keepa API)
B0C6L2QBC8,Ring Battery Doorbell Pro,2026-04-07T17:14:40.506356+00:00,241.06,amazon,2026-05-17T17:14:40.688169+00:00,seed (simulated history - replace with Keepa API)
B0C6L2QBC8,Ring Battery Doorbell Pro,2026-04-08T17:14:40.506356+00:00,235.07,amazon,2026-05-17T17:14:40.688221+00:00,seed (simulated history - replace with Keepa API)
B0C6L2QBC8,Ring Battery Doorbell Pro,2026-04-09T17:14:40.506356+00:00,225.59,amazon,2026-05-17T17:14:40.688244+00:00,seed (simulated history - replace with Keepa API)
B0C6L2QBC8,Ring Battery Doorbell Pro,2026-04-10T17:14:40.506356+00:00,241.27,amazon,2026-05-17T17:14:40.688266+00:00,seed (simulated history - replace with Keepa API)
B0C6L2QBC8,Ring Battery Doorbell Pro,2026-04-11T17:14:40.506356+00:00,227.69,amazon,2026-05-17T17:14:40.688287+00:00,seed (simulated history - replace with Keepa API)
B0C6L2QBC8,Ring Battery Doorbell Pro,2026-04-13T17:14:40.506356+00:00,220.72,amazon,2026-05-17T17:14:40.688311+00:00,seed (simulated history - replace with Keepa API)
B0C6L2QBC8,Ring Battery Doorbell Pro,2026-04-14T17:14:40.506356+00:00,168.32,amazon,2026-05-17T17:14:40.688344+00:00,seed (simulated history - replace with Keepa API)
B0C6L2QBC8,Ring Battery Doorbell Pro,2026-04-15T17:14:40.506356+00:00,217.48,amazon,2026-05-17T17:14:40.688363+00:00,seed (simulated history - replace with Keepa API)
B0C6L2QBC8,Ring Battery Doorbell Pro,2026-04-16T17:14:40.506356+00:00,229.09,amazon,2026-05-17T17:14:40.688384+00:00,seed (simulated history - replace with Keepa API)
B0C6L2QBC8,Ring Battery Doorbell Pro,2026-04-17T17:14:40.506356+00:00,229.82,amazon,2026-05-17T17:14:40.688401+00:00,seed (simulated history - replace with Keepa API)
B0C6L2QBC8,Ring Battery Doorbell Pro,2026-04-18T17:14:40.506356+00:00,238.91,amazon,2026-05-17T17:14:40.688419+00:00,seed (simulated history - replace with Keepa API)
B0C6L2QBC8,Ring Battery Doorbell Pro,2026-04-19T17:14:40.506356+00:00,233.46,amazon,2026-05-17T17:14:40.688438+00:00,seed (simulated history - replace with Keepa API)
B0C6L2QBC8,Ring Battery Doorbell Pro,2026-04-20T17:14:40.506356+00:00,222.3,amazon,2026-05-17T17:14:40.688528+00:00,seed (simulated history - replace with Keepa API)
B0C6L2QBC8,Ring Battery Doorbell Pro,2026-04-21T17:14:40.506356+00:00,238.15,amazon,2026-05-17T17:14:40.688566+00:00,seed (simulated history - replace with Keepa API)
B0C6L2QBC8,Ring Battery Doorbell Pro,2026-04-22T17:14:40.506356+00:00,237.02,amazon,2026-05-17T17:14:40.688587+00:00,seed (simulated history - replace with Keepa API)
B0C6L2QBC8,Ring Battery Doorbell Pro,2026-04-23T17:14:40.506356+00:00,229.12,amazon,2026-05-17T17:14:40.688605+00:00,seed (simulated history - replace with Keepa API)
B0C6L2QBC8,Ring Battery Doorbell Pro,2026-04-24T17:14:40.506356+00:00,221.18,amazon,2026-05-17T17:14:40.688625+00:00,seed (simulated history - replace with Keepa API)
B0C6L2QBC8,Ring Battery Doorbell Pro,2026-04-25T17:14:40.506356+00:00,232.57,amazon,2026-05-17T17:14:40.688644+00:00,seed (simulated history - replace with Keepa API)
B0C6L2QBC8,Ring Battery Doorbell Pro,2026-04-26T17:14:40.506356+00:00,223.47,amazon,2026-05-17T17:14:40.688664+00:00,seed (simulated history - replace with Keepa API)
B0C6L2QBC8,Ring Battery Doorbell Pro,2026-04-27T17:14:40.506356+00:00,228.25,amazon,2026-05-17T17:14:40.688683+00:00,seed (simulated history - replace with Keepa API)
B0C6L2QBC8,Ring Battery Doorbell Pro,2026-04-28T17:14:40.506356+00:00,228.73,amazon,2026-05-17T17:14:40.688714+00:00,seed (simulated history - replace with Keepa API)
B0C6L2QBC8,Ring Battery Doorbell Pro,2026-04-29T17:14:40.506356+00:00,223.97,amazon,2026-05-17T17:14:40.688733+00:00,seed (simulated history - replace with Keepa API)
B0C6L2QBC8,Ring Battery Doorbell Pro,2026-04-30T17:14:40.506356+00:00,239.27,amazon,2026-05-17T17:14:40.688751+00:00,seed (simulated history - replace with Keepa API)
B0C6L2QBC8,Ring Battery Doorbell Pro,2026-05-01T17:14:40.506356+00:00,225.52,amazon,2026-05-17T17:14:40.688768+00:00,seed (simulated history - replace with Keepa API)
B0C6L2QBC8,Ring Battery Doorbell Pro,2026-05-02T17:14:40.506356+00:00,238.76,amazon,2026-05-17T17:14:40.688785+00:00,seed (simulated history - replace with Keepa API)
B0C6L2QBC8,Ring Battery Doorbell Pro,2026-05-03T17:14:40.506356+00:00,230.79,amazon,2026-05-17T17:14:40.688810+00:00,seed (simulated history - replace with Keepa API)
B0C6L2QBC8,Ring Battery Doorbell Pro,2026-05-04T17:14:40.506356+00:00,220.42,amazon,2026-05-17T17:14:40.688829+00:00,seed (simulated history - replace with Keepa API)
B0C6L2QBC8,Ring Battery Doorbell Pro,2026-05-05T17:14:40.506356+00:00,229.22,amazon,2026-05-17T17:14:40.688850+00:00,seed (simulated history - replace with Keepa API)
B0C6L2QBC8,Ring Battery Doorbell Pro,2026-05-06T17:14:40.506356+00:00,239.17,amazon,2026-05-17T17:14:40.688869+00:00,seed (simulated history - replace with Keepa API)
B0C6L2QBC8,Ring Battery Doorbell Pro,2026-05-07T17:14:40.506356+00:00,228.96,amazon,2026-05-17T17:14:40.688890+00:00,seed (simulated history - replace with Keepa API)
B0C6L2QBC8,Ring Battery Doorbell Pro,2026-05-08T17:14:40.506356+00:00,225.23,amazon,2026-05-17T17:14:40.688909+00:00,seed (simulated history - replace with Keepa API)
B0C6L2QBC8,Ring Battery Doorbell Pro,2026-05-09T17:14:40.506356+00:00,236.67,amazon,2026-05-17T17:14:40.688938+00:00,seed (simulated history - replace with Keepa API)
B0C6L2QBC8,Ring Battery Doorbell Pro,2026-05-10T17:14:40.506356+00:00,224.51,amazon,2026-05-17T17:14:40.688960+00:00,seed (simulated history - replace with Keepa API)
B0C6L2QBC8,Ring Battery Doorbell Pro,2026-05-11T17:14:40.506356+00:00,210.51,amazon,2026-05-17T17:14:40.688980+00:00,seed (simulated history - replace with Keepa API)
B0C6L2QBC8,Ring Battery Doorbell Pro,2026-05-12T17:14:40.506356+00:00,228.04,amazon,2026-05-17T17:14:40.689028+00:00,seed (simulated history - replace with Keepa API)
B0C6L2QBC8,Ring Battery Doorbell Pro,2026-05-13T17:14:40.506356+00:00,229.64,amazon,2026-05-17T17:14:40.689051+00:00,seed (simulated history - replace with Keepa API)
B0C6L2QBC8,Ring Battery Doorbell Pro,2026-05-14T17:14:40.506356+00:00,228.13,amazon,2026-05-17T17:14:40.689068+00:00,seed (simulated history - replace with Keepa API)
B0C6L2QBC8,Ring Battery Doorbell Pro,2026-05-15T17:14:40.506356+00:00,230.47,amazon,2026-05-17T17:14:40.689085+00:00,seed (simulated history - replace with Keepa API)
B0C6L2QBC8,Ring Battery Doorbell Pro,2026-05-16T17:14:40.506356+00:00,228.81,amazon,2026-05-17T17:14:40.689102+00:00,seed (simulated history - replace with Keepa API)
B0C6L2QBC8,Ring Battery Doorbell Pro,2026-05-17T17:14:40.506356+00:00,223.82,amazon,2026-05-17T17:14:40.689122+00:00,seed (simulated history - replace with Keepa API)
B08N5M7S6K,Ring Video Doorbell 4,2025-11-18T17:14:40.506356+00:00,197.81,amazon,2026-05-17T17:14:40.690505+00:00,seed (simulated history - replace with Keepa API)
B08N5M7S6K,Ring Video Doorbell 4,2025-11-19T17:14:40.506356+00:00,203.06,amazon,2026-05-17T17:14:40.690571+00:00,seed (simulated history - replace with Keepa API)
B08N5M7S6K,Ring Video Doorbell 4,2025-11-20T17:14:40.506356+00:00,157.5,amazon,2026-05-17T17:14:40.690601+00:00,seed (simulated history - replace with Keepa API)
B08N5M7S6K,Ring Video Doorbell 4,2025-11-21T17:14:40.506356+00:00,142.86,amazon,2026-05-17T17:14:40.690621+00:00,seed (simulated history - replace with Keepa API)
B08N5M7S6K,Ring Video Doorbell 4,2025-11-22T17:14:40.506356+00:00,143.8,amazon,2026-05-17T17:14:40.690639+00:00,seed (simulated history - replace with Keepa API)
B08N5M7S6K,Ring Video Doorbell 4,2025-11-23T17:14:40.506356+00:00,154.0,amazon,2026-05-17T17:14:40.690707+00:00,seed (simulated history - replace with Keepa API)
B08N5M7S6K,Ring Video Doorbell 4,2025-11-24T17:14:40.506356+00:00,160.5,amazon,2026-05-17T17:14:40.690738+00:00,seed (simulated history - replace with Keepa API)
B08N5M7S6K,Ring Video Doorbell 4,2025-11-25T17:14:40.506356+00:00,146.53,amazon,2026-05-17T17:14:40.690760+00:00,seed (simulated history - replace with Keepa API)
B08N5M7S6K,Ring Video Doorbell 4,2025-11-26T17:14:40.506356+00:00,152.47,amazon,2026-05-17T17:14:40.690782+00:00,seed (simulated history - replace with Keepa API)
B08N5M7S6K,Ring Video Doorbell 4,2025-11-27T17:14:40.506356+00:00,142.84,amazon,2026-05-17T17:14:40.690803+00:00,seed (simulated history - replace with Keepa API)
B08N5M7S6K,Ring Video Doorbell 4,2025-11-28T17:14:40.506356+00:00,144.42,amazon,2026-05-17T17:14:40.690824+00:00,seed (simulated history - replace with Keepa API)
B08N5M7S6K,Ring Video Doorbell 4,2025-11-29T17:14:40.506356+00:00,156.79,amazon,2026-05-17T17:14:40.690858+00:00,seed (simulated history - replace with Keepa API)
B08N5M7S6K,Ring Video Doorbell 4,2025-11-30T17:14:40.506356+00:00,152.19,amazon,2026-05-17T17:14:40.690879+00:00,seed (simulated history - replace with Keepa API)
B08N5M7S6K,Ring Video Doorbell 4,2025-12-01T17:14:40.506356+00:00,206.97,amazon,2026-05-17T17:14:40.690901+00:00,seed (simulated history - replace with Keepa API)
B08N5M7S6K,Ring Video Doorbell 4,2025-12-02T17:14:40.506356+00:00,212.32,amazon,2026-05-17T17:14:40.690928+00:00,seed (simulated history - replace with Keepa API)
B08N5M7S6K,Ring Video Doorbell 4,2025-12-03T17:14:40.506356+00:00,209.25,amazon,2026-05-17T17:14:40.690951+00:00,seed (simulated history - replace with Keepa API)
B08N5M7S6K,Ring Video Doorbell 4,2025-12-04T17:14:40.506356+00:00,193.6,amazon,2026-05-17T17:14:40.690973+00:00,seed (simulated history - replace with Keepa API)
B08N5M7S6K,Ring Video Doorbell 4,2025-12-05T17:14:40.506356+00:00,189.89,amazon,2026-05-17T17:14:40.691035+00:00,seed (simulated history - replace with Keepa API)
B08N5M7S6K,Ring Video Doorbell 4,2025-12-06T17:14:40.506356+00:00,199.14,amazon,2026-05-17T17:14:40.691059+00:00,seed (simulated history - replace with Keepa API)
B08N5M7S6K,Ring Video Doorbell 4,2025-12-07T17:14:40.506356+00:00,201.8,amazon,2026-05-17T17:14:40.691086+00:00,seed (simulated history - replace with Keepa API)
B08N5M7S6K,Ring Video Doorbell 4,2025-12-08T17:14:40.506356+00:00,212.2,amazon,2026-05-17T17:14:40.691108+00:00,seed (simulated history - replace with Keepa API)
B08N5M7S6K,Ring Video Doorbell 4,2025-12-09T17:14:40.506356+00:00,211.94,amazon,2026-05-17T17:14:40.691129+00:00,seed (simulated history - replace with Keepa API)
B08N5M7S6K,Ring Video Doorbell 4,2025-12-10T17:14:40.506356+00:00,204.17,amazon,2026-05-17T17:14:40.691150+00:00,seed (simulated history - replace with Keepa API)
B08N5M7S6K,Ring Video Doorbell 4,2025-12-11T17:14:40.506356+00:00,197.9,amazon,2026-05-17T17:14:40.691172+00:00,seed (simulated history - replace with Keepa API)
B08N5M7S6K,Ring Video Doorbell 4,2025-12-12T17:14:40.506356+00:00,207.29,amazon,2026-05-17T17:14:40.691193+00:00,seed (simulated history - replace with Keepa API)
B08N5M7S6K,Ring Video Doorbell 4,2025-12-13T17:14:40.506356+00:00,200.92,amazon,2026-05-17T17:14:40.691214+00:00,seed (simulated history - replace with Keepa API)
B08N5M7S6K,Ring Video Doorbell 4,2025-12-14T17:14:40.506356+00:00,148.49,amazon,2026-05-17T17:14:40.691258+00:00,seed (simulated history - replace with Keepa API)
B08N5M7S6K,Ring Video Doorbell 4,2025-12-15T17:14:40.506356+00:00,192.61,amazon,2026-05-17T17:14:40.691281+00:00,seed (simulated history - replace with Keepa API)
B08N5M7S6K,Ring Video Doorbell 4,2025-12-16T17:14:40.506356+00:00,208.5,amazon,2026-05-17T17:14:40.691303+00:00,seed (simulated history - replace with Keepa API)
B08N5M7S6K,Ring Video Doorbell 4,2025-12-17T17:14:40.506356+00:00,195.79,amazon,2026-05-17T17:14:40.691324+00:00,seed (simulated history - replace with Keepa API)
B08N5M7S6K,Ring Video Doorbell 4,2025-12-18T17:14:40.506356+00:00,202.59,amazon,2026-05-17T17:14:40.691345+00:00,seed (simulated history - replace with Keepa API)
B08N5M7S6K,Ring Video Doorbell 4,2025-12-19T17:14:40.506356+00:00,195.53,amazon,2026-05-17T17:14:40.691367+00:00,seed (simulated history - replace with Keepa API)
B08N5M7S6K,Ring Video Doorbell 4,2025-12-20T17:14:40.506356+00:00,200.71,amazon,2026-05-17T17:14:40.691388+00:00,seed (simulated history - replace with Keepa API)
B08N5M7S6K,Ring Video Doorbell 4,2025-12-21T17:14:40.506356+00:00,195.62,amazon,2026-05-17T17:14:40.691407+00:00,seed (simulated history - replace with Keepa API)
B08N5M7S6K,Ring Video Doorbell 4,2025-12-22T17:14:40.506356+00:00,201.18,amazon,2026-05-17T17:14:40.691429+00:00,seed (simulated history - replace with Keepa API)
B08N5M7S6K,Ring Video Doorbell 4,2025-12-23T17:14:40.506356+00:00,207.26,amazon,2026-05-17T17:14:40.691450+00:00,seed (simulated history - replace with Keepa API)
B08N5M7S6K,Ring Video Doorbell 4,2025-12-24T17:14:40.506356+00:00,198.33,amazon,2026-05-17T17:14:40.691476+00:00,seed (simulated history - replace with Keepa API)
B08N5M7S6K,Ring Video Doorbell 4,2025-12-25T17:14:40.506356+00:00,194.21,amazon,2026-05-17T17:14:40.691610+00:00,seed (simulated history - replace with Keepa API)
B08N5M7S6K,Ring Video Doorbell 4,2025-12-26T17:14:40.506356+00:00,215.45,amazon,2026-05-17T17:14:40.691635+00:00,seed (simulated history - replace with Keepa API)
B08N5M7S6K,Ring Video Doorbell 4,2025-12-27T17:14:40.506356+00:00,201.04,amazon,2026-05-17T17:14:40.691663+00:00,seed (simulated history - replace with Keepa API)
B08N5M7S6K,Ring Video Doorbell 4,2025-12-28T17:14:40.506356+00:00,201.11,amazon,2026-05-17T17:14:40.691685+00:00,seed (simulated history - replace with Keepa API)
B08N5M7S6K,Ring Video Doorbell 4,2025-12-29T17:14:40.506356+00:00,198.62,amazon,2026-05-17T17:14:40.691708+00:00,seed (simulated history - replace with Keepa API)
B08N5M7S6K,Ring Video Doorbell 4,2025-12-30T17:14:40.506356+00:00,201.96,amazon,2026-05-17T17:14:40.691730+00:00,seed (simulated history - replace with Keepa API)
B08N5M7S6K,Ring Video Doorbell 4,2025-12-31T17:14:40.506356+00:00,183.68,amazon,2026-05-17T17:14:40.691796+00:00,seed (simulated history - replace with Keepa API)
B08N5M7S6K,Ring Video Doorbell 4,2026-01-01T17:14:40.506356+00:00,204.99,amazon,2026-05-17T17:14:40.691823+00:00,seed (simulated history - replace with Keepa API)
B08N5M7S6K,Ring Video Doorbell 4,2026-01-02T17:14:40.506356+00:00,203.58,amazon,2026-05-17T17:14:40.691846+00:00,seed (simulated history - replace with Keepa API)
B08N5M7S6K,Ring Video Doorbell 4,2026-01-03T17:14:40.506356+00:00,206.57,amazon,2026-05-17T17:14:40.691868+00:00,seed (simulated history - replace with Keepa API)
B08N5M7S6K,Ring Video Doorbell 4,2026-01-04T17:14:40.506356+00:00,201.17,amazon,2026-05-17T17:14:40.691890+00:00,seed (simulated history - replace with Keepa API)
B08N5M7S6K,Ring Video Doorbell 4,2026-01-05T17:14:40.506356+00:00,198.34,amazon,2026-05-17T17:14:40.691909+00:00,seed (simulated history - replace with Keepa API)
B08N5M7S6K,Ring Video Doorbell 4,2026-01-06T17:14:40.506356+00:00,206.7,amazon,2026-05-17T17:14:40.691931+00:00,seed (simulated history - replace with Keepa API)
B08N5M7S6K,Ring Video Doorbell 4,2026-01-07T17:14:40.506356+00:00,207.93,amazon,2026-05-17T17:14:40.691953+00:00,seed (simulated history - replace with Keepa API)
B08N5M7S6K,Ring Video Doorbell 4,2026-01-08T17:14:40.506356+00:00,158.42,amazon,2026-05-17T17:14:40.692002+00:00,seed (simulated history - replace with Keepa API)
B08N5M7S6K,Ring Video Doorbell 4,2026-01-09T17:14:40.506356+00:00,201.48,amazon,2026-05-17T17:14:40.692038+00:00,seed (simulated history - replace with Keepa API)
B08N5M7S6K,Ring Video Doorbell 4,2026-01-10T17:14:40.506356+00:00,197.64,amazon,2026-05-17T17:14:40.692060+00:00,seed (simulated history - replace with Keepa API)
B08N5M7S6K,Ring Video Doorbell 4,2026-01-11T17:14:40.506356+00:00,198.5,amazon,2026-05-17T17:14:40.692082+00:00,seed (simulated history - replace with Keepa API)
B08N5M7S6K,Ring Video Doorbell 4,2026-01-12T17:14:40.506356+00:00,197.11,amazon,2026-05-17T17:14:40.692140+00:00,seed (simulated history - replace with Keepa API)
B08N5M7S6K,Ring Video Doorbell 4,2026-01-13T17:14:40.506356+00:00,203.94,amazon,2026-05-17T17:14:40.692169+00:00,seed (simulated history - replace with Keepa API)
B08N5M7S6K,Ring Video Doorbell 4,2026-01-14T17:14:40.506356+00:00,201.38,amazon,2026-05-17T17:14:40.692187+00:00,seed (simulated history - replace with Keepa API)
B08N5M7S6K,Ring Video Doorbell 4,2026-01-15T17:14:40.506356+00:00,198.22,amazon,2026-05-17T17:14:40.692221+00:00,seed (simulated history - replace with Keepa API)
B08N5M7S6K,Ring Video Doorbell 4,2026-01-16T17:14:40.506356+00:00,197.21,amazon,2026-05-17T17:14:40.692238+00:00,seed (simulated history - replace with Keepa API)
B08N5M7S6K,Ring Video Doorbell 4,2026-01-17T17:14:40.506356+00:00,208.38,amazon,2026-05-17T17:14:40.692256+00:00,seed (simulated history - replace with Keepa API)
B08N5M7S6K,Ring Video Doorbell 4,2026-01-18T17:14:40.506356+00:00,155.76,amazon,2026-05-17T17:14:40.692290+00:00,seed (simulated history - replace with Keepa API)
B08N5M7S6K,Ring Video Doorbell 4,2026-01-19T17:14:40.506356+00:00,198.17,amazon,2026-05-17T17:14:40.692313+00:00,seed (simulated history - replace with Keepa API)
B08N5M7S6K,Ring Video Doorbell 4,2026-01-20T17:14:40.506356+00:00,211.96,amazon,2026-05-17T17:14:40.692332+00:00,seed (simulated history - replace with Keepa API)
B08N5M7S6K,Ring Video Doorbell 4,2026-01-21T17:14:40.506356+00:00,204.2,amazon,2026-05-17T17:14:40.692348+00:00,seed (simulated history - replace with Keepa API)
B08N5M7S6K,Ring Video Doorbell 4,2026-01-22T17:14:40.506356+00:00,197.67,amazon,2026-05-17T17:14:40.692364+00:00,seed (simulated history - replace with Keepa API)
B08N5M7S6K,Ring Video Doorbell 4,2026-01-23T17:14:40.506356+00:00,198.06,amazon,2026-05-17T17:14:40.692379+00:00,seed (simulated history - replace with Keepa API)
B08N5M7S6K,Ring Video Doorbell 4,2026-01-24T17:14:40.506356+00:00,197.48,amazon,2026-05-17T17:14:40.692395+00:00,seed (simulated history - replace with Keepa API)
B08N5M7S6K,Ring Video Doorbell 4,2026-01-25T17:14:40.506356+00:00,197.11,amazon,2026-05-17T17:14:40.692412+00:00,seed (simulated history - replace with Keepa API)
B08N5M7S6K,Ring Video Doorbell 4,2026-01-26T17:14:40.506356+00:00,207.19,amazon,2026-05-17T17:14:40.692428+00:00,seed (simulated history - replace with Keepa API)
B08N5M7S6K,Ring Video Doorbell 4,2026-01-27T17:14:40.506356+00:00,204.83,amazon,2026-05-17T17:14:40.692444+00:00,seed (simulated history - replace with Keepa API)
B08N5M7S6K,Ring Video Doorbell 4,2026-01-28T17:14:40.506356+00:00,198.62,amazon,2026-05-17T17:14:40.692461+00:00,seed (simulated history - replace with Keepa API)
B08N5M7S6K,Ring Video Doorbell 4,2026-01-29T17:14:40.506356+00:00,139.29,amazon,2026-05-17T17:14:40.692509+00:00,seed (simulated history - replace with Keepa API)
B08N5M7S6K,Ring Video Doorbell 4,2026-01-30T17:14:40.506356+00:00,206.38,amazon,2026-05-17T17:14:40.692529+00:00,seed (simulated history - replace with Keepa API)
B08N5M7S6K,Ring Video Doorbell 4,2026-01-31T17:14:40.506356+00:00,189.74,amazon,2026-05-17T17:14:40.692577+00:00,seed (simulated history - replace with Keepa API)
B08N5M7S6K,Ring Video Doorbell 4,2026-02-01T17:14:40.506356+00:00,177.72,amazon,2026-05-17T17:14:40.692618+00:00,seed (simulated history - replace with Keepa API)
B08N5M7S6K,Ring Video Doorbell 4,2026-02-02T17:14:40.506356+00:00,187.16,amazon,2026-05-17T17:14:40.692636+00:00,seed (simulated history - replace with Keepa API)
B08N5M7S6K,Ring Video Doorbell 4,2026-02-03T17:14:40.506356+00:00,198.81,amazon,2026-05-17T17:14:40.692653+00:00,seed (simulated history - replace with Keepa API)
B08N5M7S6K,Ring Video Doorbell 4,2026-02-04T17:14:40.506356+00:00,201.52,amazon,2026-05-17T17:14:40.692678+00:00,seed (simulated history - replace with Keepa API)
B08N5M7S6K,Ring Video Doorbell 4,2026-02-05T17:14:40.506356+00:00,202.9,amazon,2026-05-17T17:14:40.692698+00:00,seed (simulated history - replace with Keepa API)
B08N5M7S6K,Ring Video Doorbell 4,2026-02-06T17:14:40.506356+00:00,208.73,amazon,2026-05-17T17:14:40.692719+00:00,seed (simulated history - replace with Keepa API)
B08N5M7S6K,Ring Video Doorbell 4,2026-02-07T17:14:40.506356+00:00,190.85,amazon,2026-05-17T17:14:40.692738+00:00,seed (simulated history - replace with Keepa API)
B08N5M7S6K,Ring Video Doorbell 4,2026-02-08T17:14:40.506356+00:00,201.01,amazon,2026-05-17T17:14:40.692756+00:00,seed (simulated history - replace with Keepa API)
B08N5M7S6K,Ring Video Doorbell 4,2026-02-09T17:14:40.506356+00:00,199.78,amazon,2026-05-17T17:14:40.692776+00:00,seed (simulated history - replace with Keepa API)
B08N5M7S6K,Ring Video Doorbell 4,2026-02-10T17:14:40.506356+00:00,194.36,amazon,2026-05-17T17:14:40.692795+00:00,seed (simulated history - replace with Keepa API)
B08N5M7S6K,Ring Video Doorbell 4,2026-02-11T17:14:40.506356+00:00,205.55,amazon,2026-05-17T17:14:40.692815+00:00,seed (simulated history - replace with Keepa API)
B08N5M7S6K,Ring Video Doorbell 4,2026-02-12T17:14:40.506356+00:00,198.6,amazon,2026-05-17T17:14:40.692885+00:00,seed (simulated history - replace with Keepa API)
B08N5M7S6K,Ring Video Doorbell 4,2026-02-13T17:14:40.506356+00:00,199.71,amazon,2026-05-17T17:14:40.692914+00:00,seed (simulated history - replace with Keepa API)
B08N5M7S6K,Ring Video Doorbell 4,2026-02-14T17:14:40.506356+00:00,195.54,amazon,2026-05-17T17:14:40.692934+00:00,seed (simulated history - replace with Keepa API)
B08N5M7S6K,Ring Video Doorbell 4,2026-02-15T17:14:40.506356+00:00,200.83,amazon,2026-05-17T17:14:40.692954+00:00,seed (simulated history - replace with Keepa API)
B08N5M7S6K,Ring Video Doorbell 4,2026-02-16T17:14:40.506356+00:00,203.21,amazon,2026-05-17T17:14:40.692972+00:00,seed (simulated history - replace with Keepa API)
B08N5M7S6K,Ring Video Doorbell 4,2026-02-17T17:14:40.506356+00:00,200.77,amazon,2026-05-17T17:14:40.692998+00:00,seed (simulated history - replace with Keepa API)
B08N5M7S6K,Ring Video Doorbell 4,2026-02-18T17:14:40.506356+00:00,204.62,amazon,2026-05-17T17:14:40.693031+00:00,seed (simulated history - replace with Keepa API)
B08N5M7S6K,Ring Video Doorbell 4,2026-02-19T17:14:40.506356+00:00,197.39,amazon,2026-05-17T17:14:40.693051+00:00,seed (simulated history - replace with Keepa API)
B08N5M7S6K,Ring Video Doorbell 4,2026-02-20T17:14:40.506356+00:00,203.73,amazon,2026-05-17T17:14:40.693071+00:00,seed (simulated history - replace with Keepa API)
B08N5M7S6K,Ring Video Doorbell 4,2026-02-21T17:14:40.506356+00:00,203.9,amazon,2026-05-17T17:14:40.693089+00:00,seed (simulated history - replace with Keepa API)
B08N5M7S6K,Ring Video Doorbell 4,2026-02-22T17:14:40.506356+00:00,169.58,amazon,2026-05-17T17:14:40.693127+00:00,seed (simulated history - replace with Keepa API)
B08N5M7S6K,Ring Video Doorbell 4,2026-02-23T17:14:40.506356+00:00,205.4,amazon,2026-05-17T17:14:40.693152+00:00,seed (simulated history - replace with Keepa API)
B08N5M7S6K,Ring Video Doorbell 4,2026-02-24T17:14:40.506356+00:00,172.92,amazon,2026-05-17T17:14:40.693178+00:00,seed (simulated history - replace with Keepa API)
B08N5M7S6K,Ring Video Doorbell 4,2026-02-25T17:14:40.506356+00:00,198.86,amazon,2026-05-17T17:14:40.693197+00:00,seed (simulated history - replace with Keepa API)
B08N5M7S6K,Ring Video Doorbell 4,2026-02-26T17:14:40.506356+00:00,203.98,amazon,2026-05-17T17:14:40.693217+00:00,seed (simulated history - replace with Keepa API)
B08N5M7S6K,Ring Video Doorbell 4,2026-02-27T17:14:40.506356+00:00,213.68,amazon,2026-05-17T17:14:40.693236+00:00,seed (simulated history - replace with Keepa API)
B08N5M7S6K,Ring Video Doorbell 4,2026-02-28T17:14:40.506356+00:00,200.08,amazon,2026-05-17T17:14:40.693258+00:00,seed (simulated history - replace with Keepa API)
B08N5M7S6K,Ring Video Doorbell 4,2026-03-01T17:14:40.506356+00:00,190.38,amazon,2026-05-17T17:14:40.693278+00:00,seed (simulated history - replace with Keepa API)
B08N5M7S6K,Ring Video Doorbell 4,2026-03-02T17:14:40.506356+00:00,195.82,amazon,2026-05-17T17:14:40.693296+00:00,seed (simulated history - replace with Keepa API)
B08N5M7S6K,Ring Video Doorbell 4,2026-03-03T17:14:40.506356+00:00,199.65,amazon,2026-05-17T17:14:40.693315+00:00,seed (simulated history - replace with Keepa API)
B08N5M7S6K,Ring Video Doorbell 4,2026-03-04T17:14:40.506356+00:00,192.23,amazon,2026-05-17T17:14:40.693335+00:00,seed (simulated history - replace with Keepa API)
B08N5M7S6K,Ring Video Doorbell 4,2026-03-05T17:14:40.506356+00:00,205.4,amazon,2026-05-17T17:14:40.693354+00:00,seed (simulated history - replace with Keepa API)
B08N5M7S6K,Ring Video Doorbell 4,2026-03-06T17:14:40.506356+00:00,199.17,amazon,2026-05-17T17:14:40.693374+00:00,seed (simulated history - replace with Keepa API)
B08N5M7S6K,Ring Video Doorbell 4,2026-03-07T17:14:40.506356+00:00,201.47,amazon,2026-05-17T17:14:40.693392+00:00,seed (simulated history - replace with Keepa API)
B08N5M7S6K,Ring Video Doorbell 4,2026-03-08T17:14:40.506356+00:00,194.11,amazon,2026-05-17T17:14:40.693410+00:00,seed (simulated history - replace with Keepa API)
B08N5M7S6K,Ring Video Doorbell 4,2026-03-09T17:14:40.506356+00:00,199.92,amazon,2026-05-17T17:14:40.693431+00:00,seed (simulated history - replace with Keepa API)
B08N5M7S6K,Ring Video Doorbell 4,2026-03-10T17:14:40.506356+00:00,202.86,amazon,2026-05-17T17:14:40.693451+00:00,seed (simulated history - replace with Keepa API)
B08N5M7S6K,Ring Video Doorbell 4,2026-03-11T17:14:40.506356+00:00,200.86,amazon,2026-05-17T17:14:40.693475+00:00,seed (simulated history - replace with Keepa API)
B08N5M7S6K,Ring Video Doorbell 4,2026-03-12T17:14:40.506356+00:00,206.34,amazon,2026-05-17T17:14:40.693501+00:00,seed (simulated history - replace with Keepa API)
B08N5M7S6K,Ring Video Doorbell 4,2026-03-13T17:14:40.506356+00:00,201.75,amazon,2026-05-17T17:14:40.693520+00:00,seed (simulated history - replace with Keepa API)
B08N5M7S6K,Ring Video Doorbell 4,2026-03-14T17:14:40.506356+00:00,192.0,amazon,2026-05-17T17:14:40.693556+00:00,seed (simulated history - replace with Keepa API)
B08N5M7S6K,Ring Video Doorbell 4,2026-03-15T17:14:40.506356+00:00,197.51,amazon,2026-05-17T17:14:40.693582+00:00,seed (simulated history - replace with Keepa API)
B08N5M7S6K,Ring Video Doorbell 4,2026-03-16T17:14:40.506356+00:00,193.59,amazon,2026-05-17T17:14:40.693602+00:00,seed (simulated history - replace with Keepa API)
B08N5M7S6K,Ring Video Doorbell 4,2026-03-17T17:14:40.506356+00:00,205.04,amazon,2026-05-17T17:14:40.693632+00:00,seed (simulated history - replace with Keepa API)
B08N5M7S6K,Ring Video Doorbell 4,2026-03-18T17:14:40.506356+00:00,199.87,amazon,2026-05-17T17:14:40.693651+00:00,seed (simulated history - replace with Keepa API)
B08N5M7S6K,Ring Video Doorbell 4,2026-03-19T17:14:40.506356+00:00,206.73,amazon,2026-05-17T17:14:40.693671+00:00,seed (simulated history - replace with Keepa API)
B08N5M7S6K,Ring Video Doorbell 4,2026-03-20T17:14:40.506356+00:00,192.3,amazon,2026-05-17T17:14:40.693690+00:00,seed (simulated history - replace with Keepa API)
B08N5M7S6K,Ring Video Doorbell 4,2026-03-21T17:14:40.506356+00:00,197.75,amazon,2026-05-17T17:14:40.693710+00:00,seed (simulated history - replace with Keepa API)
B08N5M7S6K,Ring Video Doorbell 4,2026-03-22T17:14:40.506356+00:00,201.85,amazon,2026-05-17T17:14:40.693729+00:00,seed (simulated history - replace with Keepa API)
B08N5M7S6K,Ring Video Doorbell 4,2026-03-23T17:14:40.506356+00:00,196.49,amazon,2026-05-17T17:14:40.693747+00:00,seed (simulated history - replace with Keepa API)
B08N5M7S6K,Ring Video Doorbell 4,2026-03-24T17:14:40.506356+00:00,184.07,amazon,2026-05-17T17:14:40.693767+00:00,seed (simulated history - replace with Keepa API)
B08N5M7S6K,Ring Video Doorbell 4,2026-03-25T17:14:40.506356+00:00,192.2,amazon,2026-05-17T17:14:40.693787+00:00,seed (simulated history - replace with Keepa API)
B08N5M7S6K,Ring Video Doorbell 4,2026-03-26T17:14:40.506356+00:00,208.08,amazon,2026-05-17T17:14:40.693806+00:00,seed (simulated history - replace with Keepa API)
B08N5M7S6K,Ring Video Doorbell 4,2026-03-27T17:14:40.506356+00:00,205.45,amazon,2026-05-17T17:14:40.693826+00:00,seed (simulated history - replace with Keepa API)
B08N5M7S6K,Ring Video Doorbell 4,2026-03-28T17:14:40.506356+00:00,189.12,amazon,2026-05-17T17:14:40.693845+00:00,seed (simulated history - replace with Keepa API)
B08N5M7S6K,Ring Video Doorbell 4,2026-03-29T17:14:40.506356+00:00,196.49,amazon,2026-05-17T17:14:40.693864+00:00,seed (simulated history - replace with Keepa API)
B08N5M7S6K,Ring Video Doorbell 4,2026-03-30T17:14:40.506356+00:00,200.51,amazon,2026-05-17T17:14:40.693884+00:00,seed (simulated history - replace with Keepa API)
B08N5M7S6K,Ring Video Doorbell 4,2026-03-31T17:14:40.506356+00:00,193.94,amazon,2026-05-17T17:14:40.693902+00:00,seed (simulated history - replace with Keepa API)
B08N5M7S6K,Ring Video Doorbell 4,2026-04-01T17:14:40.506356+00:00,197.14,amazon,2026-05-17T17:14:40.693976+00:00,seed (simulated history - replace with Keepa API)
B08N5M7S6K,Ring Video Doorbell 4,2026-04-02T17:14:40.506356+00:00,191.95,amazon,2026-05-17T17:14:40.694015+00:00,seed (simulated history - replace with Keepa API)
B08N5M7S6K,Ring Video Doorbell 4,2026-04-03T17:14:40.506356+00:00,211.64,amazon,2026-05-17T17:14:40.694045+00:00,seed (simulated history - replace with Keepa API)
B08N5M7S6K,Ring Video Doorbell 4,2026-04-04T17:14:40.506356+00:00,200.54,amazon,2026-05-17T17:14:40.694068+00:00,seed (simulated history - replace with Keepa API)
B08N5M7S6K,Ring Video Doorbell 4,2026-04-05T17:14:40.506356+00:00,197.45,amazon,2026-05-17T17:14:40.694088+00:00,seed (simulated history - replace with Keepa API)
B08N5M7S6K,Ring Video Doorbell 4,2026-04-06T17:14:40.506356+00:00,190.64,amazon,2026-05-17T17:14:40.694105+00:00,seed (simulated history - replace with Keepa API)
B08N5M7S6K,Ring Video Doorbell 4,2026-04-07T17:14:40.506356+00:00,198.29,amazon,2026-05-17T17:14:40.694121+00:00,seed (simulated history - replace with Keepa API)
B08N5M7S6K,Ring Video Doorbell 4,2026-04-08T17:14:40.506356+00:00,197.45,amazon,2026-05-17T17:14:40.694137+00:00,seed (simulated history - replace with Keepa API)
B08N5M7S6K,Ring Video Doorbell 4,2026-04-09T17:14:40.506356+00:00,195.55,amazon,2026-05-17T17:14:40.694153+00:00,seed (simulated history - replace with Keepa API)
B08N5M7S6K,Ring Video Doorbell 4,2026-04-10T17:14:40.506356+00:00,197.68,amazon,2026-05-17T17:14:40.694170+00:00,seed (simulated history - replace with Keepa API)
B08N5M7S6K,Ring Video Doorbell 4,2026-04-11T17:14:40.506356+00:00,192.91,amazon,2026-05-17T17:14:40.694185+00:00,seed (simulated history - replace with Keepa API)
B08N5M7S6K,Ring Video Doorbell 4,2026-04-12T17:14:40.506356+00:00,206.17,amazon,2026-05-17T17:14:40.694202+00:00,seed (simulated history - replace with Keepa API)
B08N5M7S6K,Ring Video Doorbell 4,2026-04-13T17:14:40.506356+00:00,205.34,amazon,2026-05-17T17:14:40.694220+00:00,seed (simulated history - replace with Keepa API)
B08N5M7S6K,Ring Video Doorbell 4,2026-04-14T17:14:40.506356+00:00,207.31,amazon,2026-05-17T17:14:40.694237+00:00,seed (simulated history - replace with Keepa API)
B08N5M7S6K,Ring Video Doorbell 4,2026-04-15T17:14:40.506356+00:00,190.05,amazon,2026-05-17T17:14:40.694257+00:00,seed (simulated history - replace with Keepa API)
B08N5M7S6K,Ring Video Doorbell 4,2026-04-16T17:14:40.506356+00:00,211.18,amazon,2026-05-17T17:14:40.694277+00:00,seed (simulated history - replace with Keepa API)
B08N5M7S6K,Ring Video Doorbell 4,2026-04-17T17:14:40.506356+00:00,199.24,amazon,2026-05-17T17:14:40.694294+00:00,seed (simulated history - replace with Keepa API)
B08N5M7S6K,Ring Video Doorbell 4,2026-04-18T17:14:40.506356+00:00,191.97,amazon,2026-05-17T17:14:40.694311+00:00,seed (simulated history - replace with Keepa API)
B08N5M7S6K,Ring Video Doorbell 4,2026-04-19T17:14:40.506356+00:00,193.36,amazon,2026-05-17T17:14:40.694331+00:00,seed (simulated history - replace with Keepa API)
B08N5M7S6K,Ring Video Doorbell 4,2026-04-20T17:14:40.506356+00:00,199.57,amazon,2026-05-17T17:14:40.694352+00:00,seed (simulated history - replace with Keepa API)
B08N5M7S6K,Ring Video Doorbell 4,2026-04-21T17:14:40.506356+00:00,191.87,amazon,2026-05-17T17:14:40.694372+00:00,seed (simulated history - replace with Keepa API)
B08N5M7S6K,Ring Video Doorbell 4,2026-04-22T17:14:40.506356+00:00,191.24,amazon,2026-05-17T17:14:40.694392+00:00,seed (simulated history - replace with Keepa API)
B08N5M7S6K,Ring Video Doorbell 4,2026-04-23T17:14:40.506356+00:00,202.03,amazon,2026-05-17T17:14:40.694427+00:00,seed (simulated history - replace with Keepa API)
B08N5M7S6K,Ring Video Doorbell 4,2026-04-24T17:14:40.506356+00:00,172.3,amazon,2026-05-17T17:14:40.694470+00:00,seed (simulated history - replace with Keepa API)
B08N5M7S6K,Ring Video Doorbell 4,2026-04-25T17:14:40.506356+00:00,197.3,amazon,2026-05-17T17:14:40.694503+00:00,seed (simulated history - replace with Keepa API)
B08N5M7S6K,Ring Video Doorbell 4,2026-04-26T17:14:40.506356+00:00,197.55,amazon,2026-05-17T17:14:40.694525+00:00,seed (simulated history - replace with Keepa API)
B08N5M7S6K,Ring Video Doorbell 4,2026-04-27T17:14:40.506356+00:00,191.32,amazon,2026-05-17T17:14:40.694575+00:00,seed (simulated history - replace with Keepa API)
B08N5M7S6K,Ring Video Doorbell 4,2026-04-28T17:14:40.506356+00:00,202.16,amazon,2026-05-17T17:14:40.694597+00:00,seed (simulated history - replace with Keepa API)
B08N5M7S6K,Ring Video Doorbell 4,2026-04-29T17:14:40.506356+00:00,201.34,amazon,2026-05-17T17:14:40.694619+00:00,seed (simulated history - replace with Keepa API)
B08N5M7S6K,Ring Video Doorbell 4,2026-04-30T17:14:40.506356+00:00,203.63,amazon,2026-05-17T17:14:40.694643+00:00,seed (simulated history - replace with Keepa API)
B08N5M7S6K,Ring Video Doorbell 4,2026-05-01T17:14:40.506356+00:00,196.54,amazon,2026-05-17T17:14:40.694672+00:00,seed (simulated history - replace with Keepa API)
B08N5M7S6K,Ring Video Doorbell 4,2026-05-02T17:14:40.506356+00:00,205.22,amazon,2026-05-17T17:14:40.694696+00:00,seed (simulated history - replace with Keepa API)
B08N5M7S6K,Ring Video Doorbell 4,2026-05-03T17:14:40.506356+00:00,208.34,amazon,2026-05-17T17:14:40.694718+00:00,seed (simulated history - replace with Keepa API)
B08N5M7S6K,Ring Video Doorbell 4,2026-05-04T17:14:40.506356+00:00,198.72,amazon,2026-05-17T17:14:40.694739+00:00,seed (simulated history - replace with Keepa API)
B08N5M7S6K,Ring Video Doorbell 4,2026-05-05T17:14:40.506356+00:00,194.38,amazon,2026-05-17T17:14:40.694760+00:00,seed (simulated history - replace with Keepa API)
B08N5M7S6K,Ring Video Doorbell 4,2026-05-06T17:14:40.506356+00:00,200.46,amazon,2026-05-17T17:14:40.694782+00:00,seed (simulated history - replace with Keepa API)
B08N5M7S6K,Ring Video Doorbell 4,2026-05-07T17:14:40.506356+00:00,200.18,amazon,2026-05-17T17:14:40.694803+00:00,seed (simulated history - replace with Keepa API)
B08N5M7S6K,Ring Video Doorbell 4,2026-05-08T17:14:40.506356+00:00,199.02,amazon,2026-05-17T17:14:40.694824+00:00,seed (simulated history - replace with Keepa API)
B08N5M7S6K,Ring Video Doorbell 4,2026-05-09T17:14:40.506356+00:00,203.65,amazon,2026-05-17T17:14:40.694846+00:00,seed (simulated history - replace with Keepa API)
B08N5M7S6K,Ring Video Doorbell 4,2026-05-10T17:14:40.506356+00:00,198.0,amazon,2026-05-17T17:14:40.694867+00:00,seed (simulated history - replace with Keepa API)
B08N5M7S6K,Ring Video Doorbell 4,2026-05-11T17:14:40.506356+00:00,193.95,amazon,2026-05-17T17:14:40.694890+00:00,seed (simulated history - replace with Keepa API)
B08N5M7S6K,Ring Video Doorbell 4,2026-05-12T17:14:40.506356+00:00,201.0,amazon,2026-05-17T17:14:40.694920+00:00,seed (simulated history - replace with Keepa API)
B08N5M7S6K,Ring Video Doorbell 4,2026-05-13T17:14:40.506356+00:00,203.95,amazon,2026-05-17T17:14:40.694942+00:00,seed (simulated history - replace with Keepa API)
B08N5M7S6K,Ring Video Doorbell 4,2026-05-14T17:14:40.506356+00:00,152.11,amazon,2026-05-17T17:14:40.694978+00:00,seed (simulated history - replace with Keepa API)
B08N5M7S6K,Ring Video Doorbell 4,2026-05-15T17:14:40.506356+00:00,200.26,amazon,2026-05-17T17:14:40.695084+00:00,seed (simulated history - replace with Keepa API)
B08N5M7S6K,Ring Video Doorbell 4,2026-05-16T17:14:40.506356+00:00,198.97,amazon,2026-05-17T17:14:40.695108+00:00,seed (simulated history - replace with Keepa API)
B08N5M7S6K,Ring Video Doorbell 4,2026-05-17T17:14:40.506356+00:00,190.08,amazon,2026-05-17T17:14:40.695130+00:00,seed (simulated history - replace with Keepa API)
B0C7RK7Z9D,Philips Hue Bridge + Bulbs Starter,2025-11-18T17:14:40.506356+00:00,242.47,amazon,2026-05-17T17:14:40.696356+00:00,seed (simulated history - replace with Keepa API)
B0C7RK7Z9D,Philips Hue Bridge + Bulbs Starter,2025-11-19T17:14:40.506356+00:00,264.31,amazon,2026-05-17T17:14:40.696384+00:00,seed (simulated history - replace with Keepa API)
B0C7RK7Z9D,Philips Hue Bridge + Bulbs Starter,2025-11-20T17:14:40.506356+00:00,179.71,amazon,2026-05-17T17:14:40.696403+00:00,seed (simulated history - replace with Keepa API)
B0C7RK7Z9D,Philips Hue Bridge + Bulbs Starter,2025-11-21T17:14:40.506356+00:00,176.2,amazon,2026-05-17T17:14:40.696419+00:00,seed (simulated history - replace with Keepa API)
B0C7RK7Z9D,Philips Hue Bridge + Bulbs Starter,2025-11-22T17:14:40.506356+00:00,187.12,amazon,2026-05-17T17:14:40.696433+00:00,seed (simulated history - replace with Keepa API)
B0C7RK7Z9D,Philips Hue Bridge + Bulbs Starter,2025-11-23T17:14:40.506356+00:00,183.07,amazon,2026-05-17T17:14:40.696449+00:00,seed (simulated history - replace with Keepa API)
B0C7RK7Z9D,Philips Hue Bridge + Bulbs Starter,2025-11-24T17:14:40.506356+00:00,189.98,amazon,2026-05-17T17:14:40.696463+00:00,seed (simulated history - replace with Keepa API)
B0C7RK7Z9D,Philips Hue Bridge + Bulbs Starter,2025-11-25T17:14:40.506356+00:00,181.42,amazon,2026-05-17T17:14:40.696478+00:00,seed (simulated history - replace with Keepa API)
B0C7RK7Z9D,Philips Hue Bridge + Bulbs Starter,2025-11-26T17:14:40.506356+00:00,179.8,amazon,2026-05-17T17:14:40.696513+00:00,seed (simulated history - replace with Keepa API)
B0C7RK7Z9D,Philips Hue Bridge + Bulbs Starter,2025-11-27T17:14:40.506356+00:00,172.01,amazon,2026-05-17T17:14:40.696528+00:00,seed (simulated history - replace with Keepa API)
B0C7RK7Z9D,Philips Hue Bridge + Bulbs Starter,2025-11-28T17:14:40.506356+00:00,196.66,amazon,2026-05-17T17:14:40.696569+00:00,seed (simulated history - replace with Keepa API)
B0C7RK7Z9D,Philips Hue Bridge + Bulbs Starter,2025-11-29T17:14:40.506356+00:00,184.49,amazon,2026-05-17T17:14:40.696587+00:00,seed (simulated history - replace with Keepa API)
B0C7RK7Z9D,Philips Hue Bridge + Bulbs Starter,2025-11-30T17:14:40.506356+00:00,188.67,amazon,2026-05-17T17:14:40.696602+00:00,seed (simulated history - replace with Keepa API)
B0C7RK7Z9D,Philips Hue Bridge + Bulbs Starter,2025-12-01T17:14:40.506356+00:00,249.97,amazon,2026-05-17T17:14:40.696619+00:00,seed (simulated history - replace with Keepa API)
B0C7RK7Z9D,Philips Hue Bridge + Bulbs Starter,2025-12-02T17:14:40.506356+00:00,241.98,amazon,2026-05-17T17:14:40.696642+00:00,seed (simulated history - replace with Keepa API)
B0C7RK7Z9D,Philips Hue Bridge + Bulbs Starter,2025-12-03T17:14:40.506356+00:00,244.57,amazon,2026-05-17T17:14:40.696658+00:00,seed (simulated history - replace with Keepa API)
B0C7RK7Z9D,Philips Hue Bridge + Bulbs Starter,2025-12-04T17:14:40.506356+00:00,252.74,amazon,2026-05-17T17:14:40.696674+00:00,seed (simulated history - replace with Keepa API)
B0C7RK7Z9D,Philips Hue Bridge + Bulbs Starter,2025-12-05T17:14:40.506356+00:00,244.02,amazon,2026-05-17T17:14:40.696691+00:00,seed (simulated history - replace with Keepa API)
B0C7RK7Z9D,Philips Hue Bridge + Bulbs Starter,2025-12-06T17:14:40.506356+00:00,263.09,amazon,2026-05-17T17:14:40.696708+00:00,seed (simulated history - replace with Keepa API)
B0C7RK7Z9D,Philips Hue Bridge + Bulbs Starter,2025-12-07T17:14:40.506356+00:00,249.09,amazon,2026-05-17T17:14:40.696724+00:00,seed (simulated history - replace with Keepa API)
B0C7RK7Z9D,Philips Hue Bridge + Bulbs Starter,2025-12-08T17:14:40.506356+00:00,190.02,amazon,2026-05-17T17:14:40.696761+00:00,seed (simulated history - replace with Keepa API)
B0C7RK7Z9D,Philips Hue Bridge + Bulbs Starter,2025-12-09T17:14:40.506356+00:00,240.34,amazon,2026-05-17T17:14:40.696779+00:00,seed (simulated history - replace with Keepa API)
B0C7RK7Z9D,Philips Hue Bridge + Bulbs Starter,2025-12-10T17:14:40.506356+00:00,253.35,amazon,2026-05-17T17:14:40.696796+00:00,seed (simulated history - replace with Keepa API)
B0C7RK7Z9D,Philips Hue Bridge + Bulbs Starter,2025-12-11T17:14:40.506356+00:00,252.52,amazon,2026-05-17T17:14:40.696813+00:00,seed (simulated history - replace with Keepa API)
B0C7RK7Z9D,Philips Hue Bridge + Bulbs Starter,2025-12-12T17:14:40.506356+00:00,252.67,amazon,2026-05-17T17:14:40.696829+00:00,seed (simulated history - replace with Keepa API)
B0C7RK7Z9D,Philips Hue Bridge + Bulbs Starter,2025-12-13T17:14:40.506356+00:00,249.78,amazon,2026-05-17T17:14:40.696846+00:00,seed (simulated history - replace with Keepa API)
B0C7RK7Z9D,Philips Hue Bridge + Bulbs Starter,2025-12-14T17:14:40.506356+00:00,246.98,amazon,2026-05-17T17:14:40.696874+00:00,seed (simulated history - replace with Keepa API)
B0C7RK7Z9D,Philips Hue Bridge + Bulbs Starter,2025-12-15T17:14:40.506356+00:00,244.13,amazon,2026-05-17T17:14:40.696891+00:00,seed (simulated history - replace with Keepa API)
B0C7RK7Z9D,Philips Hue Bridge + Bulbs Starter,2025-12-16T17:14:40.506356+00:00,250.9,amazon,2026-05-17T17:14:40.696907+00:00,seed (simulated history - replace with Keepa API)
B0C7RK7Z9D,Philips Hue Bridge + Bulbs Starter,2025-12-17T17:14:40.506356+00:00,253.98,amazon,2026-05-17T17:14:40.696924+00:00,seed (simulated history - replace with Keepa API)
B0C7RK7Z9D,Philips Hue Bridge + Bulbs Starter,2025-12-18T17:14:40.506356+00:00,245.7,amazon,2026-05-17T17:14:40.696941+00:00,seed (simulated history - replace with Keepa API)
B0C7RK7Z9D,Philips Hue Bridge + Bulbs Starter,2025-12-19T17:14:40.506356+00:00,243.29,amazon,2026-05-17T17:14:40.696958+00:00,seed (simulated history - replace with Keepa API)
B0C7RK7Z9D,Philips Hue Bridge + Bulbs Starter,2025-12-20T17:14:40.506356+00:00,249.73,amazon,2026-05-17T17:14:40.696978+00:00,seed (simulated history - replace with Keepa API)
B0C7RK7Z9D,Philips Hue Bridge + Bulbs Starter,2025-12-21T17:14:40.506356+00:00,246.19,amazon,2026-05-17T17:14:40.697029+00:00,seed (simulated history - replace with Keepa API)
B0C7RK7Z9D,Philips Hue Bridge + Bulbs Starter,2025-12-22T17:14:40.506356+00:00,257.46,amazon,2026-05-17T17:14:40.697048+00:00,seed (simulated history - replace with Keepa API)
B0C7RK7Z9D,Philips Hue Bridge + Bulbs Starter,2025-12-23T17:14:40.506356+00:00,256.61,amazon,2026-05-17T17:14:40.697069+00:00,seed (simulated history - replace with Keepa API)
B0C7RK7Z9D,Philips Hue Bridge + Bulbs Starter,2025-12-24T17:14:40.506356+00:00,253.86,amazon,2026-05-17T17:14:40.697089+00:00,seed (simulated history - replace with Keepa API)
B0C7RK7Z9D,Philips Hue Bridge + Bulbs Starter,2025-12-25T17:14:40.506356+00:00,250.1,amazon,2026-05-17T17:14:40.697110+00:00,seed (simulated history - replace with Keepa API)
B0C7RK7Z9D,Philips Hue Bridge + Bulbs Starter,2025-12-26T17:14:40.506356+00:00,254.64,amazon,2026-05-17T17:14:40.697131+00:00,seed (simulated history - replace with Keepa API)
B0C7RK7Z9D,Philips Hue Bridge + Bulbs Starter,2025-12-27T17:14:40.506356+00:00,246.51,amazon,2026-05-17T17:14:40.697153+00:00,seed (simulated history - replace with Keepa API)
B0C7RK7Z9D,Philips Hue Bridge + Bulbs Starter,2025-12-28T17:14:40.506356+00:00,256.35,amazon,2026-05-17T17:14:40.697240+00:00,seed (simulated history - replace with Keepa API)
B0C7RK7Z9D,Philips Hue Bridge + Bulbs Starter,2025-12-29T17:14:40.506356+00:00,257.76,amazon,2026-05-17T17:14:40.697279+00:00,seed (simulated history - replace with Keepa API)
B0C7RK7Z9D,Philips Hue Bridge + Bulbs Starter,2025-12-30T17:14:40.506356+00:00,249.02,amazon,2026-05-17T17:14:40.697302+00:00,seed (simulated history - replace with Keepa API)
B0C7RK7Z9D,Philips Hue Bridge + Bulbs Starter,2025-12-31T17:14:40.506356+00:00,247.22,amazon,2026-05-17T17:14:40.697324+00:00,seed (simulated history - replace with Keepa API)
B0C7RK7Z9D,Philips Hue Bridge + Bulbs Starter,2026-01-01T17:14:40.506356+00:00,251.71,amazon,2026-05-17T17:14:40.697346+00:00,seed (simulated history - replace with Keepa API)
B0C7RK7Z9D,Philips Hue Bridge + Bulbs Starter,2026-01-02T17:14:40.506356+00:00,242.01,amazon,2026-05-17T17:14:40.697368+00:00,seed (simulated history - replace with Keepa API)
B0C7RK7Z9D,Philips Hue Bridge + Bulbs Starter,2026-01-03T17:14:40.506356+00:00,252.85,amazon,2026-05-17T17:14:40.697389+00:00,seed (simulated history - replace with Keepa API)
B0C7RK7Z9D,Philips Hue Bridge + Bulbs Starter,2026-01-04T17:14:40.506356+00:00,249.5,amazon,2026-05-17T17:14:40.697409+00:00,seed (simulated history - replace with Keepa API)
B0C7RK7Z9D,Philips Hue Bridge + Bulbs Starter,2026-01-05T17:14:40.506356+00:00,256.31,amazon,2026-05-17T17:14:40.697429+00:00,seed (simulated history - replace with Keepa API)
B0C7RK7Z9D,Philips Hue Bridge + Bulbs Starter,2026-01-06T17:14:40.506356+00:00,250.06,amazon,2026-05-17T17:14:40.697451+00:00,seed (simulated history - replace with Keepa API)
B0C7RK7Z9D,Philips Hue Bridge + Bulbs Starter,2026-01-07T17:14:40.506356+00:00,248.89,amazon,2026-05-17T17:14:40.697473+00:00,seed (simulated history - replace with Keepa API)
B0C7RK7Z9D,Philips Hue Bridge + Bulbs Starter,2026-01-08T17:14:40.506356+00:00,238.1,amazon,2026-05-17T17:14:40.697504+00:00,seed (simulated history - replace with Keepa API)
B0C7RK7Z9D,Philips Hue Bridge + Bulbs Starter,2026-01-09T17:14:40.506356+00:00,254.72,amazon,2026-05-17T17:14:40.697527+00:00,seed (simulated history - replace with Keepa API)
B0C7RK7Z9D,Philips Hue Bridge + Bulbs Starter,2026-01-10T17:14:40.506356+00:00,252.83,amazon,2026-05-17T17:14:40.697581+00:00,seed (simulated history - replace with Keepa API)
B0C7RK7Z9D,Philips Hue Bridge + Bulbs Starter,2026-01-11T17:14:40.506356+00:00,248.74,amazon,2026-05-17T17:14:40.697604+00:00,seed (simulated history - replace with Keepa API)
B0C7RK7Z9D,Philips Hue Bridge + Bulbs Starter,2026-01-12T17:14:40.506356+00:00,249.04,amazon,2026-05-17T17:14:40.697625+00:00,seed (simulated history - replace with Keepa API)
B0C7RK7Z9D,Philips Hue Bridge + Bulbs Starter,2026-01-13T17:14:40.506356+00:00,248.44,amazon,2026-05-17T17:14:40.697647+00:00,seed (simulated history - replace with Keepa API)
B0C7RK7Z9D,Philips Hue Bridge + Bulbs Starter,2026-01-14T17:14:40.506356+00:00,249.06,amazon,2026-05-17T17:14:40.697668+00:00,seed (simulated history - replace with Keepa API)
B0C7RK7Z9D,Philips Hue Bridge + Bulbs Starter,2026-01-15T17:14:40.506356+00:00,255.56,amazon,2026-05-17T17:14:40.697687+00:00,seed (simulated history - replace with Keepa API)
B0C7RK7Z9D,Philips Hue Bridge + Bulbs Starter,2026-01-16T17:14:40.506356+00:00,255.64,amazon,2026-05-17T17:14:40.697711+00:00,seed (simulated history - replace with Keepa API)
B0C7RK7Z9D,Philips Hue Bridge + Bulbs Starter,2026-01-17T17:14:40.506356+00:00,247.49,amazon,2026-05-17T17:14:40.697729+00:00,seed (simulated history - replace with Keepa API)
B0C7RK7Z9D,Philips Hue Bridge + Bulbs Starter,2026-01-18T17:14:40.506356+00:00,245.07,amazon,2026-05-17T17:14:40.697748+00:00,seed (simulated history - replace with Keepa API)
B0C7RK7Z9D,Philips Hue Bridge + Bulbs Starter,2026-01-19T17:14:40.506356+00:00,251.42,amazon,2026-05-17T17:14:40.697766+00:00,seed (simulated history - replace with Keepa API)
B0C7RK7Z9D,Philips Hue Bridge + Bulbs Starter,2026-01-20T17:14:40.506356+00:00,248.78,amazon,2026-05-17T17:14:40.697784+00:00,seed (simulated history - replace with Keepa API)
B0C7RK7Z9D,Philips Hue Bridge + Bulbs Starter,2026-01-21T17:14:40.506356+00:00,244.8,amazon,2026-05-17T17:14:40.697803+00:00,seed (simulated history - replace with Keepa API)
B0C7RK7Z9D,Philips Hue Bridge + Bulbs Starter,2026-01-22T17:14:40.506356+00:00,249.59,amazon,2026-05-17T17:14:40.697821+00:00,seed (simulated history - replace with Keepa API)
B0C7RK7Z9D,Philips Hue Bridge + Bulbs Starter,2026-01-23T17:14:40.506356+00:00,253.14,amazon,2026-05-17T17:14:40.697849+00:00,seed (simulated history - replace with Keepa API)
B0C7RK7Z9D,Philips Hue Bridge + Bulbs Starter,2026-01-24T17:14:40.506356+00:00,237.46,amazon,2026-05-17T17:14:40.697871+00:00,seed (simulated history - replace with Keepa API)
B0C7RK7Z9D,Philips Hue Bridge + Bulbs Starter,2026-01-25T17:14:40.506356+00:00,265.67,amazon,2026-05-17T17:14:40.697890+00:00,seed (simulated history - replace with Keepa API)
B0C7RK7Z9D,Philips Hue Bridge + Bulbs Starter,2026-01-26T17:14:40.506356+00:00,258.97,amazon,2026-05-17T17:14:40.697909+00:00,seed (simulated history - replace with Keepa API)
B0C7RK7Z9D,Philips Hue Bridge + Bulbs Starter,2026-01-27T17:14:40.506356+00:00,244.35,amazon,2026-05-17T17:14:40.697927+00:00,seed (simulated history - replace with Keepa API)
B0C7RK7Z9D,Philips Hue Bridge + Bulbs Starter,2026-01-28T17:14:40.506356+00:00,238.21,amazon,2026-05-17T17:14:40.697946+00:00,seed (simulated history - replace with Keepa API)
B0C7RK7Z9D,Philips Hue Bridge + Bulbs Starter,2026-01-29T17:14:40.506356+00:00,251.95,amazon,2026-05-17T17:14:40.697978+00:00,seed (simulated history - replace with Keepa API)
B0C7RK7Z9D,Philips Hue Bridge + Bulbs Starter,2026-01-30T17:14:40.506356+00:00,253.91,amazon,2026-05-17T17:14:40.698025+00:00,seed (simulated history - replace with Keepa API)
B0C7RK7Z9D,Philips Hue Bridge + Bulbs Starter,2026-01-31T17:14:40.506356+00:00,240.69,amazon,2026-05-17T17:14:40.698042+00:00,seed (simulated history - replace with Keepa API)
B0C7RK7Z9D,Philips Hue Bridge + Bulbs Starter,2026-02-01T17:14:40.506356+00:00,262.89,amazon,2026-05-17T17:14:40.698058+00:00,seed (simulated history - replace with Keepa API)
B0C7RK7Z9D,Philips Hue Bridge + Bulbs Starter,2026-02-02T17:14:40.506356+00:00,247.33,amazon,2026-05-17T17:14:40.698076+00:00,seed (simulated history - replace with Keepa API)
B0C7RK7Z9D,Philips Hue Bridge + Bulbs Starter,2026-02-03T17:14:40.506356+00:00,246.25,amazon,2026-05-17T17:14:40.698094+00:00,seed (simulated history - replace with Keepa API)
B0C7RK7Z9D,Philips Hue Bridge + Bulbs Starter,2026-02-04T17:14:40.506356+00:00,244.27,amazon,2026-05-17T17:14:40.698113+00:00,seed (simulated history - replace with Keepa API)
B0C7RK7Z9D,Philips Hue Bridge + Bulbs Starter,2026-02-05T17:14:40.506356+00:00,256.02,amazon,2026-05-17T17:14:40.698133+00:00,seed (simulated history - replace with Keepa API)
B0C7RK7Z9D,Philips Hue Bridge + Bulbs Starter,2026-02-06T17:14:40.506356+00:00,256.2,amazon,2026-05-17T17:14:40.698155+00:00,seed (simulated history - replace with Keepa API)
B0C7RK7Z9D,Philips Hue Bridge + Bulbs Starter,2026-02-07T17:14:40.506356+00:00,242.29,amazon,2026-05-17T17:14:40.698173+00:00,seed (simulated history - replace with Keepa API)
B0C7RK7Z9D,Philips Hue Bridge + Bulbs Starter,2026-02-08T17:14:40.506356+00:00,248.7,amazon,2026-05-17T17:14:40.698191+00:00,seed (simulated history - replace with Keepa API)
B0C7RK7Z9D,Philips Hue Bridge + Bulbs Starter,2026-02-09T17:14:40.506356+00:00,252.74,amazon,2026-05-17T17:14:40.698210+00:00,seed (simulated history - replace with Keepa API)
B0C7RK7Z9D,Philips Hue Bridge + Bulbs Starter,2026-02-10T17:14:40.506356+00:00,260.23,amazon,2026-05-17T17:14:40.698227+00:00,seed (simulated history - replace with Keepa API)
B0C7RK7Z9D,Philips Hue Bridge + Bulbs Starter,2026-02-11T17:14:40.506356+00:00,236.16,amazon,2026-05-17T17:14:40.698256+00:00,seed (simulated history - replace with Keepa API)
B0C7RK7Z9D,Philips Hue Bridge + Bulbs Starter,2026-02-12T17:14:40.506356+00:00,244.11,amazon,2026-05-17T17:14:40.698275+00:00,seed (simulated history - replace with Keepa API)
B0C7RK7Z9D,Philips Hue Bridge + Bulbs Starter,2026-02-13T17:14:40.506356+00:00,246.96,amazon,2026-05-17T17:14:40.698378+00:00,seed (simulated history - replace with Keepa API)
B0C7RK7Z9D,Philips Hue Bridge + Bulbs Starter,2026-02-14T17:14:40.506356+00:00,235.16,amazon,2026-05-17T17:14:40.698407+00:00,seed (simulated history - replace with Keepa API)
B0C7RK7Z9D,Philips Hue Bridge + Bulbs Starter,2026-02-15T17:14:40.506356+00:00,249.2,amazon,2026-05-17T17:14:40.698427+00:00,seed (simulated history - replace with Keepa API)
B0C7RK7Z9D,Philips Hue Bridge + Bulbs Starter,2026-02-16T17:14:40.506356+00:00,253.78,amazon,2026-05-17T17:14:40.698447+00:00,seed (simulated history - replace with Keepa API)
B0C7RK7Z9D,Philips Hue Bridge + Bulbs Starter,2026-02-17T17:14:40.506356+00:00,246.86,amazon,2026-05-17T17:14:40.698465+00:00,seed (simulated history - replace with Keepa API)
B0C7RK7Z9D,Philips Hue Bridge + Bulbs Starter,2026-02-18T17:14:40.506356+00:00,250.31,amazon,2026-05-17T17:14:40.698499+00:00,seed (simulated history - replace with Keepa API)
B0C7RK7Z9D,Philips Hue Bridge + Bulbs Starter,2026-02-19T17:14:40.506356+00:00,246.13,amazon,2026-05-17T17:14:40.698519+00:00,seed (simulated history - replace with Keepa API)
B0C7RK7Z9D,Philips Hue Bridge + Bulbs Starter,2026-02-20T17:14:40.506356+00:00,251.07,amazon,2026-05-17T17:14:40.698558+00:00,seed (simulated history - replace with Keepa API)
B0C7RK7Z9D,Philips Hue Bridge + Bulbs Starter,2026-02-21T17:14:40.506356+00:00,256.51,amazon,2026-05-17T17:14:40.698577+00:00,seed (simulated history - replace with Keepa API)
B0C7RK7Z9D,Philips Hue Bridge + Bulbs Starter,2026-02-22T17:14:40.506356+00:00,239.19,amazon,2026-05-17T17:14:40.698596+00:00,seed (simulated history - replace with Keepa API)
B0C7RK7Z9D,Philips Hue Bridge + Bulbs Starter,2026-02-23T17:14:40.506356+00:00,237.15,amazon,2026-05-17T17:14:40.698616+00:00,seed (simulated history - replace with Keepa API)
B0C7RK7Z9D,Philips Hue Bridge + Bulbs Starter,2026-02-24T17:14:40.506356+00:00,252.78,amazon,2026-05-17T17:14:40.698637+00:00,seed (simulated history - replace with Keepa API)
B0C7RK7Z9D,Philips Hue Bridge + Bulbs Starter,2026-02-25T17:14:40.506356+00:00,252.62,amazon,2026-05-17T17:14:40.698657+00:00,seed (simulated history - replace with Keepa API)
B0C7RK7Z9D,Philips Hue Bridge + Bulbs Starter,2026-02-26T17:14:40.506356+00:00,257.87,amazon,2026-05-17T17:14:40.698677+00:00,seed (simulated history - replace with Keepa API)
B0C7RK7Z9D,Philips Hue Bridge + Bulbs Starter,2026-02-27T17:14:40.506356+00:00,252.78,amazon,2026-05-17T17:14:40.698697+00:00,seed (simulated history - replace with Keepa API)
B0C7RK7Z9D,Philips Hue Bridge + Bulbs Starter,2026-02-28T17:14:40.506356+00:00,254.28,amazon,2026-05-17T17:14:40.698718+00:00,seed (simulated history - replace with Keepa API)
B0C7RK7Z9D,Philips Hue Bridge + Bulbs Starter,2026-03-01T17:14:40.506356+00:00,245.17,amazon,2026-05-17T17:14:40.698737+00:00,seed (simulated history - replace with Keepa API)
B0C7RK7Z9D,Philips Hue Bridge + Bulbs Starter,2026-03-02T17:14:40.506356+00:00,257.22,amazon,2026-05-17T17:14:40.698755+00:00,seed (simulated history - replace with Keepa API)
B0C7RK7Z9D,Philips Hue Bridge + Bulbs Starter,2026-03-03T17:14:40.506356+00:00,245.31,amazon,2026-05-17T17:14:40.698771+00:00,seed (simulated history - replace with Keepa API)
B0C7RK7Z9D,Philips Hue Bridge + Bulbs Starter,2026-03-04T17:14:40.506356+00:00,237.06,amazon,2026-05-17T17:14:40.698786+00:00,seed (simulated history - replace with Keepa API)
B0C7RK7Z9D,Philips Hue Bridge + Bulbs Starter,2026-03-05T17:14:40.506356+00:00,242.81,amazon,2026-05-17T17:14:40.698802+00:00,seed (simulated history - replace with Keepa API)
B0C7RK7Z9D,Philips Hue Bridge + Bulbs Starter,2026-03-06T17:14:40.506356+00:00,256.87,amazon,2026-05-17T17:14:40.698818+00:00,seed (simulated history - replace with Keepa API)
B0C7RK7Z9D,Philips Hue Bridge + Bulbs Starter,2026-03-07T17:14:40.506356+00:00,249.6,amazon,2026-05-17T17:14:40.698837+00:00,seed (simulated history - replace with Keepa API)
B0C7RK7Z9D,Philips Hue Bridge + Bulbs Starter,2026-03-08T17:14:40.506356+00:00,243.92,amazon,2026-05-17T17:14:40.698870+00:00,seed (simulated history - replace with Keepa API)
B0C7RK7Z9D,Philips Hue Bridge + Bulbs Starter,2026-03-09T17:14:40.506356+00:00,244.62,amazon,2026-05-17T17:14:40.698896+00:00,seed (simulated history - replace with Keepa API)
B0C7RK7Z9D,Philips Hue Bridge + Bulbs Starter,2026-03-10T17:14:40.506356+00:00,259.24,amazon,2026-05-17T17:14:40.698915+00:00,seed (simulated history - replace with Keepa API)
B0C7RK7Z9D,Philips Hue Bridge + Bulbs Starter,2026-03-11T17:14:40.506356+00:00,248.61,amazon,2026-05-17T17:14:40.698933+00:00,seed (simulated history - replace with Keepa API)
B0C7RK7Z9D,Philips Hue Bridge + Bulbs Starter,2026-03-12T17:14:40.506356+00:00,252.52,amazon,2026-05-17T17:14:40.698949+00:00,seed (simulated history - replace with Keepa API)
B0C7RK7Z9D,Philips Hue Bridge + Bulbs Starter,2026-03-13T17:14:40.506356+00:00,267.09,amazon,2026-05-17T17:14:40.698966+00:00,seed (simulated history - replace with Keepa API)
B0C7RK7Z9D,Philips Hue Bridge + Bulbs Starter,2026-03-14T17:14:40.506356+00:00,244.49,amazon,2026-05-17T17:14:40.699000+00:00,seed (simulated history - replace with Keepa API)
B0C7RK7Z9D,Philips Hue Bridge + Bulbs Starter,2026-03-15T17:14:40.506356+00:00,259.15,amazon,2026-05-17T17:14:40.699034+00:00,seed (simulated history - replace with Keepa API)
B0C7RK7Z9D,Philips Hue Bridge + Bulbs Starter,2026-03-16T17:14:40.506356+00:00,244.68,amazon,2026-05-17T17:14:40.699054+00:00,seed (simulated history - replace with Keepa API)
B0C7RK7Z9D,Philips Hue Bridge + Bulbs Starter,2026-03-17T17:14:40.506356+00:00,252.3,amazon,2026-05-17T17:14:40.699074+00:00,seed (simulated history - replace with Keepa API)
B0C7RK7Z9D,Philips Hue Bridge + Bulbs Starter,2026-03-18T17:14:40.506356+00:00,258.02,amazon,2026-05-17T17:14:40.699091+00:00,seed (simulated history - replace with Keepa API)
B0C7RK7Z9D,Philips Hue Bridge + Bulbs Starter,2026-03-19T17:14:40.506356+00:00,249.2,amazon,2026-05-17T17:14:40.699108+00:00,seed (simulated history - replace with Keepa API)
B0C7RK7Z9D,Philips Hue Bridge + Bulbs Starter,2026-03-20T17:14:40.506356+00:00,214.46,amazon,2026-05-17T17:14:40.699148+00:00,seed (simulated history - replace with Keepa API)
B0C7RK7Z9D,Philips Hue Bridge + Bulbs Starter,2026-03-21T17:14:40.506356+00:00,247.17,amazon,2026-05-17T17:14:40.699169+00:00,seed (simulated history - replace with Keepa API)
B0C7RK7Z9D,Philips Hue Bridge + Bulbs Starter,2026-03-22T17:14:40.506356+00:00,245.78,amazon,2026-05-17T17:14:40.699189+00:00,seed (simulated history - replace with Keepa API)
B0C7RK7Z9D,Philips Hue Bridge + Bulbs Starter,2026-03-23T17:14:40.506356+00:00,253.03,amazon,2026-05-17T17:14:40.699207+00:00,seed (simulated history - replace with Keepa API)
B0C7RK7Z9D,Philips Hue Bridge + Bulbs Starter,2026-03-24T17:14:40.506356+00:00,243.65,amazon,2026-05-17T17:14:40.699227+00:00,seed (simulated history - replace with Keepa API)
B0C7RK7Z9D,Philips Hue Bridge + Bulbs Starter,2026-03-25T17:14:40.506356+00:00,241.88,amazon,2026-05-17T17:14:40.699247+00:00,seed (simulated history - replace with Keepa API)
B0C7RK7Z9D,Philips Hue Bridge + Bulbs Starter,2026-03-26T17:14:40.506356+00:00,247.45,amazon,2026-05-17T17:14:40.699267+00:00,seed (simulated history - replace with Keepa API)
B0C7RK7Z9D,Philips Hue Bridge + Bulbs Starter,2026-03-27T17:14:40.506356+00:00,238.5,amazon,2026-05-17T17:14:40.699287+00:00,seed (simulated history - replace with Keepa API)
B0C7RK7Z9D,Philips Hue Bridge + Bulbs Starter,2026-03-28T17:14:40.506356+00:00,252.01,amazon,2026-05-17T17:14:40.699306+00:00,seed (simulated history - replace with Keepa API)
B0C7RK7Z9D,Philips Hue Bridge + Bulbs Starter,2026-03-29T17:14:40.506356+00:00,253.05,amazon,2026-05-17T17:14:40.699339+00:00,seed (simulated history - replace with Keepa API)
B0C7RK7Z9D,Philips Hue Bridge + Bulbs Starter,2026-03-30T17:14:40.506356+00:00,254.35,amazon,2026-05-17T17:14:40.699359+00:00,seed (simulated history - replace with Keepa API)
B0C7RK7Z9D,Philips Hue Bridge + Bulbs Starter,2026-03-31T17:14:40.506356+00:00,182.17,amazon,2026-05-17T17:14:40.699453+00:00,seed (simulated history - replace with Keepa API)
B0C7RK7Z9D,Philips Hue Bridge + Bulbs Starter,2026-04-01T17:14:40.506356+00:00,247.65,amazon,2026-05-17T17:14:40.699475+00:00,seed (simulated history - replace with Keepa API)
B0C7RK7Z9D,Philips Hue Bridge + Bulbs Starter,2026-04-02T17:14:40.506356+00:00,248.78,amazon,2026-05-17T17:14:40.699503+00:00,seed (simulated history - replace with Keepa API)
B0C7RK7Z9D,Philips Hue Bridge + Bulbs Starter,2026-04-03T17:14:40.506356+00:00,250.47,amazon,2026-05-17T17:14:40.699531+00:00,seed (simulated history - replace with Keepa API)
B0C7RK7Z9D,Philips Hue Bridge + Bulbs Starter,2026-04-04T17:14:40.506356+00:00,247.66,amazon,2026-05-17T17:14:40.699575+00:00,seed (simulated history - replace with Keepa API)
B0C7RK7Z9D,Philips Hue Bridge + Bulbs Starter,2026-04-05T17:14:40.506356+00:00,245.86,amazon,2026-05-17T17:14:40.699596+00:00,seed (simulated history - replace with Keepa API)
B0C7RK7Z9D,Philips Hue Bridge + Bulbs Starter,2026-04-06T17:14:40.506356+00:00,244.55,amazon,2026-05-17T17:14:40.699616+00:00,seed (simulated history - replace with Keepa API)
B0C7RK7Z9D,Philips Hue Bridge + Bulbs Starter,2026-04-07T17:14:40.506356+00:00,248.89,amazon,2026-05-17T17:14:40.699636+00:00,seed (simulated history - replace with Keepa API)
B0C7RK7Z9D,Philips Hue Bridge + Bulbs Starter,2026-04-08T17:14:40.506356+00:00,251.62,amazon,2026-05-17T17:14:40.699654+00:00,seed (simulated history - replace with Keepa API)
B0C7RK7Z9D,Philips Hue Bridge + Bulbs Starter,2026-04-09T17:14:40.506356+00:00,268.13,amazon,2026-05-17T17:14:40.699674+00:00,seed (simulated history - replace with Keepa API)
B0C7RK7Z9D,Philips Hue Bridge + Bulbs Starter,2026-04-10T17:14:40.506356+00:00,237.3,amazon,2026-05-17T17:14:40.699694+00:00,seed (simulated history - replace with Keepa API)
B0C7RK7Z9D,Philips Hue Bridge + Bulbs Starter,2026-04-11T17:14:40.506356+00:00,255.96,amazon,2026-05-17T17:14:40.699714+00:00,seed (simulated history - replace with Keepa API)
B0C7RK7Z9D,Philips Hue Bridge + Bulbs Starter,2026-04-12T17:14:40.506356+00:00,246.22,amazon,2026-05-17T17:14:40.699734+00:00,seed (simulated history - replace with Keepa API)
B0C7RK7Z9D,Philips Hue Bridge + Bulbs Starter,2026-04-13T17:14:40.506356+00:00,243.84,amazon,2026-05-17T17:14:40.699752+00:00,seed (simulated history - replace with Keepa API)
B0C7RK7Z9D,Philips Hue Bridge + Bulbs Starter,2026-04-14T17:14:40.506356+00:00,247.13,amazon,2026-05-17T17:14:40.699772+00:00,seed (simulated history - replace with Keepa API)
B0C7RK7Z9D,Philips Hue Bridge + Bulbs Starter,2026-04-15T17:14:40.506356+00:00,252.25,amazon,2026-05-17T17:14:40.699792+00:00,seed (simulated history - replace with Keepa API)
B0C7RK7Z9D,Philips Hue Bridge + Bulbs Starter,2026-04-16T17:14:40.506356+00:00,236.3,amazon,2026-05-17T17:14:40.699811+00:00,seed (simulated history - replace with Keepa API)
B0C7RK7Z9D,Philips Hue Bridge + Bulbs Starter,2026-04-17T17:14:40.506356+00:00,257.51,amazon,2026-05-17T17:14:40.699841+00:00,seed (simulated history - replace with Keepa API)
B0C7RK7Z9D,Philips Hue Bridge + Bulbs Starter,2026-04-18T17:14:40.506356+00:00,251.93,amazon,2026-05-17T17:14:40.699861+00:00,seed (simulated history - replace with Keepa API)
B0C7RK7Z9D,Philips Hue Bridge + Bulbs Starter,2026-04-19T17:14:40.506356+00:00,250.03,amazon,2026-05-17T17:14:40.699880+00:00,seed (simulated history - replace with Keepa API)
B0C7RK7Z9D,Philips Hue Bridge + Bulbs Starter,2026-04-20T17:14:40.506356+00:00,246.61,amazon,2026-05-17T17:14:40.699900+00:00,seed (simulated history - replace with Keepa API)
B0C7RK7Z9D,Philips Hue Bridge + Bulbs Starter,2026-04-21T17:14:40.506356+00:00,228.22,amazon,2026-05-17T17:14:40.699920+00:00,seed (simulated history - replace with Keepa API)
B0C7RK7Z9D,Philips Hue Bridge + Bulbs Starter,2026-04-22T17:14:40.506356+00:00,245.88,amazon,2026-05-17T17:14:40.699941+00:00,seed (simulated history - replace with Keepa API)
B0C7RK7Z9D,Philips Hue Bridge + Bulbs Starter,2026-04-23T17:14:40.506356+00:00,248.33,amazon,2026-05-17T17:14:40.699961+00:00,seed (simulated history - replace with Keepa API)
B0C7RK7Z9D,Philips Hue Bridge + Bulbs Starter,2026-04-24T17:14:40.506356+00:00,261.22,amazon,2026-05-17T17:14:40.700037+00:00,seed (simulated history - replace with Keepa API)
B0C7RK7Z9D,Philips Hue Bridge + Bulbs Starter,2026-04-25T17:14:40.506356+00:00,249.41,amazon,2026-05-17T17:14:40.700059+00:00,seed (simulated history - replace with Keepa API)
B0C7RK7Z9D,Philips Hue Bridge + Bulbs Starter,2026-04-26T17:14:40.506356+00:00,250.74,amazon,2026-05-17T17:14:40.700078+00:00,seed (simulated history - replace with Keepa API)
B0C7RK7Z9D,Philips Hue Bridge + Bulbs Starter,2026-04-27T17:14:40.506356+00:00,243.8,amazon,2026-05-17T17:14:40.700099+00:00,seed (simulated history - replace with Keepa API)
B0C7RK7Z9D,Philips Hue Bridge + Bulbs Starter,2026-04-28T17:14:40.506356+00:00,248.96,amazon,2026-05-17T17:14:40.700123+00:00,seed (simulated history - replace with Keepa API)
B0C7RK7Z9D,Philips Hue Bridge + Bulbs Starter,2026-04-29T17:14:40.506356+00:00,238.94,amazon,2026-05-17T17:14:40.700145+00:00,seed (simulated history - replace with Keepa API)
B0C7RK7Z9D,Philips Hue Bridge + Bulbs Starter,2026-04-30T17:14:40.506356+00:00,247.77,amazon,2026-05-17T17:14:40.700165+00:00,seed (simulated history - replace with Keepa API)
B0C7RK7Z9D,Philips Hue Bridge + Bulbs Starter,2026-05-01T17:14:40.506356+00:00,255.3,amazon,2026-05-17T17:14:40.700184+00:00,seed (simulated history - replace with Keepa API)
B0C7RK7Z9D,Philips Hue Bridge + Bulbs Starter,2026-05-02T17:14:40.506356+00:00,248.78,amazon,2026-05-17T17:14:40.700204+00:00,seed (simulated history - replace with Keepa API)
B0C7RK7Z9D,Philips Hue Bridge + Bulbs Starter,2026-05-03T17:14:40.506356+00:00,248.34,amazon,2026-05-17T17:14:40.700224+00:00,seed (simulated history - replace with Keepa API)
B0C7RK7Z9D,Philips Hue Bridge + Bulbs Starter,2026-05-04T17:14:40.506356+00:00,255.19,amazon,2026-05-17T17:14:40.700244+00:00,seed (simulated history - replace with Keepa API)
B0C7RK7Z9D,Philips Hue Bridge + Bulbs Starter,2026-05-05T17:14:40.506356+00:00,255.24,amazon,2026-05-17T17:14:40.700263+00:00,seed (simulated history - replace with Keepa API)
B0C7RK7Z9D,Philips Hue Bridge + Bulbs Starter,2026-05-06T17:14:40.506356+00:00,237.54,amazon,2026-05-17T17:14:40.700282+00:00,seed (simulated history - replace with Keepa API)
B0C7RK7Z9D,Philips Hue Bridge + Bulbs Starter,2026-05-07T17:14:40.506356+00:00,256.42,amazon,2026-05-17T17:14:40.700307+00:00,seed (simulated history - replace with Keepa API)
B0C7RK7Z9D,Philips Hue Bridge + Bulbs Starter,2026-05-08T17:14:40.506356+00:00,260.88,amazon,2026-05-17T17:14:40.700327+00:00,seed (simulated history - replace with Keepa API)
B0C7RK7Z9D,Philips Hue Bridge + Bulbs Starter,2026-05-09T17:14:40.506356+00:00,246.31,amazon,2026-05-17T17:14:40.700346+00:00,seed (simulated history - replace with Keepa API)
B0C7RK7Z9D,Philips Hue Bridge + Bulbs Starter,2026-05-10T17:14:40.506356+00:00,246.94,amazon,2026-05-17T17:14:40.700366+00:00,seed (simulated history - replace with Keepa API)
B0C7RK7Z9D,Philips Hue Bridge + Bulbs Starter,2026-05-11T17:14:40.506356+00:00,249.14,amazon,2026-05-17T17:14:40.700385+00:00,seed (simulated history - replace with Keepa API)
B0C7RK7Z9D,Philips Hue Bridge + Bulbs Starter,2026-05-12T17:14:40.506356+00:00,242.47,amazon,2026-05-17T17:14:40.700405+00:00,seed (simulated history - replace with Keepa API)
B0C7RK7Z9D,Philips Hue Bridge + Bulbs Starter,2026-05-13T17:14:40.506356+00:00,259.14,amazon,2026-05-17T17:14:40.700425+00:00,seed (simulated history - replace with Keepa API)
B0C7RK7Z9D,Philips Hue Bridge + Bulbs Starter,2026-05-14T17:14:40.506356+00:00,262.37,amazon,2026-05-17T17:14:40.700444+00:00,seed (simulated history - replace with Keepa API)
B0C7RK7Z9D,Philips Hue Bridge + Bulbs Starter,2026-05-15T17:14:40.506356+00:00,257.31,amazon,2026-05-17T17:14:40.700527+00:00,seed (simulated history - replace with Keepa API)
B0C7RK7Z9D,Philips Hue Bridge + Bulbs Starter,2026-05-16T17:14:40.506356+00:00,237.48,amazon,2026-05-17T17:14:40.700584+00:00,seed (simulated history - replace with Keepa API)
B0C7RK7Z9D,Philips Hue Bridge + Bulbs Starter,2026-05-17T17:14:40.506356+00:00,245.05,amazon,2026-05-17T17:14:40.700604+00:00,seed (simulated history - replace with Keepa API)
