tmdb_id,name,original_name,popularity,vote_average,vote_count,release_date,origin_country,genre_ids,overview,poster_path,fetched_at
150000,Blood & Water,Blood & Water,243.08,4.3,2853,2021-09-01,"[""South Africa""]",[18],"After crossing paths at a party, a Cape Town teen sets out to prove whether a private-school swimming star is her sister who was abducted at birth.",,2026-05-17T16:57:37.217325
150001,Ganglands,Ganglands,5.84,9.4,6370,2021-09-01,"[""US""]",[18],"To protect his family from a powerful drug lord, skilled thief Mehdi and his expert team of robbers are pulled into a violent and deadly turf war.",,2026-05-17T16:57:37.217696
150002,Jailbirds New Orleans,Jailbirds New Orleans,123.18,7.9,1832,2021-09-01,"[""US""]",[10764],"Feuds, flirtations and toilet talk go down among the incarcerated women at the Orleans Justice Center in New Orleans on this gritty reality series.",,2026-05-17T16:57:37.217917
150003,Kota Factory,Kota Factory,42.95,7.3,3502,2021-09-01,"[""India""]",[18],"In a city of coaching centers known to train India’s finest collegiate minds, an earnest but unexceptional student and his friends navigate campus life.",,2026-05-17T16:57:37.220588
150004,Midnight Mass,Midnight Mass,260.45,7.7,5208,2021-09-01,"[""US""]",[18],"The arrival of a charismatic young priest brings glorious miracles, ominous mysteries and renewed religious fervor to a dying town desperate to believe.",,2026-05-17T16:57:37.220946
150005,The Great British Baking Show,The Great British Baking Show,20.53,7.3,8472,2021-09-01,"[""United Kingdom""]",[10764],"A talented batch of amateur bakers face off in a 10-week competition, whipping up their best dishes in the hopes of being named the U.K.'s best.",,2026-05-17T16:57:37.221207
150006,"Vendetta: Truth, Lies and The Mafia","Vendetta: Truth, Lies and The Mafia",561.13,6.9,4847,2021-09-01,"[""US""]",[18],"Sicily boasts a bold ""Anti-Mafia"" coalition. But what happens when those trying to bring down organized crime are accused of being criminals themselves?",,2026-05-17T16:57:37.221426
150007,Bangkok Breaking,Bangkok Breaking,466.81,5.6,5176,2021-09-01,"[""US""]",[18],"Struggling to earn a living in Bangkok, a man joins an emergency rescue service and realizes he must unravel a citywide conspiracy.",,2026-05-17T16:57:37.223799
150008,Crime Stories: India Detectives,Crime Stories: India Detectives,64.49,5.8,10216,2021-09-01,"[""US""]",[18],Cameras following Bengaluru police on the job offer a rare glimpse into the complex and challenging inner workings of four major crime investigations.,,2026-05-17T16:57:37.224094
150009,Dear White People,Dear White People,363.24,5.7,3336,2021-09-01,"[""United States""]",[18],"Students of color navigate the daily slights and slippery politics of life at an Ivy League college that's not nearly as ""post-racial"" as it thinks.",,2026-05-17T16:57:37.224292
150010,Falsa identidad,Falsa identidad,281.75,6.7,10246,2020-09-01,"[""Mexico""]",[18],Strangers Diego and Isabel flee their home in Mexico and pretend to be a married couple to escape his drug-dealing enemies and her abusive husband.,,2026-05-17T16:57:37.224451
150011,Jaguar,Jaguar,169.59,7.3,1511,2021-09-01,"[""US""]",[18],"In the 1960s, a Holocaust survivor joins a group of self-trained spies who seek justice against Nazis fleeing to Spain to hide after WWII.",,2026-05-17T16:57:37.224681
150012,Monsters Inside: The 24 Faces of Billy Milligan,Monsters Inside: The 24 Faces of Billy Milligan,23.02,6.6,5118,2021-09-01,"[""US""]",[18],"In the late 1970s, an accused serial rapist claims multiple personalities control his behavior, setting off a legal odyssey that captivates America.",,2026-05-17T16:57:37.226182
150013,Resurrection: Ertugrul,Resurrection: Ertugrul,372.52,7.7,481,2018-09-01,"[""Turkey""]",[18],"When a good deed unwittingly endangers his clan, a 13th-century Turkish warrior agrees to fight a sultan's enemies in exchange for new tribal land.",,2026-05-17T16:57:37.226419
150014,Love on the Spectrum,Love on the Spectrum,713.03,6.0,2064,2021-09-01,"[""Australia""]",[10764],"Finding love can be hard for anyone. For young adults on the autism spectrum, exploring the unpredictable world of dating is even more complicated.",,2026-05-17T16:57:37.227766
150015,Chicago Party Aunt,Chicago Party Aunt,327.12,8.3,9927,2021-09-01,"[""US""]",[18],Chicago Party Aunt Diane is an idolized troublemaker with a talent for avoiding adulthood — and a soft spot for her soul-searching nephew.,,2026-05-17T16:57:37.228099
150016,Sex Education,Sex Education,202.58,5.7,7666,2020-09-01,"[""United Kingdom""]",[18],"Insecure Otis has all the answers when it comes to sex advice, thanks to his therapist mom. So rebel Maeve proposes a school sex-therapy clinic.",,2026-05-17T16:57:37.228295
150017,Squid Game,Squid Game,77.06,7.2,1023,2021-09-01,"[""US""]",[18],"Hundreds of cash-strapped players accept a strange invitation to compete in children's games. Inside, a tempting prize awaits — with deadly high stakes.",,2026-05-17T16:57:37.228490
150018,Tayo and Little Wizards,Tayo and Little Wizards,205.54,4.6,11294,2020-09-01,"[""US""]",[18],Tayo speeds into an adventure when his friends get kidnapped by evil magicians invading their city in search of a magical gemstone.,,2026-05-17T16:57:37.228728
150019,Angry Birds,Angry Birds,388.9,7.0,2189,2018-09-01,"[""Finland""]",[18],"Birds Red, Chuck and their feathered friends have lots of adventures while guarding eggs in their nest that pesky pigs keep trying to steal.",,2026-05-17T16:57:37.228990
150020,Chhota Bheem,Chhota Bheem,128.38,7.6,1505,2021-09-01,"[""India""]",[18],"A brave, energetic little boy with superhuman powers leads his friends on exciting adventures to guard their fellow Dholakpur villagers from evil.",,2026-05-17T16:57:37.229185
150021,He-Man and the Masters of the Universe,He-Man and the Masters of the Universe,113.07,6.1,4395,2021-09-01,"[""United States""]",[18],Mighty teen Adam and his heroic squad of misfits discover the legendary power of Grayskull — and their destiny to defend Eternia from sinister Skeletor.,,2026-05-17T16:57:37.229366
150022,The Smart Money Woman,The Smart Money Woman,417.4,6.7,1372,2020-09-01,"[""US""]",[18],"Five glamorous millennials strive for success as they juggle careers, finances, love and friendships. Based on Arese Ugwu's 2016 best-selling novel.",,2026-05-17T16:57:37.229517
150023,Castle and Castle,Castle and Castle,91.53,4.1,900,2021-09-01,"[""Nigeria""]",[18],"A pair of high-powered, successful lawyers find themselves defending opposite interests of the justice system, causing a strain on their happy marriage.",,2026-05-17T16:57:37.232870
150024,Dharmakshetra,Dharmakshetra,279.14,5.9,1818,2014-09-01,"[""India""]",[18],"After the ancient Great War, the god Chitragupta oversees a trial to determine who were the battle's true heroes and villains.",,2026-05-17T16:57:37.233101
150025,Nailed It,Nailed It,199.53,9.2,6801,2021-09-01,"[""United States""]",[10764],"Home bakers with a terrible track record take a crack at re-creating edible masterpieces for a $10,000 prize. It's part reality contest, part hot mess.",,2026-05-17T16:57:37.233244
150026,Numberblocks,Numberblocks,156.52,3.8,2539,2021-09-01,"[""United Kingdom""]",[18],"In a place called Numberland, math adds up to tons of fun when a group of cheerful blocks work, play and sing together.",,2026-05-17T16:57:37.233371
150027,Raja Rasoi Aur Anya Kahaniyan,Raja Rasoi Aur Anya Kahaniyan,10.78,5.2,1954,2014-09-01,"[""India""]",[18],"Explore the history and flavors of regional Indian cuisine, from traditional Kashmiri feasts to the vegetarian dishes of Gujarat.",,2026-05-17T16:57:37.233496
150028,Saved by the Bell,Saved by the Bell,375.69,6.5,2977,1994-09-01,"[""United States""]",[18],"From middle school to college, best friends Zack, Kelly, Slater, Jessie, Screech and Lisa take on the highs and lows of life together in this hit series.",,2026-05-17T16:57:37.233652
150029,Stories by Rabindranath Tagore,Stories by Rabindranath Tagore,170.28,5.3,5251,2015-09-01,"[""India""]",[18],The writings of Nobel Prize winner Rabindranath Tagore come to life in this collection of tales set in early-20th-century Bengal.,,2026-05-17T16:57:37.235347
150030,Too Hot To Handle: Latino,Too Hot To Handle: Latino,156.83,6.7,839,2021-09-01,"[""US""]",[10764],"On this reality show, singles from Latin America and Spain are challenged to give up sex. But here, abstinence comes with a silver lining: US$100,000.",,2026-05-17T16:57:37.238108
150031,Jack Whitehall: Travels with My Father,Jack Whitehall: Travels with My Father,99.2,4.6,3565,2021-09-01,"[""United Kingdom""]",[18],"Jovial comic Jack Whitehall invites his stuffy father, Michael, to travel with him through Southeast Asia in an attempt to strengthen their bond.",,2026-05-17T16:57:37.238330
150032,The World's Most Amazing Vacation Rentals,The World's Most Amazing Vacation Rentals,232.81,4.7,3704,2021-09-01,"[""US""]",[10764],"With an eye for every budget, three travelers visit vacation rentals around the globe and share their expert tips and tricks in this reality series.",,2026-05-17T16:57:37.238461
150033,Yowamushi Pedal,Yowamushi Pedal,65.0,5.8,7904,2013-09-01,"[""Japan""]",[18],"A timid, anime-loving teen gets drawn into a school cycling club, where his new friends help him face tough challenges to develop his racing talent.",,2026-05-17T16:57:37.238621
150034,Lucifer,Lucifer,75.24,8.4,9216,2021-09-01,"[""United States""]",[18],"Bored with being the Lord of Hell, the devil relocates to Los Angeles, where he opens a nightclub and forms a connection with a homicide detective.",,2026-05-17T16:57:37.238753
150035,Metal Shop Masters,Metal Shop Masters,168.15,7.0,2458,2021-09-01,"[""US""]",[10764],"On this competition show, a group of metal artists torch, cut and weld epic, badass creations from hardened steel. Only one will win a $50,000 prize.",,2026-05-17T16:57:37.238875
150036,Pokémon Master Journeys: The Series,Pokémon Master Journeys: The Series,93.37,6.0,235,2021-09-01,"[""US""]",[18],"As Ash battles his way through the World Coronation Series, Goh continues his quest to catch every Pokémon. Together, they're on a journey to adventure!",,2026-05-17T16:57:37.238989
150037,Titipo Titipo,Titipo Titipo,111.84,6.2,4551,2019-09-01,"[""US""]",[18],Titipo the train is out to prove that he's got what it takes to help the folks of Train Village ride the rails safely and reliably.,,2026-05-17T16:57:37.239118
150038,Mighty Raju,Mighty Raju,91.2,7.1,3683,2017-09-01,"[""US""]",[18],"Born with superhuman abilities, young Raju wants to use his powers to make the world a better place — but that will mean facing plenty of challenges!",,2026-05-17T16:57:37.239241
150039,Into the Night,Into the Night,124.08,3.2,8311,2021-09-01,"[""Belgium""]",[18],Passengers and crew aboard a hijacked overnight flight scramble to outrace the sun as a mysterious cosmic event wreaks havoc on the world below.,,2026-05-17T16:57:37.239360
150040,The Circle,The Circle,194.22,7.2,1088,2021-09-01,"[""United States""]",[10764],"Status and strategy collide in this social experiment and competition show where online players flirt, befriend and catfish their way toward $100,000.",,2026-05-17T16:57:37.239477
150041,Kid Cosmic,Kid Cosmic,140.8,4.8,1927,2021-09-01,"[""United States""]",[18],A boy's superhero dreams come true when he finds five powerful cosmic stones. But saving the day is harder than he imagined — and he can't do it alone.,,2026-05-17T16:57:37.239630
150042,Octonauts: Above & Beyond,Octonauts: Above & Beyond,233.48,4.8,3967,2021-09-01,"[""United Kingdom""]",[18],"The Octonauts expand their exploration beyond the sea — and onto land! With new rides and new friends, they'll protect any habitats and animals at risk.",,2026-05-17T16:57:37.239794
150043,On the Verge,On the Verge,17.33,7.4,11526,2021-09-01,"[""France""]",[18],"Four women — a chef, a single mom, an heiress and a job seeker — dig into love and work, with a generous side of midlife crises, in pre-pandemic LA.",,2026-05-17T16:57:37.239945
150044,Tobot Galaxy Detectives,Tobot Galaxy Detectives,72.62,6.8,1136,2019-09-01,"[""US""]",[18],"An intergalactic device transforms toy cars into robots: the Tobots! Working with friends to solve mysteries, they protect the world from evil.",,2026-05-17T16:57:37.240117
150045,Countdown: Inspiration4 Mission to Space,Countdown: Inspiration4 Mission to Space,14.57,7.4,923,2021-09-01,"[""US""]",[18],"From training to launch to landing, this all-access docuseries rides along with the Inspiration4 crew on the first all-civilian orbital space mission.",,2026-05-17T16:57:37.242727
150046,Tayo the Little Bus,Tayo the Little Bus,43.9,5.4,2531,2016-09-01,"[""South Korea""]",[18],"As they learn their routes around the busy city, Tayo and his little bus friends discover new sights and go on exciting adventures every day.",,2026-05-17T16:57:37.243053
150047,Bunk'd,Bunk'd,41.02,8.9,7360,2021-09-01,"[""United States""]",[18],"The Ross siblings of Disney's hit series ""Jessie"" spend a summer full of fun and adventure at Maine's Camp Kikiwaka, where their parents first met.",,2026-05-17T16:57:37.243305
150048,Dive Club,Dive Club,111.92,7.7,4798,2021-09-01,"[""Australia""]",[18],"On the shores of Cape Mercy, a skillful group of teen divers investigate a series of secrets and signs after one of their own mysteriously goes missing.",,2026-05-17T16:57:37.243466
150049,La casa de papel,La casa de papel,268.96,5.0,3750,2021-09-01,"[""Spain""]",[18],Eight thieves take hostages and lock themselves in the Royal Mint of Spain as a criminal mastermind manipulates the police to carry out his plan.,,2026-05-17T16:57:37.243665
150050,Money Heist: From Tokyo to Berlin,Money Heist: From Tokyo to Berlin,243.86,4.5,676,2021-09-01,"[""US""]",[18],"The filmmakers and actors behind ""Money Heist"" characters like Tokyo and the Professor talk about the emotional artistic process of filming the series.",,2026-05-17T16:57:37.243837
150051,Sharkdog,Sharkdog,37.35,9.1,9996,2021-09-01,"[""United States""]",[18],"Half shark, half dog with a big heart and a belly full of fish sticks! Together, Sharkdog and his human pal Max can take on any silly or messy adventure.",,2026-05-17T16:57:37.243991
150052,Heroes of Goo Jit Zu,Heroes of Goo Jit Zu,303.13,5.6,2095,2021-09-01,"[""Australia""]",[18],"After a meteor crash, a group of zoo animals transforms into squishy, gooey and stretchy superheroes with special powers and soon takes on evildoers.",,2026-05-17T16:57:37.244151
150053,Hotel Del Luna,Hotel Del Luna,117.16,6.3,1549,2019-09-01,"[""US""]",[18],"When he's invited to manage a hotel for dead souls, an elite hotelier gets to know the establishment's ancient owner and her strange world.",,2026-05-17T16:57:37.244312
150054,Luv Kushh,Luv Kushh,372.21,9.0,3601,2012-09-01,"[""US""]",[18],"Based on the last book of the epic Ramayana, this series follows the endeavors and adventures of Lord Rama’s twin sons through their childhood.",,2026-05-17T16:57:37.244445
150055,Pororo - The Little Penguin,Pororo - The Little Penguin,187.52,8.1,2911,2013-09-01,"[""South Korea""]",[18],"On a tiny island, Pororo the penguin has fun adventures with his friends Eddy the fox, Loopy the beaver, Poby the polar bear and Crong the dinosaur.",,2026-05-17T16:57:37.244617
150056,Q-Force,Q-Force,220.84,7.1,5042,2021-09-01,"[""United States""]",[18],"A gay superspy and his scrappy LGBTQ squad fight to prove themselves to the agency that underestimated them. Today, West Hollywood… tomorrow, the world!",,2026-05-17T16:57:37.244788
150057,Brave Animated Series,Brave Animated Series,33.77,8.7,9413,2021-09-01,"[""US""]",[18],A group of superheroes sets out to rid the world of evil — only to realize they may not be standing on the side of justice. Based on a popular comic.,,2026-05-17T16:57:37.244928
150058,How to Be a Cowboy,How to Be a Cowboy,23.51,7.8,8355,2021-09-01,"[""US""]",[10764],"Dale Brisby uses social media savvy and rodeo skills to keep cowboy traditions alive — and now he's teaching the world how to cowboy right, ol' son.",,2026-05-17T16:57:37.245047
150059,HQ Barbers,HQ Barbers,178.08,6.9,2129,2020-09-01,"[""US""]",[18],"When a family run barber shop in the heart of Lagos is threatened by real estate developers, they'll do whatever it takes to stay in business.",,2026-05-17T16:57:37.245186
150060,Kid-E-Cats,Kid-E-Cats,433.51,8.4,3449,2016-09-01,"[""Russia""]",[18],"Cookie, Pudding and Candy are kitten siblings whose favorite things are sweet treats and letting their curiosity lead them on adventures in learning.",,2026-05-17T16:57:37.245308
150061,Kuroko's Basketball,Kuroko's Basketball,127.88,7.7,1077,2015-09-01,"[""Japan""]",[18],"Five middle school basketball stars went to separate high schools, and now Tetsuya Kuroko and Seirin High are making their play for glory.",,2026-05-17T16:57:37.245425
150062,Major Dad,Major Dad,63.33,7.5,2884,1992-09-01,"[""United States""]",[18],"When he marries a journalist and becomes stepdad to her daughters, a U.S. Marine finds his once-orderly life no longer entirely under his command.",,2026-05-17T16:57:37.247746
150063,Oldsters,Oldsters,106.95,7.0,3932,2019-09-01,"[""US""]",[18],Three friends in their 70s step out of retirement to become a band of outlaws whose mission is to help those let down by the justice system.,,2026-05-17T16:57:37.248173
150064,Turning Point: 9/11 and the War on Terror,Turning Point: 9/11 and the War on Terror,383.75,5.2,2317,2021-09-01,"[""US""]",[18],"This unflinching series documents the 9/11 terrorist attacks, from Al Qaeda's roots in the 1980s to America's response, both at home and abroad.",,2026-05-17T16:57:37.248367
150065,Sparking Joy,Sparking Joy,190.6,4.5,4389,2021-09-01,"[""United States""]",[10764],"In this reality series, Marie Kondo brings her joyful tidying tactics to people struggling to balance work and home life — and shares her own world.",,2026-05-17T16:57:37.248575
150066,Hometown Cha-Cha-Cha,Hometown Cha-Cha-Cha,293.49,5.9,5084,2021-09-01,"[""US""]",[18],"A big-city dentist opens up a practice in a close-knit seaside village, home to a charming jack-of-all-trades who is her polar opposite in every way.",,2026-05-17T16:57:37.248758
150067,The Ingenuity of the Househusband,The Ingenuity of the Househusband,42.1,5.8,3524,2021-09-01,"[""US""]",[18],A tough guy with a knack for housework tackles household tasks with meticulous care in these comedic live-action vignettes.,,2026-05-17T16:57:37.248921
150068,Bread Barbershop,Bread Barbershop,250.52,6.7,2240,2020-09-01,"[""US""]",[18],"In a town filled with food, Bread is a master cake decorator who gives life-changing makeovers that will put any customer in an amazing mood.",,2026-05-17T16:57:37.249060
150069,D.P.,D.P.,115.28,6.4,2077,2021-09-01,"[""""]",[18],A young private’s assignment to capture army deserters reveals the painful reality endured by each enlistee during his compulsory call of duty.,,2026-05-17T16:57:37.249242
150070,Deadly Sins,Deadly Sins,186.75,7.3,5733,2002-09-01,"[""US""]",[18],A multimillionaire fakes his death and forces his relatives to live together in his mansion for one year to see who's worthy of inheriting his fortune.,,2026-05-17T16:57:37.249384
150071,I Heart Arlo,I Heart Arlo,123.36,7.9,2993,2021-09-01,"[""US""]",[18],It's a whole new world for Arlo and his one-of-a kind pals when they set out to restore a run-down New York City neighborhood — and make it their own.,,2026-05-17T16:57:37.249523
150072,King of Boys: The Return of the King,King of Boys: The Return of the King,122.29,6.0,4855,2021-09-01,"[""Nigeria""]",[18],"Alhaja Eniola Salami starts anew and sets her sights on a different position of power, fueled by revenge, regret and ruthlessness.",,2026-05-17T16:57:37.254146
150073,Rebellion,Rebellion,80.75,6.5,2903,2016-09-01,"[""Ireland""]",[18],"As World War I rages, three women and their families in Dublin choose sides in the violent Easter Rising revolt against British rule.",,2026-05-17T16:57:37.254392
150074,RIDE ON TIME,RIDE ON TIME,318.13,4.6,4020,2021-09-01,"[""US""]",[18],Take a deep dive into the beautiful world of Japan's top male idol groups from number one producer Johnny's in this revealing docuseries.,,2026-05-17T16:57:37.254632
150075,Titletown High,Titletown High,106.22,7.8,3930,2021-09-01,"[""US""]",[10764],"In a Georgia town where football rules and winning is paramount, a high school team tackles romance, rivalries and real life while vying for a title.",,2026-05-17T16:57:37.254826
150076,EDENS ZERO,EDENS ZERO,393.47,9.4,8123,2021-09-01,"[""Japan""]",[18],"Aboard the Edens Zero, a lonely boy with the ability to control gravity embarks on an adventure to meet the fabled space goddess known as Mother.",,2026-05-17T16:57:37.254973
150077,Family Reunion,Family Reunion,29.98,5.5,6687,2021-09-01,"[""United States""]",[18],"When the McKellan family moves from Seattle to small-town Georgia, life down South – and traditional grandparents – challenge their big-city ways.",,2026-05-17T16:57:37.255130
150078,Clickbait,Clickbait,215.83,2.8,9848,2021-09-01,"[""US""]",[18],"When family man Nick Brewer is abducted in a crime with a sinister online twist, those closest to him race to uncover who is behind it and why.",,2026-05-17T16:57:37.255266
150079,John of God: The Crimes of a Spiritual Healer,John of God: The Crimes of a Spiritual Healer,104.92,5.4,1995,2021-09-01,"[""US""]",[18],"Idolized medium João Teixeira de Faria rises to international fame before horrifying abuse is revealed by survivors, prosecutors and the press.",,2026-05-17T16:57:37.255398
150080,Motel Makeover,Motel Makeover,266.07,6.4,3597,2021-09-01,"[""US""]",[10764],"Amid project pitfalls and a pandemic, besties-turned-business partners bring their design magic to a rundown motel and revamp it into a go-to getaway.",,2026-05-17T16:57:37.255518
150081,Open Your Eyes,Open Your Eyes,60.88,5.7,2218,2021-09-01,"[""US""]",[18],"After a tragic accident, an amnesiac teen tries to rebuild her life at a memory disorders center but becomes suspicious of her unconventional treatment.",,2026-05-17T16:57:37.258262
150082,Post Mortem: No One Dies in Skarnes,Post Mortem: No One Dies in Skarnes,87.14,4.1,3328,2021-09-01,"[""US""]",[18],"She's back from the dead and has a newfound thirst for blood. Meanwhile, her family's funeral parlor desperately needs more business. Hmm, what if...",,2026-05-17T16:57:37.258532
150083,Wheel of Fortune,Wheel of Fortune,25.33,7.4,6805,2019-09-01,"[""United States""]",[10764],"Pat Sajak and Vanna White host one of TV's most popular, long-running game shows, where players spin a wheel for prizes and solve mystery phrases.",,2026-05-17T16:57:37.258797
150084,Oggy Oggy,Oggy Oggy,220.71,8.9,4724,2021-09-01,"[""US""]",[18],Join adorable kitten Oggy and his cast of cat pals in a bright and colorful kitty world. They're always on the go for fun times and fantastic adventures!,,2026-05-17T16:57:37.258971
150085,Manifest,Manifest,530.48,3.1,2247,2021-09-01,"[""United States""]",[18],"When a plane mysteriously lands years after takeoff, the people onboard return to a world that has moved on without them and face strange, new realities.",,2026-05-17T16:57:37.259163
150086,Comedy Premium League,Comedy Premium League,38.13,5.6,8910,2021-09-01,"[""US""]",[18],"With satirical sketches, cheeky debates and blistering roasts, 16 of India’s wittiest entertainers compete in teams to be named the ultimate comedy champs.",,2026-05-17T16:57:37.259341
150087,Everything Will Be Fine,Everything Will Be Fine,106.43,6.5,4257,2021-09-01,"[""US""]",[18],A separated couple live together for their child's sake in this satirical dramedy about what it means to be a good parent and spouse in today's world.,,2026-05-17T16:57:37.259501
150088,Korean Cold Noodle Rhapsody,Korean Cold Noodle Rhapsody,161.19,8.3,4118,2021-09-01,"[""US""]",[18],"Refreshing and flavorful, naengmyeon is Korea's coolest summertime staple. A journey through its history begins, from how it's cooked to how it's loved.",,2026-05-17T16:57:37.260805
150089,The Chair,The Chair,138.3,9.5,3310,2021-09-01,"[""US""]",[18],"At a major university, the first woman of color to become chair tries to meet the dizzying demands and high expectations of a failing English department.",,2026-05-17T16:57:37.261027
150090,Go! Go! Cory Carson,Go! Go! Cory Carson,297.91,6.1,1416,2021-09-01,"[""United States""]",[18],"Beep, beep – go, go! Buckle up for fun and adventure with adorable kid car Cory Carson as he explores the winding roads of Bumperton Hills.",,2026-05-17T16:57:37.261278
150091,The Defeated,The Defeated,290.68,8.1,2580,2020-09-01,"[""US""]",[18],"In 1946 Berlin, an American cop searches for his missing brother while helping a novice German policewoman fight the violent crimes engulfing the city.",,2026-05-17T16:57:37.261434
150092,Mother Goose Club,Mother Goose Club,21.25,5.2,670,2016-09-01,"[""United States""]",[18],Classic nursery rhymes and children's songs get a fresh twist in this high-energy program that helps kids learn as they dance and sing along.,,2026-05-17T16:57:37.261622
150093,Rascal Does Not Dream of Bunny Girl Senpai,Rascal Does Not Dream of Bunny Girl Senpai,52.94,5.1,1879,2018-09-01,"[""Japan""]",[18],"After experiencing ""puberty syndrome"" himself, high school pariah Sakuta keeps meeting girls suffering from it, including his sister and actor Mai.",,2026-05-17T16:57:37.263879
150094,The Creative Indians,The Creative Indians,118.87,4.4,8189,2020-09-01,"[""India""]",[18],"From chefs and comedians to filmmakers and fashion designers, India’s most notable imaginative minds share their artistic journeys.",,2026-05-17T16:57:37.264170
150095,Winx Club,Winx Club,56.0,5.5,2173,2015-09-01,"[""Italy""]",[18],"In this animated fantasy, a girl named Bloom befriends a band of fairies, then follows them into the secretive and dangerous ""Magical Dimension.""",,2026-05-17T16:57:37.264350
150096,Brand New Cherry Flavor,Brand New Cherry Flavor,263.6,8.1,5034,2021-09-01,"[""United States""]",[18],"A filmmaker heads to Hollywood in the early '90s to make her movie but tumbles down a hallucinatory rabbit hole of sex, magic, revenge — and kittens.",,2026-05-17T16:57:37.264493
150097,Fast & Furious Spy Racers,Fast & Furious Spy Racers,123.74,5.8,8430,2021-09-01,"[""United States""]",[18],A government agency recruits teen driver Tony Toretto and his thrill-seeking friends to infiltrate a criminal street racing circuit as undercover spies.,,2026-05-17T16:57:37.266218
150098,Gone for Good,Gone for Good,65.95,6.2,4604,2021-09-01,"[""France""]",[18],"Ten years after losing two loved ones, a man is plunged into another dizzying mystery when his girlfriend vanishes. Based on a Harlan Coben novel.",,2026-05-17T16:57:37.266494
150099,Grace and Frankie,Grace and Frankie,236.79,7.0,4803,2021-09-01,"[""United States""]",[18],"They’re not friends, but when their husbands leave them for each other, proper Grace and eccentric Frankie begin to bond in this Emmy-nominated series.",,2026-05-17T16:57:37.266745
150100,The Kingdom,The Kingdom,48.56,6.3,809,2021-09-01,"[""Argentina""]",[18],"After his running mate's murder, a controversial televangelist becomes Argentina's presidential candidate. But nothing about him is as holy as he seems.",,2026-05-17T16:57:37.266930
150101,Valeria,Valeria,62.61,5.9,2189,2021-09-01,"[""Spain""]",[18],"A writer in creative and marital crises finds support from three friends, who are also discovering themselves. Based on the novels by Elísabet Benavent.",,2026-05-17T16:57:37.267153
150102,AlRawabi School for Girls,AlRawabi School for Girls,200.09,7.3,2494,2021-09-01,"[""Jordan""]",[18],The bullied outcasts at prestigious Al Rawabi School for Girls plot a series of risky takedowns to get back at their tormentors.,,2026-05-17T16:57:37.267341
150103,Bake Squad,Bake Squad,230.28,4.7,3373,2021-09-01,"[""United States""]",[10764],Expert bakers elevate desserts with next-level ideas and epic execution. Now the battle is on to win over clients in need of very special sweets.,,2026-05-17T16:57:37.267505
150104,Gabby's Dollhouse,Gabby's Dollhouse,212.23,6.7,1017,2021-09-01,"[""United States""]",[18],"Cute cats, quirky crafts and colorful magic! Join kitty enthusiast Gabby and her sidekick Pandy Paws as they team up for a series of animated adventures.",,2026-05-17T16:57:37.269987
150105,I Need Romance,I Need Romance,182.85,6.6,3723,2021-09-01,"[""US""]",[18],"A workaholic who lost interest in romance reunites with an old flame and gifted music composer, who's determined to restore her belief in love.",,2026-05-17T16:57:37.270235
150106,Las muñecas de la mafia,Las muñecas de la mafia,299.98,6.6,3197,2018-09-01,"[""Colombia""]",[18],"Based on the book ""Las Fantásticas,"" this exciting telenovela follows the tumultuous lives of five women who get mixed up with the Mafia.",,2026-05-17T16:57:37.270415
150107,The Crowned Clown,The Crowned Clown,321.08,4.3,496,2019-09-01,"[""South Korea""]",[18],"Standing in for an unhinged Joseon king, a look-alike clown plays the part but increasingly becomes devoted to protecting the throne and the people.",,2026-05-17T16:57:37.270619
150108,SHAMAN KING,SHAMAN KING,47.19,6.1,2692,2021-09-01,"[""Japan""]",[18],"Medium Yoh Asakura enters a battle tournament held every 500 years, competing with other shamans in a bid to become the all-powerful Shaman King.",,2026-05-17T16:57:37.271959
150109,Hit & Run,Hit & Run,134.43,7.1,1088,2021-09-01,"[""Israel""]",[18],A man searching for the truth behind his wife's death becomes caught up in a dangerous web of secrets and intrigue stretching from New York to Tel Aviv.,,2026-05-17T16:57:37.272270
150110,Navarasa,Navarasa,133.18,5.2,1873,2021-09-01,"[""India""]",[18],"From amusement to awe, the nine human emotions of Indian aesthetic theory are explored in this anthology series.",,2026-05-17T16:57:37.272465
150111,Car Masters: Rust to Riches,Car Masters: Rust to Riches,318.99,7.4,3074,2021-09-01,"[""US""]",[10764],"The colorful crew at Gotham Garage overhauls an eclectic collection of cars and trucks, trading up to a showstopper they can sell for big bucks.",,2026-05-17T16:57:37.273823
150112,Cocaine Cowboys: The Kings of Miami,Cocaine Cowboys: The Kings of Miami,442.68,6.8,4638,2021-09-01,"[""United States""]",[18],Two childhood friends go from high school dropouts to the most powerful drug kingpins in Miami in this true story of a crime saga that spanned decades.,,2026-05-17T16:57:37.274057
150113,Control Z,Control Z,208.53,7.4,8078,2021-09-01,"[""Mexico""]",[18],"When a hacker begins releasing students' secrets to the entire high school, the socially isolated but observant Sofía works to uncover his/her identity.",,2026-05-17T16:57:37.274225
150114,Cooking With Paris,Cooking With Paris,32.17,5.2,4582,2021-09-01,"[""United States""]",[10764],"With an anyone-can-cook attitude, Paris Hilton adds her own flair to every dish. Fun is just one edible glitter bomb away on this unique cooking show.",,2026-05-17T16:57:37.274352
150115,Autumn's Concerto,Autumn's Concerto,162.63,4.8,1746,2009-09-01,"[""Taiwan""]",[18],"After losing all memories of his past, a wealthy lawyer travels to a rural village where a woman he once loved now lives with her son.",,2026-05-17T16:57:37.274469
150116,Office Girls,Office Girls,159.89,5.3,1905,2011-09-01,"[""Taiwan""]",[18],"A department store mogul has his son work incognito in a menial job to prove his worthiness, while female co-workers teach him how normal people live.",,2026-05-17T16:57:37.274644
150117,The Prince Who Turns into a Frog,The Prince Who Turns into a Frog,230.55,5.6,5702,2005-09-01,"[""Taiwan""]",[18],"Before his wedding, a cold CEO is hit by a car and awakens a changed man. As he and the driver fall in love, more changes appear on the road ahead.",,2026-05-17T16:57:37.274809
150118,Top Secret UFO Projects: Declassified,Top Secret UFO Projects: Declassified,289.97,6.4,3757,2021-09-01,"[""US""]",[18],"Though claims of extraterrestrial encounters have long been dismissed, many believe the existence of UFOs is not just likely, but a certainty.",,2026-05-17T16:57:37.274957
150119,Two Fathers,Two Fathers,705.44,7.1,12406,2013-09-01,"[""Taiwan""]",[18],"When two single guys learn a woman they both slept with disappeared after giving birth, they decide to raise her baby girl together as a family.",,2026-05-17T16:57:37.275116
150120,You're My Destiny,You're My Destiny,225.95,5.2,4064,2008-09-01,"[""Taiwan""]",[18],"A young woman's romantic cruise ends in a twist when she gets pregnant after a one-night stand with a rich executive, turning their lives upside down.",,2026-05-17T16:57:37.275299
150121,30 Rock,30 Rock,76.64,5.9,1019,2012-09-01,"[""United States""]",[18],Liz Lemon juggles the demands of running an NBC sketch comedy show with trying to fix her disaster of a personal life and eating her night cheese.,,2026-05-17T16:57:37.275441
150122,44 Cats,44 Cats,68.0,8.1,534,2020-09-01,"[""Italy""]",[18],"Paw-esome tales abound when singing furry friends Lampo, Milady, Pilou and Meatball band together.",,2026-05-17T16:57:37.277879
150123,Darwin’s Game,Darwin’s Game,159.24,4.5,1374,2020-09-01,"[""US""]",[18],High schooler Kaname activates a mysterious mobile app and unwittingly joins a game pitting players with supernatural abilities against each other.,,2026-05-17T16:57:37.278217
150124,Friday Night Lights,Friday Night Lights,46.83,8.2,7737,2010-09-01,"[""US""]",[18],Eric Taylor faces enormous pressure when he signs on as the new coach of a small-town Texas football team that's poised to win the state championship.,,2026-05-17T16:57:37.278426
150125,Hunter X Hunter (2011),Hunter X Hunter (2011),103.34,6.2,776,2014-09-01,"[""Japan""]",[18],"To fulfill his dreams of becoming a legendary Hunter like his dad, a young boy must pass a rigorous examination and find his missing father.",,2026-05-17T16:57:37.278640
150126,Charmed,Charmed,190.84,3.9,3655,2021-09-01,"[""United States""]",[18],"After their mother’s tragic death, a trio of sisters bond over their newfound powers, vanquish demons and band together to defend their magical legacy.",,2026-05-17T16:57:37.278838
150127,Centaurworld,Centaurworld,49.07,6.4,5995,2021-09-01,"[""US""]",[18],"On a quest to reunite with her trusty rider, a fearless war horse journeys through a whimsical world filled with magic, adventure and singing centaurs.",,2026-05-17T16:57:37.278988
150128,Glow Up,Glow Up,347.05,4.5,6598,2021-09-01,"[""United Kingdom""]",[10764],"In this competition show, aspiring makeup artists navigate colorful challenges to win a career-making opportunity in the beauty industry.",,2026-05-17T16:57:37.279149
150129,Khawatir,Khawatir,358.14,6.6,13635,2009-09-01,"[""US""]",[10764],Saudi media personality Ahmad Al Shugairi travels around the world on a quest for knowledge in various cities while offering his personal reflections.,,2026-05-17T16:57:37.279298
150130,Myth & Mogul: John DeLorean,Myth & Mogul: John DeLorean,72.43,6.8,2117,2021-09-01,"[""US""]",[18],"In the automotive world, John DeLorean rose from engineer to executive to icon. But under the hood of his self-created legend lies darkness and deceit.",,2026-05-17T16:57:37.279424
150131,Outer Banks,Outer Banks,129.9,9.0,7120,2021-09-01,"[""United States""]",[18],"On an island of haves and have-nots, teen John B enlists his three best friends to hunt for a legendary treasure linked to his father's disappearance.",,2026-05-17T16:57:37.282288
150132,Transformers: War for Cybertron: Kingdom,Transformers: War for Cybertron: Kingdom,145.02,6.9,7315,2021-09-01,"[""US""]",[18],The frantic race to locate the Allspark first culminates on a strange planet as the future comes crashing through to the present day.,,2026-05-17T16:57:37.282674
150133,Tattoo Redo,Tattoo Redo,50.86,7.4,3240,2021-09-01,"[""US""]",[10764],"Bad tattoos walk in. Great tattoos walk out. Top artists transform tattoo disasters into stunning cover-ups, with designs chosen by clients' loved ones.",,2026-05-17T16:57:37.282903
150134,The Flash,The Flash,46.79,5.9,511,2021-09-01,"[""United States""]",[18],A forensics expert who wakes from a coma with amazing new powers squares off against forces threatening the city in this live-action superhero romp.,,2026-05-17T16:57:37.283098
150135,The Snitch Cartel: Origins,The Snitch Cartel: Origins,204.53,5.5,4250,2021-09-01,"[""US""]",[18],"Over four decades, two brothers in Cali juggle family duties, multiple romances and illegal businesses, transforming from poor kids to cocaine kingpins.",,2026-05-17T16:57:37.283286
150136,All American,All American,362.81,6.9,7202,2021-09-01,"[""United States""]",[18],Culture clashes and brewing rivalries test a teen football player from South Los Angeles when he’s recruited to the Beverly Hills High School team.,,2026-05-17T16:57:37.283452
150137,How to Sell Drugs Online (Fast),How to Sell Drugs Online (Fast),135.53,7.0,1021,2021-09-01,"[""Germany""]",[18],"To win back his ex-girlfriend, a nerdy teen starts selling ecstasy online out of his bedroom – and becomes one of Europe's biggest dealers.",,2026-05-17T16:57:37.285036
150138,Mighty Express,Mighty Express,71.62,7.7,7220,2021-09-01,"[""United States""]",[18],Catch a ride with the Mighty Express — a team of trains and their kid friends who overcome trouble on the tracks with quick thinking and teamwork!,,2026-05-17T16:57:37.285340
150139,Plastic Cup Boyz: Laughing My Mask Off!,Plastic Cup Boyz: Laughing My Mask Off!,101.09,6.0,3287,2021-09-01,"[""US""]",[18],Comedy collective The Plastic Cup Boyz pour out the punchlines in Atlanta during a trio of raw and lively stand-up specials.,,2026-05-17T16:57:37.285526
150140,The Walking Dead,The Walking Dead,181.48,6.6,5111,2019-09-01,"[""United States""]",[18],"In the wake of a zombie apocalypse, survivors hold on to the hope of humanity by banding together to wage a fight for their own survival.",,2026-05-17T16:57:37.286977
150141,Wynonna Earp,Wynonna Earp,105.51,5.1,2363,2020-09-01,"[""Canada""]",[18],The outcast descendant of lawman Wyatt Earp teams up with an immortal Doc Holliday to rid the world of demonic revenants from the Wild West.,,2026-05-17T16:57:37.287250
150142,Feels Like Ishq,Feels Like Ishq,355.34,4.3,2668,2021-09-01,"[""US""]",[18],Short films follow young adults as they navigate the gamut of emotions that come with finding romantic connection in unexpected places.,,2026-05-17T16:57:37.287420
150143,Masters of the Universe: Revelation,Masters of the Universe: Revelation,35.26,8.6,6327,2021-09-01,"[""US""]",[18],"After a calamitous battle fractures Eternia, Teela and an unlikely alliance must prevent the end of the Universe in this sequel to the ’80s classic.",,2026-05-17T16:57:37.288894
150144,Revelations: The Masters of the Universe: Revelation Aftershow,Revelations: The Masters of the Universe: Revelation Aftershow,356.02,5.9,1542,2021-09-01,"[""US""]",[18],Take a behind-the-scenes look at “Masters of the Universe: Revelation” as showrunner Kevin Smith and others interview the cast about their iconic roles.,,2026-05-17T16:57:37.289210
150145,Sky Rojo,Sky Rojo,540.44,6.7,9212,2021-09-01,"[""Spain""]",[18],A fatal turn of events at a brothel sends three women haunted by their pasts on a wild run from their pimp and his henchmen.,,2026-05-17T16:57:37.289417
150146,The Movies That Made Us,The Movies That Made Us,253.08,5.1,5030,2021-09-01,"[""United States""]",[18],"These blockbusters brought us together and gave us the time of our lives. Meet the actors, directors and industry insiders who made them happen.",,2026-05-17T16:57:37.290775
150147,Chicago Med,Chicago Med,107.52,5.9,2699,2019-09-01,"[""United States""]",[18],"The doctors and nurses of Gaffney Chicago Medical Center juggle the busy ER's dramas and dangers in this spinoff of ""Chicago Fire"" and ""Chicago P.D.""",,2026-05-17T16:57:37.291044
150148,Sexy Beasts,Sexy Beasts,368.33,6.7,2223,2021-09-01,"[""US""]",[10764],"Hoping to say goodbye to superficial dating, real-life singles sport elaborate makeup and prosthetics to put true blind-date chemistry to the test.",,2026-05-17T16:57:37.291310
150149,Too Hot to Handle: Brazil,Too Hot to Handle: Brazil,145.52,7.8,1787,2021-09-01,"[""US""]",[10764],"Sizzling hot young Brazilians meet at a dreamy beach resort. But for a shot at R$500,000 in this fun reality show, they'll have to give up sex.",,2026-05-17T16:57:37.291467
150150,Okupas,Okupas,191.45,6.1,2156,2020-09-01,"[""Argentina""]",[18],"In 2000, a group of young men takes over a house in Buenos Aires, becoming squatters, while dealing with an increasingly violent and hostile city.",,2026-05-17T16:57:37.293840
150151,Touch Your Heart,Touch Your Heart,4.11,6.6,1721,2019-09-01,"[""US""]",[18],"Hoping to make a comeback after a bad scandal, an actress agrees to research a new role by taking a job as a secretary for a prickly attorney.",,2026-05-17T16:57:37.294059
150152,Explained,Explained,184.73,7.0,5503,2021-09-01,"[""United States""]",[18],"This enlightening series from Vox digs into a wide range of topics such as the rise of cryptocurrency, why diets fail, and the wild world of K-pop.",,2026-05-17T16:57:37.294251
150153,Johnny Test,Johnny Test,156.26,4.3,8136,2021-09-01,"[""United States""]",[18],"How much trouble could one imaginative boy, his faithful dog and two science-loving sisters possibly get into? Hmm, that sounds like a challenge!",,2026-05-17T16:57:37.294413
150154,Naomi Osaka,Naomi Osaka,234.9,4.8,7977,2021-09-01,"[""US""]",[18],This intimate series follows Naomi Osaka as she explores her cultural roots and navigates her multifaceted identity as a tennis champ and rising leader.,,2026-05-17T16:57:37.294597
150155,BEASTARS,BEASTARS,100.33,6.3,1063,2021-09-01,"[""Japan""]",[18],"In a world where beasts of all kinds coexist, a gentle wolf awakens to his own predatory urges as his school deals with a murder within its midst.",,2026-05-17T16:57:37.294746
150156,Her Private Life,Her Private Life,292.66,5.4,717,2019-09-01,"[""South Korea""]",[18],"An art curator's life unravels, as she tries to keep her pastime as a die-hard K-pop fan secret from her gallery's new director.",,2026-05-17T16:57:37.294878
150157,Never Have I Ever,Never Have I Ever,22.09,7.8,4079,2021-09-01,"[""United States""]",[18],"After a traumatic year, all an Indian-American teen wants is to go from pariah to popular — but friends, family and feelings won’t make it easy on her.",,2026-05-17T16:57:37.295006
150158,Heist,Heist,26.84,8.2,143,2021-09-01,"[""US""]",[18],Millions in stolen cash. Missing luxury bourbon. Watch ordinary people almost get away with these extraordinary heists in this true crime series.,,2026-05-17T16:57:37.295150
150159,My Unorthodox Life,My Unorthodox Life,275.3,7.2,4841,2021-09-01,"[""US""]",[10764],"Follow Julia Haart, Elite World Group CEO and a former member of an ultra-Orthodox Jewish community, and her adult kids in this reality series.",,2026-05-17T16:57:37.295288
150160,Ridley Jones,Ridley Jones,90.03,5.2,2804,2021-09-01,"[""United States""]",[18],Curious kid Ridley and her friends protect the Museum of Natural History’s treasures and keep its magical secret safe: Everything comes alive at night!,,2026-05-17T16:57:37.295418
150161,Atypical,Atypical,180.63,8.7,9860,2021-09-01,"[""United States""]",[18],"When a teen on the autism spectrum decides to get a girlfriend, his bid for more independence puts his whole family on a path of self-discovery.",,2026-05-17T16:57:37.297602
150162,Biohackers,Biohackers,81.6,6.0,1719,2021-09-01,"[""Germany""]",[18],A medical student enters a top German university on a secret mission to uncover a conspiracy linking a family tragedy to a visionary biology professor.,,2026-05-17T16:57:37.297969
150163,How to Become a Tyrant,How to Become a Tyrant,61.5,5.8,6042,2021-09-01,"[""US""]",[18],"Ruling with an iron fist requires an aspiring dictator to know the playbook for absolute power, as history's despots prove in this sardonic docuseries.",,2026-05-17T16:57:37.298312
150164,The Cook of Castamar,The Cook of Castamar,228.71,6.0,4954,2021-09-01,"[""US""]",[18],"In 1720 Madrid, a talented cook catches the eye of a widowed duke just as he returns to aristocratic society. Based on the novel by Fernando J. Múñez.",,2026-05-17T16:57:37.298488
150165,Virgin River,Virgin River,17.99,7.2,4209,2021-09-01,"[""United States""]",[18],"Searching for a fresh start, a nurse practitioner moves from LA to a remote northern California town and is surprised by what – and who – she finds.",,2026-05-17T16:57:37.299060
150166,Elize Matsunaga: Once Upon a Crime,Elize Matsunaga: Once Upon a Crime,191.96,6.0,3584,2021-09-01,"[""US""]",[18],"The crime shocked Brazil: Elize Matsunaga shot and dismembered her rich husband. Featuring her first interview, this docuseries dives deep into the case.",,2026-05-17T16:57:37.299360
150167,RESIDENT EVIL: Infinite Darkness,RESIDENT EVIL: Infinite Darkness,44.14,7.6,6371,2021-09-01,"[""United States""]",[18],"Years after the horrors of Raccoon City, Leon and Claire find themselves consumed by a dark conspiracy when a viral attack ravages the White House.",,2026-05-17T16:57:37.300829
150168,Cat People,Cat People,79.91,7.5,920,2021-09-01,"[""US""]",[18],"Cat people come in all shapes and sizes, but they share a love for their enchanting, unique feline friends. This docuseries reveals their tales.",,2026-05-17T16:57:37.301156
150169,Dogs,Dogs,142.94,4.7,5816,2021-09-01,"[""United States""]",[18],"These six intimate stories explore the abiding emotional bonds that form between dogs and their caregivers, no matter the circumstances.",,2026-05-17T16:57:37.301372
150170,The Mire,The Mire,116.95,7.5,4420,2021-09-01,"[""Poland""]",[18],"In an early-'80s Polish town, a prostitute and a youth leader are found killed, but the police's handling of the case makes two journalists suspicious.",,2026-05-17T16:57:37.302617
150171,The War Next-door,The War Next-door,110.49,8.7,6553,2021-09-01,"[""US""]",[18],"When two antagonistic families end up living next door in a posh neighborhood, the matriarchs ensue a full-scale war of unintended consequences.",,2026-05-17T16:57:37.302928
150172,Ask the StoryBots,Ask the StoryBots,120.89,6.7,4766,2019-09-01,"[""United States""]",[18],"Five curious little creatures track down the answers to kids' biggest questions, like how night happens or why we need to brush our teeth.",,2026-05-17T16:57:37.303118
150173,Between,Between,35.56,5.8,3664,2016-09-01,"[""Canada""]",[18],"After a mysterious disease kills every resident over 22 years old, survivors of a town must fend for themselves when the government quarantines them.",,2026-05-17T16:57:37.303296
150174,Chelsea,Chelsea,312.43,5.8,11250,2017-09-01,"[""United States""]",[18],"It's not her first talk show, but it is a first of its kind. Ideas, people and places that fascinate her, all in her unique style.",,2026-05-17T16:57:37.303457
150175,Code Lyoko,Code Lyoko,48.37,6.9,1879,2007-09-01,"[""France""]",[18],"After discovering a parallel universe hidden inside a supercomputer, four students must stop a renegade virus from destroying the secret world.",,2026-05-17T16:57:37.305468
150176,Colony,Colony,33.45,7.0,3408,2018-09-01,"[""United States""]",[18],"When LA is invaded by outside forces and becomes a walled-in settlement, a former FBI agent and his wife risk everything to find their lost son.",,2026-05-17T16:57:37.305889
150177,Cuckoo,Cuckoo,119.87,5.2,6023,2019-09-01,"[""United Kingdom""]",[18],"Rachel shocks her proper British parents when she marries an American hippie, but it's just the first in a series of surprises for the family.",,2026-05-17T16:57:37.306111
150178,Derry Girls,Derry Girls,97.53,5.8,2640,2019-09-01,"[""United Kingdom""]",[18],"Amidst the political conflict of Northern Ireland in the 1990s, five high school students square off with the universal challenges of being a teenager.",,2026-05-17T16:57:37.306263
150179,Girl from Nowhere,Girl from Nowhere,55.55,6.5,5898,2021-09-01,"[""Thailand""]",[18],"A mysterious, clever girl named Nanno transfers to different schools, exposing the lies and misdeeds of the students and faculty at every turn.",,2026-05-17T16:57:37.306419
150180,Good Morning Call,Good Morning Call,92.45,4.7,2775,2017-09-01,"[""Japan""]",[18],"A high school girl finally gets her own apartment, but she has to share it with the most popular boy in school. No one can know they're living together.",,2026-05-17T16:57:37.306607
150181,I AM A KILLER,I AM A KILLER,103.5,6.3,6464,2020-09-01,"[""United Kingdom""]",[18],Death row inmates convicted of capital murder give a firsthand account of their crimes in this documentary series.,,2026-05-17T16:57:37.309823
150182,I Think You Should Leave with Tim Robinson,I Think You Should Leave with Tim Robinson,205.49,8.5,5134,2021-09-01,"[""United States""]",[18],There is no such thing as an ordinary interaction in this offbeat sketch comedy series that features a deep roster of guest stars.,,2026-05-17T16:57:37.310152
150183,Kim's Convenience,Kim's Convenience,401.2,9.0,2937,2021-09-01,"[""Canada""]",[18],"While running a convenience store in Toronto, members of a Korean-Canadian family deal with customers, each other and the evolving world around them.",,2026-05-17T16:57:37.310358
150184,Larva,Larva,374.07,6.6,3889,2015-09-01,"[""Russia""]",[18],Two curious worms spend their days investigating the otherworldly objects that fall through the grate into their subterranean world.,,2026-05-17T16:57:37.310505
150185,Marcella,Marcella,39.91,10.4,330,2019-09-01,"[""United Kingdom""]",[18],"Her marriage just ended and she's returning to work as a London detective after 12 years away. Is the serial killer she once investigated back, too?",,2026-05-17T16:57:37.310708
150186,Midnight Diner: Tokyo Stories,Midnight Diner: Tokyo Stories,81.98,7.9,1445,2019-09-01,"[""Japan""]",[18],Patrons of an otherwise mundane Japanese diner find simple yet profound connections with one another based on the shared love of a particular dish.,,2026-05-17T16:57:37.310878
150187,My Little Pony: Friendship Is Magic,My Little Pony: Friendship Is Magic,324.12,5.4,452,2018-09-01,"[""United States""]",[18],"Journey to the enchanted land of Equestria, where unicorn Twilight Sparkle and her pals have adventures and learn valuable lessons about friendship.",,2026-05-17T16:57:37.311033
150188,Orange Is the New Black,Orange Is the New Black,186.86,6.4,1454,2019-09-01,"[""United States""]",[18],"A privileged New Yorker ends up in a women's prison when a past crime catches up with her in this Emmy-winning series from the creator of ""Weeds.""",,2026-05-17T16:57:37.311315
150189,Puffin Rock,Puffin Rock,126.56,7.6,5313,2016-09-01,"[""Ireland""]",[18],"Life is sweet on beautiful Puffin Rock, where puffling Oona, her baby brother Baba and their pals learn about nature, friendship and family.",,2026-05-17T16:57:37.311489
150190,Richie Rich,Richie Rich,88.74,5.8,4292,2015-09-01,"[""United States""]",[18],"After turning his veggies into green energy, Richie Rich earns a trillion dollars overnight and a new life filled with nonstop fun and adventure.",,2026-05-17T16:57:37.312137
150191,Scream,Scream,121.66,6.8,719,2019-09-01,"[""United States""]",[18],"In this new TV series sequel to the classic horror franchise, a cyberbullying incident in Lakewood leads to a murder with chilling echoes of the past.",,2026-05-17T16:57:37.312458
150192,Shtisel,Shtisel,31.2,6.8,2744,2021-09-01,"[""Israel""]",[18],"A Haredi family living in an ultra-Orthodox neighborhood of Jerusalem reckons with love, loss and the doldrums of daily life.",,2026-05-17T16:57:37.312684
150193,Some Assembly Required,Some Assembly Required,15.67,5.3,2576,2015-09-01,"[""Canada""]",[18],A 14-year-old takes ownership of a toy company and hires a group of his friends to help him create amazing new toys.,,2026-05-17T16:57:37.312871
150194,Tales by Light,Tales by Light,56.98,6.9,1752,2018-09-01,"[""Australia""]",[18],"Follow renowned photographers as they explore far-flung locales, capturing extraordinary images that present nature and culture in a new light.",,2026-05-17T16:57:37.313029
150195,Terrace House: Opening New Doors,Terrace House: Opening New Doors,356.54,8.0,6178,2018-09-01,"[""Japan""]",[10764],"A group of young people – including a chef, a snowboarder and an ice hockey player – gather in the Karuizawa woods while pursuing their dreams.",,2026-05-17T16:57:37.313224
150196,The A List,The A List,262.93,5.2,2775,2021-09-01,"[""United Kingdom""]",[18],"Romance, rivalry and radical mystery collide as a group of teens attend a remote island sleepaway camp in this suspenseful, supernatural drama.",,2026-05-17T16:57:37.313395
150197,The New Legends of Monkey,The New Legends of Monkey,59.34,5.5,1095,2020-09-01,"[""Australia""]",[18],A valiant girl liberates the Monkey King – a god long trapped in stone – in a quest to find seven sacred scrolls and save the world from evil.,,2026-05-17T16:57:37.315783
150198,The Worst Witch,The Worst Witch,57.52,8.2,5768,2020-09-01,"[""United Kingdom""]",[18],"After stumbling into a school for witches, a bumbling heroine comes to realize that she just might belong there. Based on Jill Murphy's beloved books.",,2026-05-17T16:57:37.316119
150199,Undercover,Undercover,280.96,4.6,1724,2020-09-01,"[""Belgium""]",[18],Undercover agents infiltrate a drug kingpin's operation by posing as a couple at the campground where he spends his weekends. Inspired by real events.,,2026-05-17T16:57:37.316319
150200,Workin' Moms,Workin' Moms,24.81,7.9,3996,2021-09-01,"[""Canada""]",[18],"Maternity leave is over and it's time for these four moms to return to work while navigating kids, bosses, love and life in modern-day Toronto.",,2026-05-17T16:57:37.316487
150201,YooHoo to the Rescue,YooHoo to the Rescue,137.67,5.6,2719,2020-09-01,"[""South Korea""]",[18],"In a series of magical missions, quick-witted YooHoo and his can-do crew travel the globe to help animals in need.",,2026-05-17T16:57:37.316680
150202,You Are My Spring,You Are My Spring,193.57,7.6,1890,2021-09-01,"[""US""]",[18],A hotel concierge and a psychiatrist with traumatic childhoods form a heartfelt bond when they become entangled in a perplexing local murder case.,,2026-05-17T16:57:37.316852
150203,We the People,We the People,133.99,6.0,4311,2021-09-01,"[""United States""]",[18],"Learn the basics of rights and citizenship with upbeat songs by popular artists like Janelle Monáe, H.E.R., Adam Lambert, Brandi Carlile and more.",,2026-05-17T16:57:37.317008
150204,Grey's Anatomy,Grey's Anatomy,83.61,6.0,7700,2020-09-01,"[""United States""]",[18],Intern (and eventual resident) Meredith Grey finds herself caught up in personal and professional passions with fellow doctors at a Seattle hospital.,,2026-05-17T16:57:37.317278
150205,Big Timber,Big Timber,180.13,6.2,3043,2020-09-01,"[""US""]",[10764],A no-nonsense logger and his loyal crew battle brutal elements and finicky machines to chop and transport valuable lumber on Vancouver Island.,,2026-05-17T16:57:37.317447
150206,Mortel,Mortel,306.14,10.0,3560,2019-09-01,"[""France""]",[18],"After making a deal with a supernatural figure, two high schoolers emerge with extraordinary powers and join forces to solve a murder.",,2026-05-17T16:57:37.319933
150207,Bureau of Magical Things,Bureau of Magical Things,82.41,7.4,3449,2020-09-01,"[""Australia""]",[18],"When a teen accidentally discovers an enchanted realm, she becomes the only one able to unite the human and magical worlds – and save both from evil.",,2026-05-17T16:57:37.320262
150208,Generation 56k,Generation 56k,133.69,5.6,4725,2021-09-01,"[""US""]",[18],"A chance encounter leads two 30-somethings to remember 1998, the year their teenage hormones kicked in — and the internet changed their lives forever.",,2026-05-17T16:57:37.320454
150209,Masameer County,Masameer County,178.89,7.3,2390,2021-09-01,"[""US""]",[18],"A humorous view on a changing Saudi, this season includes stories about a global media war, a long-standing tribal feud and a health craze gone too far.",,2026-05-17T16:57:37.320659
150210,Quarantine Tales,Quarantine Tales,510.36,5.6,6933,2020-09-01,"[""US""]",[18],"Traversing genres, five separate stories offer unique, whimsical and thought-provoking takes on life during the pandemic in 2020.",,2026-05-17T16:57:37.322803
150211,Rainbow Rangers,Rainbow Rangers,89.92,4.7,2997,2018-09-01,"[""United States""]",[18],"When Earth's animals and natural wonders need a rescue, the Rainbow Rangers combine their colorful powers to protect the planet and save the day!",,2026-05-17T16:57:37.323020
150212,Sailor Moon Crystal,Sailor Moon Crystal,580.7,5.2,3427,2016-09-01,"[""US""]",[18],"Middle schooler Usagi Tsukino and her friends learn that they have the power to transform into Sailor Guardians, protecting the world from darkness.",,2026-05-17T16:57:37.323269
150213,Young Royals,Young Royals,213.54,6.8,4536,2021-09-01,"[""Sweden""]",[18],"Prince Wilhelm adjusts to life at his prestigious new boarding school, Hillerska, but following his heart proves more challenging than anticipated.",,2026-05-17T16:57:37.323515
150214,Droppin' Cash: Los Angeles,Droppin' Cash: Los Angeles,12.35,4.3,2130,2019-09-01,"[""United States""]",[10764],This Complex series follows the paper trail of musicians and athletes in Los Angeles as they blow through stacks on the finer things in life.,,2026-05-17T16:57:37.325972
150215,Legend of Exorcism,Legend of Exorcism,97.39,6.2,2853,2020-09-01,"[""US""]",[18],"After leaving Yaojin Palace, Kong Hongjun arrives in Chang'an to battle demons and forms a bond with exorcism squad chief Li Jinglong.",,2026-05-17T16:57:37.326193
150216,Somos.,Somos.,10.09,7.1,3434,2021-09-01,"[""Mexico""]",[18],"The lives of the people of Allende, a Mexican border town, are overtaken by a powerful cartel's operations, leading to tragedy. Inspired by true events.",,2026-05-17T16:57:37.326376
150217,Sophie: A Murder in West Cork,Sophie: A Murder in West Cork,151.78,7.9,11478,2021-09-01,"[""US""]",[18],A shocking murder in rural Ireland sets off an increasingly convoluted quest for justice that spans decades and cuts across national borders.,,2026-05-17T16:57:37.326525
150218,The Daily Life of the Immortal King,The Daily Life of the Immortal King,16.9,5.9,262,2020-09-01,"[""China""]",[18],"Having vanquished a powerful demon at age six, precocious wizard Wang Ling must now navigate high school life as an ordinary teen.",,2026-05-17T16:57:37.326745
150219,StarBeam,StarBeam,130.87,6.6,2524,2021-09-01,"[""United States""]",[18],"When colorful villains come out to play, 8-year-old Zoey has the power to transform into StarBeam, a kid-sized superhero. She saves the day, every day!",,2026-05-17T16:57:37.326901
150220,The Seven Deadly Sins,The Seven Deadly Sins,159.63,4.1,5924,2021-09-01,"[""Japan""]",[18],"When a kingdom is taken over by tyrants, the deposed princess begins a quest to find a disbanded group of evil knights to help take back her realm.",,2026-05-17T16:57:37.328280
150221,Ray,Ray,129.28,5.2,1759,2021-09-01,"[""US""]",[18],"From a satire to a psychological thriller, four short stories from celebrated auteur and writer Satyajit Ray are adapted for the screen in this series.",,2026-05-17T16:57:37.328579
150222,Sex/Life,Sex/Life,35.77,6.1,4948,2021-09-01,"[""United States""]",[18],A woman's daring sexual past collides with her married-with-kids present when the bad-boy ex she can't stop fantasizing about crashes back into her life.,,2026-05-17T16:57:37.328786
150223,Godzilla Singular Point,Godzilla Singular Point,275.56,7.0,3147,2021-09-01,"[""US""]",[18],"Brought together by a mysterious song, a grad student and an engineer lead the fight against an unimaginable force that may spell doom for the world.",,2026-05-17T16:57:37.328958
150224,Jiva!,Jiva!,76.84,4.7,820,2021-09-01,"[""US""]",[18],"A talented street dancer from Umlazi, Durban must confront her fears and deal with family objections to pursue her dancing dreams.",,2026-05-17T16:57:37.329143
150225,The Naked Director,The Naked Director,123.57,7.3,7587,2021-09-01,"[""Japan""]",[18],"In 1980s Japan, one determined man turned every crushing setback into opportunity. His name was Toru Muranishi, and he revolutionized his industry.",,2026-05-17T16:57:37.329323
150226,The Parisian Agency: Exclusive Properties,The Parisian Agency: Exclusive Properties,183.82,7.6,1581,2021-09-01,"[""US""]",[10764],This reality series follows the Kretz family and their luxury property business as they help clients buy and sell fabulous homes in France and abroad.,,2026-05-17T16:57:37.329482
150227,Too Hot to Handle,Too Hot to Handle,181.63,6.9,10539,2021-09-01,"[""United States""]",[10764],"On the shores of paradise, gorgeous singles meet and mingle. But there’s a twist. To win a $100,000 grand prize, they’ll have to give up sex.",,2026-05-17T16:57:37.333047
150228,This Is Pop,This Is Pop,430.59,7.0,2316,2021-09-01,"[""US""]",[18],"Uncover the real stories behind your favorite pop songs as this docuseries charts the impact of the festival scene, Auto-Tune, boy bands and more.",,2026-05-17T16:57:37.333382
150229,The Mole,The Mole,175.54,6.8,8106,2001-09-01,"[""United States""]",[10764],"In this competition show, contestants try to earn $1 million for a pot that only one of them will win — while one player secretly sabotages them.",,2026-05-17T16:57:37.333820
150230,"Nevertheless,","Nevertheless,",162.85,5.0,3905,2021-09-01,"[""US""]",[18],The intoxicating charm of a flirtatious art school classmate pulls a reluctant love cynic into a friends-with-benefits relationship.,,2026-05-17T16:57:37.334534
150231,Bangkok Love Stories: Innocence,Bangkok Love Stories: Innocence,166.01,8.6,6087,2018-09-01,"[""Thailand""]",[18],"From a teenage parkour enthusiast to a bawdy restaurateur, an eclectic group of characters find romance in Bangkok's glittering Silom district.",,2026-05-17T16:57:37.334770
150232,Black Lightning,Black Lightning,39.4,4.6,4461,2021-09-01,"[""United States""]",[18],School principal and retired superhero Jefferson Pierce leaps back into action as the legendary Black Lightning after a gang threatens his family.,,2026-05-17T16:57:37.334951
150233,Call My Agent!,Call My Agent!,8.35,8.5,3692,2018-09-01,"[""France""]",[18],"At a top Paris talent firm, agents scramble to keep their star clients happy – and their business afloat – after an unexpected crisis.",,2026-05-17T16:57:37.335159
150234,Champions,Champions,128.12,5.8,6323,2018-09-01,"[""United States""]",[18],"Years after getting his girlfriend pregnant, washed-up jock Vince meets his eccentric son Michael and learns about fatherhood, one show tune at a time.",,2026-05-17T16:57:37.335326
150235,Charité at War,Charité at War,529.0,6.9,5806,2019-09-01,"[""US""]",[18],"In 1943, the staff at Berlin's Charité hospital struggle against the effects of World War II and the Nazi regime, including eugenic medical practices.",,2026-05-17T16:57:37.335469
150236,Cleo & Cuquin,Cleo & Cuquin,17.67,4.7,2597,2020-09-01,"[""Spain""]",[18],Spirited sister-brother duo Cleo and Cuquín try on different professions each day to help their other siblings solve problems and enjoy new adventures.,,2026-05-17T16:57:37.337842
150237,Deadwind,Deadwind,93.09,6.6,1167,2020-09-01,"[""Finland""]",[18],"Just months after a tragic loss, detective Sofia Karppi investigates the murder of a woman with ties to a Helsinki construction company.",,2026-05-17T16:57:37.338145
150238,Gameboys Level-Up Edition,Gameboys Level-Up Edition,5.44,5.8,10134,2020-09-01,"[""US""]",[18],"In this recut of the popular web series, live-stream gamer Cairo calls for a rematch after losing to newcomer Gavreel — and an online romance blooms.",,2026-05-17T16:57:37.338333
150239,Glee,Glee,127.96,6.0,7988,2015-09-01,"[""United States""]",[18],"Amid relationship woes and personal attacks from a wicked cheerleading coach, a teacher fights to turn underdog glee club members into winners.",,2026-05-17T16:57:37.338497
150240,Hap and Leonard,Hap and Leonard,190.81,7.7,9793,2018-09-01,"[""United States""]",[18],"In late-1980s Texas, two best friends get involved in darkly comic misadventures by hiring themselves out to shady clients for illicit ends.",,2026-05-17T16:57:37.339650
150241,Locked Up,Locked Up,54.79,7.0,4252,2020-09-01,"[""Spain""]",[18],"Manipulated into embezzling funds for her boyfriend and sentenced to prison, a naïve young woman must quickly learn to survive in a harsh new world.",,2026-05-17T16:57:37.339973
150242,No Time for Shame,No Time for Shame,502.34,6.5,4028,2019-09-01,"[""Argentina""]",[10764],"Follow Santiago Artemis, a Buenos Aires fashion dynamo, as he makes his dreams come true while grappling with his love life, therapist and clients.",,2026-05-17T16:57:37.340148
150243,Pose,Pose,218.52,7.0,824,2019-09-01,"[""United States""]",[18],"In 1987 New York, LGBTQ ball fixture Blanca starts her own house, soon becoming mother to a gifted dancer and a sex worker in love with a yuppie client.",,2026-05-17T16:57:37.340286
150244,REA(L)OVE,REA(L)OVE,253.78,6.0,3036,2018-09-01,"[""Japan""]",[10764],"A group of men and women, each burdened with a dark secret, look for love in this dating show with a twist. Hosted by reformed playboy Atsushi Tamura.",,2026-05-17T16:57:37.340408
150245,Riverdale,Riverdale,170.51,5.9,8286,2019-09-01,"[""United States""]",[18],"While navigating the troubled waters of sex, romance, school and family, teen Archie and his gang become entangled in a dark Riverdale mystery.",,2026-05-17T16:57:37.340527
150246,Schitt's Creek,Schitt's Creek,120.12,4.6,1631,2020-09-01,"[""Canada""]",[18],"Suddenly broke, the formerly filthy-rich Rose family is reduced to living in a ramshackle motel in a town they once bought as a joke: Schitt's Creek.",,2026-05-17T16:57:37.342030
150247,The Assassination of Gianni Versace,The Assassination of Gianni Versace,319.53,6.4,1013,2018-09-01,"[""United States""]",[18],"Defining moments in Andrew Cunanan's life, starting in childhood, lead up to a 1997 murder spree that kills five, including fashion icon Gianni Versace.",,2026-05-17T16:57:37.342290
150248,The Judgement,The Judgement,263.73,4.4,3521,2018-09-01,"[""Thailand""]",[18],"After a traumatic incident at a party makes her a target of gossip and derision, a young college student tries to change her school's toxic culture.",,2026-05-17T16:57:37.342472
150249,The Last Dance,The Last Dance,112.52,6.0,1386,2020-09-01,"[""United States""]",[18],"This docuseries gives a definitive account of Michael Jordan’s career and the 1990s Chicago Bulls, packed with unaired footage from the 1997-98 season.",,2026-05-17T16:57:37.342710
150250,They've Gotta Have Us,They've Gotta Have Us,247.58,8.5,1646,2018-09-01,"[""United Kingdom""]",[18],"Powered by candid recollections from esteemed African-American entertainers, this docuseries traces the history of black cinema.",,2026-05-17T16:57:37.342868
150251,Why Are You Like This,Why Are You Like This,9.52,5.3,2215,2021-09-01,"[""Australia""]",[18],"Three best friends negotiate work, fun, identity politics, hookups and wild nights out in this razor-sharp satire of 20-something life in Melbourne.",,2026-05-17T16:57:37.343010
150252,Elite,Elite,37.6,5.9,3500,2021-09-01,"[""Spain""]",[18],"When three working-class teens enroll in an exclusive private school in Spain, the clash between them and the wealthy students leads to murder.",,2026-05-17T16:57:37.343248
150253,Hospital Playlist,Hospital Playlist,9.02,7.9,1938,2021-09-01,"[""South Korea""]",[18],"Every day is extraordinary for five doctors and their patients inside a hospital, where birth, death and everything in between coexist.",,2026-05-17T16:57:37.343428
150254,So Not Worth It,So Not Worth It,160.93,5.8,3264,2021-09-01,"[""US""]",[18],"New friends, new loves and new experiences mix together inside a colorful college dormitory in Korea that's home to students from around the world.",,2026-05-17T16:57:37.345706
150255,The Rational Life,The Rational Life,240.36,5.6,6347,2021-09-01,"[""US""]",[18],"A career-driven 30-something must contend with a cutthroat workplace, a love triangle and her nagging mom.",,2026-05-17T16:57:37.345976
150256,Black Summer,Black Summer,8.49,5.5,8459,2021-09-01,"[""Canada""]",[18],"In the dark, early days of a zombie apocalypse, complete strangers band together to find the strength they need to survive and get back to loved ones.",,2026-05-17T16:57:37.346165
150257,Elite Short Stories: Carla Samuel,Elite Short Stories: Carla Samuel,64.88,7.6,7253,2021-09-01,"[""US""]",[18],"Samuel attempts a big, romantic gesture at the airport in order to persuade Carla not to board her flight to London.",,2026-05-17T16:57:37.346354
150258,Katla,Katla,102.13,4.6,3988,2021-09-01,"[""Iceland""]",[18],The catastrophic eruption of subglacial volcano Katla turns a nearby community’s world upside down as mysteries begin to emerge from the ice.,,2026-05-17T16:57:37.346523
150259,Record of Ragnarok,Record of Ragnarok,111.77,5.6,2172,2021-09-01,"[""US""]",[18],"Before eradicating humankind from the world, the gods give them one last chance to prove themselves worthy of survival. Let the Ragnarok battles begin.",,2026-05-17T16:57:37.348758
150260,The Gift,The Gift,123.07,9.6,5686,2021-09-01,"[""Turkey""]",[18],A painter in Istanbul embarks on a personal journey as she unearths universal secrets about an Anatolian archaeological site and its link to her past.,,2026-05-17T16:57:37.349019
150261,Elite Short Stories: Omar Ander Alexis,Elite Short Stories: Omar Ander Alexis,240.42,9.4,3032,2021-09-01,"[""US""]",[18],"Now in remission, Ander is set on spending his summer helping Alexis, his chemo partner, go through treatment.",,2026-05-17T16:57:37.349207
150262,Let's Eat,Let's Eat,80.32,8.9,3388,2021-09-01,"[""US""]",[18],A food-blogging insurance agent encounters a friend from elementary school with a vendetta against him — but soon becomes her sidekick.,,2026-05-17T16:57:37.349385
150263,Millennials,Millennials,87.11,7.7,1745,2020-09-01,"[""Argentina""]",[18],A group of millennials copes with the pressures of adulting by tackling a diverse set of problems from unemployment to cheating.,,2026-05-17T16:57:37.349535
150264,Penguin Town,Penguin Town,339.68,6.3,5624,2021-09-01,"[""US""]",[18],"In a picturesque South African town, an eclectic group of endangered penguins flock together to find mates, raise families and mix with the locals.",,2026-05-17T16:57:37.350950
150265,Avengers Climate Conundrum,Avengers Climate Conundrum,86.67,9.7,1135,2020-09-01,"[""United States""]",[18],"When a mysterious force steals Tony Stark’s weather machine to wreak havoc on the world, the Avengers must survive the extreme storms to save the day.",,2026-05-17T16:57:37.351166
150266,Beyond Evil,Beyond Evil,110.45,10.6,4858,2021-09-01,"[""US""]",[18],"As a killing resembling a cold case resurfaces in a small town, the chase for the truth falls on two policemen who each harbor secrets of their own.",,2026-05-17T16:57:37.351318
150267,Elite Short Stories: Nadia Guzmán,Elite Short Stories: Nadia Guzmán,28.94,6.7,6586,2021-09-01,"[""US""]",[18],"Nadia feels conflicted about whether or not to see her long distance boyfriend, Guzmán, when she returns to Spain for her sister's wedding.",,2026-05-17T16:57:37.353415
150268,Power Rangers Dino Fury,Power Rangers Dino Fury,229.16,5.9,5720,2021-09-01,"[""United States""]",[18],"With the prehistoric force of the dinosaurs, a new crew of Power Rangers must deal with a menacing army of alien creatures attacking Earth.",,2026-05-17T16:57:37.353679
150269,Rhyme Time Town,Rhyme Time Town,11.65,3.6,5848,2021-09-01,"[""US""]",[18],Fun-loving friends Daisy and Cole use music and imagination to solve problems in a town filled with nursery rhyme characters.,,2026-05-17T16:57:37.353883
150270,The American Bible Challenge,The American Bible Challenge,7.96,7.3,386,2014-09-01,"[""United States""]",[10764],"Join host Jeff Foxworthy as contestants test their knowledge of all things biblical, competing to win money for the charities of their choice.",,2026-05-17T16:57:37.354042
150271,Elite Short Stories: Guzmán Caye Rebe,Elite Short Stories: Guzmán Caye Rebe,17.15,8.1,843,2021-09-01,"[""US""]",[18],"Rebe hosts an intimate house warming party for her friends, but the situation takes a dramatic turn with the help of drugs and unexpected visitors.",,2026-05-17T16:57:37.354243
150272,Metallica: Some Kind of Monster,Metallica: Some Kind of Monster,28.99,3.5,1959,2014-09-01,"[""United States""]",[18],"This collection includes the acclaimed rock documentary about Metallica, plus a film checking in with the still-thriving group 10 years later.",,2026-05-17T16:57:37.354419
150273,Love (ft. Marriage and Divorce),Love (ft. Marriage and Divorce),312.61,6.4,2746,2021-09-01,"[""South Korea""]",[18],"Everything comes unraveling for three successful women who work on a radio show as twists, turns and troubles plague their seemingly happy marriages.",,2026-05-17T16:57:37.356796
150274,LEGO Friends: The Power of Friendship,LEGO Friends: The Power of Friendship,46.98,9.3,7914,2016-09-01,"[""Denmark""]",[18],"Five best friends face adventures side by side in their hometown. Zany antics, love and missteps are better with friends!",,2026-05-17T16:57:37.357159
150275,Lupin,Lupin,139.19,5.8,3339,2021-09-01,"[""France""]",[18],"Inspired by the adventures of Arsène Lupin, gentleman thief Assane Diop sets out to avenge his father for an injustice inflicted by a wealthy family.",,2026-05-17T16:57:37.357355
150276,Trese,Trese,258.53,6.8,570,2021-09-01,"[""Philippines""]",[18],"In Manila, where dark supernatural forces pervade the criminal underworld, it’s up to Alexandra Trese to keep the peace — but there’s a storm brewing.",,2026-05-17T16:57:37.357506
150277,Locombianos,Locombianos,186.18,5.7,3038,2021-09-01,"[""Colombia""]",[18],Four of Colombia's funniest and bawdiest comedians perform before a post-quarantine audience hungry for their stories.,,2026-05-17T16:57:37.358578
150278,"Fresh, Fried & Crispy","Fresh, Fried & Crispy",221.18,6.8,6756,2021-09-01,"[""United States""]",[10764],"Passionate about food and ready for fun, critic Daym Drops drops in on America's smokin' hot spots for the best, freshest takes on fried food.",,2026-05-17T16:57:37.358976
150279,L.A.’s Finest,L.A.’s Finest,198.98,5.9,1000,2021-09-01,"[""United States""]",[18],"In this spinoff of the ""Bad Boys"" franchise, two police detectives team up while trying to keep their stormy pasts — and differences — from interfering.",,2026-05-17T16:57:37.359203
150280,Guru Aur Bhole,Guru Aur Bhole,56.42,7.6,791,2018-09-01,"[""US""]",[18],A singer and a dancer who are best friends use their artistic abilities to get out of one hilariously sticky situation after another.,,2026-05-17T16:57:37.359386
150281,"Newly Rich, Newly Poor","Newly Rich, Newly Poor",42.44,5.3,7362,2007-09-01,"[""Colombia""]",[18],"After learning they were switched at birth, wealthy Andrés and working-class Brayan must adjust to the families and lifestyles they were meant to have.",,2026-05-17T16:57:37.360736
150282,Feel Good,Feel Good,157.93,7.8,4273,2021-09-01,"[""United Kingdom""]",[18],"Stand-up comic Mae Martin navigates a passionate, messy new relationship with her girlfriend, George, while dealing with the challenges of sobriety.",,2026-05-17T16:57:37.361184
150283,Human: The World Within,Human: The World Within,378.51,5.2,6743,2021-09-01,"[""US""]",[18],Cutting-edge science and captivating personal stories collide in this illuminating docuseries about the incredible workings of the human body.,,2026-05-17T16:57:37.361405
150284,Sweet Tooth,Sweet Tooth,148.16,6.9,1898,2021-09-01,"[""United States""]",[18],"On a perilous adventure across a post-apocalyptic world, a lovable boy who's half-human and half-deer searches for a new beginning with a gruff protector.",,2026-05-17T16:57:37.361591
150285,Creator's File: GOLD,Creator's File: GOLD,36.25,6.4,113,2021-09-01,"[""Japan""]",[18],"Comedian Ryuji Akiyama satirizes top “creators” in Japan with a deadpan, unerring eye for humor, with help from some surprising celebrity guest stars.",,2026-05-17T16:57:37.361762
150286,Pretty Guardian Sailor Moon Eternal The Movie,Pretty Guardian Sailor Moon Eternal The Movie,186.1,6.4,3303,2021-09-01,"[""US""]",[18],"When a dark power enshrouds the Earth after a total solar eclipse, the scattered Sailor Guardians must reunite to bring light back into the world.",,2026-05-17T16:57:37.361928
150287,Summertime,Summertime,104.08,6.4,5025,2021-09-01,"[""Italy""]",[18],Two young adults from very different backgrounds fall in love during a summer on Italy’s Adriatic Coast. Inspired by Federico Moccia's book series.,,2026-05-17T16:57:37.362099
150288,Attack on Titan,Attack on Titan,523.72,7.9,3562,2013-09-01,"[""Japan""]",[18],"With his hometown in ruins, young Eren Yeager becomes determined to fight back against the giant Titans that threaten to destroy the human race.",,2026-05-17T16:57:37.362251
150289,Ben & Holly's Little Kingdom,Ben & Holly's Little Kingdom,23.27,8.2,169,2019-09-01,"[""United Kingdom""]",[18],"In the magical Little Kingdom, friends Ben Elf and fairy princess Holly have fun adventures as they learn about teamwork, sharing and problem-solving.",,2026-05-17T16:57:37.362398
150290,Cocomelon,Cocomelon,20.8,7.4,5395,2021-09-01,"[""United States""]",[18],"Learn letters, numbers, animal sounds and more with J.J. in this edutaining series that brings fun times with nursery rhymes for the whole family!",,2026-05-17T16:57:37.362529
150291,Downton Abbey,Downton Abbey,143.94,7.3,4311,2015-09-01,"[""United Kingdom""]",[18],"Exposing the snobbery and machinations of a vanishing class system, this series chronicles events in the lives of the Crawley family and their servants.",,2026-05-17T16:57:37.365040
150292,Happy Endings,Happy Endings,173.74,7.7,3039,2012-09-01,"[""United States""]",[18],"After his fiancée, Alex, dumps him at the altar, Dave finds himself nursing a broken heart and battling her for custody of their quirky friends.",,2026-05-17T16:57:37.365268
150293,Ouran High School Host Club,Ouran High School Host Club,21.05,9.1,11173,2006-09-01,"[""Japan""]",[18],"New student Haruhi stumbles on the Ouran High School Host Club, an all-male group that makes money by entertaining the girls of the school.",,2026-05-17T16:57:37.365434
150294,Racket Boys,Racket Boys,225.22,6.9,611,2021-09-01,"[""US""]",[18],A city kid is brought to the countryside by his father's new coaching gig: reviving a ragtag middle school badminton team on the brink of extinction.,,2026-05-17T16:57:37.365614
150295,The Adventures of Sonic the Hedgehog,The Adventures of Sonic the Hedgehog,94.19,7.2,3509,1993-09-01,"[""United States""]",[18],"Hyper hedgehog Sonic and his cohort Miles ""Tails"" Prower defend the planet Mobius against Dr. Robotnik and his evil schemes in this animated series.",,2026-05-17T16:57:37.365827
150296,The Platform,The Platform,19.27,7.4,3482,2021-09-01,"[""United Arab Emirates""]",[18],"A programming genius builds a fact-finding, truth-seeking internet portal while reckoning with trouble at home.",,2026-05-17T16:57:37.365993
150297,Dirty John,Dirty John,112.72,6.8,8220,2020-09-01,"[""United States""]",[18],Businesswoman Debra Newell's life unravels when she falls for the lies and manipulation of con man John Meehan. Based on the true-crime podcast.,,2026-05-17T16:57:37.366170
150298,The Kominsky Method,The Kominsky Method,5.49,6.1,987,2021-09-01,"[""United States""]",[18],Acting coach Sandy Kominsky and best friend Norman Newlander keep each other laughing as they navigate the ups and downs of getting older.,,2026-05-17T16:57:37.366323
150299,The Least Expected Day: Inside the Movistar Team 2019,The Least Expected Day: Inside the Movistar Team 2019,410.21,7.0,3949,2021-09-01,"[""US""]",[18],"Pro cycling’s Movistar Team sets their sights on victory while on the road as they face challenges, controversy and internal conflict.",,2026-05-17T16:57:37.366464
150300,Word of Honor,Word of Honor,64.93,6.8,1489,2021-09-01,"[""US""]",[18],"A disillusioned royal magistrate sets out for the martial arts world, where he encounters a bosom friend and becomes entangled in a conspiracy.",,2026-05-17T16:57:37.369971
150301,Black Space,Black Space,50.07,3.9,6856,2021-09-01,"[""Israel""]",[18],A rogue detective with unorthodox means leads an investigation into a massacre committed by unicorn mask-wearing assassins at an Israeli high school.,,2026-05-17T16:57:37.370322
150302,Eden,Eden,5.93,5.0,3757,2021-09-01,"[""US""]",[18],"A human girl secretly raised by robots starts to uncover the dark secrets behind her lush, utopian world where humanity has all but vanished.",,2026-05-17T16:57:37.370488
150303,Ragnarok,Ragnarok,325.46,5.9,4869,2021-09-01,"[""Norway""]",[18],"In a Norwegian town poisoned by pollution and rattled by melting glaciers, the End Times feel all too real. It’ll take a legend to battle an old evil.",,2026-05-17T16:57:37.371148
150304,High on the Hog: How African American Cuisine Transformed America,High on the Hog: How African American Cuisine Transformed America,47.83,5.1,8427,2021-09-01,"[""US""]",[18],"Black food is American food. Chef and writer Stephen Satterfield traces the delicious, moving throughlines from Africa to Texas in this docuseries.",,2026-05-17T16:57:37.371399
150305,JoJo's Bizarre Adventure,JoJo's Bizarre Adventure,53.94,7.8,2588,2016-09-01,"[""Japan""]",[18],Multiple generations of the Joestar family – all with the same nickname – confront supernatural villains through a series of time periods.,,2026-05-17T16:57:37.373725
150306,Mad for Each Other,Mad for Each Other,59.23,6.6,2107,2021-09-01,"[""US""]",[18],"Bothered to realize they are next-door neighbors and share a psychiatrist, a man and a woman find it's impossible to stay out of each other's way.",,2026-05-17T16:57:37.374054
150307,Master of None,Master of None,234.25,9.7,3247,2021-09-01,"[""United States""]",[18],Dev tries to jump-start his acting career and elevate his dating game with help from his eclectic group of friends in this award-winning series.,,2026-05-17T16:57:37.374281
150308,Jurassic World Camp Cretaceous,Jurassic World Camp Cretaceous,38.87,6.4,4260,2021-09-01,"[""United States""]",[18],Six teens invited to attend a state-of-the-art adventure camp on Isla Nublar must band together to survive when the dinosaurs break out of captivity.,,2026-05-17T16:57:37.374452
150309,The Neighbor,The Neighbor,60.56,6.8,2700,2021-09-01,"[""Spain""]",[18],Self-centered Javier's life gets a bit messy when he unexpectedly becomes a superhero – and his recent ex is tasked with uncovering his identity.,,2026-05-17T16:57:37.374956
150310,Special,Special,31.72,7.8,8981,2021-09-01,"[""United States""]",[18],A young gay man with cerebral palsy branches out from his insular existence in hopes of finally going after the life he wants.,,2026-05-17T16:57:37.375219
150311,The Magic School Bus,The Magic School Bus,85.0,6.8,3527,1997-09-01,"[""Canada""]",[18],"Join Ms. Frizzle as the Magic School Bus travels to outer space, under the sea, through an anthill – and even inside the human body!",,2026-05-17T16:57:37.375414
150312,Who Killed Sara?,Who Killed Sara?,36.69,8.2,7480,2021-09-01,"[""Mexico""]",[18],"Hell-bent on exacting revenge and proving he was framed for his sister's murder, Álex sets out to unearth much more than the crime's real culprit.",,2026-05-17T16:57:37.375727
150313,Booba: Food Puzzle,Booba: Food Puzzle,77.47,7.5,3049,2021-09-01,"[""United Kingdom""]",[18],"Curious Booba is now a chef! With friends Loola and Spike, he creates tasty treats with delightful designs using fruits, vegetables and other food.",,2026-05-17T16:57:37.375992
150314,Alma Matters,Alma Matters,227.22,5.3,7615,2021-09-01,"[""India""]",[18],"Alumni of India’s elite academic institutes share the harsh realities, pleasant surprises and transformative journeys of their college experiences.",,2026-05-17T16:57:37.376187
150315,Halston,Halston,99.37,4.1,710,2021-09-01,"[""United States""]",[18],His name built an empire. His style defined an era. American fashion designer Halston skyrockets to fame before his life starts to spin out of control.,,2026-05-17T16:57:37.376355
150316,Haunted,Haunted,177.17,5.8,5212,2021-09-01,"[""United States""]",[10764],"Real people sit down with friends and family to share terrifying true stories from their past, re-created through chilling re-enactments.",,2026-05-17T16:57:37.376504
150317,"Love, Death & Robots","Love, Death & Robots",124.4,4.7,7029,2021-09-01,"[""United States""]",[18],"Terrifying creatures, wicked surprises and dark comedy converge in this NSFW anthology of animated stories presented by Tim Miller and David Fincher.",,2026-05-17T16:57:37.378861
150318,Move to Heaven,Move to Heaven,59.63,6.0,6742,2021-09-01,"[""South Korea""]",[18],"Finding life in all that’s left behind, a detail-oriented trauma cleaner and his estranged uncle deliver untold stories of the departed to loved ones.",,2026-05-17T16:57:37.379098
150319,The Mystic River,The Mystic River,47.55,7.1,907,2020-09-01,"[""US""]",[18],"As pregnant women vanish in a remote Nigerian village over decades, a doctor with child finds herself extremely close to uncovering dangerous secrets.",,2026-05-17T16:57:37.379255
150320,Castlevania,Castlevania,48.93,8.9,2784,2021-09-01,"[""United States""]",[18],A vampire hunter fights to save a besieged city from an army of otherworldly beasts controlled by Dracula himself. Inspired by the classic video games.,,2026-05-17T16:57:37.379396
150321,The Upshaws,The Upshaws,60.93,5.2,2122,2021-09-01,"[""United States""]",[18],A working-class Black family in Indiana strives for a better life and a happy home while juggling everyday struggles in this comedy series.,,2026-05-17T16:57:37.379528
150322,Use For My Talent,Use For My Talent,234.29,7.9,797,2021-09-01,"[""US""]",[18],"When the germophobic owner of a cleaning company encounters a slovenly employee, a romance blossoms as they help one another heal from their pasts.",,2026-05-17T16:57:37.379751
150323,"Money, Explained","Money, Explained",52.46,7.4,7173,2021-09-01,"[""United States""]",[18],"We spend it, borrow it and save it. Now let's talk about money and its many minefields, from credit cards to casinos, scammers to student loans.",,2026-05-17T16:57:37.382948
150324,Mine,Mine,44.98,6.9,1998,2021-09-01,"[""South Korea""]",[18],"Encaged in a gold-clad life of secrets and lies, two women in a conglomerate family seek to topple all that stands in their way of finding true joy.",,2026-05-17T16:57:37.383257
150325,Jupiter's Legacy,Jupiter's Legacy,22.97,5.1,2682,2021-09-01,"[""United States""]",[18],"They're the first generation of superheroes. But as they pass the torch to their children, tensions are rising — and the old rules no longer apply.",,2026-05-17T16:57:37.383442
150326,Sab Jholmaal Hai,Sab Jholmaal Hai,127.4,6.2,4875,2017-09-01,"[""India""]",[18],"In this madcap comedy, two mischievous cats, a talking parrot and a high-strung dog keep getting into trouble while their human is away.",,2026-05-17T16:57:37.383783
150327,Lava Ka Dhaava,Lava Ka Dhaava,64.93,6.6,4845,2021-09-01,"[""India""]",[10764],Actor Jaaved Jaafferi brings his signature humor to this Hindi dubbing of the show where teams creatively navigate rooms flooded with make-believe lava.,,2026-05-17T16:57:37.384222
150328,The Sons of Sam: A Descent into Darkness,The Sons of Sam: A Descent into Darkness,55.42,6.5,3780,2021-09-01,"[""United States""]",[18],"The Son of Sam case grew into a lifelong obsession for journalist Maury Terry, who became convinced that the murders were linked to a satanic cult.",,2026-05-17T16:57:37.384466
150329,Selena: The Series,Selena: The Series,6.72,6.6,2289,2020-09-01,"[""Mexico""]",[18],Iconic Mexican-American performer Selena rises to fame as she and her family make sacrifices in order to achieve their lifelong dreams.,,2026-05-17T16:57:37.386899
150330,StartUp,StartUp,115.61,7.2,5165,2018-09-01,"[""United States""]",[18],An attempt to launder stolen money finances a cryptocurrency that puts entrepreneurs in business with a corrupt FBI agent and a Miami gang.,,2026-05-17T16:57:37.387216
150331,Trash Truck,Trash Truck,144.38,7.1,1504,2021-09-01,"[""US""]",[18],"Six-year old Hank and his best pal, a giant trash truck, explore the world around them on fantastical adventures with their animal friends.",,2026-05-17T16:57:37.387389
150332,Angelina Ballerina,Angelina Ballerina,52.34,7.5,4841,2010-09-01,"[""US""]",[18],"Angelina is crazy about ballet dancing, even though she's a young mouse, and studies hard with a famous teacher to become a prima ballerina.",,2026-05-17T16:57:37.387531
150333,Barney and Friends,Barney and Friends,63.46,6.8,3663,2010-09-01,"[""US""]",[18],"Barney the purple dinosaur, Baby Bop and B.J. are still bringing smiles to kids' faces with their nonstop adventures, stories, games and guests.",,2026-05-17T16:57:37.388007
150334,Miniforce: Super Dino Power,Miniforce: Super Dino Power,385.32,7.0,2157,2020-09-01,"[""US""]",[18],Animals with special powers transform into superheroes with robot dinosaurs to protect peace on Earth from menacing villains.,,2026-05-17T16:57:37.388467
150335,Pet Stars,Pet Stars,384.91,4.9,7142,2021-09-01,"[""US""]",[10764],Follow talent management company Pets on Q as they work with the biggest animal influencers on social media in this reality series.,,2026-05-17T16:57:37.390944
150336,The Innocent,The Innocent,129.14,5.7,1176,2021-09-01,"[""US""]",[18],"An accidental killing leads a man down a dark hole of intrigue and murder. Just as he finds love and freedom, one phone call brings back the nightmare.",,2026-05-17T16:57:37.391227
150337,The Unremarkable Juanquini,The Unremarkable Juanquini,100.79,3.9,7000,2021-09-01,"[""US""]",[18],An inept magician pulls off the trick of his life: accidentally disappearing a wanted criminal during a police raid. Now he's going to pay for that.,,2026-05-17T16:57:37.391402
150338,Yasuke,Yasuke,334.82,5.0,10338,2021-09-01,"[""US""]",[18],A peaceful boatman once known as the Black Samurai is pulled back into conflict when he takes a little girl with mysterious powers under his wing.,,2026-05-17T16:57:37.391608
150339,Headspace Guide to Sleep,Headspace Guide to Sleep,18.76,6.4,2017,2021-09-01,"[""US""]",[18],"Learn how to sleep better with Headspace. Each episode unpacks misconceptions, offers friendly tips and concludes with a guided wind-down.",,2026-05-17T16:57:37.392240
150340,Sexify,Sexify,329.88,7.8,3919,2021-09-01,"[""Poland""]",[18],"To build an innovative sex app and win a tech competition, a sexually inexperienced student and her friends must explore the daunting world of intimacy.",,2026-05-17T16:57:37.392661
150341,Fatma,Fatma,197.4,6.2,508,2021-09-01,"[""Turkey""]",[18],"Reeling from tragedy, a nondescript house cleaner embarks on a murderous streak as she searches for her missing husband and reckons with old wounds.",,2026-05-17T16:57:37.392911
150342,Let's Fight Ghost,Let's Fight Ghost,296.85,7.1,2588,2021-09-01,"[""Thailand""]",[18],"A med student with a supernatural gift tries to cash in on his abilities by facing off against ghosts, till a wandering spirit brings romance instead.",,2026-05-17T16:57:37.393176
150343,Shadow and Bone,Shadow and Bone,113.49,5.8,5465,2021-09-01,"[""United States""]",[18],Dark forces conspire against orphan mapmaker Alina Starkov when she unleashes an extraordinary power that could change the fate of her war-torn world.,,2026-05-17T16:57:37.393412
150344,Life in Color with David Attenborough,Life in Color with David Attenborough,125.42,3.6,6037,2021-09-01,"[""Australia""]",[18],"Using innovative technology, this docuseries explores nature from a fresh perspective as animals use color to survive and thrive in the wild.",,2026-05-17T16:57:37.394927
150345,Zero,Zero,201.65,9.1,1765,2021-09-01,"[""Italy""]",[18],"A shy teen with the power to turn invisible must get it under control to help defend his neighborhood, putting aside the pursuit of his artistic dream.",,2026-05-17T16:57:37.395240
150346,Izzy's Koala World,Izzy's Koala World,2.72,7.0,634,2021-09-01,"[""Australia""]",[18],Young koala caretaker Izzy Bee and her family rescue cuddly creatures in need and help them head back into the wild on Australia’s Magnetic Island.,,2026-05-17T16:57:37.395431
150347,Luis Miguel - The Series,Luis Miguel - The Series,49.74,6.1,7432,2021-09-01,"[""Mexico""]",[18],"This series dramatizes the life story of Mexican superstar singer Luis Miguel, who has captivated audiences in Latin America and beyond for decades.",,2026-05-17T16:57:37.395650
150348,PJ Masks,PJ Masks,83.71,5.2,3294,2019-09-01,"[""France""]",[18],"Three 6-year-old kids who live normal lives during the day become superheroes at night, fighting crime as a team known as PJ Masks.",,2026-05-17T16:57:37.395864
150349,Bakugan: Geogan Rising,Bakugan: Geogan Rising,288.72,6.6,1888,2021-09-01,"[""US""]",[18],"The Awesome Brawlers band together to fight off a powerful enemy determined to break the bond between Earth and Vestroia, the Bakugan's home planet.",,2026-05-17T16:57:37.396017
150350,Love Naggers,Love Naggers,149.11,6.3,9681,2021-09-01,"[""South Korea""]",[18],"From the quirky to the scandalous, any relationship is fair game for a panel of love experts who comb over text messages and revel in reenactments.",,2026-05-17T16:57:37.396168
150351,Dancing Angels,Dancing Angels,407.29,4.8,3721,2016-09-01,"[""US""]",[18],"A group of aspiring young musicians yearn for stardom while navigating the ups and downs of friendship, romance, and life at school.",,2026-05-17T16:57:37.396283
150352,Durarara!!,Durarara!!,121.13,8.7,6984,2016-09-01,"[""Japan""]",[18],"A young man looking for excitement moves to Ikebukuro, a district in Tokyo, where he finds a world of mystery in which the past and present mesh.",,2026-05-17T16:57:37.396418
150353,Garth Brooks: The Road I’m On,Garth Brooks: The Road I’m On,386.41,5.6,7801,2019-09-01,"[""United States""]",[18],"Revealing interviews and archive footage tell the story of Garth Brooks' humble beginnings, rise to fame and unprecedented impact on country music.",,2026-05-17T16:57:37.399177
150354,Gilmore Girls,Gilmore Girls,46.12,7.3,8826,2006-09-01,"[""United States""]",[18],"Fiercely independent single mom Lorelai raises gifted, Ivy League-bound daughter Rory amid a continual stream of quick-witted repartee.",,2026-05-17T16:57:37.399458
150355,High-Rise Invasion,High-Rise Invasion,218.67,8.2,3702,2021-09-01,"[""Japan""]",[18],"High schooler Yuri finds herself atop a skyscraper in a strange world, where she must survive against masked assailants bent on killing their prey.",,2026-05-17T16:57:37.399660
150356,Next in Fashion,Next in Fashion,59.56,6.6,2899,2020-09-01,"[""United States""]",[10764],"Talented designers from around the world compete for $250,000 and the chance to become the next big thing in fashion.",,2026-05-17T16:57:37.399822
150357,Peasants Rebellion,Peasants Rebellion,199.03,4.3,3013,2018-09-01,"[""Lebanon""]",[18],"In feudalistic Lebanon, farmers revolt against the nobility under the leadership of a revolutionary figure who champions the oppressed.",,2026-05-17T16:57:37.399962
150358,Power Players,Power Players,110.48,6.6,7339,2020-09-01,"[""United States""]",[18],A kid transforms into an action figure-sized superhero and teams with his toys in a fight against a villainous robot to save the world.,,2026-05-17T16:57:37.401411
150359,Ricky Zoom,Ricky Zoom,226.47,5.2,5513,2019-09-01,"[""China""]",[18],Race along with Ricky Zoom and his loyal Bike Buddies as they zip around their two-wheeled town of Wheelford on rescue missions and learn speedy stunts!,,2026-05-17T16:57:37.401693
150360,Sonic X,Sonic X,62.66,5.7,2557,2003-09-01,"[""Japan""]",[18],"A mission gone awry transports Sonic the Hedgehog, his friends, Dr. Eggman and the Chaos Emeralds to another dimension: Earth.",,2026-05-17T16:57:37.401917
150361,Ajaibnya Cinta,Ajaibnya Cinta,231.94,3.6,3553,2015-09-01,"[""US""]",[18],"Upon returning home from his studies abroad, young grad Akif finds himself involved with four women in this continuation of the series ""Spain Uoolss.""",,2026-05-17T16:57:37.402053
150362,Dad Stop Embarrassing Me!,Dad Stop Embarrassing Me!,190.7,7.4,9971,2021-09-01,"[""United States""]",[18],A single dad and cosmetics brand owner figures out fatherhood on the fly when his strong-minded teen daughter moves in with him.,,2026-05-17T16:57:37.402203
150363,Fate: The Winx Saga,Fate: The Winx Saga,109.96,5.6,2533,2021-09-01,"[""Italy""]",[18],"Determined to master their enchanting powers, a group of teens navigate rivalry, romance and supernatural studies at Alfea, a magical boarding school.",,2026-05-17T16:57:37.402332
150364,House of Cards,House of Cards,52.94,6.3,591,2018-09-01,"[""United States""]",[18],"A ruthless politician will stop at nothing to conquer Washington, D.C., in this Emmy and Golden Globe-winning political drama.",,2026-05-17T16:57:37.402452
150365,Indian Matchmaking,Indian Matchmaking,282.14,5.7,2887,2020-09-01,"[""United States""]",[10764],"Matchmaker Sima Taparia guides clients in the U.S. and India in the arranged marriage process, offering an inside look at the custom in a modern era.",,2026-05-17T16:57:37.405314
150366,Jeffrey Epstein: Filthy Rich,Jeffrey Epstein: Filthy Rich,216.22,6.9,2046,2020-09-01,"[""United States""]",[18],Stories from survivors fuel this docuseries examining how convicted sex offender Jeffrey Epstein used his wealth and power to carry out his abuses.,,2026-05-17T16:57:37.405628
150367,Law School,Law School,107.55,7.7,6684,2021-09-01,"[""South Korea""]",[18],"When a grim incident occurs at their prestigious school, justice through law is put to a test by a tough law professor and his ambitious students.",,2026-05-17T16:57:37.406046
150368,Living with Yourself,Living with Yourself,263.03,5.6,5255,2019-09-01,"[""United States""]",[18],"Burned out on life, Miles undergoes a strange procedure at a strip mall spa – and wakes to find he's been replaced by a better version of himself.",,2026-05-17T16:57:37.406293
150369,Signal,Signal,282.0,5.9,672,2016-09-01,"[""South Korea""]",[18],"Communicating via a walkie-talkie that transcends time, a profiler from 2015 and a detective from 1989 join forces to tackle crimes and injustice.",,2026-05-17T16:57:37.406478
150370,Slasher,Slasher,143.5,3.4,1066,2019-09-01,"[""Canada""]",[18],Rampaging serial killers leave carnage in their wake as their next victims fight to stay alive in this horror anthology series.,,2026-05-17T16:57:37.408864
150371,The Underclass,The Underclass,109.38,10.2,1577,2020-09-01,"[""Thailand""]",[18],"After getting dropped from an elite program, a student gets tangled in the affairs of a high school gang while trying to find her own identity.",,2026-05-17T16:57:37.409163
150372,Unnatural Selection,Unnatural Selection,114.65,5.6,10398,2019-09-01,"[""United States""]",[18],"From eradicating disease to selecting a child’s traits, gene editing gives humans the chance to hack biology. Meet the real people behind the science.",,2026-05-17T16:57:37.409370
150373,My Love: Six Stories of True Love,My Love: Six Stories of True Love,60.56,6.3,8743,2021-09-01,"[""United States""]",[18],Six longtime couples in different parts of the world share their decades-long love in these tender portraits filmed over the course of one year.,,2026-05-17T16:57:37.409527
150374,The Baker and the Beauty,The Baker and the Beauty,118.8,6.5,1080,2020-09-01,"[""Israel""]",[18],"A Miami baker and a fashionista try to make romance work despite the heat they face from jealous exes, prying family members and invasive paparazzi.",,2026-05-17T16:57:37.410022
150375,"Nicky, Ricky, Dicky & Dawn","Nicky, Ricky, Dicky & Dawn",32.02,4.6,6076,2018-09-01,"[""United States""]",[18],"Just because they're quadruplets, that doesn't mean these 10-year-olds always get along. But for all the bickering, they're loyal to the last.",,2026-05-17T16:57:37.410484
150376,Don't be the First one,Don't be the First one,94.92,8.0,2653,2021-09-01,"[""US""]",[10764],"Is marriage just better between funny people? Revealing their day-to-day lives, celebrity comedian couples explore the bonds that keep them together.",,2026-05-17T16:57:37.410852
150377,Heaven Official's Blessing,Heaven Official's Blessing,64.62,4.4,6824,2020-09-01,"[""China""]",[18],"Banished to the mortal realm to exorcise ghosts, a deity must reckon with a demon and soon uncovers a dark secret behind the heavenly gods.",,2026-05-17T16:57:37.411048
150378,The Way of the Househusband,The Way of the Househusband,31.52,4.2,3324,2021-09-01,"[""Japan""]",[18],"After disappearing from the underworld, the legendary yakuza Tatsu, ""the Immortal Dragon,"" resurfaces — as a fiercely devoted stay-at-home husband.",,2026-05-17T16:57:37.414176
150379,The Big Day,The Big Day,77.31,4.8,7239,2021-09-01,"[""India""]",[10764],"For six engaged couples, happily ever after begins on a spectacular note in this eye-popping look at India’s multibillion-dollar wedding industry.",,2026-05-17T16:57:37.414629
150380,The Wedding Coach,The Wedding Coach,87.86,7.6,6445,2021-09-01,"[""US""]",[10764],Former bride and forever comedian Jamie Lee shares her irreverent yet practical tips and tricks for wedding planning with struggling lovebirds.,,2026-05-17T16:57:37.414848
150381,This Is a Robbery: The World's Biggest Art Heist,This Is a Robbery: The World's Biggest Art Heist,141.14,6.6,3193,2021-09-01,"[""US""]",[18],"In 1990, two men dressed as cops con their way into a Boston museum and steal a fortune in art. Take a deep dive into this daring and notorious crime.",,2026-05-17T16:57:37.415007
150382,Glimpses of a Future,Glimpses of a Future,282.59,6.0,1932,2020-09-01,"[""US""]",[18],"This docuseries celebrates the virtual collaborations between a group of artists, dancers and writers from around the world during the pandemic.",,2026-05-17T16:57:37.415173
150383,Magical Andes,Magical Andes,249.86,6.7,2903,2021-09-01,"[""Uruguay""]",[18],"From Argentina to Colombia, this stunning documentary follows five characters who share their deep connection to South America's majestic mountains.",,2026-05-17T16:57:37.415367
150384,Murder Maps,Murder Maps,172.3,6.0,8004,2017-09-01,"[""United Kingdom""]",[18],Dramatic reenactments paired with archival sources artfully illustrate how police brought some of Britain's most infamous killers to justice.,,2026-05-17T16:57:37.415508
150385,Prank Encounters,Prank Encounters,96.3,7.2,10537,2021-09-01,"[""United States""]",[10764],Monstrous frights meet hilarious reveals on this hidden-camera prank show as real people become the stars of their own full-blown horror movie.,,2026-05-17T16:57:37.415755
150386,Secrets of Great British Castles,Secrets of Great British Castles,62.75,7.9,2408,2016-09-01,"[""United Kingdom""]",[18],Join historian Dan Jones on a journey back in time to the zenith of Britain's most iconic structures and their infamous inhabitants.,,2026-05-17T16:57:37.415979
150387,Worn Stories,Worn Stories,58.92,6.8,3363,2021-09-01,"[""United States""]",[10764],"In this funny, heartfelt and moving docuseries, real people unpack the fascinating and quirky stories around their most meaningful pieces of clothing.",,2026-05-17T16:57:37.416175
150388,Haunted: Latin America,Haunted: Latin America,158.86,6.0,316,2021-09-01,"[""United States""]",[10764],"Real people's terrifying tales of the chilling, unexplained and paranormal come to life with dramatic reenactments in this reality series.",,2026-05-17T16:57:37.416365
150389,Robocar Poli,Robocar Poli,293.83,8.7,5140,2015-09-01,"[""South Korea""]",[18],"When disaster strikes in Brooms Town, police car Robocar Poli, fire truck Robotruck Roy and their friends on the rescue team race to save the day.",,2026-05-17T16:57:37.416528
150390,Yu-Gi-Oh!,Yu-Gi-Oh!,560.52,7.2,3349,2005-09-01,"[""Japan""]",[18],"The lives of young Yugi Moto and his friends Joey, Tristan, and Téa are forever changed when a fantasy card game becomes their reality.",,2026-05-17T16:57:37.418833
150391,Rainbow High,Rainbow High,163.17,3.6,1523,2020-09-01,"[""United States""]",[18],"The popular fashion dolls come to life in this animated series as they let their talents and true colors shine at the visual arts school, Rainbow High.",,2026-05-17T16:57:37.419053
150392,Big Time Rush,Big Time Rush,148.65,5.3,6009,2013-09-01,"[""United States""]",[18],"After a talent agent discovers four talented pals and turns them into a boy band called Big Time Rush, they must adjust to their exciting new lives.",,2026-05-17T16:57:37.419728
150393,Magic for Humans Spain,Magic for Humans Spain,346.13,6.5,5608,2021-09-01,"[""Spain""]",[10764],"In this Spanish adaptation of ""Magic for Humans,"" folks of all ages on the streets of Barcelona are amazed by tricks that inspire delight and wonder.",,2026-05-17T16:57:37.419958
150394,The Irregulars,The Irregulars,128.19,8.6,1082,2021-09-01,"[""United Kingdom""]",[18],"A crew of misfits investigates a series of supernatural crimes in Victorian London for Dr. Watson and his shadowy associate, Sherlock Holmes.",,2026-05-17T16:57:37.420155
150395,DOTA: Dragon's Blood,DOTA: Dragon's Blood,303.47,5.9,6099,2021-09-01,"[""United States""]",[18],A conflicted yet courageous Dragon Knight must use the power of the dragon within to stop a deadly demon in this epic fantasy based on the online game.,,2026-05-17T16:57:37.420343
150396,Pui Pui Molcar,Pui Pui Molcar,130.81,5.9,8911,2021-09-01,"[""Japan""]",[18],They’re guinea pigs! And they’re cars! The fuzzy and adorable molcars have lots of fun adventures in this delightful stop-motion animation.,,2026-05-17T16:57:37.420490
150397,Men on a Mission,Men on a Mission,279.43,5.5,3526,2021-09-01,"[""South Korea""]",[18],"Male celebs play make-believe as high schoolers, welcoming star transfer students every week and engaging in battles of witty humor and slapstick.",,2026-05-17T16:57:37.423860
150398,Navillera,Navillera,97.98,8.2,3450,2021-09-01,"[""South Korea""]",[18],A 70-year-old with a dream and a 23-year-old with a gift lift each other out of harsh realities and rise to the challenge of becoming ballerinos.,,2026-05-17T16:57:37.424191
150399,Mighty Morphin Power Rangers,Mighty Morphin Power Rangers,60.17,7.0,2591,2010-09-01,"[""United States""]",[18],"Five average teens are chosen by an intergalactic wizard to become the Power Rangers, who must use their new powers to fight the evil Rita Repulsa.",,2026-05-17T16:57:37.424397
150400,Alien TV,Alien TV,489.43,6.3,1690,2021-09-01,"[""US""]",[18],"Alien reporters Ixbee, Pixbee and Squee travel to a lovely but odd planet called Earth, where they attempt to make sense of humans and their hobbies.",,2026-05-17T16:57:37.426703
150401,Country Comfort,Country Comfort,70.88,3.1,4263,2021-09-01,"[""United States""]",[18],"After hitting the skids in her career, an aspiring country singer finds new life as a nanny for a handsome widower and his five charming children.",,2026-05-17T16:57:37.427128
150402,Formula 1: Drive to Survive,Formula 1: Drive to Survive,225.39,6.3,5044,2021-09-01,"[""United Kingdom""]",[18],"Drivers, managers and team owners live life in the fast lane – both on and off the track – during one cutthroat season of Formula 1 racing.",,2026-05-17T16:57:37.427410
150403,B: The Beginning,B: The Beginning,6.48,7.3,6440,2021-09-01,"[""Japan""]",[18],"Genius investigator Keith Flick rejoins the royal police force just as serial killer ""B"" emerges. Mysterious youth Koku may be an ally, or a target.",,2026-05-17T16:57:37.427597
150404,Under Suspicion: Uncovering the Wesphael Case,Under Suspicion: Uncovering the Wesphael Case,487.09,6.5,4992,2021-09-01,"[""Belgium""]",[18],"This docuseries follows the high-profile case of Belgian politician Bernard Wesphael, who was accused of murdering his wife in 2013.",,2026-05-17T16:57:37.427754
150405,Waffles + Mochi,Waffles + Mochi,57.69,7.9,389,2021-09-01,"[""United States""]",[18],Curious puppet pals Waffles and Mochi travel the world exploring the wonders of food and culture while learning how to cook with fresh ingredients.,,2026-05-17T16:57:37.427893
150406,Abla Fahita: Drama Queen,Abla Fahita: Drama Queen,170.52,7.6,4561,2021-09-01,"[""Egypt""]",[18],"Falsely incriminated, Abla Fahita is separated from her kids, but the self-indulgent diva will stop at nothing to redeem herself and reunite her family.",,2026-05-17T16:57:37.428021
150407,The Lost Pirate Kingdom,The Lost Pirate Kingdom,34.17,7.2,10858,2021-09-01,"[""United States""]",[18],The real-life pirates of the Caribbean violently plunder the world's riches and form a surprisingly egalitarian republic in this documentary series.,,2026-05-17T16:57:37.428177
150408,Zero Chill,Zero Chill,31.04,7.6,589,2021-09-01,"[""United Kingdom""]",[18],"Talented teen figure skater Kayla is forced to leave everything behind when her family follows her twin brother, Mac, to a prestigious hockey academy.",,2026-05-17T16:57:37.428320
150409,Love Alarm,Love Alarm,132.62,7.3,4517,2021-09-01,"[""South Korea""]",[18],"In a world where an app alerts people if someone in the vicinity likes them, Kim Jojo experiences young love while coping with personal adversities.",,2026-05-17T16:57:37.428493
150410,Paradise PD,Paradise PD,18.31,5.5,2979,2021-09-01,"[""United States""]",[18],"An eager young rookie joins the ragtag small-town police force led by his dad as they bumble, squabble and snort their way through a big drug case.",,2026-05-17T16:57:37.428648
150411,The One,The One,573.53,5.1,3008,2021-09-01,"[""United Kingdom""]",[18],"Love — and lies — spiral when a DNA researcher helps discover a way to find the perfect partner, and creates a bold new matchmaking service.",,2026-05-17T16:57:37.428780
150412,Dealer,Dealer,176.12,5.5,4889,2021-09-01,"[""France""]",[18],Tensions erupt when two filmmakers infiltrate an area ruled by gangs to shoot a music video for a rapper in this gritty found-footage series.,,2026-05-17T16:57:37.428887
150413,Last Chance U: Basketball,Last Chance U: Basketball,107.64,6.2,1738,2021-09-01,"[""US""]",[18],“Last Chance U” hits the hardwood in East Los Angeles as a coach with strong convictions leads young men who hope to fulfill major college potential.,,2026-05-17T16:57:37.428995
150414,Marriage or Mortgage,Marriage or Mortgage,17.74,7.8,7562,2021-09-01,"[""US""]",[10764],A wedding planner and a real estate agent compete to win the hearts and budgets of spouses-to-be. Will they pick fairy-tale nuptials or a dream home?,,2026-05-17T16:57:37.429123
150415,The Houseboat,The Houseboat,223.73,6.9,7460,2021-09-01,"[""Germany""]",[18],"With plenty of passion and little know-how, two musicians undertake a daunting project: turn a late singer's houseboat into a creative musical space.",,2026-05-17T16:57:37.429252
150416,Bombay Begums,Bombay Begums,263.33,5.8,4725,2021-09-01,"[""India""]",[18],"From boardrooms to society's margins, five ambitious women from various walks of life navigate dreams, desires and disappointments in modern Mumbai.",,2026-05-17T16:57:37.429371
150417,My Way,My Way,58.71,2.9,4871,2015-09-01,"[""Egypt""]",[18],"In the 1970s, an aspiring singer struggles to prove herself in the face of challenges posed by her strict upbringing and romantic choices.",,2026-05-17T16:57:37.429492
150418,City of Ghosts,City of Ghosts,54.95,7.4,7604,2021-09-01,"[""United States""]",[18],"Meet the Ghost Club! Their adventures take them all around Los Angeles as they interview ghosts, solve problems and learn about their city's history.",,2026-05-17T16:57:37.430846
150419,Nevenka: Breaking the Silence,Nevenka: Breaking the Silence,209.64,9.3,7622,2021-09-01,"[""Spain""]",[18],"Nevenka Fernández, the plaintiff in Spain's first successful lawsuit against a politician for sexual harassment, breaks her silence after 20 years.",,2026-05-17T16:57:37.431050
150420,Pokémon Journeys: The Series,Pokémon Journeys: The Series,12.43,6.9,5436,2021-09-01,"[""US""]",[18],"Young trainer Ash and his new friend Goh become research fellows at Professor Cerise's laboratory, traveling all over the world to learn about Pokémon.",,2026-05-17T16:57:37.431228
150421,Pacific Rim: The Black,Pacific Rim: The Black,205.65,7.4,4647,2021-09-01,"[""United States""]",[18],"After Kaiju ravage Australia, two siblings pilot a Jaeger to search for their parents, encountering new creatures, seedy characters and chance allies.",,2026-05-17T16:57:37.431361
150422,Murder Among the Mormons,Murder Among the Mormons,167.15,4.8,1454,2021-09-01,"[""United States""]",[18],High-stakes exploits turn deadly — and shake a global church to its core — in this extraordinary true crime story.,,2026-05-17T16:57:37.431479
150423,Word Party,Word Party,345.37,6.7,3790,2021-09-01,"[""United States""]",[18],"Meet Bailey, Franny, Kip and Lulu. They're adorable baby animals, and they want you to join the party and help them learn!",,2026-05-17T16:57:37.431633
150424,A Perfect Day For Arsenide,A Perfect Day For Arsenide,394.7,6.0,6420,2019-09-01,"[""US""]",[18],"An eclectic group of people encounters zany situations in this anthology of surreal, offbeat tales from Hong Kong. Based on Mr. Pizza's hit novel.",,2026-05-17T16:57:37.431754
150425,TIGER & BUNNY,TIGER & BUNNY,24.91,6.5,4298,2011-09-01,"[""Japan""]",[18],"In an alternate New York City protected by a band of superheroes called NEXT, veteran Wild Tiger is forced to team up with rookie Barnaby Brooks Jr.",,2026-05-17T16:57:37.431872
150426,El final del paraíso,El final del paraíso,65.9,7.7,4495,2019-09-01,"[""United States""]",[18],"In Colombia, the DEA's new director targets a gang of dealers pushing a powerful drug while contending with an enemy who possesses a deep network.",,2026-05-17T16:57:37.431989
150427,Sin senos sí hay paraíso,Sin senos sí hay paraíso,101.79,8.2,1520,2018-09-01,"[""United States""]",[18],"Born into a small town controlled by the mafia, an irate young woman seeks revenge on the forces that tore apart and wrongfully imprisoned her family.",,2026-05-17T16:57:37.432126
150428,The Last Bastion,The Last Bastion,138.86,6.9,4793,2018-09-01,"[""US""]",[18],"The Robles family, born and raised in the Americas, experiences the highs and lows of the revolutionary drive to Peru's independence.",,2026-05-17T16:57:37.432245
150429,Age of Samurai: Battle for Japan,Age of Samurai: Battle for Japan,161.23,9.2,912,2021-09-01,"[""United States""]",[18],Dynamic reenactments and expert commentaries bring to life the tumultuous history and power struggles of a warring 16th-century feudal Japan.,,2026-05-17T16:57:37.432362
150430,Canine Intervention,Canine Intervention,44.02,9.5,1144,2021-09-01,"[""United States""]",[10764],"No dog, no breed, no behavior is unfixable for Cali K9's Jas Leverette. Follow the Oakland dog trainer as he works with a range of canines and owners.",,2026-05-17T16:57:37.432476
150431,Ginny & Georgia,Ginny & Georgia,69.77,5.7,2435,2021-09-01,"[""United States""]",[18],"Free-spirited Georgia and her two kids, Ginny and Austin, move north in search of a fresh start but find that the road to new beginnings can be bumpy.",,2026-05-17T16:57:37.432632
150432,Two Sentence Horror Stories,Two Sentence Horror Stories,125.01,5.5,6644,2021-09-01,"[""United States""]",[18],This anthology series of terror features diverse characters facing primal fears in spine-chilling situations that stretch past daily routine.,,2026-05-17T16:57:37.432793
150433,Zindagi in Short,Zindagi in Short,129.02,7.4,7767,2020-09-01,"[""India""]",[18],"Complicated marriages, digital romances, domestic dilemmas and schoolyard bullies get the spotlight in these seven, slice-of-life short films.",,2026-05-17T16:57:37.432924
150434,Vincenzo,Vincenzo,3.3,5.9,119,2021-09-01,"[""South Korea""]",[18],"During a visit to his motherland, a Korean-Italian mafia lawyer gives an unrivaled conglomerate a taste of its own medicine with a side of justice.",,2026-05-17T16:57:37.433060
150435,Pitta Kathalu,Pitta Kathalu,289.14,6.6,4878,2021-09-01,"[""India""]",[18],"From secrets and lies to jealousy and control, four stories in this anthology film explore the darker, deceptive sides of love.",,2026-05-17T16:57:37.433253
150436,Tribes of Europa,Tribes of Europa,223.77,7.1,8991,2021-09-01,"[""Germany""]",[18],"In post-apocalyptic Europe, amid wars among microstates, three siblings fight for survival as a greater threat looms over the continent.",,2026-05-17T16:57:37.433399
150437,"Hello, Me!","Hello, Me!",28.49,6.7,6102,2021-09-01,"[""South Korea""]",[18],"Miserable and unsuccessful, a woman thinks she's lost all her spark — until one day, her spunky younger self appears in front of her demanding change.",,2026-05-17T16:57:37.433536
150438,Sisyphus,Sisyphus,109.56,4.2,2031,2021-09-01,"[""South Korea""]",[18],An unfathomable incident introduces a genius engineer to dangerous secrets of the world — and to a woman from the future who's come looking for him.,,2026-05-17T16:57:37.433916
150439,Thus Spoke Kishibe Rohan,Thus Spoke Kishibe Rohan,33.14,7.4,3840,2021-09-01,"[""US""]",[18],"A popular manga creator becomes enmeshed in paranormal events while conducting research: Stand User Kishibe Rohan visits Italy, goes bankrupt and more.",,2026-05-17T16:57:37.434311
150440,Amend: The Fight for America,Amend: The Fight for America,142.52,6.4,3231,2021-09-01,"[""United States""]",[18],"Will Smith hosts this look at the evolving, often lethal, fight for equal rights in America through the lens of the US Constitution's 14th Amendment.",,2026-05-17T16:57:37.434488
150441,Behind Her Eyes,Behind Her Eyes,45.72,5.9,3468,2021-09-01,"[""United Kingdom""]",[18],A single mother enters a world of twisted mind games when she begins an affair with her psychiatrist boss while secretly befriending his mysterious wife.,,2026-05-17T16:57:37.434852
150442,MeatEater,MeatEater,265.68,7.6,1784,2021-09-01,"[""United States""]",[10764],Steven Rinella scrounges in some of America's wildest terrains in this unscripted series showing him on the hunt for wild animals from ducks to deer.,,2026-05-17T16:57:37.435124
150443,Good Girls,Good Girls,134.75,6.8,3534,2020-09-01,"[""United States""]",[18],Three suburban moms orchestrate a local grocery store heist to escape financial ruin and establish independence – together.,,2026-05-17T16:57:37.435337
150444,Booba,Booba,107.25,6.5,1686,2021-09-01,"[""United Kingdom""]",[18],"The world is a mystery to little Booba. But he approaches the curiosities around him with wonder, finding adventure in his everyday surroundings.",,2026-05-17T16:57:37.435535
150445,The Crew,The Crew,70.98,5.9,3376,2021-09-01,"[""United States""]",[18],Life in the garage swerves off track for a NASCAR crew chief and his tight-knit racing team when a new boss steps in and shakes things up.,,2026-05-17T16:57:37.435755
150446,Buried by the Bernards,Buried by the Bernards,249.4,6.2,2434,2021-09-01,"[""United States""]",[10764],"In this reality series, the bickering but big-hearted Bernards manage their budget-friendly funeral home while helping grieving families say farewell.",,2026-05-17T16:57:37.435976
150447,Chappelle's Show,Chappelle's Show,55.16,5.4,3776,2005-09-01,"[""United States""]",[18],"The brilliant Dave Chappelle performs blistering stand-up, impressions and sketches that skewer topics like racism, politics, celebrities and sex.",,2026-05-17T16:57:37.436331
150448,Nadiya Bakes,Nadiya Bakes,129.28,5.7,667,2021-09-01,"[""United Kingdom""]",[10764],"Delightful cakes and heavenly breads pop from the oven as Nadiya Hussain returns to baking, her happy place, and spotlights creative kindred spirits.",,2026-05-17T16:57:37.436601
150449,Capitani,Capitani,191.08,4.6,953,2019-09-01,"[""Luxembourg""]",[18],"In a Luxembourg village where everyone is keeping secrets, gruff police inspector Luc Capitani investigates the suspicious death of a 15-year-old girl.",,2026-05-17T16:57:37.436798
150450,El Chema,El Chema,88.47,6.3,4343,2016-09-01,"[""Mexico""]",[18],Follow one man's epic journey as he transforms from wily underage drug smuggler to one of the world's most infamous cartel leaders.,,2026-05-17T16:57:37.436950
150451,Crime Scene: The Vanishing at the Cecil Hotel,Crime Scene: The Vanishing at the Cecil Hotel,78.56,7.0,1047,2021-09-01,"[""United States""]",[18],"The notorious Cecil Hotel grows in infamy when guest Elisa Lam vanishes. From the creator of ""The Ted Bundy Tapes,"" a dive into crime's darkest places.",,2026-05-17T16:57:37.437162
150452,Five Came Back: The Reference Films,Five Came Back: The Reference Films,488.15,6.1,6467,1945-09-01,"[""United States""]",[18],"This collection includes 12 World War II-era propaganda films — many of which are graphic and offensive — discussed in the docuseries ""Five Came Back.""",,2026-05-17T16:57:37.437315
150453,ICarly,ICarly,10.6,6.4,1703,2008-09-01,"[""United States""]",[18],A cyberstar is born when 13-year-old Carly creates an Internet series with a little help from her best friend Sam and neighbor Freddie.,,2026-05-17T16:57:37.437451
150454,The Sinner,The Sinner,160.19,8.9,292,2020-09-01,"[""United States""]",[18],"When a young mother inexplicably stabs a stranger to death, a sympathetic detective struggles to unlock the mystery buried in her missing memories.",,2026-05-17T16:57:37.437637
150455,Hache,Hache,56.72,8.1,4067,2021-09-01,"[""Spain""]",[18],"As Helena gains the love and trust of a dangerous heroin cartel leader in 1960s Barcelona, she hones the skills she needs to rise up the ranks.",,2026-05-17T16:57:37.437794
150456,Invisible City,Invisible City,228.46,4.8,1286,2021-09-01,"[""Brazil""]",[18],"After a family tragedy, a man discovers mythical creatures living among humans — and soon realizes they hold the key to his mysterious past.",,2026-05-17T16:57:37.437913
150457,Firefly Lane,Firefly Lane,26.42,3.9,8219,2021-09-01,"[""United States""]",[18],Best friends Tully and Kate support each other through good times and bad with an unbreakable bond that carries them from their teens to their 40s.,,2026-05-17T16:57:37.438035
150458,"Pablo Escobar, el patrón del mal","Pablo Escobar, el patrón del mal",310.95,8.6,3479,2012-09-01,"[""Colombia""]",[18],"From his days as a petty thief to becoming head of a drug-trafficking empire, this riveting series charts the life of the infamous Pablo Escobar.",,2026-05-17T16:57:37.438172
150459,Power Rangers Ninja Steel,Power Rangers Ninja Steel,137.07,4.7,5073,2018-09-01,"[""United States""]",[18],A new generation of teen heroes uses superhuman ninja powers to battle the intergalactic villain Galvanax and save Earth from destruction.,,2026-05-17T16:57:37.438296
150460,Tiffany Haddish Presents: They Ready,Tiffany Haddish Presents: They Ready,124.0,5.5,3140,2021-09-01,"[""United States""]",[18],"Hand-picked by Tiffany Haddish, six diverse comedians showcase their raw humor in a series of specials oozing with energy.",,2026-05-17T16:57:37.438413
150461,Heartland,Heartland,161.04,8.1,5180,2019-09-01,"[""Canada""]",[18],Spunky teenager Amy is reeling from the sudden death of her mother when she and her grandfather are threatened with the loss of their horse ranch.,,2026-05-17T16:57:37.438524
150462,Love Daily,Love Daily,186.65,6.5,8529,2018-09-01,"[""United States""]",[18],"This anthology follows 12 different love stories involving fateful encounters, magical moments and unexpected romances over the course of a year.",,2026-05-17T16:57:37.438672
150463,My Dead Ex,My Dead Ex,26.23,6.5,4554,2018-09-01,"[""United States""]",[18],High school teens Charley and Ben find themselves in a complicated romance when Ben dies in a tragic accident but is resurrected by a magical spell.,,2026-05-17T16:57:37.438793
150464,The House Arrest of Us,The House Arrest of Us,36.3,6.2,8550,2020-09-01,"[""Philippines""]",[18],A couple decides to make their engagement official by honoring tradition when a pandemic forces them and their families to quarantine under one roof.,,2026-05-17T16:57:37.438907
150465,The Unsettling,The Unsettling,177.97,4.9,6196,2019-09-01,"[""United States""]",[18],"As 16-year-old Becca adjusts to her new foster home, she starts to question her reality as strange things begin to happen all around her.",,2026-05-17T16:57:37.439022
150466,Total Drama,Total Drama,199.91,7.1,9778,2015-09-01,"[""Canada""]",[18],"Heartwarming moments are interspersed with backstabbing, scheming, sabotage and broken alliances in this animated spoof of reality show competitions.",,2026-05-17T16:57:37.439156
150467,Zac and Mia,Zac and Mia,37.81,6.5,924,2019-09-01,"[""United States""]",[18],Two teenagers with cancer share a connection with each other despite their differences and extraordinary circumstances. Based on A.J. Betts's novel.,,2026-05-17T16:57:37.439281
150468,Zig & Sharko,Zig & Sharko,438.7,7.9,982,2019-09-01,"[""France""]",[18],"Zig, an island-bound hyena, will do anything to get his paws on Marina the mermaid, but her devoted pal Sharko always comes to her rescue in time.",,2026-05-17T16:57:37.439396
150469,We Are: The Brooklyn Saints,We Are: The Brooklyn Saints,392.68,8.7,1082,2021-09-01,"[""United States""]",[18],A Brooklyn youth football program and its selfless coaches provide a safe haven for kids to compete and learn lessons that will take them far in life.,,2026-05-17T16:57:37.439509
150470,50M2,50M2,8.51,8.4,3731,2021-09-01,"[""Turkey""]",[18],"Seeking to uncover the truth about his past, a henchman betrays someone close to him and assumes a new identity in a small Istanbul neighborhood.",,2026-05-17T16:57:37.439652
150471,BONDING,BONDING,29.25,5.3,5334,2021-09-01,"[""United States""]",[18],A New York City grad student moonlighting as a dominatrix enlists her gay BFF from high school to be her assistant.,,2026-05-17T16:57:37.439780
150472,Outlander,Outlander,33.47,5.5,1179,2018-09-01,"[""United States""]",[18],This epic tale adapted from Diana Gabaldon's popular series of fantasy-romance novels focuses on the drama of two time-crossed lovers.,,2026-05-17T16:57:37.439892
150473,Go Dog Go,Go Dog Go,118.3,5.8,2995,2021-09-01,"[""United States""]",[18],"Handy and inventive pup Tag chases adventure with her best pal, Scooch, solving problems and helping the citizens of Pawston along the way.",,2026-05-17T16:57:37.440001
150474,Blown Away,Blown Away,18.69,10.6,5829,2021-09-01,"[""Canada""]",[10764],"Ten master artists turn up the heat in glassblowing sculpture challenges for the chance to win $60,000 in prizes and the title of champion.",,2026-05-17T16:57:37.440133
150475,Busted!,Busted!,172.84,7.7,9942,2021-09-01,"[""South Korea""]",[18],"Tackling different mysteries in each episode of this game show, seven sleuths get closer to solving the biggest one of all: What happened to Project D?",,2026-05-17T16:57:37.440258
150476,Demon Slayer: Kimetsu no Yaiba,Demon Slayer: Kimetsu no Yaiba,87.79,7.7,5282,2019-09-01,"[""Japan""]",[18],"After a demon attack leaves his family slain and his sister cursed, Tanjiro embarks upon a perilous journey to find a cure and avenge those he's lost.",,2026-05-17T16:57:37.440375
150477,Daughter From Another Mother,Daughter From Another Mother,260.23,7.7,3201,2021-09-01,"[""Mexico""]",[18],"After realizing their babies were exchanged at birth, two women develop a plan to adjust to their new lives: creating a single —and peculiar— family.",,2026-05-17T16:57:37.440489
150478,Spycraft,Spycraft,203.34,6.1,3926,2021-09-01,"[""United States""]",[18],"The spy game is a serious business, and throughout history, the tools and technologies developed for it have mattered as much as the spies themselves.",,2026-05-17T16:57:37.440648
150479,Hello Ninja,Hello Ninja,55.79,5.2,6777,2021-09-01,"[""United States""]",[18],"BFFs Wesley and Georgie and their silly cat sidekick Pretzel transform into ninjas and enter a magic world, where they solve problems and save the day.",,2026-05-17T16:57:37.440992
150480,Bling Empire,Bling Empire,399.13,6.2,1907,2021-09-01,"[""United States""]",[10764],"Follow LA's wildly wealthy Asian and Asian American fun seekers as they go all out with fabulous parties, glamour and drama in this reality series.",,2026-05-17T16:57:37.441213
150481,Carmen Sandiego,Carmen Sandiego,33.56,6.3,8476,2021-09-01,"[""United States""]",[18],"A master thief who uses her skills for good, Carmen Sandiego travels the world foiling V.I.L.E.'s evil plans – with help from her savvy sidekicks.",,2026-05-17T16:57:37.441652
150482,Disenchantment,Disenchantment,150.02,11.1,1379,2021-09-01,"[""United States""]",[18],"Princess duties call, but she'd rather be drinking. Free-spirited Bean exasperates the king as she wreaks havoc with her demon and elf pals.",,2026-05-17T16:57:37.441915
150483,Henry Danger,Henry Danger,555.49,7.0,2247,2016-09-01,"[""United States""]",[18],"A new part-time job forces Henry Hart to balance two lives, one as a typical teenager and the other as secret superhero sidekick Kid Danger.",,2026-05-17T16:57:37.442102
150484,The Magicians,The Magicians,287.17,6.6,1820,2020-09-01,"[""United States""]",[18],"When grad student Quentin Coldwater enters a college specializing in magic, he learns that the mythic fantasy world he once read about is very real.",,2026-05-17T16:57:37.442243
150485,Night Stalker: The Hunt for a Serial Killer,Night Stalker: The Hunt for a Serial Killer,175.12,7.3,3975,2021-09-01,"[""United States""]",[18],"Beneath the sunlit glamour of 1985 LA lurks a relentlessly evil serial killer. In this true-crime story, two detectives won't rest until they catch him.",,2026-05-17T16:57:37.444774
150486,Last Tango in Halifax,Last Tango in Halifax,220.54,6.5,10717,2020-09-01,"[""United Kingdom""]",[18],Two widowed childhood sweethearts fall for each other all over again when they are reunited over the Internet after nearly 60 years.,,2026-05-17T16:57:37.445035
150487,Inside the World’s Toughest Prisons,Inside the World’s Toughest Prisons,510.06,3.9,4193,2021-09-01,"[""United Kingdom""]",[18],"Investigative journalist Paul Connolly becomes a voluntary inmate in the world's most volatile prisons, where intimidation and brutality rule.",,2026-05-17T16:57:37.445206
150488,Mighty Little Bheem: Kite Festival,Mighty Little Bheem: Kite Festival,18.17,6.3,3006,2021-09-01,"[""India""]",[18],"With winter behind them, Bheem and his townspeople usher in a sunny new season in all their favorite ways during the Makar Sankranti festival.",,2026-05-17T16:57:37.445342
150489,Pretend It’s a City,Pretend It’s a City,269.14,8.4,1154,2021-09-01,"[""United States""]",[18],"Wander the New York City streets and fascinating mind of wry writer, humorist and raconteur Fran Lebowitz as she sits down with Martin Scorsese.",,2026-05-17T16:57:37.445464
150490,The Idhun Chronicles,The Idhun Chronicles,139.78,6.1,1125,2021-09-01,"[""Spain""]",[18],"A boy suddenly orphaned fights his parents' killer to save a planet, and discovers a new world of danger — and wonder.",,2026-05-17T16:57:37.445699
150491,Surviving Death,Surviving Death,37.74,7.5,4701,2021-09-01,"[""United States""]",[10764],"What happens after we die? This docuseries explores personal stories and research on near-death experiences, reincarnation and paranormal phenomena.",,2026-05-17T16:57:37.446352
150492,History of Swear Words,History of Swear Words,127.86,9.6,4996,2021-09-01,"[""United States""]",[18],"Nicolas Cage hosts this proudly profane, funny and engagingly educational series about the history and impact of the most notorious English swear words.",,2026-05-17T16:57:37.446784
150493,Nailed It! Mexico,Nailed It! Mexico,20.16,5.7,2726,2021-09-01,"[""Mexico""]",[10764],"The fun, fondant and hilarious cake fails head to Mexico, where very amateur bakers compete to re-create elaborate sweet treats for a cash prize.",,2026-05-17T16:57:37.446994
150494,Korean Pork Belly Rhapsody,Korean Pork Belly Rhapsody,123.67,5.8,7392,2020-09-01,"[""US""]",[18],A love letter to pork belly — a perennial favorite among Koreans of every generation — unfolds with an exploration of its history and cooking methods.,,2026-05-17T16:57:37.447239
150495,QB1: Beyond the Lights,QB1: Beyond the Lights,231.26,6.7,3449,2019-09-01,"[""United States""]",[18],This riveting series follows three star high school quarterbacks as they play their final season before moving on to Division I college football.,,2026-05-17T16:57:37.447394
150496,Cobra Kai,Cobra Kai,72.01,5.3,2976,2021-09-01,"[""United States""]",[18],"Decades after the tournament that changed their lives, the rivalry between Johnny and Daniel reignites in this sequel to the ""Karate Kid"" films.",,2026-05-17T16:57:37.447536
150497,Dream Home Makeover,Dream Home Makeover,2.23,7.4,981,2021-09-01,"[""United States""]",[10764],"Dreams come true for real families looking for the perfect home tailored to their own unique style, thanks to Shea and Syd McGee of Studio McGee.",,2026-05-17T16:57:37.450099
150498,Headspace Guide to Meditation,Headspace Guide to Meditation,217.64,6.2,7137,2021-09-01,"[""United States""]",[18],"Headspace takes a friendly, animated look at the benefits of meditation while offering techniques and guided meditations to jump-start your practice.",,2026-05-17T16:57:37.450270
150499,Jenni Rivera: Mariposa de Barrio,Jenni Rivera: Mariposa de Barrio,68.08,5.7,6995,2017-09-01,"[""United States""]",[18],This drama follows Mexican-American singer Jenni Rivera's unlikely rise from suicidal pregnant teen and abused wife to banda superstar.,,2026-05-17T16:57:37.450401
150500,Monarca,Monarca,147.8,6.7,1793,2021-09-01,"[""Mexico""]",[18],"After 20 years, Ana María returns to Mexico and vies for control of her family's tequila empire as it threatens to crumble under corruption and secrets.",,2026-05-17T16:57:37.450521
150501,Running Man,Running Man,143.34,5.9,4309,2020-09-01,"[""US""]",[18],"Wanting to bring home the ultimate prize, a group of competitors gather for a championship — and discover both friends and enemies as they play!",,2026-05-17T16:57:37.450739
150502,The Cat in the Hat Knows a Lot About That!,The Cat in the Hat Knows a Lot About That!,3.74,5.5,1743,2014-09-01,"[""Canada""]",[18],"The Cat in the Hat is back – and this time, he's teaching Sally and her brother, Nick, some awfully nifty things to think about!",,2026-05-17T16:57:37.450896
150503,The Haunted Hathaways,The Haunted Hathaways,21.54,7.6,3885,2013-09-01,"[""United States""]",[18],Single mom Michelle Hathaway and her daughters find that they share their New Orleans home with the ghosts of single dad Ray Preston and his two sons.,,2026-05-17T16:57:37.451036
150504,Chilling Adventures of Sabrina,Chilling Adventures of Sabrina,48.22,7.9,5845,2020-09-01,"[""United States""]",[18],"Magic and mischief collide as half-human, half-witch Sabrina navigates between two worlds: mortal teen life and her family's legacy, the Church of Night.",,2026-05-17T16:57:37.451222
150505,Best Leftovers Ever!,Best Leftovers Ever!,169.4,7.0,3900,2020-09-01,"[""United States""]",[10764],Decadent pasta from day-old fries? Skillful cooks transform tired leftovers into tantalizing new dishes in this wildly creative culinary competition.,,2026-05-17T16:57:37.451377
150506,Dare Me,Dare Me,101.89,4.1,10348,2019-09-01,"[""United States""]",[18],"Relationships topple and loyalties flip when an icy new cheerleading coach takes over the high school squad ruled by Beth and her devoted BFF, Addy.",,2026-05-17T16:57:37.452967
150507,Equinox,Equinox,167.69,5.5,11200,2020-09-01,"[""Denmark""]",[18],"Haunted by visions after her sister vanished with her classmates 21 years before, Astrid begins an investigation that uncovers the dark, eerie truth.",,2026-05-17T16:57:37.453294
150508,SanPa: Sins of the Savior,SanPa: Sins of the Savior,133.33,7.2,2996,2020-09-01,"[""Italy""]",[18],"Amidst a heroin crisis, Vincenzo Muccioli cared for the addicted, earning him fierce public devotion — even as charges of violence began to mount.",,2026-05-17T16:57:37.453484
150509,Still Game,Still Game,24.82,6.6,3486,2018-09-01,"[""United Kingdom""]",[18],"Scottish pensioners Jack and Victor make the most of their golden years, getting themselves into all kinds of scrapes in their Glasgow suburb.",,2026-05-17T16:57:37.453751
150510,Transformers: War for Cybertron: Earthrise,Transformers: War for Cybertron: Earthrise,225.75,8.1,6177,2020-09-01,"[""US""]",[18],"While Megatron takes drastic measures to save the Decepticons, the Autobots fight to save all of Cybertron from both on the planet and aboard the Ark.",,2026-05-17T16:57:37.453935
150511,A Love So Beautiful,A Love So Beautiful,153.63,6.0,1464,2020-09-01,"[""South Korea""]",[18],"Love is as tough as it is sweet for a lovestruck teenager, whose relationship with her next-door neighbor transforms as they grow into adulthood.",,2026-05-17T16:57:37.454106
150512,Sakho & Mangane,Sakho & Mangane,38.94,4.8,6003,2019-09-01,"[""Senegal""]",[18],A by-the-book police captain and a brash young detective must team up to take on the supernatural when strange forces begin to wreak havoc on Dakar.,,2026-05-17T16:57:37.454261
150513,Regiment Diaries,Regiment Diaries,90.07,8.1,8105,2020-09-01,"[""India""]",[18],"Historical footage and interviews with soldiers showcase war stories, unique traditions and unifying principles of the Indian Army’s various regiments.",,2026-05-17T16:57:37.454404
150514,Bridgerton,Bridgerton,373.53,7.8,5855,2020-09-01,"[""United States""]",[18],The eight close-knit siblings of the Bridgerton family look for love and happiness in London high society. Inspired by Julia Quinn's bestselling novels.,,2026-05-17T16:57:37.456702
150515,Lovestruck in the City,Lovestruck in the City,15.78,3.9,1646,2020-09-01,"[""South Korea""]",[18],"Heart stolen by a free-spirited woman after a beachside romance, a passionate architect sets out to reunite with her on the streets of Seoul.",,2026-05-17T16:57:37.457302
150516,Rhyme Time Town Singalongs,Rhyme Time Town Singalongs,344.96,6.5,3827,2020-09-01,"[""United States""]",[18],"Love snackable, snap-worthy songs? Sing along with the Rhyme Time Town friends as they use their imaginations and flex their problem-solving skills!",,2026-05-17T16:57:37.457522
150517,Shaun the Sheep,Shaun the Sheep,3.01,6.1,2251,2016-09-01,"[""United Kingdom""]",[18],"Join freewheeling Shaun for barnyard misadventures with his cousin Timmy, giant sheepdog Bitzer, jealous cat Pidsley and fellow sheep Shirley.",,2026-05-17T16:57:37.457818
150518,Timmy Time,Timmy Time,292.67,6.0,1941,2010-09-01,"[""United Kingdom""]",[18],"This delightful animated series centers on impish lamb Timmy as he enters nursery school, where he learns about sharing, responsibility and fairness.",,2026-05-17T16:57:37.457982
150519,Diamond City,Diamond City,124.02,5.2,2565,2019-09-01,"[""South Africa""]",[18],A prominent prosecuting attorney must defend her innocence — and her life — when she's set up and sent to prison as she investigates a conspiracy.,,2026-05-17T16:57:37.458156
150520,Home for Christmas,Home for Christmas,9.85,5.7,5034,2020-09-01,"[""Norway""]",[18],"Tired of the constant comments on her relationship status, perpetually single Johanne starts a 24-day hunt for a boyfriend to bring home for Christmas.",,2026-05-17T16:57:37.458413
150521,Paava Kadhaigal,Paava Kadhaigal,212.8,8.0,1741,2020-09-01,"[""India""]",[18],"At times dark, at times disturbing, four short films explore stories of those who dare to dream and desire — and those determined to stand in their way.",,2026-05-17T16:57:37.460951
150522,Morphle,Morphle,536.68,7.3,1143,2020-09-01,"[""Netherlands""]",[18],"Little Mila turns playtime into a series of fun and educational adventures with her magical pet Morphle, who transforms into anything she dreams up!",,2026-05-17T16:57:37.461318
150523,Run On,Run On,100.44,4.6,3565,2020-09-01,"[""South Korea""]",[18],"Veering off course from his preset path, a track star follows his own pace and heart for the first time after a film translator steps into his life.",,2026-05-17T16:57:37.462763
150524,Schulz Saves America,Schulz Saves America,42.75,6.3,6405,2020-09-01,"[""United States""]",[18],Comedian Andrew Schulz takes on the year's most divisive topics in this fearlessly unfiltered and irreverent four-part special.,,2026-05-17T16:57:37.463016
150525,Anitta: Made In Honório,Anitta: Made In Honório,127.93,6.6,5030,2020-09-01,"[""Brazil""]",[18],"In this intimate documentary, Brazilian pop queen Anitta opens up about fame, family and her fierce work ethic, revealing the woman behind the hits.",,2026-05-17T16:57:37.463181
150526,BREAK IT ALL: The History of Rock in Latin America,BREAK IT ALL: The History of Rock in Latin America,138.96,5.1,3075,2020-09-01,"[""US""]",[18],"Soda Stereo, Café Tacvba, Aterciopelados and others figure in this 50-year history of Latin American rock through dictatorships, disasters and dissent.",,2026-05-17T16:57:37.463317
150527,How To Ruin Christmas,How To Ruin Christmas,83.53,8.0,4888,2020-09-01,"[""South Africa""]",[18],Prodigal daughter Tumi tries to make things right after completely ruining what should have been her sister's picture-perfect Christmas wedding.,,2026-05-17T16:57:37.463488
150528,Marvel Anime: Wolverine,Marvel Anime: Wolverine,233.31,5.2,5445,2011-09-01,"[""United States""]",[18],"Logan, aka mutant X-Man Wolverine, is on a quest to reclaim the love of his life – whose crime lord father is planning an arranged marriage for her.",,2026-05-17T16:57:37.465842
150529,Marvel Anime: X-Men,Marvel Anime: X-Men,80.7,9.7,1588,2011-09-01,"[""Japan""]",[18],"A year after their dissolution, the X-Men are re-assembled by Professor Charles Xavier to investigate the kidnapping of young mutants in Japan.",,2026-05-17T16:57:37.466115
150530,The Ripper,The Ripper,94.49,7.8,6728,2020-09-01,"[""United Kingdom""]",[18],"In the late 1970s, British police struggle to identify — let alone capture — the serial killer known throughout the world as the Yorkshire Ripper.",,2026-05-17T16:57:37.466288
150531,Black Ink Crew New York,Black Ink Crew New York,3.13,5.5,5043,2014-09-01,"[""United States""]",[10764],"At a Black-owned-and-operated hotspot for ink in Harlem, tattoo king Ceaser looks to expand his empire while working with a rambunctious crew.",,2026-05-17T16:57:37.466432
150532,Pup Academy,Pup Academy,37.61,3.0,6182,2020-09-01,"[""United States""]",[18],"Furry friends take a re-bark-able journey in this series about an extraordinary school for the cutest, cuddliest and most curious puppies.",,2026-05-17T16:57:37.466592
150533,Song Exploder,Song Exploder,63.72,6.9,5504,2020-09-01,"[""United States""]",[18],Get inspired as musicians dig deep into the creative process of songwriting and reveal their intimate thoughts in a series based on the hit podcast.,,2026-05-17T16:57:37.466739
150534,Teen Mom 2,Teen Mom 2,253.87,4.3,2579,2011-09-01,"[""United States""]",[10764],"The highs and lows of new parenting and adulting create drama and heartbreak as life moves on for the cast of ""16 and Pregnant"" Season 2.",,2026-05-17T16:57:37.466874
150535,The Challenge,The Challenge,359.72,7.8,323,2006-09-01,"[""United States""]",[10764],Reality show alumni must compete in grueling physical contests and survive eliminations amid cutthroat alliances and steamy hookups to win big money.,,2026-05-17T16:57:37.466999
150536,Hilda,Hilda,28.72,7.2,8076,2021-09-01,"[""United Kingdom""]",[18],"Fearless, free-spirited Hilda finds new friends, adventure and magical creatures when she leaves her enchanted forest home and journeys to the city.",,2026-05-17T16:57:37.467199
150537,Tiny Pretty Things,Tiny Pretty Things,84.1,5.6,4711,2020-09-01,"[""United States""]",[18],"When an attack brings down the star student at an elite ballet school, her replacement enters a world of lies, betrayal — and cutthroat competition.",,2026-05-17T16:57:37.467347
150538,Children of Adam,Children of Adam,123.96,4.2,9683,2020-09-01,"[""Lebanon""]",[18],"Amid crime and corruption, the lives of two couples intertwine as unexpected events soon reveal their dark secrets and tainted pasts.",,2026-05-17T16:57:37.467475
150539,Grizzy et les Lemmings,Grizzy et les Lemmings,207.02,5.6,6607,2018-09-01,"[""France""]",[18],"Strong, whip-smart Grizzy rules a Canadian forest, where he has his paws full with a family of frolicsome lemmings.",,2026-05-17T16:57:37.470009
150540,The Mess You Leave Behind,The Mess You Leave Behind,82.38,10.0,1176,2020-09-01,"[""Spain""]",[18],A teacher starts her job at a high school but is haunted by a suspicious death that occurred there weeks before... and begins fearing for her own life.,,2026-05-17T16:57:37.470331
150541,Alice in Borderland,Alice in Borderland,48.5,6.1,5389,2020-09-01,"[""Japan""]",[18],"An aimless gamer and his two friends find themselves in a parallel Tokyo, where they're forced to compete in a series of sadistic games to survive.",,2026-05-17T16:57:37.470506
150542,Futmalls.com,Futmalls.com,200.2,5.1,4524,2020-09-01,"[""US""]",[18],Strange occurrences afflict a group of people after they purchase items on a shopping website from the future.,,2026-05-17T16:57:37.470696
150543,Masameer Classics,Masameer Classics,491.27,8.6,2792,2013-09-01,"[""Saudi Arabia""]",[18],"Through dark comedy and eccentric characters, this web series offers a humorous view of the changes and cultural shifts in Saudi Arabia from 2011-2019.",,2026-05-17T16:57:37.470866
150544,Once Upon a Time,Once Upon a Time,84.02,6.7,3815,2019-09-01,"[""Egypt""]",[18],"Fighting to save his ancestors' mansion from demolition, Youssef unpacks a series of love stories that took place there with a journalist.",,2026-05-17T16:57:37.472358
150545,The Big Show Show,The Big Show Show,12.78,5.8,3161,2020-09-01,"[""United States""]",[18],Former WWE wrestler the Big Show is out of the ring and ready for an even tougher challenge: raising three daughters with his wife in Florida.,,2026-05-17T16:57:37.472687
150546,The Expanding Universe of Ashley Garcia,The Expanding Universe of Ashley Garcia,237.81,5.6,2540,2020-09-01,"[""United States""]",[18],15-year-old scientist Ashley Garcia explores the great unknown of modern teendom after moving across the country to pursue a career in robotics.,,2026-05-17T16:57:37.472901
150547,The Surgeon's Cut,The Surgeon's Cut,58.48,7.9,2167,2020-09-01,"[""United States""]",[18],"They’re philosophers, storytellers and pioneers in their fields. Four surgeons reflect on their lives and professions in this inspiring docuseries.",,2026-05-17T16:57:37.473095
150548,Juman,Juman,147.92,3.7,1035,2019-09-01,"[""Kuwait""]",[18],"Despite their estranged families, Juman and Hisham fall in love and get married but their different outlooks on life soon threaten their relationship.",,2026-05-17T16:57:37.473271
150549,Mr. Iglesias,Mr. Iglesias,65.0,5.5,9960,2020-09-01,"[""United States""]",[18],Hilarious high school teacher Gabriel Iglesias tries to make a difference in the lives of some smart but underperforming students at his alma mater.,,2026-05-17T16:57:37.473438
150550,100 Days My Prince,100 Days My Prince,57.81,4.0,1457,2018-09-01,"[""South Korea""]",[18],"Upon losing his memory, a crown prince encounters a commoner’s life and experiences unforgettable love as the husband to Joseon’s oldest bachelorette.",,2026-05-17T16:57:37.476015
150551,Manhunt: Deadly Games,Manhunt: Deadly Games,257.44,5.5,8428,2020-09-01,"[""US""]",[18],"Despite his heroics, security guard Richard Jewell becomes a suspect in the FBI investigation of a foiled terrorist attack at the 1996 Olympics.",,2026-05-17T16:57:37.476381
150552,Room 2806: The Accusation,Room 2806: The Accusation,265.24,6.2,5843,2020-09-01,"[""France""]",[18],This docuseries follows the 2011 sexual assault case involving French politician Dominique Strauss-Kahn at the height of his career.,,2026-05-17T16:57:37.476814
150553,Detention,Detention,183.78,7.3,5005,2020-09-01,"[""Taiwan""]",[18],A tormented student uncovers unsettling secrets at her remote high school as betrayal and a paranormal encounter upend her life.,,2026-05-17T16:57:37.477047
150554,Bhaag Beanie Bhaag,Bhaag Beanie Bhaag,204.91,6.1,2076,2020-09-01,"[""India""]",[18],"Facing disapproving parents, a knotty love life and her own inner critic, an aspiring comic ditches her cushy but unsatisfying life to pursue stand-up.",,2026-05-17T16:57:37.478817
150555,Big Mouth,Big Mouth,213.24,5.6,899,2020-09-01,"[""United States""]",[18],Teenage friends find their lives upended by the wonders and horrors of puberty in this edgy comedy from real-life pals Nick Kroll and Andrew Goldberg.,,2026-05-17T16:57:37.479098
150556,Kings of Jo'Burg,Kings of Jo'Burg,131.41,4.6,1149,2020-09-01,"[""South Africa""]",[18],"The Masire brothers rule Johannesburg's criminal underworld, but a supernatural family curse and a tangled web of betrayal threaten to destroy them.",,2026-05-17T16:57:37.479270
150557,The Great British Baking Show: Holidays,The Great British Baking Show: Holidays,150.89,6.4,7445,2020-09-01,"[""US""]",[10764],"Deck the halls with sugar, butter and chocolate as competitors from past seasons bake sweet Yuletide treats for judges Paul Hollywood and Prue Leith.",,2026-05-17T16:57:37.479417
150558,Alien Worlds,Alien Worlds,51.29,6.5,2170,2020-09-01,"[""United Kingdom""]",[18],"Applying the laws of life on Earth to the rest of the galaxy, this series blends science fact and fiction to imagine alien life on other planets.",,2026-05-17T16:57:37.479591
150559,Check The Store Next Door: The Next Chapter,Check The Store Next Door: The Next Chapter,127.48,7.4,3336,2020-09-01,"[""Indonesia""]",[18],"When a former shop owner grows bored of retirement, he buys a fish pond and manages the new hijinks in his life with a staff of quirky employees.",,2026-05-17T16:57:37.479747
150560,Are You The One,Are You The One,72.16,8.4,3145,2014-09-01,"[""United States""]",[10764],"Determined by a dating algorithm, a group of single contestants must identify their perfect matches for a shot at love and a cash prize.",,2026-05-17T16:57:37.479890
150561,Gormiti,Gormiti,52.08,6.8,4227,2018-09-01,"[""Spain""]",[18],Four friends become guardians of the island Gorm and must harness powers of the elements to stop an evil lord and his army from ruling the kingdom.,,2026-05-17T16:57:37.480022
150562,Ink Master,Ink Master,101.03,7.2,2451,2012-09-01,"[""United States""]",[10764],"Ten of the country's most skilled tattoo artists compete for $100,000 and the title of Ink Master in this high-stakes elimination competition.",,2026-05-17T16:57:37.482026
150563,Octonauts,Octonauts,131.94,10.3,8081,2015-09-01,"[""United States""]",[18],A team of brave underwater explorers known as the Octonauts combs the world's oceans for aquatic creatures in desperate need of assistance.,,2026-05-17T16:57:37.482336
150564,Oddbods,Oddbods,151.47,5.8,3269,2017-09-01,"[""United Kingdom""]",[18],"Seven furry, colorful friends who live in the small town of Oddsville like to play, have adventures and get into all sorts of creative mischief.",,2026-05-17T16:57:37.482521
150565,Stargate SG-1,Stargate SG-1,229.28,5.4,3907,2006-09-01,"[""United States""]",[18],Stargate Command roars into action when Jack O'Neill and his crew find a Stargates map that lets them combat alien maneuvers all across the galaxy.,,2026-05-17T16:57:37.482790
150566,The Bachelorette,The Bachelorette,38.32,7.1,8737,2010-09-01,"[""United States""]",[10764],Beloved “Bachelor” contestant Ali Fedotowsky embarks on her own search for happily ever after and navigates the thrills and spills of reality TV romance.,,2026-05-17T16:57:37.482948
150567,The Guest,The Guest,215.4,7.1,1635,2018-09-01,"[""South Korea""]",[18],"Bound together by a tragic past, a psychic, a priest and a detective join forces to take down a powerful spirit that's driven by bloodthirst.",,2026-05-17T16:57:37.483108
150568,The Holiday Movies That Made Us,The Holiday Movies That Made Us,177.19,6.6,3938,2020-09-01,"[""United States""]",[18],"Unwrap the real stories behind these iconic Christmas blockbusters, thanks to insider interviews and behind-the-scenes peeks.",,2026-05-17T16:57:37.483252
150569,The Repair Shop,The Repair Shop,174.12,7.2,3764,2018-09-01,"[""United Kingdom""]",[10764],Expert artisans restore timeworn family heirlooms with touching sentimental value while also uncovering their uniquely rich histories.,,2026-05-17T16:57:37.483392
150570,The Uncanny Counter,The Uncanny Counter,125.87,6.7,192,2020-09-01,"[""South Korea""]",[18],"Noodle shop employees by day and demon hunters by night, the Counters use special abilities to chase down malevolent spirits that prey on humans.",,2026-05-17T16:57:37.483523
150571,Fabulous Lives of Bollywood Wives,Fabulous Lives of Bollywood Wives,110.03,7.7,2495,2020-09-01,"[""India""]",[10764],"Cameras follow the banter and bonding between four fun-loving women from Bollywood’s inner circle as they juggle professions, family and friendship.",,2026-05-17T16:57:37.486417
150572,Heartbreak High,Heartbreak High,91.83,5.7,2293,1999-09-01,"[""Australia""]",[18],A crash course on the turbulence of being a teen is always on the schedule for the students at Hartley High School in this 1990s series set in Sydney.,,2026-05-17T16:57:37.486703
150573,Over Christmas,Over Christmas,18.04,8.7,2142,2020-09-01,"[""Germany""]",[18],Down-and-out musician Bastian battles the blues as he returns home for Christmas and encounters a series of not-so-cheery surprises.,,2026-05-17T16:57:37.486874
150574,Sugar Rush Christmas,Sugar Rush Christmas,86.37,6.2,2685,2020-09-01,"[""United States""]",[10764],"It's everything you love about ""Sugar Rush"" – with a holly jolly holiday twist – in this Christmas-themed spin on competitive baking.",,2026-05-17T16:57:37.487012
150575,Great Pretender,Great Pretender,73.99,6.9,4592,2020-09-01,"[""Japan""]",[18],"Supposedly Japan's greatest swindler, Makoto Edamura gets more than he bargained for when he tries to con Laurent Thierry, a real world-class crook.",,2026-05-17T16:57:37.487211
150576,Before 30,Before 30,92.84,4.1,7705,2015-09-01,"[""Nigeria""]",[18],"Four female friends in the fast-paced city of Lagos, Nigeria endure public and private pressures to walk down the aisle by the age of 30.",,2026-05-17T16:57:37.487353
150577,Valentino,Valentino,110.92,7.5,4390,2020-09-01,"[""Egypt""]",[18],"As the owner of a group of international schools, a man gets caught in a series of scams as his wife, a principal, rules his life with an iron fist.",,2026-05-17T16:57:37.487484
150578,Strongest Deliveryman,Strongest Deliveryman,236.42,6.3,4062,2017-09-01,"[""South Korea""]",[18],Two gutsy food delivery workers strive to overcome their socioeconomic disadvantages to achieve big goals – and bump into love along the way.,,2026-05-17T16:57:37.489958
150579,Flavorful Origins,Flavorful Origins,181.2,6.5,2264,2020-09-01,"[""China""]",[18],"Delve into the delectable world of Chaoshan cuisine, explore its unique ingredients and hear the stories of the people behind its creation.",,2026-05-17T16:57:37.490259
150580,Heart & Soul,Heart & Soul,213.55,4.1,4417,2019-09-01,"[""US""]",[18],"At a hospital in Lagos, a doctor yearning for more field experience meets patients with various ailments that test his spiritual and medical beliefs.",,2026-05-17T16:57:37.490425
150581,Mismatched,Mismatched,191.66,5.1,4998,2020-09-01,"[""India""]",[18],"After a disastrous set-up by their families, two teens strike up a tentative friendship at their summer program — but deeper feelings aren’t far behind.",,2026-05-17T16:57:37.490602
150582,Voices of Fire,Voices of Fire,107.39,8.3,1909,2020-09-01,"[""United States""]",[10764],"In this faith-based docuseries, Bishop Ezekiel Williams builds an inspiring, nontraditional gospel choir with the help of superstar nephew Pharrell.",,2026-05-17T16:57:37.490771
150583,Holiday Home Makeover with Mr. Christmas,Holiday Home Makeover with Mr. Christmas,35.65,7.4,3453,2020-09-01,"[""United States""]",[10764],"Interior designer Benjamin “Mr. Christmas” Bradley works with a trusty team of ""elves” to help families transform their homes for the holidays.",,2026-05-17T16:57:37.490932
150584,The Boss Baby: Back in Business,The Boss Baby: Back in Business,36.13,8.8,2719,2020-09-01,"[""United States""]",[18],The Boss Baby brings his big brother Tim to the office to teach him the art of business in this animated series sprung from the hit film.,,2026-05-17T16:57:37.491109
150585,We Are the Champions,We Are the Champions,157.61,6.6,4833,2020-09-01,"[""United States""]",[10764],"Explore an array of unique competitions, from the quirky to the bizarre, and meet their passionate communities in this docuseries.",,2026-05-17T16:57:37.491270
150586,America's Next Top Model,America's Next Top Model,112.18,7.6,1350,2013-09-01,"[""United States""]",[10764],Supermodel Tyra Banks created and executive-produced this reality series that chronicles the transformation of young women into potential supermodels.,,2026-05-17T16:57:37.491415
150587,Beyblade Burst Rise,Beyblade Burst Rise,135.14,5.7,3311,2019-09-01,"[""Japan""]",[18],"After training with legendary Valt Aoi, Dante and his trusty Ace Dragon lead the next generation of Bladers to battle in Japan — Beyblade's birthplace.",,2026-05-17T16:57:37.493828
150588,Polly Pocket,Polly Pocket,182.12,7.6,7953,2021-09-01,"[""Canada""]",[18],"After uncovering a magical locket that allows her to shrink in size, Polly and her friends set out on big adventures with petite power.",,2026-05-17T16:57:37.494175
150589,Survivor,Survivor,345.53,7.2,6464,2014-09-01,"[""United States""]",[10764],"In this long-running reality competition series, players battle the elements and each other as they vie for $1 million and the title of Sole Survivor.",,2026-05-17T16:57:37.494370
150590,The Crown,The Crown,45.76,7.1,3871,2020-09-01,"[""United Kingdom""]",[18],This drama follows the political rivalries and romance of Queen Elizabeth II's reign and the events that shaped the second half of the 20th century.,,2026-05-17T16:57:37.494520
150591,American Horror Story,American Horror Story,4.38,6.1,653,2019-09-01,"[""United States""]",[18],"This twisted Emmy-winning drama plays upon the power of supernatural fears and everyday horrors, exploring humankind's unsettling capacity for evil.",,2026-05-17T16:57:37.494714
150592,The Minions of Midas,The Minions of Midas,33.67,8.7,4199,2020-09-01,"[""Spain""]",[18],A millionaire publisher gets a blackmail note — his decision can mean life or death. Inspired by a Jack London story but set in contemporary Madrid.,,2026-05-17T16:57:37.494864
150593,Ethos,Ethos,203.98,7.1,3509,2020-09-01,"[""Turkey""]",[18],A group of individuals in Istanbul transcend sociocultural boundaries and find connection as their fears and wishes intertwine.,,2026-05-17T16:57:37.495002
150594,Graceful Friends,Graceful Friends,125.74,7.6,1272,2020-09-01,"[""South Korea""]",[18],"When a sudden death brings everyone’s dirty secrets to the surface, the lives and marriages of a group of close-knit friends unravel out of control.",,2026-05-17T16:57:37.495154
150595,A Queen Is Born,A Queen Is Born,49.45,6.4,5272,2020-09-01,"[""Brazil""]",[10764],Gloria Groove and Alexia Twister make drag dreams come true as they help six artists find the confidence to own the stage in this makeover show.,,2026-05-17T16:57:37.495304
150596,Aunty Donna's Big Ol' House of Fun,Aunty Donna's Big Ol' House of Fun,378.45,4.4,3845,2020-09-01,"[""Australia""]",[18],"Comedy trio Aunty Donna showcase their uniquely absurd and offbeat style through an array of sketches, songs and eclectic characters.",,2026-05-17T16:57:37.495436
150597,The Liberator,The Liberator,222.37,6.1,462,2020-09-01,"[""United States""]",[18],"A diverse, deeply brave crew of ragtag soldiers become some of the most heroic fighters of the European invasion in World War II. Based on true events.",,2026-05-17T16:57:37.498171
150598,Trial 4,Trial 4,8.49,8.8,5065,2020-09-01,"[""United States""]",[18],"Charged as a teen in the 1993 killing of a Boston cop, Sean K. Ellis fights to prove his innocence while exposing police corruption and systemic racism.",,2026-05-17T16:57:37.498648
150599,A Lion in the House,A Lion in the House,50.82,7.7,1770,2006-09-01,"[""United States""]",[18],Five kids and their resilient families navigate the treatments and traumas of pediatric cancer in this documentary filmed over the course of six years.,,2026-05-17T16:57:37.498891
150600,DASH & LILY,DASH & LILY,13.54,6.3,7653,2020-09-01,"[""United States""]",[18],Opposites attract at Christmas as cynical Dash and sunny Lily trade messages and dares in a red notebook they pass back and forth around New York City.,,2026-05-17T16:57:37.499097
150601,Bakugan: Armored Alliance,Bakugan: Armored Alliance,197.11,6.4,4414,2020-09-01,"[""US""]",[18],"Dan Kouzo and his crew of heroic brawlers battle both challengers and powerful, evil forces as they work to protect humans and the Bakugan.",,2026-05-17T16:57:37.499287
150602,Bakugan: Battle Planet,Bakugan: Battle Planet,70.91,6.1,5097,2018-09-01,"[""Japan""]",[18],Dan Kouzo and his pals bond with mysterious creatures known as Bakugan while fighting sinister forces out to control the world.,,2026-05-17T16:57:37.499468
150603,Country Ever After,Country Ever After,70.44,5.9,7721,2020-09-01,"[""United States""]",[10764],"Country artist Coffey Anderson and his wife, hip-hop dancer Criscilla, juggle family life, career goals and tests of faith in this reality series.",,2026-05-17T16:57:37.501913
150604,Wrong Kind of Black,Wrong Kind of Black,198.94,7.7,3815,2018-09-01,"[""Australia""]",[18],"In 1970s Melbourne, a DJ named Boori Monty Pryor and his brother Paul navigate racial tensions and police encounters amid disco and discrimination.",,2026-05-17T16:57:37.502213
150605,Carmel: Who Killed Maria Marta?,Carmel: Who Killed Maria Marta?,107.79,8.1,837,2020-09-01,"[""Argentina""]",[18],"A woman is found dead in her bathtub, with a puddle of blood nearby. Her husband theorizes she had an accident. But an autopsy tells a different story.",,2026-05-17T16:57:37.502414
150606,Paranormal,Paranormal,185.76,5.6,3054,2020-09-01,"[""Egypt""]",[18],"After a skeptical hematologist is plunged into a series of inexplicable events, he unwillingly becomes the go-to-guy for paranormal investigations.",,2026-05-17T16:57:37.502614
150607,Love & Anarchy,Love & Anarchy,137.83,6.9,1750,2020-09-01,"[""Sweden""]",[18],A married consultant and a young IT tech kick off a flirty game that challenges societal norms — and leads them to re-evaluate their entire lives.,,2026-05-17T16:57:37.502806
150608,Can You Hear Me?,Can You Hear Me?,258.91,9.4,2816,2020-09-01,"[""Canada""]",[18],Three friends in a low-income neighborhood find humor and hope in their lives as they grapple with bad boyfriends and their dysfunctional families.,,2026-05-17T16:57:37.502967
150609,60 Days In,60 Days In,343.54,6.4,684,2019-09-01,"[""United States""]",[10764],"Recruited by a sheriff, volunteers infiltrate county prisons to expose corruption and crime from within the system in this docuseries.",,2026-05-17T16:57:37.503158
150610,Dawson's Creek,Dawson's Creek,25.48,5.2,3185,2002-09-01,"[""United States""]",[18],"This nighttime soap about a group of close-knit teens frankly depicts the issues of adolescence that obsess young adults, including sex, sex and sex.",,2026-05-17T16:57:37.503336
150611,Forged in Fire,Forged in Fire,38.16,7.2,522,2019-09-01,"[""United States""]",[10764],Bladesmiths vie for a cash prize by forging the best metal weapons from the pages of history in this competition series featuring expert judges.,,2026-05-17T16:57:37.503493
150612,Leah Remini: Scientology and the Aftermath,Leah Remini: Scientology and the Aftermath,273.99,6.9,6978,2018-09-01,"[""United States""]",[18],Former Scientology members share detailed accounts of alleged abuse and harassment by the Church in this docuseries from actress Leah Remini.,,2026-05-17T16:57:37.505515
150613,LEGO Jurassic World: Legend of Isla Nublar,LEGO Jurassic World: Legend of Isla Nublar,1.61,6.9,238,2019-09-01,"[""United States""]",[18],"At Jurassic Park, a velociraptor handler and an operations manager tackle crises of epic proportions as they try to prevent dinosaur-sized disasters.",,2026-05-17T16:57:37.506300
150614,LEGO Jurassic World: Secret Exhibit,LEGO Jurassic World: Secret Exhibit,207.64,5.8,1954,2018-09-01,"[""United States""]",[18],A can-do problem solver teams up with a rugged animal behaviorist to transport a trio of dinosaurs across the park to a super-secret exhibit.,,2026-05-17T16:57:37.506616
150615,LEGO Ninjago,LEGO Ninjago,78.59,5.7,5642,2020-09-01,"[""Canada""]",[18],"While fighting foes across Ninjago City and beyond, the ninjas embark on new quests and gain newfound allies as the power of their friendship is tested.",,2026-05-17T16:57:37.506837
150616,LEGO Ninjago: Masters of Spinjitzu,LEGO Ninjago: Masters of Spinjitzu,88.44,6.7,6286,2019-09-01,"[""Denmark""]",[18],"Kai, Jay, Cole and Zane must master their elemental powers and Spinjitzu weapons to protect the land of Ninjago, which also has an underworld.",,2026-05-17T16:57:37.508919
150617,LEGO: CITY Adventures,LEGO: CITY Adventures,41.1,5.7,6063,2019-09-01,"[""United States""]",[18],"In a boomtown built on fun, friendship and wacky mischief, a quirky crew of cops and firefighters work hard to preserve the peace and awesomeness.",,2026-05-17T16:57:37.509179
150618,The Garfield Show,The Garfield Show,34.94,6.4,1365,2018-09-01,"[""France""]",[18],"Lazy, lasagna-loving fat cat Garfield lives life on his own terms, which includes teasing his geeky owner, Jon, and tormenting dimwitted dog Odie.",,2026-05-17T16:57:37.509351
150619,The Good Detective,The Good Detective,86.72,5.3,5145,2020-09-01,"[""South Korea""]",[18],"When doubts rise about a five-year-old murder conviction, a veteran detective partners with a young hotshot to hunt down the case's hidden truths.",,2026-05-17T16:57:37.509498
150620,Voice,Voice,43.76,6.4,5572,2018-09-01,"[""South Korea""]",[18],"A deft detective whose wife is killed by a serial murderer teams up with a rookie cop, a gifted voice profiler dealing with her own father’s murder.",,2026-05-17T16:57:37.511199
150621,Afronta! Facing It!,Afronta! Facing It!,31.88,9.2,1160,2017-09-01,"[""Brazil""]",[18],"This docuseries spotlights Afro-Brazilian thinkers sharing their individual journeys and discussing representation, entrepreneurship and community.",,2026-05-17T16:57:37.511613
150622,Zumbo's Just Desserts,Zumbo's Just Desserts,413.21,8.3,5025,2019-09-01,"[""Australia""]",[10764],"Dessert wizard Adriano Zumbo looks for the next “Willy Wonka” in this tense competition that finds skilled amateurs competing for a $100,000 prize.",,2026-05-17T16:57:37.511868
150623,Kongsuni and Friends,Kongsuni and Friends,52.25,4.4,1094,2020-09-01,"[""US""]",[18],A bright-eyed girl and her magical owl sidekick find adventure when enchanting powers and creative ideas lead to important lessons.,,2026-05-17T16:57:37.512043
150624,Marvel's Agents of S.H.I.E.L.D.,Marvel's Agents of S.H.I.E.L.D.,145.62,6.0,4076,2020-09-01,"[""United States""]",[18],"Agent Phil Coulson, seen in action in Marvel's The Avengers, assembles a team of top S.H.I.E.L.D. agents to investigate bizarre threats.",,2026-05-17T16:57:37.512249
150625,Somebody Feed Phil,Somebody Feed Phil,13.7,7.3,2179,2020-09-01,"[""United States""]",[10764],"""Everybody Loves Raymond"" creator Phil Rosenthal travels the globe to take in the local cuisine and culture of Bangkok, Lisbon, Mexico City and more.",,2026-05-17T16:57:37.512424
150626,Suburra: Blood on Rome,Suburra: Blood on Rome,161.23,6.6,12176,2020-09-01,"[""Italy""]",[18],"In 2008, a fight over land in a seaside town near Rome spirals into a deadly battle between organized crime, corrupt politicians and the Vatican.",,2026-05-17T16:57:37.514962
150627,Blood of Zeus,Blood of Zeus,67.81,3.7,4784,2020-09-01,"[""United States""]",[18],"A commoner living in ancient Greece, Heron discovers his true heritage as a son of Zeus, and his purpose: to save the world from a demonic army.",,2026-05-17T16:57:37.515306
150628,Chico Bon Bon: Monkey with a Tool Belt,Chico Bon Bon: Monkey with a Tool Belt,361.94,4.8,1047,2020-09-01,"[""United States""]",[18],"Armed with tools and engineering smarts, monkey mechanic Chico Bon Bon and his Fix-It Force help the people of Blunderburg solve all of their problems.",,2026-05-17T16:57:37.515492
150629,The Devil Punisher,The Devil Punisher,49.92,6.6,2053,2020-09-01,"[""Taiwan""]",[18],"A baker by day and demon fighter by night, a reincarnated deity must jog his amnesiac lover's memory of their millennium-long romance.",,2026-05-17T16:57:37.515710
150630,Barbarians,Barbarians,46.84,5.7,3775,2020-09-01,"[""Germany""]",[18],"Torn between the mighty empire that raised him and his own tribal people, a Roman officer's conflicted allegiances lead to an epic historical clash.",,2026-05-17T16:57:37.515895
150631,Move,Move,172.46,3.3,4595,2020-09-01,"[""United States""]",[18],Discover the brilliant dancers and choreographers who are shaping the art of movement around the world in this documentary series.,,2026-05-17T16:57:37.516032
150632,Stolen Away,Stolen Away,56.15,5.4,5748,2020-09-01,"[""Spain""]",[18],"Searching for his kidnapped daughter, Antonio sets off a series of events affecting scores of people when he maneuvers to be sent to prison in Colombia.",,2026-05-17T16:57:37.516180
150633,The Queen's Gambit,The Queen's Gambit,57.88,6.1,5520,2020-09-01,"[""United States""]",[18],"In a 1950s orphanage, a young girl reveals an astonishing talent for chess and begins an unlikely journey to stardom while grappling with addiction.",,2026-05-17T16:57:37.516313
150634,My Next Guest Needs No Introduction With David Letterman,My Next Guest Needs No Introduction With David Letterman,162.51,8.6,5283,2020-09-01,"[""United States""]",[18],TV legend David Letterman teams up with fascinating global figures for in-depth interviews and curiosity-fueled excursions in this monthly talk show.,,2026-05-17T16:57:37.516493
150635,Unsolved Mysteries,Unsolved Mysteries,617.18,8.0,3105,2020-09-01,"[""US""]",[18],"Real cases of perplexing disappearances, shocking murders and paranormal encounters fuel this gripping revival of the iconic documentary series.",,2026-05-17T16:57:37.518977
150636,Start-Up,Start-Up,294.34,4.6,10951,2020-09-01,"[""South Korea""]",[18],Young entrepreneurs aspiring to launch virtual dreams into reality compete for success and love in the cutthroat world of Korea's high-tech industry.,,2026-05-17T16:57:37.519246
150637,Grand Army,Grand Army,56.87,6.7,2726,2020-09-01,"[""United States""]",[18],"Five students at the largest public high school in Brooklyn take on a chaotic world as they fight to succeed, survive, break free and seize the future.",,2026-05-17T16:57:37.519424
150638,La Révolution,La Révolution,86.2,8.0,4577,2020-09-01,"[""France""]",[18],"In a reimagined history, a mysterious disease besets 18th century France, culminating in a brutal clash between rebels and the aristocracy.",,2026-05-17T16:57:37.519631
150639,Someone Has to Die,Someone Has to Die,237.56,5.3,488,2020-09-01,"[""Mexico""]",[18],"In conservative 1950s Spain, the alleged relationship between a young man and a Mexican ballerino creates an uproar of harrowing consequences.",,2026-05-17T16:57:37.519811
150640,The Last Kids on Earth,The Last Kids on Earth,8.81,8.4,2666,2020-09-01,"[""United States""]",[18],"When zombies and monsters invade his hometown, a scrappy 13-year-old orphan teams up with his friends in hopes of surviving the chaos.",,2026-05-17T16:57:37.519965
150641,Fireman Sam,Fireman Sam,190.36,4.7,1029,2018-09-01,"[""United Kingdom""]",[18],"Sharing valuable lessons in fire safety for preschoolers, Fireman Sam and his animated crew from Pontypandy, Wales, are ready for any emergency.",,2026-05-17T16:57:37.520122
150642,Half & Half,Half & Half,167.05,6.3,633,2005-09-01,"[""United States""]",[18],"After two estranged half-sisters in their twenties find their lives suddenly entwined, they grow closer as they get to know more about each other.",,2026-05-17T16:57:37.520259
150643,One on One,One on One,329.25,6.4,3281,2006-09-01,"[""United States""]",[18],"When his ex-wife lands a job abroad, athlete-turned-sportscaster Flex Washington assumes full-time custody of their teenage daughter, Breanna.",,2026-05-17T16:57:37.520390
150644,Power Rangers Beast Morphers,Power Rangers Beast Morphers,90.07,6.5,4357,2020-09-01,"[""United States""]",[18],A new breed of secret agents must stop a ruthless computer virus and its minions from stealing the unlimited clean energy source that created them.,,2026-05-17T16:57:37.520511
150645,Social Distance,Social Distance,252.64,6.3,7197,2020-09-01,"[""United States""]",[18],"Filmed in isolation, this narrative anthology series features both dark and funny takes on how people strive to stay connected while staying apart.",,2026-05-17T16:57:37.523287
150646,The Cabin with Bert Kreischer,The Cabin with Bert Kreischer,86.6,4.9,3251,2020-09-01,"[""United States""]",[10764],"Fast-living comic Bert Kreischer heads to a cabin for some self-care and invites his funny friends to join his quest to cleanse his mind, body and soul.",,2026-05-17T16:57:37.523588
150647,Kipo and the Age of Wonderbeasts,Kipo and the Age of Wonderbeasts,318.83,6.1,3528,2020-09-01,"[""United States""]",[18],"Making her way through a world of mutant animals, a sheltered yet scrappy girl learns how to survive – and get home – with help from her ragtag crew.",,2026-05-17T16:57:37.525852
150648,Deaf U,Deaf U,151.52,6.4,4018,2020-09-01,"[""United States""]",[18],"In this reality series, a tight-knit group of Deaf and hard of hearing students share their stories and explore life at Gallaudet University.",,2026-05-17T16:57:37.526047
150649,The Haunting of Bly Manor,The Haunting of Bly Manor,55.11,6.6,6920,2020-09-01,"[""United States""]",[18],"Dead doesn't mean gone. An au pair plunges into an abyss of chilling secrets in this gothic romance from the creator of ""The Haunting of Hill House.""",,2026-05-17T16:57:37.526801
150650,Do Do Sol Sol La La Sol,Do Do Sol Sol La La Sol,167.41,5.2,1291,2020-09-01,"[""South Korea""]",[18],"A riches-to-rags pianist who loses everything but her smile is guided by twinkling little stars to a small town where she finds hope, home and love.",,2026-05-17T16:57:37.527132
150651,Private Lives,Private Lives,174.73,5.5,3129,2020-09-01,"[""South Korea""]",[18],"In a world where data is no longer private, con artists uncover a sinister surveillance scheme headed by the government and a greedy corporation.",,2026-05-17T16:57:37.527336
150652,The 100,The 100,321.33,6.3,1675,2020-09-01,"[""United States""]",[18],"A century after Earth was devastated by a nuclear apocalypse, 100 space station residents are sent to the planet to determine whether it's habitable.",,2026-05-17T16:57:37.527908
150653,To the Lake,To the Lake,369.23,7.3,9749,2020-09-01,"[""Russia""]",[18],"Facing the end of civilization when a terrifying plague strikes, a group risks their lives, loves — and humanity — in a brutal struggle to survive.",,2026-05-17T16:57:37.528153
150654,Bad Boy Billionaires: India,Bad Boy Billionaires: India,12.45,6.3,2565,2020-09-01,"[""India""]",[18],"This investigative docuseries explores the greed, fraud and corruption that built up — and ultimately brought down — India’s most infamous tycoons.",,2026-05-17T16:57:37.528333
150655,Pat a Pat Como,Pat a Pat Como,133.94,6.7,6428,2016-09-01,"[""US""]",[18],"For Como and his friends, each new adventure is a lesson on why it's important to be considerate — and to take care of one another!",,2026-05-17T16:57:37.529826
150656,Qurious Como,Qurious Como,400.75,6.4,7187,2017-09-01,"[""US""]",[18],"Shrunk down in size, Como and his friends examine the wonder-filled world around them one item at a time, from foods to household goods.",,2026-05-17T16:57:37.530093
150657,DreamWorks Happy Holidays from Madagascar,DreamWorks Happy Holidays from Madagascar,316.72,7.2,2089,2005-09-01,"[""United States""]",[18],Madagascar goes wild with holiday spirit in this set of Valentine's Day and Christmas-themed tales featuring everyone's favorite animal characters.,,2026-05-17T16:57:37.530365
150658,Emily in Paris,Emily in Paris,10.49,6.9,7255,2020-09-01,"[""United States""]",[18],"After landing her dream job in Paris, Chicago marketing exec Emily Cooper embraces her adventurous new life while juggling work, friends and romance.",,2026-05-17T16:57:37.530573
150659,H2O: Just Add Water,H2O: Just Add Water,24.14,7.5,4636,2009-09-01,"[""Australia""]",[18],The gals in this fantasy series cope with the burden of growing a giant fin and transforming into mermaids whenever they come in contact with water.,,2026-05-17T16:57:37.530778
150660,Evil,Evil,409.87,6.0,1470,2019-09-01,"[""United States""]",[18],A forensic psychologist partners with a Catholic priest-in-training to investigate miracles and demonic possession in this supernatural drama.,,2026-05-17T16:57:37.530936
150661,Familiar Wife,Familiar Wife,136.24,7.6,3483,2018-09-01,"[""South Korea""]",[18],"After receiving a bizarre chance to go back in time, a man wakes up to find that his whole life — including the person he married — is different.",,2026-05-17T16:57:37.531113
150662,Food Wars!: Shokugeki no Soma,Food Wars!: Shokugeki no Soma,344.88,7.1,1678,2016-09-01,"[""Japan""]",[18],"Young chef Soma enters the prestigious Totsuki Culinary Academy, where he must emerge victorious in over-the-top cooking battles or face expulsion.",,2026-05-17T16:57:37.531267
150663,"Good Morning, Verônica","Good Morning, Verônica",46.54,4.7,11360,2020-09-01,"[""Brazil""]",[18],"While hunting for a dating-site predator, an underused cop discovers a husband and wife with a horrific secret — and a web of conspiracy hiding it.",,2026-05-17T16:57:37.531414
150664,Journey of an African Colony,Journey of an African Colony,257.4,6.7,3967,2018-09-01,"[""US""]",[18],This docuseries delves into the untold stories and unsung heroes that paved Nigeria's road to independence. Based on the books by host Olasupo Shasore.,,2026-05-17T16:57:37.531585
150665,Oktoberfest: Beer & Blood,Oktoberfest: Beer & Blood,18.21,7.6,3653,2020-09-01,"[""Germany""]",[18],"In 1900 Munich, ambitious brewer Curt Prank uses brutal tactics on his quest to build a beer hall that will dominate the city's lucrative Oktoberfest.",,2026-05-17T16:57:37.531763
150666,Secreto bien guardado,Secreto bien guardado,57.74,6.5,6552,2019-09-01,"[""Argentina""]",[18],"In 1940 Argentina, a Jewish 17-year-old on vacation with her family falls in love with a young Nazi lawyer staying at the same hotel.",,2026-05-17T16:57:37.531886
150667,Sword Art Online,Sword Art Online,250.32,6.2,2712,2018-09-01,"[""Japan""]",[18],A video game whiz helps create a new technology that enables players to guide their online avatars with their own bodies – but a dark twist emerges.,,2026-05-17T16:57:37.532000
150668,The Parkers,The Parkers,160.98,7.8,2559,2003-09-01,"[""United States""]",[18],"In this ""Moesha"" spinoff, undergraduate Kim is joined at Santa Monica College by her mother Nikki, who decides to go back to school with her daughter.",,2026-05-17T16:57:37.532134
150669,The Unicorn,The Unicorn,13.57,4.4,2988,2019-09-01,"[""United States""]",[18],"A widowed father of two girls navigates the world of dating, surprised to learn that many women consider him a hot commodity.",,2026-05-17T16:57:37.532256
150670,You Cannot Hide,You Cannot Hide,242.62,5.6,4029,2020-09-01,"[""Mexico""]",[18],"A nurse and her daughter flee her husband’s drug-trafficking past in Mexico and assume new identities in Spain, but still face danger in Madrid.",,2026-05-17T16:57:37.532368
150671,Black Butler,Black Butler,214.49,7.7,3792,2010-09-01,"[""Japan""]",[18],"In Victorian London, 12-year-old business magnate Ciel Phantomhive thwarts dangers to the queen as he's watched over by his demon butler, Sebastian.",,2026-05-17T16:57:37.532477
150672,Man with a Plan,Man with a Plan,335.31,6.5,4041,2020-09-01,"[""United States""]",[18],"When his wife Andi returns to work, contractor Adam Burns becomes a stay-at-home dad and discovers that parenting is a tougher job than he realized.",,2026-05-17T16:57:37.532620
150673,Wentworth,Wentworth,312.89,8.4,1793,2020-09-01,"[""Australia""]",[18],Bea Smith is locked up while awaiting trial for the alleged attempted murder of her husband and must learn how life works in prison.,,2026-05-17T16:57:37.532767
150674,"Whose Vote Counts, Explained","Whose Vote Counts, Explained",135.28,4.1,5546,2020-09-01,"[""United States""]",[18],"The right to vote is at the foundation of America's democracy. But not every vote is created equal. How does the system work, and can it be fixed?",,2026-05-17T16:57:37.532923
150675,Van Helsing,Van Helsing,329.19,6.0,595,2019-09-01,"[""United States""]",[18],"After three years in a coma, Vanessa awakens to a world ravaged by vampires. Now, she and a motley band of fellow survivors fight to stay alive.",,2026-05-17T16:57:37.533059
150676,The Good Place,The Good Place,442.04,8.1,5905,2020-09-01,"[""United States""]",[18],"Due to an error, self-absorbed Eleanor Shellstrop arrives at the Good Place after her death. Determined to stay, she tries to become a better person.",,2026-05-17T16:57:37.533209
150677,A Perfect Crime,A Perfect Crime,166.65,4.4,4820,2020-09-01,"[""Germany""]",[18],"This docuseries investigates the 1991 killing of politician Detlev Rohwedder, an unsolved mystery at the heart of Germany's tumultuous reunification.",,2026-05-17T16:57:37.533330
150678,Mighty Little Bheem,Mighty Little Bheem,405.06,7.9,5695,2020-09-01,"[""US""]",[18],An innocent toddler’s boundless curiosity – and extraordinary might – lead to mischief and adventure in his small Indian town.,,2026-05-17T16:57:37.533441
150679,Sneakerheads,Sneakerheads,130.51,7.1,4835,2020-09-01,"[""United States""]",[18],Family man Devin falls back into his sneaker obsession after his pal Bobby talks him into a wheeling-dealing scheme to score a mythical pair of kicks.,,2026-05-17T16:57:37.533586
150680,The School Nurse Files,The School Nurse Files,15.6,5.0,3005,2020-09-01,"[""South Korea""]",[18],"Wielding a light-up sword through the dark corners of a high school, a nurse with an unusual gift protects students from monsters only she can see.",,2026-05-17T16:57:37.533703
150681,The Chef Show,The Chef Show,115.12,8.6,4911,2020-09-01,"[""United States""]",[18],"Writer, director and food enthusiast Jon Favreau and chef Roy Choi explore food in and out of the kitchen with accomplished chefs and celebrity friends.",,2026-05-17T16:57:37.533826
150682,The Playbook,The Playbook,138.44,5.3,1800,2020-09-01,"[""United States""]",[18],Coaches with championship résumés share their personal rules for success in sports and life in this reflective and inspiring documentary series.,,2026-05-17T16:57:37.533943
150683,Fukrey Boyzzz,Fukrey Boyzzz,218.05,5.0,3723,2020-09-01,"[""US""]",[18],"A troublemaking trio dreams big, plays hard and stirs up all sorts of classroom mischief in this animated spinoff of the popular Hindi film franchise.",,2026-05-17T16:57:37.534159
150684,Ratched,Ratched,88.62,8.0,3676,2020-09-01,"[""United States""]",[18],"In 1947, Mildred Ratched begins working as a nurse at a leading psychiatric hospital. But beneath her stylish exterior lurks a growing darkness.",,2026-05-17T16:57:37.534306
150685,The American Barbecue Showdown,The American Barbecue Showdown,14.47,6.9,4928,2020-09-01,"[""United States""]",[10764],Eight of the country's best backyard smokers and pitmasters vie for the title of American Barbecue Champion in a fierce but friendly faceoff.,,2026-05-17T16:57:37.534430
150686,The Blacklist,The Blacklist,183.29,7.5,2541,2019-09-01,"[""United States""]",[18],"After turning himself in, a brilliant fugitive offers to help the FBI bag other baddies, but only if rookie profiler Elizabeth Keen is his partner.",,2026-05-17T16:57:37.534575
150687,Dragon's Dogma,Dragon's Dogma,17.57,6.3,303,2020-09-01,"[""US""]",[18],"Resurrected as an Arisen, Ethan sets out to vanquish the Dragon that took his heart. But with every demon he battles, his humanity slips further away.",,2026-05-17T16:57:37.534713
150688,The Last Word,The Last Word,395.56,5.1,4031,2020-09-01,"[""Germany""]",[18],"Suddenly a widow, a woman rekindles her thirst for life by becoming a eulogist while navigating the existential landscape of death, grief and love.",,2026-05-17T16:57:37.534840
150689,Baby,Baby,137.11,4.3,6018,2020-09-01,"[""Italy""]",[18],"Fed up with their families and classmates, two teen girls from a wealthy part of Rome are drawn to the city's underworld and start leading double lives.",,2026-05-17T16:57:37.534956
150690,Challenger,Challenger,10.08,7.3,8087,2020-09-01,"[""United States""]",[18],"Engineers, officials and the crew members' families provide their perspective on the 1986 Space Shuttle Challenger disaster and its aftermath.",,2026-05-17T16:57:37.535249
150691,Criminal: UK,Criminal: UK,93.63,7.1,4096,2020-09-01,"[""United Kingdom""]",[18],"Within the walls of an interrogation room and with time running out, London investigators go after three suspects, each accused of a grievous crime.",,2026-05-17T16:57:37.535447
150692,Signs,Signs,136.03,6.0,2942,2020-09-01,"[""Poland""]",[18],"When a young woman's murder shows similarities to a decade-old cold case, a new police commander must break the silence permeating an Owl Mountain town.",,2026-05-17T16:57:37.535637
150693,Sing On!,Sing On!,72.59,4.8,4951,2020-09-01,"[""United States""]",[10764],"In this fun, fast-paced music contest hosted by Tituss Burgess, players sing their hearts out and try to hit the right notes to win up to $60,000.",,2026-05-17T16:57:37.535830
150694,Call the Midwife,Call the Midwife,190.19,7.1,6474,2020-09-01,"[""United Kingdom""]",[18],This period drama set in impoverished East London in the 1950s follows a newly qualified midwife and her colleagues at a nursing convent.,,2026-05-17T16:57:37.535996
150695,Taco Chronicles,Taco Chronicles,25.0,7.6,6899,2020-09-01,"[""United States""]",[10764],"Many of the most popular taco styles have long, rich, little-known histories. Explore some of them in this eye-opening, mouth-watering food adventure.",,2026-05-17T16:57:37.536174
150696,Buddi,Buddi,210.72,3.5,1389,2020-09-01,"[""United Kingdom""]",[18],"The Buddis bounce, spin, glide — and giggle! — through their magical world, learning new things and sharing the joy of friendship.",,2026-05-17T16:57:37.536346
150697,Family Business,Family Business,1.89,6.5,6087,2020-09-01,"[""France""]",[18],"After learning France is about to legalize pot, a down-on-his-luck entrepreneur and his family race to turn their butcher shop into a marijuana café.",,2026-05-17T16:57:37.536498
150698,Girlfriends,Girlfriends,131.49,8.8,1576,2007-09-01,"[""United States""]",[18],"Four close friends in Los Angeles challenge and support each other through life's triumphs and disasters. Sophisticated, relatable and always funny.",,2026-05-17T16:57:37.537023
150699,The Barrier,The Barrier,14.98,6.7,3414,2020-09-01,"[""Spain""]",[18],One family’s fight for survival in a future dystopian Madrid illustrates the disparity between two worlds separated by a fence — and so much more.,,2026-05-17T16:57:37.537274
150700,The Duchess,The Duchess,134.96,6.7,1858,2020-09-01,"[""United Kingdom""]",[18],"Katherine's a single mom juggling her career, her tween daughter, her relationship with her boyfriend — and pondering getting pregnant with her ex.",,2026-05-17T16:57:37.537404
150701,Greenleaf,Greenleaf,73.97,7.1,5289,2020-09-01,"[""United States""]",[18],"Although members of the Greenleaf family run a Memphis megachurch, their business and personal lives are tainted with greed, adultery and other sins.",,2026-05-17T16:57:37.537526
150702,Julie and the Phantoms,Julie and the Phantoms,251.31,7.0,4107,2020-09-01,"[""United States""]",[18],"Julie lost her passion for music when she lost her mom. But when three ghostly guys appear and lift her spirits, they decide to start a band together!",,2026-05-17T16:57:37.537797
150703,Get Organized with The Home Edit,Get Organized with The Home Edit,156.78,5.2,5120,2020-09-01,"[""United States""]",[10764],"Expert home organizers Clea and Joanna help celebrities and everyday clients edit, categorize and contain their clutter to create stunning spaces.",,2026-05-17T16:57:37.538002
150704,La Línea: Shadow of Narco,La Línea: Shadow of Narco,111.0,6.9,5276,2020-09-01,"[""Spain""]",[18],"A stone's throw from Africa, the Spanish beach town of La Línea is a drug smuggling hot spot. But the police and mayor are determined to change that.",,2026-05-17T16:57:37.538203
150705,Record of Youth,Record of Youth,41.69,5.8,936,2020-09-01,"[""South Korea""]",[18],Two actors and a makeup artist fight to make their own way in a world that weighs the backgrounds they were born into more than their dreams.,,2026-05-17T16:57:37.538360
150706,Transformers: Cyberverse,Transformers: Cyberverse,100.64,6.6,2727,2020-09-01,"[""US""]",[18],Optimus Prime and the AllSpark are missing – and only a memory-scrambled Bumblebee holds the key to finding them in this animated sci-fi series.,,2026-05-17T16:57:37.538496
150707,Cleverman,Cleverman,205.3,7.4,5697,2017-09-01,"[""Australia""]",[18],"In the near future, physically powerful beings known as ""Hairies"" struggle to survive in a segregated society dominated by hostile humans.",,2026-05-17T16:57:37.538671
150708,Away,Away,257.94,5.0,3407,2020-09-01,"[""United States""]",[18],Commander Emma Green leaves behind her husband and daughter to lead an international crew of astronauts on a perilous three-year mission to Mars.,,2026-05-17T16:57:37.538832
150709,Spirit Riding Free: Riding Academy,Spirit Riding Free: Riding Academy,198.75,4.1,4876,2020-09-01,"[""United States""]",[18],A new chapter begins for Lucky and her friends as they leave Miradero behind to live and learn at the prestigious Palomino Bluffs Riding Academy.,,2026-05-17T16:57:37.538968
150710,Young Wallander,Young Wallander,30.83,6.7,4916,2020-09-01,"[""United Kingdom""]",[18],"An incendiary hate crime stirs civil unrest, fast-tracking rookie cop Kurt Wallander to detective in this origin story for the popular character.",,2026-05-17T16:57:37.539121
150711,Chef's Table: BBQ,Chef's Table: BBQ,65.95,5.1,3851,2020-09-01,"[""United States""]",[10764],"The Emmy-nominated series delves into the juicy, smoky world of barbecue, visiting acclaimed chefs and pitmasters in the US, Australia and Mexico.",,2026-05-17T16:57:37.539269
150712,The Witcher: A Look Inside the Episodes,The Witcher: A Look Inside the Episodes,11.25,6.0,2566,2020-09-01,"[""US""]",[18],"With series creator Lauren S. Hissrich as your guide, take an in-depth journey into the stories and themes powering the first season of ""The Witcher.""",,2026-05-17T16:57:37.539402
150713,Blue Exorcist,Blue Exorcist,63.78,4.2,3535,2017-09-01,"[""Japan""]",[18],"Determined to throw off the curse of being Satan's illegitimate son, Rin enters the True Cross Academy to become an exorcist, just like his mentor.",,2026-05-17T16:57:37.539532
150714,Bookmarks,Bookmarks,90.6,10.6,5058,2020-09-01,"[""United States""]",[18],"Celebrity readers share children's books by Black authors to spark kid-friendly conversations about empathy, equality, self-love and antiracism.",,2026-05-17T16:57:37.539721
150715,Borgen,Borgen,199.97,4.0,5534,2012-09-01,"[""Denmark""]",[18],A shocking turn of events puts Birgitte Nyborg in the Danish prime minister's seat as her country's first female leader in this landmark drama.,,2026-05-17T16:57:37.539851
150716,Erased,Erased,301.82,7.3,922,2016-09-01,"[""Japan""]",[18],"Satoru Fujinuma can travel back in time to save others' lives. When he wakes up 18 years in the past, he has a chance to save his murdered classmates.",,2026-05-17T16:57:37.539969
150717,Felipe Esparza: Bad Decisions,Felipe Esparza: Bad Decisions,244.78,7.4,3433,2020-09-01,"[""United States""]",[18],"Two live performances, one in English and one in Spanish. No matter the language, Felipe Esparza is muy muy.",,2026-05-17T16:57:37.540199
150718,H,H,109.22,8.6,9844,2002-09-01,"[""France""]",[18],"At a dysfunctional hospital in Paris, three bumbling, eccentric medical employees embark on zany misadventures with surgical imprecision.",,2026-05-17T16:57:37.540337
150719,Heidi,Heidi,75.13,8.4,8674,2020-09-01,"[""France""]",[18],A plucky young orphan sent to live with her grandfather in the mountains discovers wonder and adventure around every corner.,,2026-05-17T16:57:37.540455
150720,"Sister, Sister","Sister, Sister",63.0,6.9,3027,1998-09-01,"[""United States""]",[18],"Separated at birth, twin sisters Tia Landry and Tamera Campbell reunite after 14 years and soon move in together, blending families and personalities.",,2026-05-17T16:57:37.540601
150721,The Promised Neverland,The Promised Neverland,245.79,5.6,3299,2019-09-01,"[""Japan""]",[18],"When three gifted kids learn that their isolated orphanage isn’t the haven they thought, they vow to lead the other children in a risky escape plan.",,2026-05-17T16:57:37.540723
150722,Thomas and Friends,Thomas and Friends,62.0,4.4,7152,2020-09-01,"[""United Kingdom""]",[18],"This animated children's series follows the adventures of Thomas, a cheerful blue tank engine who lives on the island of Sodor.",,2026-05-17T16:57:37.540847
150723,I AM A KILLER: RELEASED,I AM A KILLER: RELEASED,558.81,5.6,5212,2020-09-01,"[""United Kingdom""]",[18],"In this crime docuseries spinoff, a convict is paroled 30 years after being sentenced to death for murder. Then he makes a stunning confession.",,2026-05-17T16:57:37.540961
150724,Masaba Masaba,Masaba Masaba,24.88,6.5,4680,2020-09-01,"[""India""]",[18],"Real life mom-daughter duo Neena and Masaba Gupta play versions of themselves in this playful, fictional peek into their lives in fashion and film.",,2026-05-17T16:57:37.541110
150725,Aggretsuko,Aggretsuko,31.24,8.6,2953,2020-09-01,"[""Japan""]",[18],"Frustrated with her thankless office job, Retsuko the Red Panda copes with her daily struggles by belting out death metal karaoke after work.",,2026-05-17T16:57:37.541228
150726,Her Mother's Killer,Her Mother's Killer,199.01,7.3,7308,2020-09-01,"[""Colombia""]",[18],"Nearly 30 years after her mom's murder, a political strategist launches a calculated plan to ruin the Colombian presidential candidate who killed her.",,2026-05-17T16:57:37.541339
150727,Million Dollar Beach House,Million Dollar Beach House,162.11,4.7,3709,2020-09-01,"[""United States""]",[10764],The competition is fierce — and the drama undeniable — as a group of young and hungry agents try to seal the deal on luxury listings in the Hamptons.,,2026-05-17T16:57:37.541441
150728,Emily's Wonder Lab,Emily's Wonder Lab,84.51,6.1,5093,2020-09-01,"[""United States""]",[18],"Science-loving host Emily Calandrelli makes STEAM fun with activities, demonstrations and at-home experiments that'll make you think — and blow your mind!",,2026-05-17T16:57:37.541577
150729,Trinkets,Trinkets,21.86,6.3,3263,2020-09-01,"[""United States""]",[18],A grieving teen finds an unexpected connection with two classmates at her new high school after they all land in the same Shoplifters Anonymous group.,,2026-05-17T16:57:37.541841
150730,Baewatch: Parental Guidance,Baewatch: Parental Guidance,63.14,4.2,1658,2019-09-01,"[""US""]",[10764],"Couples go on a romantic getaway to test their relationships, not knowing their families are calling the shots and cringing over their every move.",,2026-05-17T16:57:37.542210
150731,Ojos in d' House,Ojos in d' House,212.37,6.7,1149,2013-09-01,"[""Nigeria""]",[18],"After a newly rich family moves into an upper-class neighborhood, they try to keep their matriarch's obsessive pursuit of social acceptance in check.",,2026-05-17T16:57:37.542400
150732,Hoops,Hoops,163.69,7.9,7687,2020-09-01,"[""United States""]",[18],A foul-mouthed high school basketball coach is sure he'll hit the big leagues if he can only turn his terrible team around. Good luck with that.,,2026-05-17T16:57:37.542767
150733,Rust Valley Restorers,Rust Valley Restorers,229.28,8.6,5972,2020-09-01,"[""Canada""]",[10764],"Old-school auto collector Mike Hall, his pal Avery Shoaf and son Connor Hall go the extra mile to restore retro cars – and hopefully turn a profit.",,2026-05-17T16:57:37.543024
150734,Goedam,Goedam,45.74,7.6,1824,2020-09-01,"[""South Korea""]",[18],"When night falls on the city, shadows and spirits come alive in this horror anthology series centered on urban legends.",,2026-05-17T16:57:37.543243
150735,DeMarcus Family Rules,DeMarcus Family Rules,111.05,9.6,3519,2020-09-01,"[""United States""]",[10764],Rascal Flatts bassist Jay DeMarcus and ex-beauty queen Allison DeMarcus write their own rules for juggling family and fun in this reality show.,,2026-05-17T16:57:37.543370
150736,High Score,High Score,88.18,7.0,642,2020-09-01,"[""United States""]",[18],"This docuseries traces the history of classic video games, featuring insights from the innovators who brought these worlds and characters to life.",,2026-05-17T16:57:37.543478
150737,Glitch Techs,Glitch Techs,23.08,6.8,2513,2020-09-01,"[""United States""]",[18],Two teens work at a game store as a front for their actual job: Hunting video game monsters who've broken out into the real world.,,2026-05-17T16:57:37.543626
150738,Stranger,Stranger,153.82,6.0,4668,2020-09-01,"[""South Korea""]",[18],"With the help of a gutsy female detective, a prosecutor who has lost the ability to feel empathy tackles a murder case amid political corruption.",,2026-05-17T16:57:37.543747
150739,Dérè: An African Tale,Dérè: An African Tale,275.04,4.7,3266,2016-09-01,"[""US""]",[18],"After experiencing a tragic loss, a woman must resist a new family dynamic that could control the future of her father's company and her life.",,2026-05-17T16:57:37.544002
150740,Rita,Rita,149.68,8.3,4229,2020-09-01,"[""Denmark""]",[18],"Independent, outspoken and adored by her students, schoolteacher Rita fares less well with adults in this comedy-drama from Denmark.",,2026-05-17T16:57:37.544166
150741,Takki,Takki,419.83,4.8,5106,2014-09-01,"[""Saudi Arabia""]",[18],"In Jeddah, Saudi Arabia, a young aspiring filmmaker and his circle of friends grapple with family expectations, gender roles, romance and rivalry.",,2026-05-17T16:57:37.544287
150742,3%,3%,83.2,8.8,4435,2020-09-01,"[""Brazil""]",[18],"In a future where the elite inhabit an island paradise far from the crowded slums, you get one chance to join the 3% saved from squalor.",,2026-05-17T16:57:37.544393
150743,Teenage Bounty Hunters,Teenage Bounty Hunters,63.33,6.8,5790,2020-09-01,"[""United States""]",[18],Twin sisters Sterling and Blair balance teen life at an elite Southern high school with an unlikely new career as butt-kicking bounty hunters.,,2026-05-17T16:57:37.544497
150744,The Great Heist,The Great Heist,119.47,8.5,6879,2020-09-01,"[""Colombia""]",[18],"In 1994, a team of thieves plans an ambitious heist to steal millions from Colombia's Bank of the Republic. Inspired by true events.",,2026-05-17T16:57:37.544665
150745,The Legend of Korra,The Legend of Korra,59.79,6.7,758,2014-09-01,"[""United States""]",[18],A female avatar who can control the elements fights to keep her city safe from the evil forces of both the physical and spiritual worlds.,,2026-05-17T16:57:37.544840
150746,Zoids Wild,Zoids Wild,3.91,4.2,3905,2018-09-01,"[""Japan""]",[18],A quest for freedom and legendary treasure begins when a cheerful young adventurer follows his father's footsteps to become the greatest Zoids hunter.,,2026-05-17T16:57:37.544976
150747,(Un)Well,(Un)Well,18.65,6.3,5710,2020-09-01,"[""United States""]",[10764],"This docuseries takes a deep dive into the lucrative wellness industry, which touts health and healing. But do the products live up to the promises?",,2026-05-17T16:57:37.545130
150748,GAME ON: A Comedy Crossover Event,GAME ON: A Comedy Crossover Event,131.94,7.8,3994,2020-09-01,"[""United States""]",[18],"Worlds collide in this special event featuring familiar faces, surprise cameos and stories of spirited competition from four different comedy series.",,2026-05-17T16:57:37.545272
150749,Terrace House: Tokyo 2019-2020,Terrace House: Tokyo 2019-2020,120.33,5.3,7442,2019-09-01,"[""Japan""]",[10764],"Six strangers share a fabulous house in Tokyo, looking for love while living under the same roof. With no script, what happens next is all up to them.",,2026-05-17T16:57:37.545411
150750,The Governor,The Governor,237.9,8.7,987,2016-09-01,"[""Nigeria""]",[18],"When sudden tragedy forces a deputy to step into the role of governor, she faces grueling political and personal tests in order to lead her state.",,2026-05-17T16:57:37.545579
150751,High Seas,High Seas,271.57,6.3,5007,2020-09-01,"[""Spain""]",[18],Two sisters discover disturbing family secrets after a string of mysterious deaths occur on a luxury ship traveling from Spain to Brazil in the 1940s.,,2026-05-17T16:57:37.545734
150752,Selling Sunset,Selling Sunset,75.48,5.7,1251,2020-09-01,"[""US""]",[10764],The elite real estate brokers at The Oppenheim Group sell the luxe life to affluent buyers in LA. The drama ramps up when a new agent joins the team.,,2026-05-17T16:57:37.545844
150753,Sing On! Germany,Sing On! Germany,379.44,5.4,3946,2020-09-01,"[""Germany""]",[10764],"In this karaoke competition hosted by Palina Rojinski, contestants must hit the right note for a chance to win up to 30,000 euros.",,2026-05-17T16:57:37.545945
150754,Tiny Creatures,Tiny Creatures,287.54,8.1,3126,2020-09-01,"[""United States""]",[18],Little animals embark on big adventures across the U.S. in a dramatic nature series that explores their hidden worlds and epic survival stories.,,2026-05-17T16:57:37.546042
150755,Wizards: Tales of Arcadia,Wizards: Tales of Arcadia,81.05,5.5,3506,2020-09-01,"[""United States""]",[18],"Merlin’s apprentice joins Arcadia’s heroes on a time-bending adventure in Camelot, where conflict is brewing between the human, troll and magical worlds.",,2026-05-17T16:57:37.546164
150756,Word Party Songs,Word Party Songs,178.89,6.1,5652,2020-09-01,"[""United States""]",[18],"Sing along and dance with Bailey, Franny, Kip, Lulu and Tilly in this collection of music videos that will get you in the mood to move and groove!",,2026-05-17T16:57:37.546268
150757,Ever After High,Ever After High,49.27,5.6,3186,2016-09-01,"[""Canada""]",[18],The kids of fairy-tale characters attend a school with two cliques: those who accept their fairy-tale destinies and those who want to write their own.,,2026-05-17T16:57:37.546367
150758,The Rain,The Rain,57.09,7.5,532,2020-09-01,"[""Denmark""]",[18],"Six years after a brutal virus wipes out most of Scandinavia's population, two siblings join a band of young survivors seeking safety – and answers.",,2026-05-17T16:57:37.546466
150759,World's Most Wanted,World's Most Wanted,259.97,6.6,4279,2020-09-01,"[""United States""]",[18],"Suspected of heinous crimes, they’ve avoided capture despite massive rewards and global investigations. A docuseries profiling the world’s most wanted.",,2026-05-17T16:57:37.546607
150760,Mystery Lab,Mystery Lab,129.82,4.5,2267,2020-09-01,"[""Brazil""]",[18],"Host Felipe Castanhari explores science, history, mysteries and marvels, uncovering mind-blowing facts with help from his lab buddies.",,2026-05-17T16:57:37.546723
150761,Immigration Nation,Immigration Nation,223.88,4.9,4874,2020-09-01,"[""United States""]",[18],"With unprecedented access to ICE operations, as well as moving portraits of immigrants, this docuseries takes a deep look at US immigration today.",,2026-05-17T16:57:37.546853
150762,Moesha,Moesha,33.72,5.2,5336,2000-09-01,"[""United States""]",[18],"Navigating the twists and firsts of high school, Moesha juggles friendships, romance and the occasional drama while trying to keep her family together.",,2026-05-17T16:57:37.546986
150763,My Perfect Landing,My Perfect Landing,54.0,5.6,4086,2020-09-01,"[""Canada""]",[18],Everything changes for talented young gymnast Jenny Cortez when she moves with her family from Miami to Toronto to open a new gymnastics club.,,2026-05-17T16:57:37.547170
150764,Nagi-Asu: A Lull in the Sea,Nagi-Asu: A Lull in the Sea,95.64,5.0,3742,2014-09-01,"[""Japan""]",[18],"In a world where humans are divided between the land and the sea, four childhood friends from the ocean must attend middle school on the surface.",,2026-05-17T16:57:37.547311
150765,The Next Step,The Next Step,11.71,4.3,8148,2018-09-01,"[""Canada""]",[10764],This drama series follows young dancers at the Next Step Dance Studio as they attempt to win the coveted regional dance championships.,,2026-05-17T16:57:37.547468
150766,Toradora!,Toradora!,101.12,9.3,4664,2008-09-01,"[""Japan""]",[18],"Menacing in appearance but gentle at heart, Ryūji forms an unlikely friendship with Taiga, a tiny girl with a sharp tongue and a tough attitude.",,2026-05-17T16:57:37.548392
150767,Transformers Rescue Bots Academy,Transformers Rescue Bots Academy,105.54,5.6,4259,2020-09-01,"[""United States""]",[18],"As part of the first class at the Rescue Bots Academy, five Cybertron recruits train under their skilled teachers and take on daring rescue missions.",,2026-05-17T16:57:37.550007
150768,Get Even,Get Even,80.9,6.4,2512,2020-09-01,"[""United Kingdom""]",[18],"In a secret act of skillful revenge, four private school classmates team up and work together to expose a string of schoolwide injustices.",,2026-05-17T16:57:37.550605
150769,Sugar Rush,Sugar Rush,225.41,7.7,953,2020-09-01,"[""United States""]",[10764],Time's the most important ingredient as teams race against the clock – and each other – to bake up the best-tasting sweets.,,2026-05-17T16:57:37.551030
150770,The Umbrella Academy,The Umbrella Academy,204.18,7.0,4485,2020-09-01,"[""United States""]",[18],"Reunited by their father's death, estranged siblings with extraordinary powers uncover shocking family secrets – and a looming threat to humanity.",,2026-05-17T16:57:37.551303
150771,Transformers: War For Cybertron Trilogy,Transformers: War For Cybertron Trilogy,85.06,6.1,6015,2020-09-01,"[""United States""]",[18],"As the Autobots and Decepticons ravage their planet in a brutal civil war, two iconic leaders emerge in the Transformers universe's origin story.",,2026-05-17T16:57:37.551476
150772,Unlucky Ploy,Unlucky Ploy,20.56,7.4,10482,2020-09-01,"[""US""]",[18],"In this remake of the Korean series, a man becomes mired in the lives of two women who happen to share the same name.",,2026-05-17T16:57:37.551955
150773,Last Chance U,Last Chance U,11.35,6.5,3207,2020-09-01,"[""United States""]",[18],"In a docuseries set at one of NCAA football's most fertile recruiting grounds, guys with red flags seek to prove their worth on the field and in class.",,2026-05-17T16:57:37.552203
150774,Shameless (U.S.),Shameless (U.S.),89.2,5.1,3527,2019-09-01,"[""United States""]",[18],This dramedy based on a British series centers on siblings in a dysfunctional Chicago family who struggle while coping with their alcoholic father.,,2026-05-17T16:57:37.552386
150775,Sing On! Spain,Sing On! Spain,9.51,6.8,8163,2020-09-01,"[""Spain""]",[10764],"In this fast-paced, high-energy karaoke competition, singers from all walks of life battle it out for up to 30,000 euros!",,2026-05-17T16:57:37.552701
150776,Sinatra: All or Nothing at All,Sinatra: All or Nothing at All,131.68,8.6,8909,2015-09-01,"[""United States""]",[18],"Legendary crooner Frank Sinatra's life and talent are captured in this documentary series featuring fond memories from friends, family and colleagues.",,2026-05-17T16:57:37.553033
150777,Fear City: New York vs The Mafia,Fear City: New York vs The Mafia,271.11,7.4,1148,2020-09-01,"[""United States""]",[18],"Five Mafia families ruled New York with a bloody fist in the 1970s and '80s, until a group of federal agents tried the unthinkable: taking them down.",,2026-05-17T16:57:37.553317
150778,Norsemen,Norsemen,87.69,6.5,5686,2020-09-01,"[""Norway""]",[18],"The residents of an 8th-century Viking village experience political rivalry, social change and innovations that upend their culture and way of life.",,2026-05-17T16:57:37.553611
150779,Street Food: Latin America,Street Food: Latin America,173.1,5.1,5355,2020-09-01,"[""US""]",[18],"In this vibrant docuseries, Latin American chefs tell their stories and bring a taste of tradition and innovation to their delicious offerings.",,2026-05-17T16:57:37.553789
150780,Killer Women with Piers Morgan,Killer Women with Piers Morgan,187.57,9.0,3534,2017-09-01,"[""United Kingdom""]",[18],"Journalist Piers Morgan goes behind prison walls to speak with women convicted of shocking crimes, shedding light on what drove them to murder.",,2026-05-17T16:57:37.553981
150781,Gigantosaurus,Gigantosaurus,23.78,6.7,11239,2019-09-01,"[""France""]",[18],"Four prehistoric friends go on an array of adventures while trying to unravel a mystery about a big, fierce creature. Based on Jonny Duddle's book.",,2026-05-17T16:57:37.554182
150782,Single Wives,Single Wives,20.87,3.0,4134,2018-09-01,"[""Australia""]",[10764],"Looking for a second chance at love, four formerly married women are put in various romantic situations then receive feedback from a dating coach.",,2026-05-17T16:57:37.554407
150783,Cursed,Cursed,141.4,3.5,11474,2020-09-01,"[""United Kingdom""]",[18],"Armed with mysterious powers and a legendary sword, young rebel Nimue joins forces with charming mercenary Arthur on a mission to save her people.",,2026-05-17T16:57:37.556816
150784,In The Dark,In The Dark,247.75,4.7,1095,2020-09-01,"[""United States""]",[18],A blind woman with vices finds herself in the middle of a murder investigation when her best friend turns up dead.,,2026-05-17T16:57:37.557197
150785,Kissing Game,Kissing Game,143.58,7.0,3042,2020-09-01,"[""Brazil""]",[18],"At a high school in a rural, isolated ranching community, families panic when teens contract a mysterious ""kissing disease"" that quickly spreads.",,2026-05-17T16:57:37.557412
150786,Dark Desire,Dark Desire,13.23,6.5,6037,2020-09-01,"[""Mexico""]",[18],"Married Alma spends a fateful weekend away from home that ignites passion, ends in tragedy and leads her to question the truth about those close to her.",,2026-05-17T16:57:37.557616
150787,Skin Decision: Before and After,Skin Decision: Before and After,367.28,4.6,2399,2020-09-01,"[""United States""]",[10764],Skin and beauty expert Nurse Jamie and plastic surgeon Dr. Sheila Nazarian use the latest procedures to bring out their clients' best selves.,,2026-05-17T16:57:37.557851
150788,Sunny Bunnies,Sunny Bunnies,153.4,6.3,2115,2016-09-01,"[""Belarus""]",[18],"Furry little bunnies hop through wild adventures as they find solutions, fun and sometimes mischief wherever there is light.",,2026-05-17T16:57:37.558022
150789,The Business of Drugs,The Business of Drugs,66.23,7.4,9261,2020-09-01,"[""United States""]",[18],"To understand the origins and true impact of the business of drugs, a former CIA analyst investigates the economics of six illicit substances.",,2026-05-17T16:57:37.558187
150790,Dating Around: Brazil,Dating Around: Brazil,134.01,6.3,5950,2020-09-01,"[""Brazil""]",[10764],"In this reality show, six singles meet five different blind dates at trendy urban hot spots in Brazil. Who will they choose for a second outing?",,2026-05-17T16:57:37.558344
150791,Down to Earth with Zac Efron,Down to Earth with Zac Efron,104.19,7.1,7242,2020-09-01,"[""United States""]",[10764],"Actor Zac Efron journeys around the world with wellness expert Darin Olien in a travel show that explores healthy, sustainable ways to live.",,2026-05-17T16:57:37.561595
150792,The Epic Tales of Captain Underpants in Space,The Epic Tales of Captain Underpants in Space,41.91,7.7,4962,2020-09-01,"[""United States""]",[18],Best friends George and Harold — along with their classmates and tyrannical principal — are recruited for a mysterious mission in outer space.,,2026-05-17T16:57:37.561909
150793,The Twelve,The Twelve,375.21,7.4,3778,2019-09-01,"[""Belgium""]",[18],Twelve jurors — ordinary people with struggles of their own — must decide the case of a woman accused of killing her best friend and her own daughter.,,2026-05-17T16:57:37.562100
150794,Japan Sinks: 2020,Japan Sinks: 2020,90.35,6.6,3272,2020-09-01,"[""Japan""]",[18],"After catastrophic earthquakes devastate Japan, one family's resolve is tested on a journey of survival through the sinking archipelago.",,2026-05-17T16:57:37.562249
150795,The Protector,The Protector,45.92,8.6,5362,2020-09-01,"[""Turkey""]",[18],"Discovering his ties to a secret ancient order, a young man living in modern Istanbul embarks on a quest to save the city from an immortal enemy.",,2026-05-17T16:57:37.562393
150796,Was It Love?,Was It Love?,130.01,7.1,7518,2020-09-01,"[""South Korea""]",[18],"When four very different men appear in her life, a single mother who hasn't dated in years begins to rediscover love — and herself.",,2026-05-17T16:57:37.562526
150797,Stateless,Stateless,408.77,7.5,7824,2020-09-01,"[""Australia""]",[18],"Four strangers — a woman on the run, a brave refugee, a driven bureaucrat and a struggling dad — intersect at an Australian immigration detention center.",,2026-05-17T16:57:37.562798
150798,Hook,Hook,82.59,7.9,5940,2020-09-01,"[""Thailand""]",[18],"Despite their fathers' rivalry, two university students form a friendship at a boxing gym as they tackle family drama, romance and personal crises.",,2026-05-17T16:57:37.562975
150799,Little Singham,Little Singham,179.9,5.3,8254,2020-09-01,"[""India""]",[18],"A spinoff of Rohit Shetty's action franchise, this animated series follows brave kid cop Little Singham’s adventures as he defends his town from evil.",,2026-05-17T16:57:37.563155
150800,Cable Girls,Cable Girls,65.68,7.9,2233,2019-09-01,"[""Spain""]",[18],"In 1920s Madrid, four women at the National Telephone Company ring in revolution as they manage romance, friendship and the modern workplace.",,2026-05-17T16:57:37.563332
150801,JU-ON: Origins,JU-ON: Origins,301.84,4.9,4352,2020-09-01,"[""Japan""]",[18],A paranormal researcher searches obsessively for a cursed home where something terrible happened to a mother and her child long ago.,,2026-05-17T16:57:37.563484
150802,Southern Survival,Southern Survival,196.98,5.5,2628,2020-09-01,"[""United States""]",[10764],"The BattlBox crew tests out products designed to help people survive dangerous situations, including explosions, natural disasters and intruders.",,2026-05-17T16:57:37.565930
150803,The Baby-Sitters Club,The Baby-Sitters Club,180.25,7.5,1535,2020-09-01,"[""United States""]",[18],Ann M. Martin's beloved books get a modern update in this series that follows a group of girlfriends and their homegrown babysitting business.,,2026-05-17T16:57:37.566336
150804,Supermarket Sweep,Supermarket Sweep,42.9,6.1,2836,1993-09-01,"[""United States""]",[10764],"In this iconic game show, contestants answer food trivia questions then race against the clock while stuffing their carts for massive grocery gains.",,2026-05-17T16:57:37.566527
150805,Warrior Nun,Warrior Nun,278.6,7.1,1009,2020-09-01,"[""United States""]",[18],"After waking up in a morgue, an orphaned teen discovers she now possesses superpowers as the chosen Halo-Bearer for a secret sect of demon-hunting nuns.",,2026-05-17T16:57:37.566755
150806,21 Again,21 Again,98.16,5.0,399,2019-09-01,"[""United Kingdom""]",[10764],"In a social experiment, a group of daughters sends their mothers, disguised as 21-year-olds, into the world to experience life as a member of Gen Z.",,2026-05-17T16:57:37.566918
150807,A Touch of Green,A Touch of Green,250.49,7.5,5064,2016-09-01,"[""Taiwan""]",[18],"Amid the turmoil of China's civil war, families of Kuomintang pilots face the pain of leaving their homes but find strength in their shared bonds.",,2026-05-17T16:57:37.567192
150808,Abby Hatcher,Abby Hatcher,269.01,5.6,3833,2019-09-01,"[""United States""]",[18],"A big-hearted girl helps her Fuzzly friends who live in her family's hotel with exploring feelings, fixing mishaps and embracing their special quirks.",,2026-05-17T16:57:37.567536
150809,Say I Do,Say I Do,55.13,7.4,10453,2020-09-01,"[""United States""]",[10764],"In this reality show, couples overcome obstacles to celebrate their love in surprise dream weddings designed by three experts in less than a week.",,2026-05-17T16:57:37.571307
150810,Trotro,Trotro,61.77,3.3,8537,2004-09-01,"[""France""]",[18],"Trotro the donkey may be opinionated, but he's as sweet as can be in this animated series that's full of lessons for children.",,2026-05-17T16:57:37.571727
150811,BNA,BNA,96.92,8.6,4228,2020-09-01,"[""Japan""]",[18],"Morphed into a raccoon beastman, Michiru seeks refuge, and answers, with the aid of wolf beastman Shirou inside the special zone of Anima-City.",,2026-05-17T16:57:37.573965
150812,Homemade,Homemade,97.21,9.5,4687,2020-09-01,"[""Chile""]",[18],"Acclaimed filmmakers from around the world channel their creativity during COVID-19 isolation with this diverse, genre-spanning collection of short films.",,2026-05-17T16:57:37.574240
150813,Dark,Dark,42.85,5.1,3713,2020-09-01,"[""Germany""]",[18],A missing child sets four families on a frantic hunt for answers as they unearth a mind-bending mystery that spans three generations.,,2026-05-17T16:57:37.574400
150814,All For Love,All For Love,284.79,5.7,5536,2020-09-01,"[""Colombia""]",[18],"A penniless country boy goes in search of his runaway sister in Bogotá, where he falls for an aspiring singer, but gets tangled up in organized crime.",,2026-05-17T16:57:37.574578
150815,Home Game,Home Game,195.51,4.0,3975,2020-09-01,"[""United States""]",[18],"This docuseries profiles unique and dangerous traditional sports from around the world, as well as the communities and cultures where they thrive.",,2026-05-17T16:57:37.574739
150816,Twogether,Twogether,351.99,7.5,4341,2020-09-01,"[""South Korea""]",[10764],"Paired together for an unforgettable trip across Asia, stars Lee Seung-gi and Jasper Liu become buddies as they connect with fans and local cultures.",,2026-05-17T16:57:37.574882
150817,Crazy Delicious,Crazy Delicious,281.63,4.9,3032,2020-09-01,"[""United Kingdom""]",[10764],"In this competition show, daring home chefs tempt the food gods with reinvented classics and fanciful feasts in their quest to win a golden apple.",,2026-05-17T16:57:37.575018
150818,"Roswell, New Mexico","Roswell, New Mexico",143.5,5.9,3847,2020-09-01,"[""United States""]",[18],"After 10 years, a woman returns to her sleepy tourist-occupied hometown and discovers her high-school crush is also an unusual foreigner.",,2026-05-17T16:57:37.575168
150819,It's Okay to Not Be Okay,It's Okay to Not Be Okay,41.71,7.2,880,2020-09-01,"[""South Korea""]",[18],An extraordinary road to emotional healing opens up for an antisocial children's book writer and a selfless psych ward caretaker when they cross paths.,,2026-05-17T16:57:37.575317
150820,Babies,Babies,308.15,5.5,1265,2020-09-01,"[""United States""]",[18],"From nature to nurture, this docuseries explores the groundbreaking science that reveals how infants discover life during their very first year.",,2026-05-17T16:57:37.575450
150821,Floor Is Lava,Floor Is Lava,177.73,5.1,3214,2020-09-01,"[""United States""]",[10764],"Teams compete to navigate rooms flooded with lava by leaping from chairs, hanging from curtains and swinging from chandeliers. Yes, really.",,2026-05-17T16:57:37.575623
150822,Most Beautiful Thing,Most Beautiful Thing,82.7,7.6,11753,2020-09-01,"[""Brazil""]",[18],"A 1950s housewife goes to Rio de Janeiro to meet up with her husband, only to learn he's deserted her, but decides to stay and open a bossa nova club.",,2026-05-17T16:57:37.576227
150823,The Politician,The Politician,57.42,6.5,1380,2020-09-01,"[""United States""]",[18],Rich kid Payton has always known he's going to be president. But first he has to navigate the most treacherous political landscape of all: high school.,,2026-05-17T16:57:37.576441
150824,The Order,The Order,156.82,6.1,570,2020-09-01,"[""United States""]",[18],"Out to avenge his mother's death, a college student pledges a secret order and lands in a war between werewolves and practitioners of dark magic.",,2026-05-17T16:57:37.576954
150825,The Chase,The Chase,244.06,6.5,5822,2015-09-01,"[""United States""]",[10764],"Brooke Burns hosts this game show in which three contestants square off to answer fast-paced questions against ""the Beast,"" a trivia know-it-all.",,2026-05-17T16:57:37.577308
150826,Alexa & Katie,Alexa & Katie,14.8,3.5,2922,2020-09-01,"[""United States""]",[18],"Alexa is battling cancer. But with her best friend, Katie, by her side, she's also starting high school – and ready for whatever comes next.",,2026-05-17T16:57:37.577598
150827,How to Get Away with Murder,How to Get Away with Murder,96.74,5.1,2965,2020-09-01,"[""United States""]",[18],"Brilliant criminal defense attorney and law professor Annalise Keating, plus five of her students, become involved in a twisted murder case.",,2026-05-17T16:57:37.577815
150828,Dating Around,Dating Around,172.62,6.3,2875,2020-09-01,"[""US""]",[10764],"In each episode of flirtations and fails, one real-life single navigates five blind dates. The mission: Find one match worthy of a second date.",,2026-05-17T16:57:37.577964
150829,F is for Family,F is for Family,155.36,4.7,5117,2020-09-01,"[""United States""]",[18],"Follow the Murphy family back to the 1970s, when kids roamed wild, beer flowed freely and nothing came between a man and his TV.",,2026-05-17T16:57:37.578121
150830,Frank Elstner: Just One Last Question,Frank Elstner: Just One Last Question,151.13,9.2,4383,2020-09-01,"[""Germany""]",[18],"In his farewell show, legendary German host Frank Elstner digs deep and savors his discussions with stars such as Daniel Brühl and Lena Meyer-Landrut.",,2026-05-17T16:57:37.578266
150831,ONE PIECE,ONE PIECE,80.14,7.6,6776,2002-09-01,"[""Japan""]",[18],Monkey D. Luffy sails with his crew of Straw Hat Pirates through the Grand Line to find the treasure One Piece and become the new king of the pirates.,,2026-05-17T16:57:37.578404
150832,The Search,The Search,149.69,3.9,1867,2020-09-01,"[""Mexico""]",[18],"When a girl vanishes from a suburb near Mexico City, the personal goals of some involved in the case muddy the search. Based on a true story.",,2026-05-17T16:57:37.578532
150833,The Woods,The Woods,459.0,8.4,1674,2020-09-01,"[""Poland""]",[18],Evidence found on the body of a homicide victim sparks hope in a prosecutor that his sister who disappeared 25 years earlier could still be alive.,,2026-05-17T16:57:37.578706
150834,Curon,Curon,2.22,8.3,4946,2020-09-01,"[""Italy""]",[18],"After 17 years, a woman returns home with her teenage twins. When she mysteriously vanishes, her children must reckon with a shadowy family legacy.",,2026-05-17T16:57:37.578850
150835,DC's Legends of Tomorrow,DC's Legends of Tomorrow,116.55,6.2,3301,2020-09-01,"[""United States""]",[18],"A mysterious ""time master"" from the future unites an unlikely group of superheroes and villains to save the world from a powerful evil.",,2026-05-17T16:57:37.578979
150836,Lenox Hill,Lenox Hill,328.95,7.7,5473,2020-09-01,"[""United States""]",[10764],Four doctors at New York's storied Lenox Hill Hospital balance their personal lives and their dedication to their patients in this documentary series.,,2026-05-17T16:57:37.579126
150837,My Mister,My Mister,460.01,5.8,4261,2018-09-01,"[""South Korea""]",[18],"In a world that is less than kind, a young woman and a middle-aged man develop a sense of kinship as they find warmth and comfort in one another.",,2026-05-17T16:57:37.579268
150838,Reality Z,Reality Z,48.23,8.9,6149,2020-09-01,"[""Brazil""]",[18],"With Rio de Janeiro under a zombie attack, reality show contestants shelter in a TV studio, where they must deal with more than flesh-eating hordes.",,2026-05-17T16:57:37.579404
150839,Queen of the South,Queen of the South,130.22,9.7,4450,2018-09-01,"[""United States""]",[18],"Forced to work for a cartel that recently killed her boyfriend, Teresa relies on her street smarts, a loyal pal and a mysterious notebook to survive.",,2026-05-17T16:57:37.579535
150840,13 Reasons Why,13 Reasons Why,3.64,5.1,1307,2020-09-01,"[""United States""]",[18],"After a teenage girl's perplexing suicide, a classmate receives a series of tapes that unravel the mystery of her tragic choice.",,2026-05-17T16:57:37.579768
150841,Queer Eye,Queer Eye,110.73,7.0,4799,2020-09-01,"[""United States""]",[10764],"An all-new “Fab Five” advise men on fashion, grooming, food, culture and design in this modern reboot of the Emmy Award-winning reality series.",,2026-05-17T16:57:37.579915
150842,Supernatural,Supernatural,33.68,9.3,172,2019-09-01,"[""United States""]",[18],"Siblings Dean and Sam crisscross the country, investigating paranormal activity and picking fights with demons, ghosts and monsters.",,2026-05-17T16:57:37.580155
150843,BAKI,BAKI,114.09,6.0,4261,2020-09-01,"[""Japan""]",[18],"While martial arts champion Baki Hanma trains hard to surpass his legendary father, five violent death row inmates descend upon Tokyo to take him on.",,2026-05-17T16:57:37.581839
150844,Alone,Alone,364.63,6.3,3834,2019-09-01,"[""US""]",[10764],"Equipped with limited resources, an isolated group of individuals is subjected to the harsh conditions of the wilderness and must survive — or tap out.",,2026-05-17T16:57:37.582107
150845,Cardcaptor Sakura,Cardcaptor Sakura,233.09,4.7,175,1999-09-01,"[""Japan""]",[18],"After a young girl breaks the seal of a magical book, releasing the spirits of the cards inside, she must become a ""Cardcaptor"" and retrieve them.",,2026-05-17T16:57:37.582298
150846,Dear My Friends,Dear My Friends,159.13,5.5,713,2016-09-01,"[""South Korea""]",[18],Life is ever-delightful — and ever-challenging — for a group of friends in their twilight years as they rediscover themselves through love and family.,,2026-05-17T16:57:37.583957
150847,Megalobox,Megalobox,248.75,4.9,2700,2018-09-01,"[""Japan""]",[18],"Created for the 50th anniversary of manga ""Ashita No Joe,"" mechanized human fighters known as Megalo Boxers battle each other for boxing supremacy.",,2026-05-17T16:57:37.584270
150848,Midnight Diner,Midnight Diner,88.48,7.1,1543,2014-09-01,"[""Japan""]",[18],"A scarred man operates a midnight diner in the backstreets of Shinjuku. No one knows his name or his story, but his customers each bring him theirs.",,2026-05-17T16:57:37.584429
150849,My Shy Boss,My Shy Boss,244.49,8.4,4008,2017-09-01,"[""South Korea""]",[18],The isolated life of an extreme introvert is thrown out of order when his company hires a new employee: a cheery extrovert who's not all she seems.,,2026-05-17T16:57:37.584832
150850,Revolutionary Love,Revolutionary Love,142.54,7.0,2495,2017-09-01,"[""South Korea""]",[18],A third-generation chaebol falls in love with a woman who opens his eyes to the struggles of the working class and inspires him to make a difference.,,2026-05-17T16:57:37.585139
150851,Space Force,Space Force,210.79,5.5,6457,2020-09-01,"[""United States""]",[18],A four-star general begrudgingly teams up with an eccentric scientist to get the U.S. military's newest agency — Space Force — ready for lift-off.,,2026-05-17T16:57:37.585334
150852,"Can't Cope, Won't Cope","Can't Cope, Won't Cope",35.65,5.1,3634,2018-09-01,"[""Ireland""]",[18],"In Dublin, friends Aisling and Danielle must come to terms with adulthood when their millennial hijinks and hangovers begin to wear off.",,2026-05-17T16:57:37.585481
150853,Dorohedoro,Dorohedoro,97.17,6.8,4477,2020-09-01,"[""Japan""]",[18],"Amnesiac Caiman seeks to undo his lizard head curse by killing the sorcerer responsible, with his friend Nikaido's help. In the Hole, that's a threat.",,2026-05-17T16:57:37.585656
150854,Mako Mermaids: An H2O Adventure,Mako Mermaids: An H2O Adventure,42.09,5.8,1930,2016-09-01,"[""Australia""]",[18],"This ""H2O"" sequel follows Zac, a boy who accidentally turns into a merman and threatens the existence of three young mermaids who guard Mako Island.",,2026-05-17T16:57:37.585808
150855,Supergirl,Supergirl,4.28,5.8,4551,2019-09-01,"[""United States""]",[18],"To avert a disaster, Kara Danvers reveals her powers and true identity: She is Superman's cousin, now known as Supergirl, protector of National City.",,2026-05-17T16:57:37.585949
150856,Betaal,Betaal,440.78,7.1,5667,2020-09-01,"[""India""]",[18],"Hired to displace tribal villagers to make way for a new highway, officials unearth an old curse and an army of British soldier-zombies.",,2026-05-17T16:57:37.586109
150857,Dynasty,Dynasty,217.38,5.2,7929,2019-09-01,"[""United States""]",[18],The Carringtons and the Colbys feud for control over their fortune – and their children – in this updated reboot of the classic prime-time soap.,,2026-05-17T16:57:37.586263
150858,History 101,History 101,157.62,5.5,4800,2020-09-01,"[""United Kingdom""]",[18],"Infographics and archival footage deliver bite-size history lessons on scientific breakthroughs, social movements and world-changing discoveries.",,2026-05-17T16:57:37.586401
150859,Trailer Park Boys: The Animated Series,Trailer Park Boys: The Animated Series,14.77,8.0,9716,2020-09-01,"[""Canada""]",[18],"Nova Scotia’s favorite miscreants have always been super sketchy. Now, carrying on from the Season 12 finale, the boys have become complete cartoons.",,2026-05-17T16:57:37.586534
150860,Mystic Pop-up Bar,Mystic Pop-up Bar,246.71,6.4,9189,2020-09-01,"[""South Korea""]",[18],A young man with a unique ability begins working for a centuries-old bar owner who resolves her customers' emotional troubles by entering their dreams.,,2026-05-17T16:57:37.587375
150861,Especial 20 años Fútbol de Primera,Especial 20 años Fútbol de Primera,314.67,5.0,1532,2020-09-01,"[""US""]",[18],"Revisit the emotional bouts and memorable highlights from the past two decades in this special celebrating esteemed TV show ""Fútbol de Primera.""",,2026-05-17T16:57:37.587619
150862,The Queen and the Conqueror,The Queen and the Conqueror,104.52,4.9,1212,2020-09-01,"[""Colombia""]",[18],"Years after Spanish conquistador Pedro de Heredia betrayed her people and broke her heart, indigenous woman Catalina reenters his life to get revenge.",,2026-05-17T16:57:37.587817
150863,Patton Oswalt: I Love Everything,Patton Oswalt: I Love Everything,267.43,7.0,7154,2020-09-01,"[""United States""]",[18],Turning 50. Finding love again. Buying a house. Experiencing existential dread at Denny's. Life comes at Patton Oswalt fast in this stand-up special.,,2026-05-17T16:57:37.587985
150864,Sweet Magnolias,Sweet Magnolias,14.17,6.1,1489,2020-09-01,"[""United States""]",[18],"Lifelong friends Maddie, Helen and Dana Sue lift each other up as they juggle relationships, family and careers in the small, Southern town of Serenity.",,2026-05-17T16:57:37.588164
150865,The Big Flower Fight,The Big Flower Fight,315.96,5.5,410,2020-09-01,"[""United Kingdom""]",[10764],"Ten pairs of florists, sculptors and garden designers face off in a friendly floral fight to see who can build the biggest, boldest garden sculptures.",,2026-05-17T16:57:37.588347
150866,Patriot Act with Hasan Minhaj,Patriot Act with Hasan Minhaj,76.75,6.6,580,2020-09-01,"[""United States""]",[18],"Every Sunday, Hasan Minhaj brings an incisive and nuanced perspective to global news, politics and culture in his unique comedy series.",,2026-05-17T16:57:37.588525
150867,Boys Over Flowers,Boys Over Flowers,23.39,9.1,6852,2009-09-01,"[""South Korea""]",[18],Unassuming high school girl Jan-di stands up to – and eventually falls for – a spoiled rich kid who belongs to the school's most powerful clique.,,2026-05-17T16:57:37.589501
150868,Iris,Iris,117.51,6.0,9379,2009-09-01,"[""South Korea""]",[18],Two friends' lives are changed forever when they are recruited by a top-secret organization tasked with protecting the country from foreign threats.,,2026-05-17T16:57:37.589825
150869,Avatar: The Last Airbender,Avatar: The Last Airbender,51.21,7.7,660,2007-09-01,"[""United States""]",[18],"Siblings Katara and Sokka wake young Aang from a long hibernation and learn he's an Avatar, whose air-bending powers can defeat the evil Fire Nation.",,2026-05-17T16:57:37.590003
150870,Inhuman Resources,Inhuman Resources,185.83,6.1,1758,2020-09-01,"[""France""]",[18],"Alain Delambre, unemployed and 57, is lured by an attractive job opening. But things get ugly when he realizes he’s a pawn in a cruel corporate game.",,2026-05-17T16:57:37.590178
150871,Madam Secretary,Madam Secretary,351.6,7.9,8555,2019-09-01,"[""United States""]",[18],"When a highly capable woman becomes secretary of state, she struggles to find balance between the demands of world politics and those of her family.",,2026-05-17T16:57:37.590336
150872,Magic for Humans,Magic for Humans,8.15,7.6,1084,2020-09-01,"[""United States""]",[10764],"From baffling people on the street to orchestrating elaborate tricks, Justin Willman blends good-natured magic with grown-up laughs.",,2026-05-17T16:57:37.590480
150873,Parasyte: The Maxim,Parasyte: The Maxim,117.63,6.6,2218,2014-09-01,"[""Japan""]",[18],"A teenager battles an onslaught of parasites from space with help from Migi, a docile parasitic creature that's taken over his right hand.",,2026-05-17T16:57:37.590656
150874,She-Ra and the Princesses of Power,She-Ra and the Princesses of Power,37.97,7.1,442,2020-09-01,"[""United States""]",[18],"Soldier Adora finds a magic sword – and her identity as legendary hero She-Ra. She joins the Rebellion, but her best friend stays with the evil Horde.",,2026-05-17T16:57:37.590815
150875,Sleepless Society: Two Pillows & A Lost Soul,Sleepless Society: Two Pillows & A Lost Soul,299.69,9.0,3074,2020-09-01,"[""Thailand""]",[18],A motivational speaker about to divorce her abusive husband wakes up from a wild party one morning to find a dead body.,,2026-05-17T16:57:37.590954
150876,Strangers from Hell,Strangers from Hell,205.28,6.6,7820,2019-09-01,"[""South Korea""]",[18],Unpleasant events disturb the life of an aspiring crime fiction writer when he becomes a resident of an apartment building teeming with shady neighbors.,,2026-05-17T16:57:37.591153
150877,The Wiggles,The Wiggles,176.76,7.2,7940,2015-09-01,"[""Australia""]",[18],"The top band for preschool kids, The Wiggles, entertains tots with spirited music, simple choreography and whimsical adventures.",,2026-05-17T16:57:37.591309
150878,White Lines,White Lines,129.76,6.2,10099,2020-09-01,"[""United Kingdom""]",[18],"Zoe Walker leaves her quiet life behind to investigate her brother's disappearance in Ibiza, where she quickly heads down a decadent and dangerous path.",,2026-05-17T16:57:37.591445
150879,True: Terrific Tales,True: Terrific Tales,52.86,5.9,3024,2020-09-01,"[""Canada""]",[18],"Through the magic of the Story Spinner, True and her friends create their own versions of Pinocchio, Little Red Riding Hood and other classic tales.",,2026-05-17T16:57:37.591788
150880,Bordertown,Bordertown,389.28,6.7,8224,2019-09-01,"[""Finland""]",[18],A gifted detective takes a job in a small town so he can spend more time with his family. But he's soon drawn into a web of disturbing murder cases.,,2026-05-17T16:57:37.592509
150881,Trial By Media,Trial By Media,26.04,8.2,3641,2020-09-01,"[""United States""]",[18],"In this true crime docuseries, some of the most dramatic trials of all time are examined with an emphasis on how the media may have impacted verdicts.",,2026-05-17T16:57:37.593137
150882,Dead to Me,Dead to Me,85.06,5.8,8969,2020-09-01,"[""United States""]",[18],A hotheaded widow searching for the hit-and-run driver who mowed down her husband befriends an eccentric optimist who isn't quite what she seems.,,2026-05-17T16:57:37.593375
150883,Restaurants on the Edge,Restaurants on the Edge,146.43,9.1,70,2020-09-01,"[""Canada""]",[10764],Three food and design experts travel the world to revive failing restaurants by connecting them to the local culture beyond their gorgeous views.,,2026-05-17T16:57:37.593590
150884,The Eddy,The Eddy,107.69,6.3,2499,2020-09-01,"[""United Kingdom""]",[18],"The owner of a Paris jazz club gets tangled up with dangerous criminals as he fights to protect his business, his band and his teenage daughter.",,2026-05-17T16:57:37.593826
150885,The Hollow,The Hollow,296.93,6.0,777,2020-09-01,"[""Canada""]",[18],"Three teens join forces to find a way home after waking up in a strange realm filled with magic portals, perplexing puzzles and vicious beasts.",,2026-05-17T16:57:37.593979
150886,Scissor Seven,Scissor Seven,270.48,8.4,3589,2020-09-01,"[""China""]",[18],"Seeking to recover his memory, a scissor-wielding, hairdressing, bungling quasi-assassin stumbles into a struggle for power among feuding factions.",,2026-05-17T16:57:37.594173
150887,Almost Happy,Almost Happy,27.67,5.6,931,2020-09-01,"[""Argentina""]",[18],"Sebastián is a radio show host of modest fame, trying to find a way in the world as he deals with his ex-wife (whom he still loves) and two kids.",,2026-05-17T16:57:37.594329
150888,Hangar 1: The UFO Files,Hangar 1: The UFO Files,23.82,6.6,5561,2015-09-01,"[""US""]",[18],Researchers add context and clarity to UFO mysteries and conspiracy theories as they unpack clues in a trove of files covering decades of sightings.,,2026-05-17T16:57:37.594461
150889,Hoarders,Hoarders,100.04,6.9,2676,2020-09-01,"[""US""]",[10764],"This reality series enters the worlds of compulsive hoarders, whose addiction to acquisition overwhelms not just their homes but also their lives.",,2026-05-17T16:57:37.594743
150890,The Universe: Ancient Mysteries Solved,The Universe: Ancient Mysteries Solved,29.6,6.5,289,2015-09-01,"[""US""]",[18],"From astronomical events to shapes and patterns in space, strange and wonderful phenomena are explored with modern science in this series.",,2026-05-17T16:57:37.594920
150891,WWII in HD,WWII in HD,228.66,7.2,6771,2009-09-01,"[""United States""]",[18],Rare color footage interwoven with firsthand interviews and diary entries bring to life the global sweep of World War II via those who were there.,,2026-05-17T16:57:37.595060
150892,Hollywood,Hollywood,72.67,8.0,6424,2020-09-01,"[""United States""]",[18],"In post-World War II Hollywood, an ambitious group of aspiring actors and filmmakers will do almost anything to make their showbiz dreams come true.",,2026-05-17T16:57:37.595221
150893,Masha and the Bear,Masha and the Bear,73.28,8.0,2171,2019-09-01,"[""Russia""]",[18],"Lively little Masha lives near the forest, where she has many wonderful adventures with her best friend, a bear who used to be in the circus.",,2026-05-17T16:57:37.595364
150894,Medici: Masters of Florence,Medici: Masters of Florence,198.02,3.0,7302,2019-09-01,"[""Italy""]",[18],"After his father's murder, banking heir Cosimo Medici battles opponents of his artistic, economic and political visions for 15th-century Florence.",,2026-05-17T16:57:37.595492
150895,Monthly Girls' Nozaki Kun,Monthly Girls' Nozaki Kun,184.57,7.0,8504,2014-09-01,"[""Japan""]",[18],Art imitates life when Chiyo discovers her crush is a famous artist who wants to use their budding relationship as inspiration for his romantic manga.,,2026-05-17T16:57:37.595768
150896,Oh Yuck,Oh Yuck,29.78,5.2,4078,2020-09-01,"[""Canada""]",[18],"Using a concoction of cartoons, comedy and live action, Dr. Yuck and his eccentric lab mates investigate the science behind the planet's ickiest things.",,2026-05-17T16:57:37.596513
150897,Reckoning,Reckoning,83.34,7.7,3154,2019-09-01,"[""Australia""]",[18],"When a local teen is murdered in their quiet, suburban community, two fathers intent on protecting their families must contend with their inner demons.",,2026-05-17T16:57:37.596796
150898,DRIFTING DRAGONS,DRIFTING DRAGONS,216.52,5.8,4738,2020-09-01,"[""Japan""]",[18],"Dragons are on the menu as the crew of the airship Quin Zaza sets out on a hunt. If they fail, empty stomachs will be the least of their worries.",,2026-05-17T16:57:37.596978
150899,El señor de los Cielos,El señor de los Cielos,167.92,7.4,8792,2019-09-01,"[""United States""]",[18],Only Aurelio Casillas can fill Pablo Escobar's shoes and become Mexico's biggest drug trafficker of the '90s.,,2026-05-17T16:57:37.597206
150900,Good Witch,Good Witch,215.74,6.0,2709,2019-09-01,"[""United States""]",[18],"Raising her daughter in a small town, an enchanting widow with magical powers provokes the interest and exasperation of a skeptical big-city doctor.",,2026-05-17T16:57:37.597434
150901,The Forest of Love: Deep Cut,The Forest of Love: Deep Cut,244.41,6.2,4849,2020-09-01,"[""Japan""]",[18],Nothing's as it seems when a charismatic conman and an aspiring film crew delve into the lives of two emotionally scarred women.,,2026-05-17T16:57:37.598104
150902,The Victims' Game,The Victims' Game,66.16,4.9,1546,2020-09-01,"[""Taiwan""]",[18],"After discovering his estranged daughter's link to mysterious murders, a forensic detective with Asperger's syndrome risks everything to solve the case.",,2026-05-17T16:57:37.598579
150903,Extracurricular,Extracurricular,57.11,7.8,6888,2020-09-01,"[""South Korea""]",[18],A model high school student who's steeped in a world of serious crime finds his double life upended when a classmate takes an interest in his secret.,,2026-05-17T16:57:37.598843
150904,Nadiya’s Time to Eat,Nadiya’s Time to Eat,109.95,7.4,455,2020-09-01,"[""United Kingdom""]",[10764],"On this cooking show, Nadiya Hussain serves up delicious shortcuts, vital ingredients and fast favorites — perfect for today's time-strapped families.",,2026-05-17T16:57:37.599030
150905,Tjovitjo,Tjovitjo,17.53,6.7,4330,2017-09-01,"[""South Africa""]",[18],"Amidst poverty and struggle, a hardened pantsula dance leader enters a dark space and searches for redemption and salvation in his community.",,2026-05-17T16:57:37.599238
150906,"Coronavirus, Explained","Coronavirus, Explained",118.59,6.7,4413,2020-09-01,"[""United States""]",[18],"In 2020, the world changed. This topical series examines the coronavirus pandemic, the efforts to combat it and ways to manage its mental health toll.",,2026-05-17T16:57:37.599408
150907,The Last Kingdom,The Last Kingdom,150.48,8.0,6870,2020-09-01,"[""United Kingdom""]",[18],"As Alfred the Great defends his kingdom from Norse invaders, Uhtred – born a Saxon but raised by Vikings – seeks to claim his ancestral birthright.",,2026-05-17T16:57:37.599756
150908,My Secret Romance,My Secret Romance,320.21,6.2,4021,2017-09-01,"[""South Korea""]",[18],A nutritionist gets entangled in a series of misunderstandings with her new chaebol boss – who turns out to be someone she slept with in the past.,,2026-05-17T16:57:37.599975
150909,دفعة القاهرة,دفعة القاهرة,32.25,7.7,1908,2019-09-01,"[""US""]",[18],"A group of women leaves Kuwait to attend university in Cairo, embarking on personal journeys filled with romance and self-discovery.",,2026-05-17T16:57:37.600143
150910,After Life,After Life,29.6,8.6,3535,2020-09-01,"[""United Kingdom""]",[18],"Struggling to come to terms with his wife's death, a writer for a newspaper adopts a gruff new persona in an effort to push away those trying to help.",,2026-05-17T16:57:37.600383
150911,DreamWorks Spooky Stories: Volume 2,DreamWorks Spooky Stories: Volume 2,131.92,5.6,2865,2011-09-01,"[""US""]",[18],"The Shrek characters parody the music video ""Thriller""; B.O.B. and pals battle zombie carrots; and Megamind faces the effects of the Button of Doom.",,2026-05-17T16:57:37.600535
150912,Love 101,Love 101,80.22,7.1,7924,2020-09-01,"[""Turkey""]",[18],"While trying to make their teacher fall for a basketball coach, four misfits and a model student find friendship, love and the courage to be themselves.",,2026-05-17T16:57:37.600740
150913,Ghost in the Shell: SAC_2045,Ghost in the Shell: SAC_2045,19.56,5.2,10583,2020-09-01,"[""Japan""]",[18],"After a global financial crisis, the world is engulfed in an AI-driven ""sustainable war."" It's up to Section 9 to counter new forms of cyber threats.",,2026-05-17T16:57:37.600882
150914,The House of Flowers,The House of Flowers,0.33,8.8,3161,2020-09-01,"[""Mexico""]",[18],"In this dark comedy, a wealthy matriarch tries to maintain her family's facade of perfection after her husband's mistress exposes their dirty secrets.",,2026-05-17T16:57:37.601017
150915,Absurd Planet,Absurd Planet,163.78,6.6,7664,2020-09-01,"[""United States""]",[18],"A cast of quirky critters and Mother Nature herself narrate this funny science series, which peeks into the lives of Earth’s most incredible animals.",,2026-05-17T16:57:37.601199
150916,Win the Wilderness,Win the Wilderness,167.72,4.9,5368,2020-09-01,"[""United Kingdom""]",[10764],"Six couples compete to prove they've got the survival skills to win the deed to an extraordinary home deep in the vast, rugged wilderness of Alaska.",,2026-05-17T16:57:37.601351
150917,Bleach,Bleach,56.72,6.0,3178,2006-09-01,"[""Japan""]",[18],"After teenager Ichigo Kurosaki acquires superpowers from wounded soul reaper Rukia Kuchiki, the two of them join forces to round up lost souls.",,2026-05-17T16:57:37.601487
150918,Middleditch & Schwartz,Middleditch & Schwartz,424.82,4.7,2031,2020-09-01,"[""United States""]",[18],Comedy duo Thomas Middleditch and Ben Schwartz turn small ideas into epically funny stories in this series of completely improvised comedy specials.,,2026-05-17T16:57:37.601654
150919,Nicky Jam: El Ganador,Nicky Jam: El Ganador,421.89,4.8,6645,2018-09-01,"[""Puerto Rico""]",[18],Follow reggaeton artist Nicky Jam's struggles to overcome drug addiction and rise to international success in this dramatization of his life story.,,2026-05-17T16:57:37.601808
150920,Cooked with Cannabis,Cooked with Cannabis,62.29,8.4,2409,2020-09-01,"[""United States""]",[10764],"Chefs compete to get the hosts and special guests high on elevated cannabis cuisine with their artful use of leafy herb, THC infusions and CBD sauces.",,2026-05-17T16:57:37.601941
150921,The Midnight Gospel,The Midnight Gospel,78.38,4.2,5514,2020-09-01,"[""United States""]",[18],"Traversing trippy worlds inside his universe simulator, a space caster explores existential questions about life, death and everything in between.",,2026-05-17T16:57:37.602092
150922,ChuChu TV Nursery Rhymes & Kids Songs (Hindi),ChuChu TV Nursery Rhymes & Kids Songs (Hindi),367.06,7.2,3895,2019-09-01,"[""India""]",[18],This educational series for tiny tots features a toe-tapping spin on nursery rhymes with upbeat tunes and a diverse set of easy-to-follow lessons.,,2026-05-17T16:57:37.602224
150923,The King: Eternal Monarch,The King: Eternal Monarch,47.08,5.9,10536,2020-09-01,"[""South Korea""]",[18],"A modern-day Korean emperor passes through a mysterious portal and into a parallel world, where he encounters a feisty police detective.",,2026-05-17T16:57:37.602366
150924,#blackAF,#blackAF,127.35,5.9,3082,2020-09-01,"[""United States""]",[18],"Kenya Barris and his family navigate relationships, race and culture while grappling with their newfound success in this comedy series.",,2026-05-17T16:57:37.602496
150925,El Dragón: Return of a Warrior,El Dragón: Return of a Warrior,78.3,5.8,1913,2020-09-01,"[""Mexico""]",[18],"To replace his grandfather as head of a cartel, a Tokyo financier returns to his home country of Mexico, where he must battle two rivals for control.",,2026-05-17T16:57:37.602667
150926,Hasmukh,Hasmukh,236.73,7.1,5652,2020-09-01,"[""India""]",[18],"A timid, small-town comedian's long-awaited big break takes a dark turn when he realizes committing murder is the only way to keep his onstage mojo.",,2026-05-17T16:57:37.602814
150927,Fary : Hexagone,Fary : Hexagone,139.66,7.0,1248,2020-09-01,"[""France""]",[18],"French comedy phenom Fary puts a playful spin on questions of identity, culture and more in the first half of an epic two-part stand-up special.",,2026-05-17T16:57:37.602942
150928,Fauda,Fauda,59.24,5.7,3853,2020-09-01,"[""Israel""]",[18],"A top Israeli agent comes out of retirement to hunt for a Palestinian militant he thought he'd killed, setting a chaotic chain of events into motion.",,2026-05-17T16:57:37.603090
150929,The Innocence Files,The Innocence Files,297.84,6.2,8626,2020-09-01,"[""United States""]",[18],"The Innocence Project unravels missteps and deceit in a series of wrongful convictions, exposing the injustice inflicted on victims and the accused.",,2026-05-17T16:57:37.603224
150930,Brews Brothers,Brews Brothers,206.41,8.2,5627,2020-09-01,"[""United States""]",[18],"Two rival brothers must work together to keep their brewery in business, but shenanigans keep foaming up their company with chaos.",,2026-05-17T16:57:37.603358
150931,The Trial,The Trial,401.49,8.2,9148,2019-09-01,"[""Italy""]",[18],"The murder of a teen girl impacts a public prosecutor linked to the victim, a lawyer seeking a career-making case and a suspect who says she's innocent.",,2026-05-17T16:57:37.603487
150932,Hi Score Girl,Hi Score Girl,472.27,8.9,7018,2019-09-01,"[""Japan""]",[18],"A chronic gamer abysmally inept in academics and sports finally meets his match at his usual shady arcade – and it’s his rich classmate, Akira.",,2026-05-17T16:57:37.603662
150933,The Circle France,The Circle France,69.7,6.7,7192,2020-09-01,"[""US""]",[10764],"Status and strategy collide in this social media competition where online players flirt, befriend and catfish their way toward 100,000 euros.",,2026-05-17T16:57:37.604297
150934,El Reemplazante,El Reemplazante,21.83,6.7,906,2013-09-01,"[""Chile""]",[18],A former high-ranking financial executive finds redemption and romance when he's paroled after a prison sentence and becomes a math teacher.,,2026-05-17T16:57:37.604522
150935,Legacies,Legacies,150.08,5.4,6263,2019-09-01,"[""United States""]",[18],"Born into a rare supernatural bloodline, Hope Mikaelson attends a gifted private school to master her powers and control her innate urges for evil.",,2026-05-17T16:57:37.604759
150936,Community,Community,380.19,7.1,2688,2015-09-01,"[""United States""]",[18],"When his degree is found bogus, lawyer Jeff Winger is sent back to college, where he meets students and teachers with credentials as dubious as his.",,2026-05-17T16:57:37.604943
150937,How to Fix a Drug Scandal,How to Fix a Drug Scandal,217.64,5.9,1205,2020-09-01,"[""United States""]",[18],"Two drug lab chemists' shocking crimes cripple a state's judicial system and blur the lines of justice for lawyers, officials and thousands of inmates.",,2026-05-17T16:57:37.605129
150938,Man Like Mobeen,Man Like Mobeen,1.58,5.0,10601,2020-09-01,"[""United Kingdom""]",[18],"Mobeen is trying to be a good friend, follow the faith and raise his teenage sister. Yet his past – and everyday life – complicates matters.",,2026-05-17T16:57:37.605708
150939,Pokémon the Series,Pokémon the Series,261.03,6.6,919,2019-09-01,"[""US""]",[18],"Ash and his Pikachu travel to the Alola region with his mother and enroll in the Pokémon school, where they confront the nefarious Team Skull.",,2026-05-17T16:57:37.605982
150940,Saint Seiya,Saint Seiya,84.36,6.5,3518,1986-09-01,"[""Japan""]",[18],A band of young warriors in magical armor vow to defend the reincarnation of Greek goddess Athena against evil forces and to return her to the throne.,,2026-05-17T16:57:37.606137
150941,Sunderland 'Til I Die,Sunderland 'Til I Die,5.88,7.4,3853,2020-09-01,"[""United Kingdom""]",[18],This docuseries follows English soccer club Sunderland through the 2017-18 season as they try to bounce back after relegation from the Premier League.,,2026-05-17T16:57:37.606278
150942,The Iliza Shlesinger Sketch Show,The Iliza Shlesinger Sketch Show,83.34,6.9,3978,2020-09-01,"[""United States""]",[18],"From the mind of comedian Iliza Shlesinger comes a fun, irreverent mix of kooky characters, sly social commentary and pop culture gags.",,2026-05-17T16:57:37.606394
150943,The Windsors,The Windsors,57.94,5.9,2370,2020-09-01,"[""United Kingdom""]",[18],The all-too-public trials and tribulations of England's royal family are reimagined as an over-the-top comedic soap opera.,,2026-05-17T16:57:37.606505
150944,Well-Intended Love,Well-Intended Love,26.57,5.2,1289,2020-09-01,"[""China""]",[18],"To secure a bone marrow donation, an actress diagnosed with leukemia makes a marriage pact with a young CEO – but love and secrets get in the way.",,2026-05-17T16:57:37.606656
150945,Akbar Birbal,Akbar Birbal,283.29,7.2,1022,2019-09-01,"[""India""]",[18],"From battles of wit to fights for justice, Emperor Akbar and his trusty advisor Birbal display their unique bond through adventures in Mughal-era India.",,2026-05-17T16:57:37.606952
150946,Bal Ganesh,Bal Ganesh,239.83,6.7,6556,2019-09-01,"[""US""]",[18],"Watch Ganesh destroy demons, disarm invaders and defeat dacoits in this series based on the mythological Hindu elephant god’s childhood.",,2026-05-17T16:57:37.607407
150947,Tree House Tales,Tree House Tales,341.78,4.6,2588,2019-09-01,"[""US""]",[18],"From the virtue of politeness to the dangers of social media, life is full of valuable lessons for a group of friends navigating the journey of growing up.",,2026-05-17T16:57:37.607760
150948,Rugal,Rugal,61.84,5.2,910,2020-09-01,"[""South Korea""]",[18],A police detective who loses everything to a criminal organization seeks payback when he gains special abilities through biotechnology.,,2026-05-17T16:57:37.607935
150949,Happy!,Happy!,106.83,5.0,4412,2019-09-01,"[""United States""]",[18],A boozy ex-cop turned hit man thinks he's losing his marbles when a cartoon unicorn only he can see urges him to rescue a girl kidnapped by Santa.,,2026-05-17T16:57:37.608100
150950,Ladies Up,Ladies Up,90.01,6.7,506,2019-09-01,"[""India""]",[18],"Rising India-based comics Prashasti Singh, Kaneez Surka, Supriya Joshi and Niveditha Prakasam bring no-holds-barred humor to this stand-up series.",,2026-05-17T16:57:37.608248
150951,Ozark,Ozark,86.89,5.7,8875,2020-09-01,"[""United States""]",[18],"A financial adviser drags his family from Chicago to the Missouri Ozarks, where he must launder $500 million in five years to appease a drug boss.",,2026-05-17T16:57:37.608387
150952,Wassup Man GO!,Wassup Man GO!,311.36,6.4,1739,2020-09-01,"[""US""]",[10764],"Famously unfiltered star Joon Park goes to Los Angeles for an audition – and for a colorful, totally personal romp through the city he calls home.",,2026-05-17T16:57:37.608667
150953,7SEEDS,7SEEDS,75.21,7.4,1548,2020-09-01,"[""US""]",[18],"Shy Natsu awakens as part of a group chosen to ensure the survival of humanity. Together, they have to survive on a changed Earth.",,2026-05-17T16:57:37.608907
150954,Unorthodox,Unorthodox,15.96,5.1,93,2020-09-01,"[""Germany""]",[18],A Hasidic Jewish woman in Brooklyn flees to Berlin from an arranged marriage and is taken in by a group of musicians — until her past comes calling.,,2026-05-17T16:57:37.609091
150955,Freud,Freud,96.13,6.1,3350,2020-09-01,"[""Austria""]",[18],"Eager to make his name in 19th-century Vienna, a hungry young Sigmund Freud joins a psychic and an inspector to solve a string of bloody mysteries.",,2026-05-17T16:57:37.609265
150956,J-Style Trip,J-Style Trip,420.3,7.9,679,2020-09-01,"[""Taiwan""]",[10764],Megastar Jay Chou joins his A-list friends in this globe-trotting variety show packed with music and magic tricks.,,2026-05-17T16:57:37.609421
150957,Barbie Dreamhouse Adventures: Go Team Roberts,Barbie Dreamhouse Adventures: Go Team Roberts,160.47,8.1,10285,2020-09-01,"[""US""]",[18],"As the Roberts family heads to Costa Rica to investigate a mermaid legend, Barbie takes on a summer job at a water park run by a devious boss.",,2026-05-17T16:57:37.609871
150958,Archibald's Next Big Thing,Archibald's Next Big Thing,42.41,5.2,3144,2020-09-01,"[""US""]",[18],"Happy-go-lucky chicken Archibald may not remember to do his chores, but he never forgets to have fun. After all, life's an adventure!",,2026-05-17T16:57:37.610250
150959,Dino Girl Gauko,Dino Girl Gauko,29.38,6.6,3576,2020-09-01,"[""United States""]",[18],"When she gets angry, middle schooler Naoko turns into fierce dinosaur Gauko! Thanks to friends, aliens and more, her life is full of wacky incidents.",,2026-05-17T16:57:37.610443
150960,Greenhouse Academy,Greenhouse Academy,192.84,6.9,3399,2020-09-01,"[""United States""]",[18],"When teen siblings Hayley and Alex enter an elite boarding school, they find rivalry, romance and a mystery related to the recent loss of their mom.",,2026-05-17T16:57:37.610651
150961,Self Made: Inspired by the Life of Madam C.J. Walker,Self Made: Inspired by the Life of Madam C.J. Walker,50.25,4.8,6986,2020-09-01,"[""United States""]",[18],An African American washerwoman rises from poverty to build a beauty empire and become the first female self-made millionaire. Based on a true story.,,2026-05-17T16:57:37.610866
150962,She,She,10.56,7.6,1034,2020-09-01,"[""India""]",[18],An undercover assignment to expose a drug ring becomes a timid Mumbai constable’s road to empowerment as she realizes her dormant sexuality's potential.,,2026-05-17T16:57:37.611006
150963,The English Game,The English Game,80.02,4.3,8079,2020-09-01,"[""United Kingdom""]",[18],Two 19th-century footballers on opposite sides of a class divide navigate professional and personal turmoil to change the game — and England — forever.,,2026-05-17T16:57:37.611184
150964,The Letter for the King,The Letter for the King,352.67,6.9,9541,2020-09-01,"[""United Kingdom""]",[18],"A young knight in training contends with ancient prophecies, magical powers and fickle companions as he sets out on an epic quest to save his kingdom.",,2026-05-17T16:57:37.611332
150965,"Tiger King: Murder, Mayhem and Madness","Tiger King: Murder, Mayhem and Madness",265.82,5.1,4794,2020-09-01,"[""United States""]",[18],A zoo owner spirals out of control amid a cast of eccentric characters in this true murder-for-hire story from the underworld of big cat breeding.,,2026-05-17T16:57:37.611470
150966,Vampires,Vampires,59.49,6.6,2343,2020-09-01,"[""France""]",[18],"A Paris teen who's half human, half vampire grapples with her emerging powers and family turmoil as she's pursued by a secret vampire community.",,2026-05-17T16:57:37.611823
150967,Caliphate,Caliphate,46.99,7.8,2556,2020-09-01,"[""Sweden""]",[18],"An impending ISIS attack on Sweden entangles a group of women, including a mother in a bind, a spirited student and an ambitious cop.",,2026-05-17T16:57:37.612030
150968,Women Of The Night,Women Of The Night,131.86,6.7,1401,2019-09-01,"[""Netherlands""]",[18],"Haunted by a shadowy past, the wife of a rising star in Amsterdam's mayoral office finds herself drawn into the city’s underworld of sex and drugs.",,2026-05-17T16:57:37.612190
150969,Shaun the Sheep: Adventures from Mossy Bottom,Shaun the Sheep: Adventures from Mossy Bottom,602.65,5.7,4136,2020-09-01,"[""United Kingdom""]",[18],"Clever sheep Shaun, loyal dog Bitzer and the rest of the Mossy Bottom gang cook up oodles of fun and mischief on the farm.",,2026-05-17T16:57:37.612333
150970,We Speak Dance,We Speak Dance,72.9,5.4,4215,2018-09-01,"[""United States""]",[18],Trained dancer Vandana Hart travels the world to learn traditional and urban dance styles from the local experts who know them best.,,2026-05-17T16:57:37.612458
150971,Ken Burns Presents: College Behind Bars: A Film by Lynn Novick and Produced by Sarah Botstein,Ken Burns Presents: College Behind Bars: A Film by Lynn Novick and Produced by Sarah Botstein,427.81,8.2,1523,2019-09-01,"[""United States""]",[18],"This docuseries follows several incarcerated people as they pursue a college degree through the Bard Prison Initiative, a rigorous education program.",,2026-05-17T16:57:37.612620
150972,100 Humans,100 Humans,27.2,6.3,1672,2020-09-01,"[""United States""]",[18],"One hundred hardy souls from diverse backgrounds participate in playful experiments exploring age, sex, happiness and other aspects of being human.",,2026-05-17T16:57:37.612762
150973,Bloodride,Bloodride,44.1,6.0,9329,2020-09-01,"[""Norway""]",[18],"The doomed passengers aboard a spectral bus head toward a gruesome, unknown destination in this deliciously macabre horror anthology series.",,2026-05-17T16:57:37.612897
150974,Kingdom,Kingdom,287.3,5.8,9976,2020-09-01,"[""South Korea""]",[18],"While strange rumors about their ill king grip a kingdom, the crown prince becomes their only hope against a mysterious plague overtaking the land.",,2026-05-17T16:57:37.613020
150975,The Valhalla Murders,The Valhalla Murders,100.64,7.8,4322,2020-09-01,"[""Iceland""]",[18],An Oslo detective with a painful past returns to his native Iceland to help a dedicated cop hunt a serial killer with a link to a mysterious photo.,,2026-05-17T16:57:37.613171
150976,Dirty Money,Dirty Money,17.81,6.8,5431,2020-09-01,"[""United States""]",[18],"From crippling payday loans to cars that cheat emissions tests, this investigative series exposes brazen acts of corporate greed and corruption.",,2026-05-17T16:57:37.613305
150977,On My Block,On My Block,145.53,5.6,4613,2020-09-01,"[""United States""]",[18],"In a rough inner-city Los Angeles neighborhood, four smart, funny and streetwise teens find their lifelong friendship tested as they begin high school.",,2026-05-17T16:57:37.613433
150978,The Circle Brazil,The Circle Brazil,215.19,7.7,2067,2020-09-01,"[""Brazil""]",[10764],"Be yourself or someone else? In this fun reality competition, online players try their best to flirt, bond and catfish their way to a R$300,000 prize.",,2026-05-17T16:57:37.613615
150979,Ugly Delicious,Ugly Delicious,253.27,7.0,3845,2020-09-01,"[""United States""]",[18],"All the flavor. None of the BS. Star chef David Chang leads friends on a mouthwatering, cross-cultural hunt for the world's most satisfying grub.",,2026-05-17T16:57:37.613771
150980,Mighty Little Bheem: Festival of Colors,Mighty Little Bheem: Festival of Colors,287.91,7.7,1388,2020-09-01,"[""India""]",[18],"From surprising stage performances to spraying colors with friends, join baby Bheem for all his Holi hijinks during the special spring festival.",,2026-05-17T16:57:37.613905
150981,Velvet,Velvet,195.9,7.3,3797,2016-09-01,"[""Spain""]",[18],"In 1950s Spain, the heir to a fashion house romances a beautiful seamstress who works for the company, despite the objections of his family.",,2026-05-17T16:57:37.614040
150982,Akame ga Kill!,Akame ga Kill!,36.86,7.4,6686,2014-09-01,"[""Japan""]",[18],"Tatsumi sets out on a journey to help his poor village. When he's rescued by a band of assassins, he joins their fight against the corrupt government.",,2026-05-17T16:57:37.614195
150983,Babylon Berlin,Babylon Berlin,185.71,5.5,1353,2020-09-01,"[""Germany""]",[18],A Soviet freight train's hijacking leads a haunted cop and a poor typist to uncover a political conspiracy amid the vice and glamour of 1929 Berlin.,,2026-05-17T16:57:37.614335
150984,Calico Critters Mini Episodes Clover,Calico Critters Mini Episodes Clover,244.02,6.7,2063,2020-09-01,"[""US""]",[18],"From throwing parties to planning fashion shows, the Hopscotch Rabbit Family is ready to leap into the daily adventures of their sweet town.",,2026-05-17T16:57:37.614459
150985,Always a Witch,Always a Witch,196.2,6.0,6524,2019-09-01,"[""Colombia""]",[18],"A young 17th-century witch time travels to the future to save the man she loves, but first must adjust to present-day Cartagena and defeat a dark rival.",,2026-05-17T16:57:37.614621
150986,Queen Sono,Queen Sono,39.25,10.0,2983,2020-09-01,"[""South Africa""]",[18],South African spy Queen Sono finds herself in a nefarious web of business and politics as she seeks to uncover the truth behind her mother's death.,,2026-05-17T16:57:37.614773
150987,Toy Boy,Toy Boy,157.39,5.5,5277,2019-09-01,"[""Spain""]",[18],"After seven years in a Málaga prison, a male stripper is released pending retrial and sets out to prove his lover framed him for her husband's murder.",,2026-05-17T16:57:37.614934
150988,Unstoppable,Unstoppable,47.08,4.2,3679,2020-09-01,"[""Mexico""]",[18],A group of friends set out on a road trip when an unexpected fourth passenger forces an abrupt change of plans.,,2026-05-17T16:57:37.615087
150989,Altered Carbon,Altered Carbon,56.52,7.5,3433,2020-09-01,"[""United States""]",[18],"After 250 years on ice, a prisoner returns to life in a new body with one chance to win his freedom: by solving a mind-bending murder.",,2026-05-17T16:57:37.615224
150990,Followers,Followers,172.24,6.4,3377,2020-09-01,"[""Japan""]",[18],"When an aspiring actress hits it big thanks to a candid Instagram post, the lives of several Tokyo women cross as they struggle to define happiness IRL.",,2026-05-17T16:57:37.615368
150991,Six Windows in the Desert,Six Windows in the Desert,35.66,6.3,6220,2020-09-01,"[""Saudi Arabia""]",[18],"From a theatre play to the aftermath of a plane crash, this collection of shorts from Saudi filmmakers depicts the nuances of Saudi Arabian culture.",,2026-05-17T16:57:37.615500
150992,I Am Not Okay With This,I Am Not Okay With This,107.85,9.0,1992,2020-09-01,"[""United States""]",[18],"Angsty Syd navigates high school awkwardness, family drama and an unrequited crush on her best friend while trying to rein in her budding superpowers.",,2026-05-17T16:57:37.615801
150993,The Trials of Gabriel Fernandez,The Trials of Gabriel Fernandez,28.25,6.8,3045,2020-09-01,"[""United States""]",[18],A boy’s brutal murder and the public trials of his guardians and social workers prompt questions about the system’s protection of vulnerable children.,,2026-05-17T16:57:37.616414
150994,"Hi Bye, Mama!","Hi Bye, Mama!",161.3,7.0,3288,2020-09-01,"[""South Korea""]",[18],"When the ghost of a woman gains a second chance at life for 49 days, she reappears in front of her remarried husband and young daughter.",,2026-05-17T16:57:37.616669
150995,Unabomber - In His Own Words,Unabomber - In His Own Words,417.33,7.1,409,2018-09-01,"[""Canada""]",[18],"The CIA attempts to turn Ted Kaczynski, aka the Unabomber, into a super agent — a plan that backfires. Based on real events.",,2026-05-17T16:57:37.616866
150996,Gentefied,Gentefied,114.51,7.0,7999,2020-09-01,"[""United States""]",[18],The Morales cousins scramble to save their grandfather's taco shop — and pursue their own dreams — as gentrification shakes up their LA neighborhood.,,2026-05-17T16:57:37.617022
150997,Hyena,Hyena,14.63,6.6,1587,2020-09-01,"[""South Korea""]",[18],"To survive in a dog-eat-dog world, two rival lawyers with high-class clientele tear apart anything that stands in the way of their ambitions.",,2026-05-17T16:57:37.617258
150998,Passion. Panache. Pep,Passion. Panache. Pep,33.16,5.0,2931,2020-09-01,"[""US""]",[10764],"From delicious delicacies to dream destinations, this collection features vibrant stories on cultural trends across food, fashion and travel in India.",,2026-05-17T16:57:37.617438
150999,Puerta 7,Puerta 7,191.19,5.3,8860,2020-09-01,"[""Argentina""]",[18],A determined woman works to rid an Argentine soccer club of the violent crime and corruption surrounding its intense fanbase.,,2026-05-17T16:57:37.617843
151000,Spectros,Spectros,177.69,5.5,3091,2020-09-01,"[""Brazil""]",[18],A group of teens get caught up in a supernatural clash as vengeful spirits from centuries past rise up in the Liberdade district of São Paulo.,,2026-05-17T16:57:37.618025
151001,DreamWorks Shrek's Swamp Stories,DreamWorks Shrek's Swamp Stories,39.24,7.2,6662,2008-09-01,"[""United States""]",[18],"Shrek celebrates Halloween, Puss in Boots is captured by soldiers, and the gang participates in a kingdom-wide singing competition.",,2026-05-17T16:57:37.618202
151002,On the Real,On the Real,205.48,4.4,2444,2017-09-01,"[""Nigeria""]",[18],A group of reality stars transitions into their newly achieved fame while dealing with the demands of an obnoxious TV executive and their regular lives.,,2026-05-17T16:57:37.618782
151003,Talking Tom and Friends,Talking Tom and Friends,197.76,4.5,4264,2017-09-01,"[""Cyprus""]",[18],"Full of funny one-liners and always ready for an adventure, a talking cat and his equally chatty animal cohorts set out to become famous.",,2026-05-17T16:57:37.618946
151004,Taj Mahal 1989,Taj Mahal 1989,178.12,6.8,2076,2020-09-01,"[""India""]",[18],"In and around Lucknow University in 1989, couples of varying ages explore the politics of love through marriage, budding romances and friendships.",,2026-05-17T16:57:37.619104
151005,Love Is Blind,Love Is Blind,2.88,6.1,2280,2021-09-01,"[""United States""]",[10764],"Nick and Vanessa Lachey host this social experiment where single men and women look for love and get engaged, all before meeting in person.",,2026-05-17T16:57:37.619256
151006,Narcos: Mexico,Narcos: Mexico,218.76,5.8,400,2020-09-01,"[""Mexico""]",[18],"Witness the birth of the Mexican drug war in the 1980s as a gritty new ""Narcos"" saga chronicles the true story of the Guadalajara cartel's ascent.",,2026-05-17T16:57:37.619394
151007,Palazuelos mi rey,Palazuelos mi rey,357.9,8.1,2619,2019-09-01,"[""US""]",[10764],"This reality series follows entrepreneur and soap opera star Roberto Palazuelos as he builds his hotel empire and juggles riches, women and drama.",,2026-05-17T16:57:37.619524
151008,Sleepless Society: Insomnia,Sleepless Society: Insomnia,240.89,9.8,4079,2019-09-01,"[""Thailand""]",[18],"Haunted by recurring visions, a young woman with insomnia visits an old home to solve a mystery and put her nightmares to an end.",,2026-05-17T16:57:37.619888
151009,We Bare Bears,We Bare Bears,266.68,4.3,1454,2018-09-01,"[""United States""]",[18],"Grizzly, Panda and Ice Bear are three adopted bear brothers struggling against their animal instincts to fit into the civilized, modern human world.",,2026-05-17T16:57:37.620391
151010,Better Call Saul,Better Call Saul,220.29,8.5,3198,2018-09-01,"[""United States""]",[18],"This Emmy-nominated prequel to ""Breaking Bad"" follows small-time attorney Jimmy McGill as he transforms into morally challenged lawyer Saul Goodman.",,2026-05-17T16:57:37.620650
151011,Dragons: Rescue Riders,Dragons: Rescue Riders,20.47,7.3,4731,2020-09-01,"[""United States""]",[18],"Twins Dak and Leyla and their dragon friends devote their lives to rescuing others, defending their home of Huttsgalor and having fun along the way.",,2026-05-17T16:57:37.620851
151012,Fifty: The Series,Fifty: The Series,99.06,6.9,6564,2018-09-01,"[""Nigeria""]",[18],"Juggling careers and families, four ambitious women faced with unique crises weigh the consequences of their choices as they approach turning 50.",,2026-05-17T16:57:37.621010
151013,Locke & Key,Locke & Key,69.5,7.1,2224,2020-09-01,"[""Canada""]",[18],"After their dad's murder, three siblings move with their mom to his ancestral estate, where they discover magical keys that unlock powers — and secrets.",,2026-05-17T16:57:37.621214
151014,My Holo Love,My Holo Love,163.37,8.1,3271,2020-09-01,"[""US""]",[18],Unexpected love finds a lonely woman when she forms a connection with a humanlike hologram who looks exactly like his prickly creator.,,2026-05-17T16:57:37.621385
151015,Who Killed Malcolm X?,Who Killed Malcolm X?,160.79,7.4,782,2020-09-01,"[""United States""]",[18],"Decades after the assassination of African American leader Malcolm X, an activist embarks on a complex mission seeking truth in the name of justice.",,2026-05-17T16:57:37.621709
151016,Cagaster of an Insect Cage,Cagaster of an Insect Cage,31.62,7.5,8639,2020-09-01,"[""Japan""]",[18],"Thirty years after a disease that turns the infected into carnivorous insects emerged, a young exterminator and a teenage girl search for her mother.",,2026-05-17T16:57:37.622301
151017,Arrow,Arrow,54.23,4.9,5315,2019-09-01,"[""United States""]",[18],"Based on DC Comics' Green Arrow, an affluent playboy becomes a vengeful superhero, saving the city from villains armed with just a bow and arrows.",,2026-05-17T16:57:37.622495
151018,The Pharmacist,The Pharmacist,317.25,4.8,2130,2020-09-01,"[""United States""]",[18],"After his son's tragic death, a Louisiana pharmacist goes to extremes to expose the rampant corruption behind the opioid addiction crisis.",,2026-05-17T16:57:37.622709
151019,Team Kaylie,Team Kaylie,79.21,6.7,3841,2020-09-01,"[""United States""]",[18],"After a brush with the law, teen celebrity Kaylie Konrad swaps social stardom for court-ordered chaos as a middle school wilderness club leader.",,2026-05-17T16:57:37.622890
151020,Is It Wrong to Try to Pick Up Girls in a Dungeon?,Is It Wrong to Try to Pick Up Girls in a Dungeon?,61.1,8.5,907,2015-09-01,"[""Japan""]",[18],"Lovable goof Bell Cranel wants an adventure, and when he meets the diminutive goddess Hestia, he gets much more than he bargained for.",,2026-05-17T16:57:37.623043
151021,Itaewon Class,Itaewon Class,372.95,8.0,4359,2020-09-01,"[""South Korea""]",[18],"In a colorful Seoul neighborhood, an ex-con and his friends fight a mighty foe to make their ambitious dreams for their street bar a reality.",,2026-05-17T16:57:37.623245
151022,Miraculous: Tales of Ladybug & Cat Noir,Miraculous: Tales of Ladybug & Cat Noir,429.96,5.1,4553,2019-09-01,"[""France""]",[18],"When Paris is in peril, Marinette becomes Ladybug. Little does she know, her school crush Adrien is actually Cat Noir, another city-saving superhero.",,2026-05-17T16:57:37.623404
151023,No Game No Life,No Game No Life,50.07,2.4,706,2014-09-01,"[""Japan""]",[18],Legendary gamer siblings Sora and Shiro are transported to a world where life is a series of games and humanity is in grave danger of extinction.,,2026-05-17T16:57:37.624162
151024,Pop Team Epic,Pop Team Epic,42.49,8.0,992,2018-09-01,"[""Japan""]",[18],This animated adaptation of the quirky four-panel comic brings the random exploits of Popuko and Pipimi to life.,,2026-05-17T16:57:37.624480
151025,Shopkins,Shopkins,122.31,6.6,1083,2014-09-01,"[""United States""]",[18],"Tiny grocery store items come to life as the Shopkins, who have fun adventures with each other at Small Mart and the magical town called Shopville.",,2026-05-17T16:57:37.624682
151026,Diablero,Diablero,320.65,5.6,848,2020-09-01,"[""Mexico""]",[18],"When a young girl goes missing in a big city, a desperate priest joins a demon hunter and his motley crew on an otherworldly mission to find her.",,2026-05-17T16:57:37.624843
151027,Luna Nera,Luna Nera,124.49,4.7,1089,2020-09-01,"[""Italy""]",[18],"In 17th-century Italy, a teenager learns about her destiny among a family of witches, just as her boyfriend's father hunts her down for witchcraft.",,2026-05-17T16:57:37.624982
151028,Unauthorized Living,Unauthorized Living,156.76,7.4,3338,2020-09-01,"[""Spain""]",[18],"When a Galician shipper and drug lord hiding his Alzheimer's disease plans to retire, his second-in-command plots to steal the empire from the heir.",,2026-05-17T16:57:37.625135
151029,Ainori Love Wagon: African Journey,Ainori Love Wagon: African Journey,226.75,7.0,2139,2019-09-01,"[""Japan""]",[10764],"To find love, seven strangers leave Japan and embark on a journey through the continent of Africa together. Challenges, adventure and romance await!",,2026-05-17T16:57:37.625285
151030,THE STRANGER,THE STRANGER,244.88,8.4,6733,2020-09-01,"[""United Kingdom""]",[18],"When a stranger makes a shocking claim about his wife, family man Adam Price becomes entangled in a mystery as he desperately searches for answers.",,2026-05-17T16:57:37.625420
151031,What the Love! with Karan Johar,What the Love! with Karan Johar,73.76,4.8,2574,2020-09-01,"[""United States""]",[10764],"With help from celebrity guests and a glam squad, filmmaker Karan Johar mentors six singletons through their personal struggles as they look for love.",,2026-05-17T16:57:37.625586
151032,Find Yourself,Find Yourself,79.05,6.3,6178,2020-09-01,"[""US""]",[18],"A determined entrepreneur navigates a love triangle between a young charmer and an older executive, leading her down an unconventional path to love.",,2026-05-17T16:57:37.626135
151033,Night on Earth,Night on Earth,156.34,5.8,4409,2020-09-01,"[""United Kingdom""]",[18],"This nature series’ new technology lifts night’s veil to reveal the hidden lives of the world’s creatures, from lions on the hunt to bats on the wing.",,2026-05-17T16:57:37.626473
151034,Omniscient,Omniscient,264.01,9.5,6848,2020-09-01,"[""Brazil""]",[18],"In a city where citizens are monitored 24/7, a tech employee must outsmart her surveillance drone in order to investigate a murder.",,2026-05-17T16:57:37.626698
151035,Rise of Empires: Ottoman,Rise of Empires: Ottoman,46.46,4.1,1228,2020-09-01,"[""US""]",[18],Ottoman Sultan Mehmed II wages an epic campaign to take the Byzantine capital of Constantinople and shapes the course of history for centuries.,,2026-05-17T16:57:37.626878
151036,Sons of the Caliphate,Sons of the Caliphate,236.58,5.3,3648,2017-09-01,"[""Nigeria""]",[18],"Three wealthy, power-hungry men tussle for sovereignty amid corrupt politics, passionate desires and family obligations.",,2026-05-17T16:57:37.627033
151037,The goop lab with Gwyneth Paltrow,The goop lab with Gwyneth Paltrow,2.38,8.3,2555,2020-09-01,"[""United States""]",[10764],"Leading with curiosity, Gwyneth Paltrow and her goop team look at psychedelics, energy work and other challenging wellness topics.",,2026-05-17T16:57:37.627268
151038,The Ranch,The Ranch,10.5,6.8,2419,2020-09-01,"[""United States""]",[18],"Being a pro athlete didn't pan out for Colt. Now he's helping his dad and brother keep the ranch afloat, and figuring out how he fits into the family.",,2026-05-17T16:57:37.627451
151039,October Faction,October Faction,144.57,7.6,3256,2020-09-01,"[""United States""]",[18],"The family drama gets downright monstrous as parents Fred and Deloris hunt the supernatural, and twins Viv and Geoff harbor their own strange secrets.",,2026-05-17T16:57:37.627874
151040,​SAINT SEIYA: Knights of the Zodiac,​SAINT SEIYA: Knights of the Zodiac,170.54,6.2,1303,2020-09-01,"[""Japan""]",[18],"Seiya and the Knights of the Zodiac rise again to protect the reincarnation of the goddess Athena, but a dark prophecy hangs over them all.",,2026-05-17T16:57:37.628103
151041,The Ghost Bride,The Ghost Bride,2.6,6.9,3900,2020-09-01,"[""Taiwan""]",[18],"In 1890s Malacca, Li Lan finds herself in the afterlife and becomes mired in a mystery linked to the sinister, deceased son of a wealthy family.",,2026-05-17T16:57:37.628262
151042,Pandemic: How to Prevent an Outbreak,Pandemic: How to Prevent an Outbreak,329.28,6.7,8496,2020-09-01,"[""United States""]",[18],"In this docuseries, meet the heroes on the front lines of the battle against influenza and learn about their efforts to stop the next global outbreak.",,2026-05-17T16:57:37.628430
151043,Playing with Fire,Playing with Fire,322.21,6.8,1242,2019-09-01,"[""United States""]",[18],Three prosperous women – including a mother and her daughter – fall for a seductive man in Colombia's Coffee Triangle.,,2026-05-17T16:57:37.628604
151044,DreamWorks How to Train Your Dragon Legends,DreamWorks How to Train Your Dragon Legends,369.71,5.6,4174,2011-09-01,"[""United States""]",[18],"In this set of shorts, Hiccup and the gang learn about different species of dragons. Then, Gobber goes in search of the Boneknapper Dragon.",,2026-05-17T16:57:37.628756
151045,Ares,Ares,56.28,6.9,1801,2020-09-01,"[""Netherlands""]",[18],"Aiming to become part of Amsterdam's elite, an ambitious college student joins an exclusive society, unaware it's hiding a horrifying secret.",,2026-05-17T16:57:37.628895
151046,Hip-Hop Evolution,Hip-Hop Evolution,53.61,6.5,5906,2020-09-01,"[""Canada""]",[18],"Interviews with influential MCs, DJs and moguls trace the genre's dynamic evolution from the 1970s through the 1990s in this documentary series.",,2026-05-17T16:57:37.629024
151047,Nailed It! Germany,Nailed It! Germany,301.96,7.0,8824,2020-09-01,"[""Germany""]",[10764],"Home cooks try – and inevitably fail – to re-create spectacular confections on this comical competition show, all for a sweet 5,000 euros.",,2026-05-17T16:57:37.629182
151048,Tiny House Nation,Tiny House Nation,234.66,7.6,3216,2019-09-01,"[""United States""]",[10764],"Traveling the U.S., host John Weisbarth and expert Zack Giffin are helping families prep for the tiny lifestyle and create hypercustomized mini homes.",,2026-05-17T16:57:37.629326
151049,Handsome Siblings,Handsome Siblings,83.19,5.7,2602,2020-09-01,"[""China""]",[18],"Clashing martial arts twins face relentless villains, thorny romance and brotherly rivalry as their troubled pasts catch up to them.",,2026-05-17T16:57:37.629456
151050,Soul Eater,Soul Eater,164.62,6.4,10908,2008-09-01,"[""Japan""]",[18],"Maka and the other students at the Death Weapon Meister Academy must kill 99 evil humans and one witch, absorbing their spirits when they die.",,2026-05-17T16:57:37.629617
151051,Killer Inside: The Mind of Aaron Hernandez,Killer Inside: The Mind of Aaron Hernandez,52.49,8.3,1770,2020-09-01,"[""United States""]",[18],"Via interviews with friends, players and insiders, this docuseries examines how Aaron Hernandez went from an NFL star to a convicted killer.",,2026-05-17T16:57:37.629799
151052,The Ollie & Moon Show,The Ollie & Moon Show,80.12,4.9,1133,2018-09-01,"[""France""]",[18],"Two quirky cats, Ollie and Moon, and their friend Stanley the snail travel the world, solving everyday problems and learning about different cultures.",,2026-05-17T16:57:37.629930
151053,The Healing Powers of Dude,The Healing Powers of Dude,148.77,6.5,2693,2020-09-01,"[""US""]",[18],"When an 11-year-old boy with social anxiety disorder starts middle school, he finds strength in a scruffy emotional support dog named Dude.",,2026-05-17T16:57:37.630040
151054,AJ and the Queen,AJ and the Queen,289.47,6.2,4550,2020-09-01,"[""United States""]",[18],"While traveling across the country in a run-down RV, drag queen Ruby Red discovers an unlikely sidekick in AJ: a tough-talking 10-year-old stowaway.",,2026-05-17T16:57:37.630388
151055,Giri / Haji,Giri / Haji,123.4,8.4,225,2019-09-01,"[""United Kingdom""]",[18],Family duty sends a lawman to London to look for his mob-assassin brother as a yakuza war threatens to engulf Tokyo. Trust is even tougher to find.,,2026-05-17T16:57:37.630855
151056,Harvey Street Kids,Harvey Street Kids,171.58,7.4,4886,2020-09-01,"[""United States""]",[18],"Kids rule in a place called Harvey Street, where a trio of girls right wrongs, ice cream is always an option, and every day feels like Saturday.",,2026-05-17T16:57:37.631018
151057,Jamtara - Sabka Number Ayega,Jamtara - Sabka Number Ayega,254.47,6.4,2507,2020-09-01,"[""India""]",[18],"A group of small-town young men run a lucrative phishing operation, until a corrupt politician wants in on their scheme – and a cop wants to fight it.",,2026-05-17T16:57:37.631186
151058,Medical Police,Medical Police,106.64,8.0,3842,2020-09-01,"[""United States""]",[18],Doctors Owen Maestro and Lola Spratt leave Childrens Hospital and join a secret arm of the CDC to investigate and destroy a deadly global virus.,,2026-05-17T16:57:37.631316
151059,The InBESTigators,The InBESTigators,471.14,6.0,4831,2020-09-01,"[""Australia""]",[18],"Four clever school kids start their own detective agency and vlog about their adventures, becoming fast friends in the process.",,2026-05-17T16:57:37.631434
151060,Until Dawn,Until Dawn,2.34,5.1,1645,2020-09-01,"[""France""]",[10764],France’s funniest comics carry out ghastly tasks as they try to outlast – and outwit – one another while overnighting in haunted locations.,,2026-05-17T16:57:37.631655
151061,Cheer,Cheer,15.39,6.9,8959,2020-09-01,"[""United States""]",[10764],This gripping docuseries follows the ups and downs of Navarro College's competitive cheer squad as they work to win a coveted national title.,,2026-05-17T16:57:37.631810
151062,Dracula,Dracula,200.0,4.9,3996,2020-09-01,"[""United Kingdom""]",[18],The Count Dracula legend transforms with new tales that flesh out the vampire's gory crimes – and bring his vulnerability into the light.,,2026-05-17T16:57:37.631916
151063,Anne with an E,Anne with an E,52.75,7.0,3518,2019-09-01,"[""Canada""]",[18],"A plucky orphan whose passions run deep finds an unlikely home with a spinster and her soft-spoken bachelor brother. Based on ""Anne of Green Gables.""",,2026-05-17T16:57:37.632016
151064,"Sex, Explained","Sex, Explained",361.52,7.9,2455,2020-09-01,"[""United States""]",[18],"From the biology of attraction to the history of birth control, explore the ins and outs of sex in this entertaining and enlightening series.",,2026-05-17T16:57:37.632137
151065,Thieves of the Wood,Thieves of the Wood,211.09,5.7,4678,2019-09-01,"[""Belgium""]",[18],Charismatic highwayman Jan de Lichte leads the oppressed and downtrodden in a revolt against the corrupt aristocracy of 18th-century Flanders.,,2026-05-17T16:57:37.632243
151066,Because This Is My First Life,Because This Is My First Life,151.87,6.6,3237,2017-09-01,"[""South Korea""]",[18],"Two housemates get married for financial convenience, but discover nothing is simple when it comes to demanding in-laws, or facing their growing bond.",,2026-05-17T16:57:37.632344
151067,Border Security: America's Front Line,Border Security: America's Front Line,69.35,5.3,5547,2018-09-01,"[""Canada""]",[10764],This reality series chronicles the behind-the-scenes action as U.S. Customs and Border Protection agents safeguard the nation's crossings and ports.,,2026-05-17T16:57:37.632447
151068,Cells at Work!,Cells at Work!,135.44,5.0,3815,2018-09-01,"[""Japan""]",[18],"One newcomer red blood cell just wants to do her job. Between bacteria incursions and meeting a certain white blood cell, she's got a lot to learn!",,2026-05-17T16:57:37.632579
151069,Chhota Bheem Kung Fu Dhamaka Series,Chhota Bheem Kung Fu Dhamaka Series,64.19,8.3,5070,2019-09-01,"[""US""]",[18],"From kung fu battles to run-ins with bandits, life in an empire far away from home is an endless adventure for Chhota Bheem and his buddies.",,2026-05-17T16:57:37.632681
151070,Live Up To Your Name,Live Up To Your Name,3.92,5.7,1443,2017-09-01,"[""South Korea""]",[18],"Pushed together by twists of time, a Joseon doctor and a cardiac surgeon overcome their 400-year divide as they learn and heal through each other.",,2026-05-17T16:57:37.632792
151071,Messiah,Messiah,398.67,8.7,4702,2020-09-01,"[""United States""]",[18],A wary CIA officer investigates a charismatic man who sparks a spiritual movement and stirs political unrest. A fictional story not based on true events.,,2026-05-17T16:57:37.632892
151072,Mia and Me,Mia and Me,30.02,7.9,1431,2017-09-01,"[""Netherlands""]",[18],"A mysterious gift from her late parents sends 12-year-old Mia into an enchanted world of elves, unicorns and an evil queen named Panthea.",,2026-05-17T16:57:37.632988
151073,"Nisman: The Prosecutor, the President, and the Spy","Nisman: The Prosecutor, the President, and the Spy",432.52,5.8,4974,2020-09-01,"[""Spain""]",[18],"This docuseries details the suspicious death of Alberto Nisman, investigator of the 1994 bombing of the Argentine Israelite Mutual Association building.",,2026-05-17T16:57:37.633106
151074,Reply 1988,Reply 1988,528.77,4.4,3847,2015-09-01,"[""South Korea""]",[18],Take a nostalgic trip back to the late 1980s through the lives of five families and their five teenage kids living in a small neighborhood in Seoul.,,2026-05-17T16:57:37.633205
151075,Save Me,Save Me,238.09,6.7,4665,2017-09-01,"[""South Korea""]",[18],Four young men come to the rescue of a former classmate whose family has been sucked into the clutches of a religious cult and its charismatic leader.,,2026-05-17T16:57:37.633313
151076,Spinning Out,Spinning Out,65.17,5.9,2874,2020-09-01,"[""United States""]",[18],"A figure skating Olympic hopeful struggles to balance love, family and fragile mental health as her dream of winning takes a dizzying hold.",,2026-05-17T16:57:37.633408
151077,The Bride of Habaek,The Bride of Habaek,298.47,5.4,918,2017-09-01,"[""South Korea""]",[18],"When a quest for divine stones in the human world goes awry, the water god Habaek seeks help from a psychiatrist predestined to serve him.",,2026-05-17T16:57:37.633505
151078,ARASHI's Diary -Voyage-,ARASHI's Diary -Voyage-,60.87,5.6,5221,2019-09-01,"[""Japan""]",[18],"Twenty years after their debut, join the beloved members of Arashi on a new journey as they showcase their lives, talents and gifts to the world.",,2026-05-17T16:57:37.633665
151079,Occupied,Occupied,399.73,5.7,6723,2019-09-01,"[""Norway""]",[18],"In the near future, Russia initiates a ""silk glove"" invasion of Norway to restart oil production, but soon uncertainty, chaos and danger erupt.",,2026-05-17T16:57:37.634358
151080,Pucca: Love Recipe,Pucca: Love Recipe,149.9,6.0,4493,2018-09-01,"[""US""]",[18],"Faced with a threat to the survival of her family restaurant, as well as a rival for Garu's heart, Pucca fights for all that she loves.",,2026-05-17T16:57:37.634686
151081,Rainbow Ruby,Rainbow Ruby,115.31,7.2,3987,2016-09-01,"[""South Korea""]",[18],"Ruby makes magical journeys with her teddy bear Choco to Rainbow Village, where her toys come to life – and where there's always a problem to solve!",,2026-05-17T16:57:37.634932
151082,Robot Trains,Robot Trains,155.51,5.1,26,2018-09-01,"[""South Korea""]",[18],"Keeping peace and safety in Train World is no easy task, but for five trains with the power to transform into robots, every crisis is an adventure!",,2026-05-17T16:57:37.635465
151083,The Degenerates,The Degenerates,307.48,5.8,237,2019-09-01,"[""US""]",[18],Six stand-ups explore the coarse and salacious side of comedy in this series of half-hour specials. For mature audiences.,,2026-05-17T16:57:37.635742
151084,Yanxi Palace: Princess Adventures,Yanxi Palace: Princess Adventures,192.18,6.4,8627,2019-09-01,"[""China""]",[18],A determined Qing dynasty princess contends with palace intrigue and a vendetta against her family while navigating the treacherous terrain of romance.,,2026-05-17T16:57:37.635894
151085,The Disastrous Life of Saiki K.: Reawakened,The Disastrous Life of Saiki K.: Reawakened,77.49,7.7,2406,2019-09-01,"[""Japan""]",[18],"Kusuo and his gaggle of self-proclaimed friends are back for more psychic mishaps. If he didn't have enough problems before, he's got even more now.",,2026-05-17T16:57:37.636023
151086,Kevin Hart: Don’t F**k This Up,Kevin Hart: Don’t F**k This Up,80.72,6.9,4977,2019-09-01,"[""United States""]",[18],"Amid turmoil in his career and marriage, comedian and film star Kevin Hart opens up about his personal breakthroughs as he navigates crises and fame.",,2026-05-17T16:57:37.636169
151087,The Bonfire of Destiny,The Bonfire of Destiny,246.77,9.0,1540,2019-09-01,"[""France""]",[18],"After a devastating fire in 1897 Paris, three women find their lives upended by betrayals, deceptions and romantic turmoil. Inspired by real events.",,2026-05-17T16:57:37.636298
151088,You,You,153.57,6.3,5407,2019-09-01,"[""United States""]",[18],"Obsessed with an aspiring writer, a charming bookstore manager goes to extreme measures to insert himself into her life.",,2026-05-17T16:57:37.636415
151089,CAROLE & TUESDAY,CAROLE & TUESDAY,193.62,6.8,4188,2019-09-01,"[""Japan""]",[18],"Part-timer Carole meets rich girl Tuesday, and each realizes they've found the musical partner they need. Together, they just might make it.",,2026-05-17T16:57:37.636530
151090,Lost in Space,Lost in Space,337.58,5.5,9856,2019-09-01,"[""United States""]",[18],"After crash-landing on an alien planet, the Robinson family fights against all odds to survive and escape. But they're surrounded by hidden dangers.",,2026-05-17T16:57:37.636836
151091,Private Practice,Private Practice,192.6,7.6,7164,2012-09-01,"[""United States""]",[18],"At Oceanside Wellness Center, Dr. Addison Montgomery deals with competing personalities in the new world of holistic medicine.",,2026-05-17T16:57:37.637195
151092,Agent,Agent,471.83,6.5,8159,2019-09-01,"[""Mauritius""]",[18],"A former footballer tries to make it as a player agent in the world of African soccer, but a secret from his past threatens to destroy everything.",,2026-05-17T16:57:37.637395
151093,The Witcher,The Witcher,141.42,7.8,1188,2019-09-01,"[""United States""]",[18],"Geralt of Rivia, a mutated monster-hunter for hire, journeys toward his destiny in a turbulent world where people often prove more wicked than beasts.",,2026-05-17T16:57:37.637622
151094,Twice Upon A Time,Twice Upon A Time,0.66,5.7,5109,2019-09-01,"[""France""]",[18],"Months after a crushing breakup, a man receives a mysterious package that opens a portal to the past – and gives him a chance to win back his ex.",,2026-05-17T16:57:37.637840
151095,Ultraviolet,Ultraviolet,55.33,5.5,2707,2019-09-01,"[""Poland""]",[18],An online community of amateur sleuths use technology to solve crimes – and make quirky friends – in their quest for justice.,,2026-05-17T16:57:37.637984
151096,Don't F**k with Cats: Hunting an Internet Killer,Don't F**k with Cats: Hunting an Internet Killer,94.73,6.4,3522,2019-09-01,"[""United Kingdom""]",[18],A twisted criminal's gruesome videos drive a group of amateur online sleuths to launch a risky manhunt that pulls them into a dark underworld.,,2026-05-17T16:57:37.638139
151097,Soundtrack,Soundtrack,243.53,7.2,2782,2019-09-01,"[""United States""]",[18],"Love, loss and transformative luck intersect in this musical drama about two struggling artists experiencing life at full volume in Los Angeles.",,2026-05-17T16:57:37.638297
151098,Cinderella and the Four Knights,Cinderella and the Four Knights,5.7,6.9,1625,2016-09-01,"[""South Korea""]",[18],"Catching the eye of a wealthy gentleman, spunky Ha-won gets hired to live with his three immature grandsons so she can whip them into shape.",,2026-05-17T16:57:37.638444
151099,Cocomong,Cocomong,21.7,5.3,2469,2015-09-01,"[""United States""]",[18],"What's in your fridge? In sunny Refrigerator Land, everyday ingredients transform into animal friends who love a good adventure.",,2026-05-17T16:57:37.638753
151100,Crash Landing on You,Crash Landing on You,2.17,6.2,1414,2019-09-01,"[""South Korea""]",[18],"A paragliding mishap drops a South Korean heiress in North Korea – and into the life of an army officer, who decides he will help her hide.",,2026-05-17T16:57:37.638933
151101,"Crazy, Lovely, Cool","Crazy, Lovely, Cool",149.38,4.9,2390,2018-09-01,"[""Nigeria""]",[18],"For a group of charismatic undergraduates, the jolting revelations from a campus blog turn surviving university life into a serious matter.",,2026-05-17T16:57:37.639096
151102,Girls und Panzer,Girls und Panzer,182.74,6.6,4693,2012-09-01,"[""Japan""]",[18],Miho Nishizumi tries to escape her family's tradition of tankery by enrolling at a new high school. Instead she gets back into the sport with friends.,,2026-05-17T16:57:37.639235
151103,Scooby-Doo!: Mystery Incorporated,Scooby-Doo!: Mystery Incorporated,37.71,6.8,1406,2012-09-01,"[""United States""]",[18],"In this animated update of the cartoon classic, Scooby-Doo, Shaggy and their pals solve spooky mysteries in a hamlet bedeviled by supernatural bedlam.",,2026-05-17T16:57:37.639371
151104,What's New Scooby-Doo?,What's New Scooby-Doo?,6.16,6.3,1420,2005-09-01,"[""United States""]",[18],Scooby-Doo and the gang enter the 21st century with this updated edition of the original series with more ghoulish mysteries to solve.,,2026-05-17T16:57:37.639497
151105,Astronomy Club: The Sketch Show,Astronomy Club: The Sketch Show,25.72,3.6,11523,2019-09-01,"[""United States""]",[18],"With unique individual perspectives that converge into a unified voice, sketch comedy group Astronomy Club delivers a smart and absurd brand of humor.",,2026-05-17T16:57:37.639670
151106,Fuller House,Fuller House,71.72,6.8,7229,2020-09-01,"[""United States""]",[18],The Tanner family’s adventures continue as DJ Tanner-Fuller shares a home with her sister Stephanie and friend Kimmy who help raise her three boys.,,2026-05-17T16:57:37.639821
151107,Teasing Master Takagi-san,Teasing Master Takagi-san,108.08,6.5,10445,2019-09-01,"[""Japan""]",[18],"Teased constantly by classmate Takagi-san, middle-schooler Nishikata swears payback by trying (and failing) to give her a dose of her own medicine.",,2026-05-17T16:57:37.639991
151108,The Chosen One,The Chosen One,187.71,5.8,5175,2019-09-01,"[""Brazil""]",[18],"Determined to bring a Zika vaccine to the remote Pantanal, three doctors clash with a faith healer and are pulled deeper into the mysteries of his cult.",,2026-05-17T16:57:37.640131
151109,The Confession Killer,The Confession Killer,432.76,4.8,1921,2019-09-01,"[""United States""]",[18],Henry Lee Lucas rose to infamy when he confessed to hundreds of unsolved murders. This docuseries examines the truth – and horrifying consequences.,,2026-05-17T16:57:37.640244
151110,Three Days of Christmas,Three Days of Christmas,27.08,6.9,8182,2019-09-01,"[""Spain""]",[18],"Four sisters deal with family drama and secrets throughout three different time periods, all occurring on Christmas Day.",,2026-05-17T16:57:37.640346
151111,Triad Princess,Triad Princess,64.2,4.9,880,2019-09-01,"[""US""]",[18],"After jostling her way into a gig as a celebrity bodyguard, the boisterous daughter of a powerful triad boss shakes up a TV star's life and finds love.",,2026-05-17T16:57:37.640444
151112,V Wars,V Wars,180.07,7.5,1981,2019-09-01,"[""United States""]",[18],A fast-spreading disease that turns victims into blood-sucking fiends pits two best friends against each other in a fight for humanity's future.,,2026-05-17T16:57:37.640577
151113,The Last O.G.,The Last O.G.,101.57,8.2,3315,2019-09-01,"[""United States""]",[18],"After 15 years behind bars, a kindhearted ex-drug dealer returns to Brooklyn looking for a fresh start, only to discover things have changed. A lot.",,2026-05-17T16:57:37.640681
151114,The Prince of Tennis ~ Match! Tennis Juniors ~,The Prince of Tennis ~ Match! Tennis Juniors ~,173.94,8.3,2737,2019-09-01,"[""China""]",[18],A tennis whiz beats the odds to excel on the court while juggling school and inspiring teammates. Based on the hit manga series by Takeshi Konomi.,,2026-05-17T16:57:37.640788
151115,The Road to Love,The Road to Love,149.06,3.4,3055,2019-09-01,"[""Colombia""]",[18],"After an argument with her dad, a young woman from a family of macho truck drivers is kicked out of the home and must make her own success as a trucker.",,2026-05-17T16:57:37.640889
151116,Nightflyers,Nightflyers,18.19,6.8,2464,2018-09-01,"[""United States""]",[18],"With humankind's future at stake, a group of scientists and a powerful telepath venture into the void aboard a spaceship full of secrets.",,2026-05-17T16:57:37.640985
151117,Eastsiders,Eastsiders,115.69,4.0,3411,2018-09-01,"[""United States""]",[18],Cal turns to his friends for help through a hilariously dark time when he discovers that his partner Thom's been cheating on him.,,2026-05-17T16:57:37.641118
151118,Space Jungle,Space Jungle,24.24,7.9,2800,2016-09-01,"[""US""]",[18],"A broken spaceship strands four very tiny aliens on Earth, where they discover an adventure (and strange dangers!) that they never expected.",,2026-05-17T16:57:37.641222
151119,Chocolate,Chocolate,166.2,7.7,4873,2019-09-01,"[""South Korea""]",[18],"Brought together by meaningful meals in the past and present, a doctor and a chef are reacquainted when they begin working at a hospice ward.",,2026-05-17T16:57:37.641330
151120,Chip and Potato,Chip and Potato,60.2,7.7,3727,2019-09-01,"[""United Kingdom""]",[18],"Lovable pug Chip starts kindergarten, makes new friends and tries new things – with a little help from Potato, her secret mouse pal.",,2026-05-17T16:57:37.641427
151121,La Reina del Sur,La Reina del Sur,113.88,8.9,2620,2019-09-01,"[""Mexico""]",[18],"This compelling show tells the story of the legendary Teresa Mendoza, a courageous woman who is perceived as conquering the world of drug trafficking.",,2026-05-17T16:57:37.641526
151122,The Charming Stepmom,The Charming Stepmom,279.95,7.1,5996,2019-09-01,"[""US""]",[18],"A quirky fashion student becomes the nanny of a handsome widower’s three kids, experiencing a series of silly antics and schemes.",,2026-05-17T16:57:37.641687
151123,Levius,Levius,128.19,7.2,4950,2019-09-01,"[""Japan""]",[18],Young Levius rises through the ranks in the brutal world of metal boxing under his uncle's guidance. Forces outside the ring have their eye on him.,,2026-05-17T16:57:37.641814
151124,Lugar de Mulher,Lugar de Mulher,231.11,6.5,1730,2019-09-01,"[""Brazil""]",[18],"Four comedians from Brazil riff on sexuality, politics, religion and motherhood – and set out to prove a woman's place is anywhere she wants it to be.",,2026-05-17T16:57:37.641942
151125,Merry Happy Whatever,Merry Happy Whatever,213.17,7.9,3327,2019-09-01,"[""United States""]",[18],"A struggling LA musician tries to win over his new girlfriend's gruff dad and quirky, tight-knit siblings on a 10-day Christmas visit to Philadelphia.",,2026-05-17T16:57:37.642083
151126,Mythomaniac,Mythomaniac,26.14,5.4,2709,2019-09-01,"[""France""]",[18],"Burned out and taken for granted, a working mom suspects her partner is cheating, so to win back his attentions, she feigns a medical diagnosis.",,2026-05-17T16:57:37.642207
151127,The Crime,The Crime,271.94,7.6,2069,2015-09-01,"[""Poland""]",[18],The peaceful lives of the residents inhabiting a breathtaking seaside town are shaken following a series of macabre crimes.,,2026-05-17T16:57:37.642338
151128,Zona Rosa,Zona Rosa,216.56,5.5,2127,2019-09-01,"[""Mexico""]",[18],An assortment of talent takes the stage for a night of honest stand-up featuring four of Mexico's funniest LGBTQ comedians.,,2026-05-17T16:57:37.642458
151129,Once Upon A Time In Lingjian Mountain,Once Upon A Time In Lingjian Mountain,201.25,5.8,4062,2019-09-01,"[""China""]",[18],"As the nine continents face a crisis, a young disciple joins the Spirit Blade sect and comes under the tutelage of a temperamental sage.",,2026-05-17T16:57:37.642615
151130,Dolly Parton's Heartstrings,Dolly Parton's Heartstrings,341.3,6.1,775,2019-09-01,"[""United States""]",[18],"Eight stories celebrating family, faith, love and forgiveness come to life in this series inspired by Dolly Parton's iconic country music catalog.",,2026-05-17T16:57:37.642752
151131,Nailed It! Holiday!,Nailed It! Holiday!,90.72,7.5,6314,2019-09-01,"[""United States""]",[10764],"It's the ""Nailed It!"" holiday special you've been waiting for, with missing ingredients, impossible asks and desserts that look delightfully sad.",,2026-05-17T16:57:37.642883
151132,Narcoworld: Dope Stories,Narcoworld: Dope Stories,185.79,7.0,6526,2019-09-01,"[""United States""]",[18],"Ride along as police officers and drug smugglers go toe-to-toe, trying to outwit each other in locales around the world.",,2026-05-17T16:57:37.643006
151133,Nobody's Looking,Nobody's Looking,185.29,7.4,346,2019-09-01,"[""Brazil""]",[18],"A new guardian ""angelus"" uncovers a secret behind the Angelus System's bureaucracy that leads him to break its official rules about protecting humans.",,2026-05-17T16:57:37.643149
151134,Singapore Social,Singapore Social,262.0,5.3,1919,2019-09-01,"[""Singapore""]",[10764],"Peer into the lives of young Singaporeans as they defy expectations and traverse the tricky terrain of career, romance and family.",,2026-05-17T16:57:37.643282
151135,The Dragon Prince,The Dragon Prince,40.77,7.6,634,2019-09-01,"[""United States""]",[18],An extraordinary discovery inspires two human princes and an elven assassin to team up on an epic quest to bring peace to their warring lands.,,2026-05-17T16:57:37.643408
151136,Trolls: The Beat Goes On!,Trolls: The Beat Goes On!,19.73,6.6,2966,2019-09-01,"[""United States""]",[18],"As Queen Poppy welcomes a new time of peace in Troll Village with parties, sports and holiday celebrations, Branch tries to be more fun-loving.",,2026-05-17T16:57:37.643518
151137,Bangkok Buddies,Bangkok Buddies,220.92,6.6,6161,2019-09-01,"[""Thailand""]",[18],"Living under the same roof, a group of unabashed friends wrestle with everyday issues from financial woes and shared quarters to romantic misfires.",,2026-05-17T16:57:37.643660
151138,Holiday Secrets,Holiday Secrets,178.61,5.2,8259,2019-09-01,"[""Germany""]",[18],A Christmas reunion becomes a gateway to the past in this three-part series that explores the intimate complexities of one family's history.,,2026-05-17T16:57:37.643769
151139,Who Killed Little Gregory?,Who Killed Little Gregory?,94.37,4.6,1246,2019-09-01,"[""France""]",[18],"When their 4-year-old son is murdered, a young couple fights a twisting and arduous battle trying to identify a frustratingly elusive killer.",,2026-05-17T16:57:37.643870
151140,Miss Culinary,Miss Culinary,525.8,6.2,2964,2019-09-01,"[""US""]",[18],"After ditching her domestic life to become a chef, a clueless maid crosses paths with two charming suitors who help her reach her dreams.",,2026-05-17T16:57:37.643966
151141,Candy Online,Candy Online,117.22,6.4,11051,2019-09-01,"[""Taiwan""]",[18],"When a wardrobe malfunction goes viral, a bubbly live streamer struggles to navigate her classmates' cruel judgment and the small town she lives in.",,2026-05-17T16:57:37.644085
151142,At the Dolphin Bay,At the Dolphin Bay,166.19,6.0,3122,2003-09-01,"[""Taiwan""]",[18],"Encountering each other after a long separation, two childhood friends from orphanage must overcome great odds to fulfill an old promise and find love.",,2026-05-17T16:57:37.644186
151143,I'm with the Band: Nasty Cherry,I'm with the Band: Nasty Cherry,44.96,5.0,3447,2019-09-01,"[""United States""]",[10764],"In an unfiltered, intimate docuseries, pop star mentor Charli XCX finds out what it takes to build – and break – a real, badass all-girl punk band.",,2026-05-17T16:57:37.644298
151144,Inheritors,Inheritors,245.16,5.2,3994,2013-09-01,"[""South Korea""]",[18],"After a chance encounter in LA, two teens from different social backgrounds reunite at an exclusive high school attended by Korea’s über rich.",,2026-05-17T16:57:37.644509
151145,K-On!,K-On!,166.99,7.9,4065,2010-09-01,"[""Japan""]",[18],"When they're not gorging themselves on sugary snacks, four aspiring high school musicians crank out catchy tunes as members of the Light Music Club.",,2026-05-17T16:57:37.644663
151146,La Robe De Mariee Des Cieux,La Robe De Mariee Des Cieux,46.27,5.5,1083,2004-09-01,"[""Taiwan""]",[18],"After a chance encounter that ends on bad terms, two clashing strangers soon cross paths again as their fates become inevitably intertwined.",,2026-05-17T16:57:37.644783
151147,Llama Llama,Llama Llama,198.66,6.1,3721,2019-09-01,"[""United States""]",[18],"Beloved children's book character Llama Llama springs to life in this heartwarming series about family, friendship and learning new things.",,2026-05-17T16:57:37.644890
151148,My MVP Valentine,My MVP Valentine,113.76,5.3,5745,2002-09-01,"[""Taiwan""]",[18],"An unfortunate accident alters the life of a high school basketball prodigy, who abandons his beloved sport and becomes entangled in a love triangle.",,2026-05-17T16:57:37.645015
151149,My Sassy Girl,My Sassy Girl,63.5,4.2,8065,2017-09-01,"[""South Korea""]",[18],A refined young Joseon scholar's life turns upside down after he rescues a drunk princess who later accuses him of taking something precious from her.,,2026-05-17T16:57:37.645143
151150,The Club,The Club,319.34,3.6,4855,2019-09-01,"[""Mexico""]",[18],"A band of misfit rich kids in Mexico strike out on their own selling MDMA and quickly run into trouble with other narcos, the law and their families.",,2026-05-17T16:57:37.645284
151151,The Stranded,The Stranded,6.15,6.0,1677,2019-09-01,"[""Thailand""]",[18],"Trapped on an island destroyed by a tsunami, the students of an elite school try to hold on to hope. But mysterious forces seem to work against them.",,2026-05-17T16:57:37.645756
151152,The Toys That Made Us,The Toys That Made Us,148.36,6.0,1523,2019-09-01,"[""United States""]",[10764],The minds behind history's most iconic toy franchises discuss the rise – and sometimes fall – of their billion-dollar creations.,,2026-05-17T16:57:37.646193
151153,The Yard,The Yard,31.91,5.8,761,2019-09-01,"[""Turkey""]",[18],"After a fateful domestic clash, a devoted mother finds herself in prison and fighting to survive in hopes of reuniting with her daughter.",,2026-05-17T16:57:37.646402
151154,Westside Story,Westside Story,20.5,7.1,3577,2003-09-01,"[""US""]",[18],"Spirited high school misfits with hearts of gold begin their journeys into adulthood as they navigate school, friendship, romance and heartbreak.",,2026-05-17T16:57:37.646763
151155,My Dear Warrior,My Dear Warrior,20.86,7.6,2926,2019-09-01,"[""Thailand""]",[18],"Love leaps off the page when an astronomer magically meets her comic book hero in the flesh, but learns that his fictional problems are very real.",,2026-05-17T16:57:37.646988
151156,Maradona in Mexico,Maradona in Mexico,338.6,8.2,3967,2020-09-01,"[""Argentina""]",[18],"In this docuseries, soccer great Diego Maradona comes to Culiacán, the heart of the Sinaloa Cartel, to save the local team, the Dorados, and maybe himself, too.",,2026-05-17T16:57:37.647222
151157,Chief of Staff,Chief of Staff,316.69,8.8,2473,2019-09-01,"[""South Korea""]",[18],"As a chief of staff in the National Assembly, Jang Tae-jun influences power behind the scenes while pursuing his own ambitions to rise to the top.",,2026-05-17T16:57:37.647402
151158,Put Your Head on My Shoulder,Put Your Head on My Shoulder,179.54,6.1,760,2019-09-01,"[""China""]",[18],"On the cusp of graduation, an accounting major searching for her career winds up living with a genius physics student who shakes up her daily routine.",,2026-05-17T16:57:37.647592
151159,Little Things,Little Things,81.89,4.1,7660,2019-09-01,"[""India""]",[18],"A cohabiting couple in their 20s navigate the ups and downs of work, modern-day relationships and finding themselves in contemporary Mumbai.",,2026-05-17T16:57:37.647811
151160,Greatest Events of WWII in Colour,Greatest Events of WWII in Colour,269.36,8.4,4868,2019-09-01,"[""United Kingdom""]",[18],"From the attack on Pearl Harbor to D-Day, the most pivotal events of World War II come to life in this vivid docuseries featuring colorized footage.",,2026-05-17T16:57:37.647973
151161,Green Eggs and Ham,Green Eggs and Ham,27.52,6.5,3791,2019-09-01,"[""United Kingdom""]",[18],"On a road trip to save an endangered animal, polar opposites Guy and Sam learn to try new things like friendship – and a certain delectable dish.",,2026-05-17T16:57:37.648135
151162,Wild District,Wild District,210.43,5.5,4702,2019-09-01,"[""Colombia""]",[18],"After surrendering to Bogotá police, an ex-guerrilla avoids prison by working undercover to investigate a ruthless enforcer of government corruption.",,2026-05-17T16:57:37.648292
151163,SCAMS,SCAMS,145.97,8.8,6237,2019-09-01,"[""Japan""]",[18],"Hit hard by the Lehman shock, a well-meaning young man joins a phone scam operation and gets increasingly embroiled in the underworld.",,2026-05-17T16:57:37.648432
151164,Sam & Cat,Sam & Cat,55.41,7.2,7989,2014-09-01,"[""United States""]",[18],"To earn cash, roommates Sam and Cat start a baby-sitting service – and quickly discover just what an adventure baby-sitting can be.",,2026-05-17T16:57:37.648734
151165,The End of the F***ing World,The End of the F***ing World,107.94,9.9,3651,2019-09-01,"[""United Kingdom""]",[18],A budding teen psychopath and a rebel hungry for adventure embark on a star-crossed road trip in this darkly comic series based on a graphic novel.,,2026-05-17T16:57:37.648938
151166,Meet the Adebanjos,Meet the Adebanjos,111.57,8.4,8314,2016-09-01,"[""United Kingdom""]",[18],"In South London, tradition clashes with culture as a Nigerian father tries to instill his old-fashioned African values into his modern British family.",,2026-05-17T16:57:37.649100
151167,The Devil Next Door,The Devil Next Door,105.55,8.8,7445,2019-09-01,"[""United States""]",[18],"A Cleveland grandfather is brought to trial in Israel, accused of being the infamous Nazi death camp guard known as Ivan the Terrible.",,2026-05-17T16:57:37.649254
151168,Bella and the Bulldogs,Bella and the Bulldogs,115.72,7.2,2141,2015-09-01,"[""United States""]",[18],"The life of cheerleader Bella Dawson turns upside down when, in a twist of fate, she becomes quarterback for her middle school's football team.",,2026-05-17T16:57:37.649394
151169,Victorious,Victorious,178.4,7.3,1874,2013-09-01,"[""United States""]",[18],"When aspiring singer Tori Vega joins the eccentric students at Hollywood Arts High, she struggles to fit in with the amazingly talented teens.",,2026-05-17T16:57:37.649526
151170,A Year In Space,A Year In Space,160.34,5.3,301,2015-09-01,"[""United States""]",[18],Two astronauts attempt to brave a life in Earth's orbit on a record-setting mission to see if humans have the endurance to survive a flight to Mars.,,2026-05-17T16:57:37.649835
151171,Ad Vitam,Ad Vitam,158.89,8.8,8055,2018-09-01,"[""France""]",[18],"In a future where regeneration technology lets humans live indefinitely, a cop and a troubled young woman investigate a strange wave of youth suicides.",,2026-05-17T16:57:37.650006
151172,Billy on the Street,Billy on the Street,114.36,6.3,1300,2016-09-01,"[""United States""]",[10764],"Comedian Billy Eichner sprints through New York with celebrities to stun pedestrians with unapologetic, unfiltered and unique pop culture questions.",,2026-05-17T16:57:37.650176
151173,CLANNAD,CLANNAD,203.39,6.9,6181,2008-09-01,"[""Japan""]",[18],Maladjusted high school student Tomoya's life begins to change when he befriends his classmate Nagisa and several other eccentric girls.,,2026-05-17T16:57:37.650334
151174,Haikyu!!,Haikyu!!,202.68,8.8,1440,2015-09-01,"[""Japan""]",[18],"Inspired by a championship match he sees on TV, junior high schooler Hinata joins a volleyball club and begins training, despite his short height.",,2026-05-17T16:57:37.650470
151175,"Love, Chunibyo & Other Delusions!","Love, Chunibyo & Other Delusions!",54.44,5.8,2419,2014-09-01,"[""Japan""]",[18],"High schooler Yuta wants to leave his past as a delusional weirdo behind. But his classmate Rikka has her own delusions, and she's interested in his.",,2026-05-17T16:57:37.650643
151176,Maid-Sama!,Maid-Sama!,154.76,7.3,4831,2010-09-01,"[""Japan""]",[18],"To keep the boys in line, student council president Misaki runs the school with an iron fist – while secretly working as a waitress at a maid café.",,2026-05-17T16:57:37.650799
151177,Mobile Suit Gundam: Iron-Blooded Orphans,Mobile Suit Gundam: Iron-Blooded Orphans,109.16,6.7,4034,2016-09-01,"[""Japan""]",[18],"On a terraformed post-disaster Mars, a group of child security agents rebel against the adults who betrayed them and the oppressive Earth government.",,2026-05-17T16:57:37.650934
151178,Queer Eye: We're in Japan!,Queer Eye: We're in Japan!,479.38,3.4,9942,2019-09-01,"[""United States""]",[10764],"The Fab Five touch down in Tokyo to spread the joy, explore the culture, and help four Japanese men and women find the confidence to be themselves.",,2026-05-17T16:57:37.651107
151179,The Boulet Brothers Dragula,The Boulet Brothers Dragula,184.52,5.0,5456,2019-09-01,"[""United States""]",[10764],"Ten queens must slay the competition and put their fiercest, filthiest faces forward for the chance to be crowned the world's next drag supermonster.",,2026-05-17T16:57:37.651256
151180,The Deep,The Deep,43.46,6.2,7674,2019-09-01,"[""Canada""]",[18],"The Nektons are a family of underwater explorers who discover the hidden secrets of the oceans, including sunken cities, sea creatures and pirates.",,2026-05-17T16:57:37.651389
151181,Vientos de agua,Vientos de agua,197.71,6.1,1663,2006-09-01,"[""Argentina""]",[18],"José Olaya, a Spanish miner, emigrates to Argentina in 1934, while his son, an architect, moves to Spain after Argentina's economic collapse in 2001.",,2026-05-17T16:57:37.651522
151182,We Are the Wave,We Are the Wave,210.08,7.9,7242,2019-09-01,"[""Germany""]",[18],"A mysterious classmate leads four idealistic teens in a revolt against a rising tide of nationalistic fervor, but their movement takes a dark turn.",,2026-05-17T16:57:37.652138
151183,KENGAN ASHURA,KENGAN ASHURA,102.71,5.9,5109,2019-09-01,"[""United States""]",[18],"Ohma Tokita enters a hidden world where corporate disputes are settled in brutal gladiator bouts. Forget the money, he just wants to fight – and win.",,2026-05-17T16:57:37.652468
151184,Nowhere Man,Nowhere Man,85.03,7.8,3917,2019-09-01,"[""Taiwan""]",[18],"Two nefarious schemes taking place 10 years apart entangle a dauntless triad member, who must break out of prison to rescue a loved one.",,2026-05-17T16:57:37.652831
151185,Sleepless Society: Bedtime Wishes,Sleepless Society: Bedtime Wishes,180.39,5.9,994,2019-09-01,"[""US""]",[18],"During a holiday stay at a hotel resort, a flight attendant encounters a wealthy, mysterious man with two different personas.",,2026-05-17T16:57:37.653026
151186,"Bring It On, Ghost","Bring It On, Ghost",323.61,3.9,4008,2016-09-01,"[""South Korea""]",[18],A college student with psychic abilities takes in an amnesiac ghost as his roommate – who ends up helping him hunt down spooky spirits.,,2026-05-17T16:57:37.653220
151187,Tomorrow with You,Tomorrow with You,278.31,4.7,2462,2017-09-01,"[""South Korea""]",[18],The head of a real estate firm with the ability to travel through time by taking the subway marries a photographer to try and change his future.,,2026-05-17T16:57:37.653390
151188,Tunnel,Tunnel,64.4,5.1,4584,2019-09-01,"[""US""]",[18],A detective finds himself 30 years in the future and must solve a string of grisly crimes before he can return to the past.,,2026-05-17T16:57:37.653536
151189,Shine On with Reese,Shine On with Reese,341.41,5.1,944,2018-09-01,"[""United States""]",[18],"In a talk show straight from the heart, actor and producer Reese Witherspoon visits with groundbreaking women to discuss their inspiring journeys.",,2026-05-17T16:57:37.653806
151190,"Wait, My Youth","Wait, My Youth",136.26,4.7,619,2019-09-01,"[""China""]",[18],"Six hopeful friends journey into adulthood to create the moments that pull them together, draw them apart and make them fall in love.",,2026-05-17T16:57:37.653955
151191,A Little Thing Called First Love,A Little Thing Called First Love,84.45,8.3,4428,2019-09-01,"[""China""]",[18],A shy college student with a knack for drawing develops a crush on a musically gifted classmate and embarks on a journey of self-discovery.,,2026-05-17T16:57:37.654107
151192,BoJack Horseman,BoJack Horseman,238.75,5.7,2236,2020-09-01,"[""United States""]",[18],"Meet the most beloved sitcom horse of the '90s, 20 years later. He’s a curmudgeon with a heart of...not quite gold...but something like gold. Copper?",,2026-05-17T16:57:37.654247
151193,Brotherhood,Brotherhood,33.88,5.8,8161,2019-09-01,"[""Brazil""]",[18],"An honest lawyer reaches a moral crossroads after the cops force her to inform on her incarcerated brother, the leader of a rising criminal faction.",,2026-05-17T16:57:37.654381
151194,Drug Squad: Costa del Sol,Drug Squad: Costa del Sol,36.05,6.2,3426,2019-09-01,"[""Spain""]",[18],Four intrepid and impulsive police officers form a special narcotics unit to combat the birth of drug trafficking on Spain's Costa del Sol in the 1970s.,,2026-05-17T16:57:37.654508
151195,Monzón: A Knockout Blow,Monzón: A Knockout Blow,84.67,8.7,2494,2018-09-01,"[""Argentina""]",[18],"This dramatization tells the story of Argentine boxing champion Carlos Monzón, as well as the investigation into the death of his wife Alicia Muñiz.",,2026-05-17T16:57:37.654829
151196,Nailed It! France,Nailed It! France,386.48,7.8,7984,2019-09-01,"[""France""]",[10764],"On this fun and funny competition show, home bakers talented in catastrophe struggle to re-create dessert masterpieces and win a 5,000 euro prize.",,2026-05-17T16:57:37.655060
151197,Nailed It! Spain,Nailed It! Spain,394.24,5.9,4677,2019-09-01,"[""Spain""]",[10764],"On this competition show, novice bakers try to avoid a fiasco while duplicating stunning sweets. At stake are a trophy and 5,000 euros.",,2026-05-17T16:57:37.655244
151198,The Untamed,The Untamed,165.16,5.2,4057,2019-09-01,"[""China""]",[18],"In a magical world of inter-clan rivalry, two soulmates face treacherous schemes and uncover a dark mystery linked to a tragic event in the past.",,2026-05-17T16:57:37.655384
151199,Daybreak,Daybreak,361.77,7.4,146,2019-09-01,"[""United States""]",[18],"Living his best life in post-apocalyptic LA, a slacker strives to find the girl of his dreams while outwitting mindless ghouls and cliquish gangs.",,2026-05-17T16:57:37.655513
151200,"Breakfast, Lunch & Dinner","Breakfast, Lunch & Dinner",14.48,4.6,2361,2019-09-01,"[""United States""]",[18],"Chef David Chang takes his insatiable curiosity about food, culture and identity on the road, in the convivial company of fun-loving celebrity guests.",,2026-05-17T16:57:37.655743
151201,"ChuChu TV Kids Songs, Learning Videos & Bedtime Stories","ChuChu TV Kids Songs, Learning Videos & Bedtime Stories",562.74,7.0,6593,2019-09-01,"[""US""]",[18],This educational series for tiny tots features a toe-tapping spin on nursery rhymes with upbeat tunes and a diverse set of easy-to-follow lessons.,,2026-05-17T16:57:37.656431
151202,Interior Design Masters,Interior Design Masters,57.95,4.8,3789,2019-09-01,"[""United Kingdom""]",[10764],Aspiring interior designers transform a variety of spaces from dowdy to delightful as they vie for a life-changing contract with a top London hotel.,,2026-05-17T16:57:37.656699
151203,Little Baby Bum: Nursery Rhyme Friends,Little Baby Bum: Nursery Rhyme Friends,54.48,4.4,5638,2019-09-01,"[""United Kingdom""]",[18],"Twinkle, Mia, Jacus and the rest of the Nursery Rhyme Friends perform catchy tunes for the little ones.",,2026-05-17T16:57:37.656901
151204,Mighty Little Bheem: Diwali,Mighty Little Bheem: Diwali,219.25,7.8,2125,2019-09-01,"[""India""]",[18],"From decorating his home to devouring sweets, join Bheem as he makes merry – and a bit of mischief – while the festival of lights is in full swing.",,2026-05-17T16:57:37.657056
151205,MONKART,MONKART,64.25,8.3,2363,2017-09-01,"[""US""]",[18],Jin and his dragon monster Draka set out on a racing adventure and try to save the kingdom from evil forces.,,2026-05-17T16:57:37.657293
151206,Spirit Riding Free: Pony Tales,Spirit Riding Free: Pony Tales,108.84,6.2,4944,2019-09-01,"[""United States""]",[18],"Find the fun and adventure of ""Spirit Riding Free"" in this mix of music videos and short episodes featuring Lucky and all of her friends!",,2026-05-17T16:57:37.657450
151207,Toon,Toon,173.81,5.9,562,2017-09-01,"[""Netherlands""]",[18],"Reclusive, socially awkward jingle composer Toon must navigate the nightmarish world of show biz after a viral video skyrockets him to fame.",,2026-05-17T16:57:37.657746
151208,Chosen,Chosen,89.48,4.3,3654,2019-09-01,"[""China""]",[18],"When a mysterious box arrives at his door, a doctor and father is forced to participate in a twisted killing game, or risk losing everything.",,2026-05-17T16:57:37.657939
151209,THE UNLISTED,THE UNLISTED,87.55,7.2,1352,2019-09-01,"[""Australia""]",[18],"When they learn of a secret plot to track and control kids, identical twins Dru and Kal team up with a band of runaway rebels to take back their world.",,2026-05-17T16:57:37.658092
151210,Another Miss Oh,Another Miss Oh,39.35,8.2,954,2016-09-01,"[""South Korea""]",[18],"A sound director who suddenly starts getting visions of someone else’s future gets mired in the lives of two women, who happen to share the same name.",,2026-05-17T16:57:37.658213
151211,Second 20s,Second 20s,165.72,6.3,1473,2015-09-01,"[""South Korea""]",[18],"Facing major changes, a mother realizes it's time to live for herself and decides to enroll in college, where she finds her dream as well as new love.",,2026-05-17T16:57:37.658334
151212,Black Money Love,Black Money Love,328.66,5.6,2404,2014-09-01,"[""Turkey""]",[18],"After a cop's fiancée and a jewelry designer's father are found dead together, the two bereaved ones face a perilous aftermath of a theft gone wrong.",,2026-05-17T16:57:37.658444
151213,The Lies Within,The Lies Within,62.63,9.4,3738,2019-09-01,"[""South Korea""]",[18],"After her father dies and her husband goes missing, Kim Seo-hui teams up with detective Jo Tae-sik and joins the National Assembly.",,2026-05-17T16:57:37.658587
151214,Insatiable,Insatiable,223.06,4.5,8779,2019-09-01,"[""United States""]",[18],"A bullied teenager turns to beauty pageants as a way to exact her revenge, with the help of a disgraced coach who soon realizes he's in over his head.",,2026-05-17T16:57:37.658990
151215,The Hook Up Plan,The Hook Up Plan,10.45,7.5,2470,2020-09-01,"[""France""]",[18],"When Parisian Elsa gets hung up on her ex, her best friends secretly hire a male escort to help her move on. But their plan works a little too well.",,2026-05-17T16:57:37.659316
151216,Beyblade Burst Turbo,Beyblade Burst Turbo,191.38,6.2,5463,2018-09-01,"[""US""]",[18],"Yearning to earn the title of world blading champion, a novice competitor must harness his untamed potential through training and tournaments.",,2026-05-17T16:57:37.659496
151217,Ultramarine Magmell,Ultramarine Magmell,95.52,7.4,1988,2019-09-01,"[""Japan""]",[18],"Decades after the sudden birth of a new continent, a young rescuer-for-hire provides aid to adventurers exploring this dangerous, uncharted world.",,2026-05-17T16:57:37.659848
151218,Rhythm + Flow,Rhythm + Flow,231.9,5.6,5238,2019-09-01,"[""United States""]",[10764],"In this music competition show, judges Tip “T.I.” Harris, Cardi B and Chance the Rapper hit the streets to find the next rap superstar.",,2026-05-17T16:57:37.660015
151219,Legend Quest: Masters of Myth,Legend Quest: Masters of Myth,168.98,5.6,1887,2019-09-01,"[""Mexico""]",[18],"When mythical creatures come to life, it's up to Leo, Teodora, Don Andrés and Alebrije – super-secret monster hunters – to save the day.",,2026-05-17T16:57:37.660184
151220,My Country: The New Age,My Country: The New Age,360.93,5.0,6715,2019-09-01,"[""South Korea""]",[18],"At the end of the Goryeo period, there were those who led the charge to proclaim a new age – and the ordinary individuals who risked everything.",,2026-05-17T16:57:37.660332
151221,Creeped Out,Creeped Out,118.89,5.3,9014,2019-09-01,"[""United Kingdom""]",[18],"A masked figure known as ""The Curious"" collects tales of dark magic, otherworldly encounters and twisted technology in this kids anthology series.",,2026-05-17T16:57:37.660467
151222,Peaky Blinders,Peaky Blinders,145.47,4.6,4379,2019-09-01,"[""United Kingdom""]",[18],"A notorious gang in 1919 Birmingham, England, is led by the fierce Tommy Shelby, a crime boss set on moving up in the world no matter the cost.",,2026-05-17T16:57:37.660634
151223,Raising Dion,Raising Dion,42.28,7.7,9486,2019-09-01,"[""United States""]",[18],A widowed mom sets out to solve the mystery surrounding her young son's emerging superpowers while keeping his extraordinary gifts under wraps.,,2026-05-17T16:57:37.660786
151224,Rotten,Rotten,99.13,7.1,2069,2019-09-01,"[""United States""]",[18],This docuseries travels deep into the heart of the food supply chain to reveal unsavory truths and expose hidden forces that shape what we eat.,,2026-05-17T16:57:37.660920
151225,Super Monsters,Super Monsters,450.73,6.1,389,2019-09-01,"[""US""]",[18],Preschool kids whose parents are the world's most famous monsters try to master their special powers while preparing for kindergarten.,,2026-05-17T16:57:37.661047
151226,Seis Manos,Seis Manos,81.46,6.2,4427,2019-09-01,"[""United States""]",[18],"Orphans raised by a martial arts master are plunged into a mystery involving demonic powers, drug cartels, ancient rituals and blood sacrifice.",,2026-05-17T16:57:37.661225
151227,Living Undocumented,Living Undocumented,246.96,7.2,6671,2019-09-01,"[""United States""]",[18],Eight undocumented families' fates roller-coast as the United States' immigration policies are transformed.,,2026-05-17T16:57:37.661364
151228,Cheese in the Trap,Cheese in the Trap,86.81,8.9,8880,2016-09-01,"[""South Korea""]",[18],"In this adaptation of a popular webtoon, a poor student trying to navigate college life gains the attention of a wealthy upperclassman with a dark side.",,2026-05-17T16:57:37.661491
151229,Chicago Typewriter,Chicago Typewriter,138.93,7.1,2934,2017-09-01,"[""South Korea""]",[18],A veterinarian and two writers have a mysterious connection to Korean independence fighters from the Japanese colonial period.,,2026-05-17T16:57:37.661668
151230,College Romance,College Romance,6.79,6.3,3746,2018-09-01,"[""India""]",[18],"Three best friends look for love, laughs and some lifelong memories while attending college together.",,2026-05-17T16:57:37.661833
151231,Engineering Girls,Engineering Girls,81.46,7.2,4032,2018-09-01,"[""India""]",[18],"Three engineering students deal with dorm drama, date around, and do whatever it takes to make their dreams come true.",,2026-05-17T16:57:37.661972
151232,Girls Hostel,Girls Hostel,66.39,5.5,5784,2018-09-01,"[""India""]",[18],Four girls from different backgrounds become unlikely friends when they move into a dormitory for female dental students.,,2026-05-17T16:57:37.662118
151233,Inmates,Inmates,21.04,4.7,1468,2017-09-01,"[""India""]",[18],"While living under one roof, five close-knit 20-somethings maneuver the highs and lows of friendship, romantic entanglements and finding themselves.",,2026-05-17T16:57:37.662253
151234,Miniforce X,Miniforce X,181.23,6.2,5990,2018-09-01,"[""South Korea""]",[18],Zenos wants to use the Earth’s negative energy for his own good – and it's up to Miniforce X to stop this space alien’s evil plans.,,2026-05-17T16:57:37.662379
151235,The K2,The K2,156.63,8.9,57,2016-09-01,"[""South Korea""]",[18],A fugitive soldier gets swept up in personal and political intrigue when he's hired as a bodyguard for the family of a presidential candidate.,,2026-05-17T16:57:37.662503
151236,The Liar and His Lover,The Liar and His Lover,492.03,5.4,3958,2017-09-01,"[""South Korea""]",[18],A talented singer falls in love at first sight with a music prodigy who has an affinity for lies – and a knack for being a hit-making producer.,,2026-05-17T16:57:37.662663
151237,Gotham,Gotham,244.91,6.2,6653,2019-09-01,"[""United States""]",[18],"Long before he was commissioner, rookie cop James Gordon takes on Gotham City crime and corruption to avenge the murder of Bruce Wayne's parents.",,2026-05-17T16:57:37.662802
151238,Bard of Blood,Bard of Blood,326.89,7.1,3274,2019-09-01,"[""India""]",[18],"Years after a disastrous job in Balochistan, a former Indian spy must confront his past when he returns to lead an unsanctioned hostage-rescue mission.",,2026-05-17T16:57:37.662925
151239,El Marginal,El Marginal,145.87,5.7,4172,2019-09-01,"[""Argentina""]",[18],"While investigating a kidnapping, an ex-cop sent to infiltrate a prison finds himself surrounded by dangerous felons who can't know his real identity.",,2026-05-17T16:57:37.663050
151240,The Inmate,The Inmate,280.64,4.7,9039,2018-09-01,"[""Mexico""]",[18],A former Marine poses as an inmate inside a Mexican prison in order to infiltrate a gang suspected of kidnapping a U.S. judge's teen daughter.,,2026-05-17T16:57:37.663196
151241,Abstract: The Art of Design,Abstract: The Art of Design,228.68,8.3,1941,2019-09-01,"[""United States""]",[18],Step inside the minds of the most innovative designers in a variety of disciplines and learn how design impacts every aspect of life.,,2026-05-17T16:57:37.663330
151242,Glitch,Glitch,194.33,6.2,9778,2019-09-01,"[""Australia""]",[18],A police officer and a doctor face an emotionally charged mystery when seven local residents inexplicably return from the dead in peak physical form.,,2026-05-17T16:57:37.663479
151243,Vagabond,Vagabond,16.17,5.9,3557,2019-09-01,"[""South Korea""]",[18],"When his nephew dies in a plane crash, stunt man Cha Dal-geon resolves to find out what happened, with the help of covert operative Go Hae-ri.",,2026-05-17T16:57:37.663852
151244,Criminal: France,Criminal: France,96.4,5.9,5198,2019-09-01,"[""US""]",[18],"Secrets emerge and entire cases unravel inside a police interview room in Paris, where suspects and investigators face off in an intricate dance.",,2026-05-17T16:57:37.664019
151245,Criminal: Germany,Criminal: Germany,119.68,9.1,1924,2019-09-01,"[""Germany""]",[18],"In the interview room, detectives go head-to-head with suspects and try to get to the truth – even if it means breaking the rules and risking it all.",,2026-05-17T16:57:37.664206
151246,Criminal: Spain,Criminal: Spain,143.5,7.6,3760,2019-09-01,"[""Spain""]",[18],"Psychological games abound between detectives and suspects in a tense interrogation room, where the search for answers sometimes comes at a moral cost.",,2026-05-17T16:57:37.664369
151247,Fastest Car,Fastest Car,152.62,7.1,2224,2019-09-01,"[""United States""]",[10764],The drivers of exotic supercars put their street cred on the line against deceptively fast sleeper cars built and modified by true gearheads.,,2026-05-17T16:57:37.664824
151248,Inside Bill's Brain: Decoding Bill Gates,Inside Bill's Brain: Decoding Bill Gates,423.13,6.6,8998,2019-09-01,"[""United States""]",[18],Take a trip inside the mind of Bill Gates as the billionaire opens up about those who influenced him and the audacious goals he's still pursuing.,,2026-05-17T16:57:37.665049
151249,The Hockey Girls,The Hockey Girls,153.48,5.9,6531,2019-09-01,"[""Spain""]",[18],"The passionate members of a girls' roller hockey team chase down victories in the rink while striving to make time for school, family and romance.",,2026-05-17T16:57:37.665266
151250,When the Camellia Blooms,When the Camellia Blooms,69.57,7.1,8856,2019-09-01,"[""South Korea""]",[18],"Dongbaek is a single mother. When a potential new love enters her life, she finds ways to defy the social stigmas surrounding her.",,2026-05-17T16:57:37.665430
151251,Surviving R. Kelly,Surviving R. Kelly,234.26,3.3,2439,2019-09-01,"[""United States""]",[18],"In this documentary series on the tangled history of allegations against musician R. Kelly, women give detailed accounts of sexual and mental abuse.",,2026-05-17T16:57:37.665884
151252,Kabaneri of the Iron Fortress: The Battle of Unato,Kabaneri of the Iron Fortress: The Battle of Unato,235.53,6.4,4461,2019-09-01,"[""Japan""]",[18],"Ikoma and the Iron Fortress take their fight to the battlegrounds of Unato, joining the alliance to reclaim the region from the kabane horde.",,2026-05-17T16:57:37.666169
151253,Marianne,Marianne,10.2,5.6,1427,2019-09-01,"[""France""]",[18],"Lured back to her hometown, a famous horror writer discovers that the evil spirit who plagues her dreams is now wreaking havoc in the real world.",,2026-05-17T16:57:37.666384
151254,Top Boy,Top Boy,243.54,5.6,2054,2019-09-01,"[""US""]",[18],"Two seasoned drug dealers return to the gritty streets of London, but their pursuit of money and power is threatened by a young and ruthless hustler.",,2026-05-17T16:57:37.666579
151255,Unbelievable,Unbelievable,41.24,7.2,3956,2019-09-01,"[""United States""]",[18],"After a young woman is accused of lying about a rape, two female detectives investigate a spate of eerily similar attacks. Inspired by true events.",,2026-05-17T16:57:37.666766
151256,The I-Land,The I-Land,9.88,8.0,3263,2019-09-01,"[""United States""]",[18],"Wiped clean of memories and thrown together, a group of strangers fight to survive harsh realities – and the island that traps them.",,2026-05-17T16:57:37.666926
151257,"The Mind, Explained","The Mind, Explained",120.46,6.4,1959,2019-09-01,"[""United States""]",[18],"Ever wonder what's happening inside your head? From dreaming to anxiety disorders, discover how your brain works with this illuminating series.",,2026-05-17T16:57:37.667134
151258,The Spy,The Spy,260.44,6.9,9388,2019-09-01,"[""France""]",[18],"In the 1960s, Israeli clerk-turned-secret agent Eli Cohen goes deep undercover inside Syria on a perilous, years-long mission to spy for Mossad.",,2026-05-17T16:57:37.667306
151259,Loo Loo Kids: Johny & Friends Musical Adventures,Loo Loo Kids: Johny & Friends Musical Adventures,192.74,4.9,3737,2016-09-01,"[""US""]",[18],"Music-loving baby Johny goes on dance-filled adventures with his family, friends and adorable critters in this colorful, animated preschooler series.",,2026-05-17T16:57:37.667454
151260,Moving Art,Moving Art,121.12,9.0,6998,2018-09-01,"[""United States""]",[18],"Experience nature's art as filmmaker Louie Schwartzberg highlights the beauty that lurks in oceans, forests, deserts and flowers.",,2026-05-17T16:57:37.667865
151261,Naruto,Naruto,226.7,6.4,6994,2006-09-01,"[""Japan""]",[18],"Guided by the spirit demon within him, orphaned Naruto learns to harness his powers as a ninja in this anime adventure series.",,2026-05-17T16:57:37.668137
151262,Serial Killer with Piers Morgan,Serial Killer with Piers Morgan,29.43,6.9,3185,2018-09-01,"[""United Kingdom""]",[18],"Through intense prison interviews, Piers Morgan revisits the crimes of three convicted serial killers and learns more about their motives.",,2026-05-17T16:57:37.668313
151263,Luo Bao Bei,Luo Bao Bei,74.65,9.4,2535,2018-09-01,"[""China""]",[18],"A bright and spirited seven-year-old girl uses her vivid, dreamlike imagination to navigate everyday adventures alongside her real and imaginary BFFs.",,2026-05-17T16:57:37.668456
151264,Styling Hollywood,Styling Hollywood,131.5,4.9,5601,2019-09-01,"[""US""]",[10764],"Whether styling superstars or elevating A-list homes, couple Jason Bolden and Adair Curtis of JSN Studio connect famous clientele with the chicest looks.",,2026-05-17T16:57:37.668623
151265,The Dark Crystal: Age of Resistance,The Dark Crystal: Age of Resistance,266.79,6.3,1218,2019-09-01,"[""United Kingdom""]",[18],"As power-hungry overlords drain life from the planet Thra, a group of brave Gelfling unite on a quest to save their world and fight off the darkness.",,2026-05-17T16:57:37.668779
151266,The Good Bandit,The Good Bandit,96.91,5.9,1962,2018-09-01,"[""Colombia""]",[18],"A near-death experience spurs a feared drug lord to leave behind his life of crime and infidelity, to the disbelief of everyone close to him.",,2026-05-17T16:57:37.668916
151267,True and the Rainbow Kingdom,True and the Rainbow Kingdom,161.05,9.3,2262,2019-09-01,"[""United States""]",[18],"When something's wrong in the Rainbow Kingdom, bighearted guardian True and her best friend, Bartleby, are there to grant wishes and save the day.",,2026-05-17T16:57:37.669048
151268,Million Pound Menu,Million Pound Menu,226.81,4.5,2069,2019-09-01,"[""United Kingdom""]",[10764],Next-gen restaurateurs get the chance to open their own pop-up eateries to impress the paying public – and a panel of discerning U.K. investors.,,2026-05-17T16:57:37.669212
151269,13 Reasons Why: Beyond the Reasons,13 Reasons Why: Beyond the Reasons,74.79,3.9,2264,2019-09-01,"[""United States""]",[18],"Cast members, writers, producers and mental health professionals discuss some of the difficult issues and themes explored in ""13 Reasons Why.""",,2026-05-17T16:57:37.669361
151270,HERO MASK,HERO MASK,1.25,3.3,1137,2019-09-01,"[""US""]",[18],"After a rash of mysterious deaths, Crown prosecutor Sarah Sinclair and SSC agent James Blood discover a conspiracy surrounding uncanny new bio-masks.",,2026-05-17T16:57:37.669488
151271,Hyperdrive,Hyperdrive,123.1,9.2,3676,2019-09-01,"[""United States""]",[10764],"Elite street racers from around the world test their limits in supercharged custom cars on the biggest, baddest automotive obstacle course ever built.",,2026-05-17T16:57:37.669802
151272,45 rpm,45 rpm,191.05,5.5,3413,2019-09-01,"[""Spain""]",[18],"In 1960s Madrid, music producer Guillermo Rojas launches a rock 'n' roll label with the help of aspiring singer Robert and clever producer Maribel.",,2026-05-17T16:57:37.670300
151273,Apache: The Life of Carlos Tevez,Apache: The Life of Carlos Tevez,391.3,7.4,2902,2019-09-01,"[""Argentina""]",[18],This gritty dramatization of the life of Carlos Tevez shows his rise to soccer stardom amid the harrowing conditions in Argentina's Fuerte Apache.,,2026-05-17T16:57:37.670496
151274,Better Than Us,Better Than Us,322.86,8.1,542,2019-09-01,"[""Russia""]",[18],"A family on the brink of splitting up become the owners of a cutting-edge robot being sought by a corporation, homicide investigators and terrorists.",,2026-05-17T16:57:37.670706
151275,Diagnosis,Diagnosis,70.53,8.3,2109,2019-09-01,"[""United States""]",[18],Dr. Lisa Sanders crowdsources diagnoses for mysterious and rare medical conditions in a documentary series based on her New York Times Magazine column.,,2026-05-17T16:57:37.670882
151276,Green Frontier,Green Frontier,265.43,7.6,4144,2019-09-01,"[""Colombia""]",[18],"When a young Bogotá-based detective gets drawn into the jungle to investigate four femicides, she uncovers magic, an evil plot and her own true origins.",,2026-05-17T16:57:37.671034
151277,MINDHUNTER,MINDHUNTER,41.04,6.3,3177,2019-09-01,"[""United States""]",[18],In the late 1970s two FBI agents expand criminal science by delving into the psychology of murder and getting uneasily close to all-too-real monsters.,,2026-05-17T16:57:37.671634
151278,The King's Avatar,The King's Avatar,350.61,8.4,1288,2019-09-01,"[""China""]",[18],"When an elite gamer is forced out of his professional team, he becomes a manager of an Internet café and reinvents himself to return to online glory.",,2026-05-17T16:57:37.671918
151279,Victim Number 8,Victim Number 8,131.38,6.8,10527,2018-09-01,"[""Spain""]",[18],No one can be trusted after a terrorist bombing in Bilbao kills seven and destroys the lives of the suspected jihadi and everyone around him.,,2026-05-17T16:57:37.672196
151280,Cannon Busters,Cannon Busters,92.89,4.4,324,2019-09-01,"[""United States""]",[18],Immortal renegade Philly the Kid and his transforming pink Cadillac join a relentlessly upbeat friendship droid on her quest to find a missing prince.,,2026-05-17T16:57:37.672398
151281,Sacred Games,Sacred Games,8.93,3.9,2992,2019-09-01,"[""India""]",[18],"A link in their pasts leads an honest cop to a fugitive gang boss, whose cryptic warning spurs the officer on a quest to save Mumbai from cataclysm.",,2026-05-17T16:57:37.672714
151282,Til Death Do Us Part,Til Death Do Us Part,142.6,8.3,4603,2019-09-01,"[""Taiwan""]",[18],"Based on the speculative short stories of MirrorFiction, this sci-fi thriller anthology plunges headlong into our deepest desires – and darkest fears.",,2026-05-17T16:57:37.672907
151283,Happy Jail,Happy Jail,122.29,9.4,2238,2019-09-01,"[""US""]",[18],"The Philippine jail known for a viral Michael Jackson dance video comes under the management of an ex-convict, sparking controversy and criticism.",,2026-05-17T16:57:37.673047
151284,Knightfall,Knightfall,4.27,3.9,5911,2019-09-01,"[""United States""]",[18],"Fifteen years after the Crusades ended in defeat, a veteran knight becomes master of his order's Paris temple and discovers a shocking secret.",,2026-05-17T16:57:37.673213
151285,DC Super Hero Girls,DC Super Hero Girls,61.5,6.8,8542,2019-09-01,"[""United States""]",[18],"As Metropolis High students, super teens Wonder Woman, Supergirl, Bumblebee, Batgirl, Zatanna, and Green Lantern fight crime, classwork and crushes.",,2026-05-17T16:57:37.673358
151286,GLOW,GLOW,296.09,7.1,3270,2019-09-01,"[""United States""]",[18],"In 1980s LA, a crew of misfits reinvent themselves as the Gorgeous Ladies of Wrestling. A comedy by the team behind ""Orange Is the New Black.""",,2026-05-17T16:57:37.673486
151287,IZombie,IZombie,111.2,6.2,6913,2019-09-01,"[""United States""]",[18],A medical student-turned-zombie tries to retain her humanity by eating brains at the morgue and finds she has an uncanny new gift for solving crimes.,,2026-05-17T16:57:37.673752
151288,Sintonia,Sintonia,131.13,8.3,1009,2019-09-01,"[""Brazil""]",[18],"Three teens living in the same São Paulo favela pursue their dreams while maintaining their friendship, amid a world of music, drugs and religion.",,2026-05-17T16:57:37.673987
151289,The Family,The Family,196.62,8.5,1581,2019-09-01,"[""United States""]",[18],"An enigmatic conservative Christian group known as the Family wields enormous influence in Washington, D.C., in pursuit of its global ambitions.",,2026-05-17T16:57:37.674173
151290,Bad Guys,Bad Guys,6.94,6.3,3442,2014-09-01,"[""South Korea""]",[18],"Reinstated to eradicate the worst crimes in the city, a detective requests the release of three convicts to enlist their help in catching the felons.",,2026-05-17T16:57:37.674343
151291,Dollar,Dollar,24.89,7.3,2770,2019-09-01,"[""Lebanon""]",[18],Beautiful executive assistant Zeina reluctantly teams up with the self-assured Tarek to chase down an elusive dollar bill worth $1 million.,,2026-05-17T16:57:37.674491
151292,Jane The Virgin,Jane The Virgin,31.36,7.6,4563,2019-09-01,"[""United States""]",[18],"After vowing to remain chaste until marriage, Jane Villanueva learns she's pregnant due to a medical slip-up and has to rethink her future.",,2026-05-17T16:57:37.674950
151293,Let's Eat 2,Let's Eat 2,115.81,7.0,734,2015-09-01,"[""Malaysia""]",[18],Two classmates from elementary school reunite as next-door neighbors and discover their relationship was – and still is – defined by food.,,2026-05-17T16:57:37.675188
151294,Let’s Eat,Let’s Eat,79.54,7.8,6187,2013-09-01,"[""South Korea""]",[18],"With the help of her neighbors, a divorced woman residing in a one-person-household apartment complex learns to balance living alone and eating well.",,2026-05-17T16:57:37.675369
151295,Misaeng,Misaeng,354.65,6.0,3323,2014-09-01,"[""South Korea""]",[18],"Equipped with nothing more than a GED and strategies for the game of go, an office intern gets thrown into the cold reality of the corporate world.",,2026-05-17T16:57:37.675521
151296,Oh My Ghost,Oh My Ghost,14.75,5.3,6537,2015-09-01,"[""South Korea""]",[18],"Possessed by the ghost of a lustful virgin, a timid assistant chef becomes confidently libidinous, drawing the attention of a haughty culinary star.",,2026-05-17T16:57:37.675778
151297,Reply 1994,Reply 1994,6.59,7.2,2831,2014-09-01,"[""South Korea""]",[18],"All hailing from various parts of Korea, a group of college students go from being complete strangers to a big happy family at a Seoul boarding house.",,2026-05-17T16:57:37.675930
151298,Reply 1997,Reply 1997,93.92,5.2,3893,2012-09-01,"[""South Korea""]",[18],"As a teen, Shi Won was obsessed with a boy band. Now 33 years old, Shi Won and her friends are reviving their memories as their school reunion nears.",,2026-05-17T16:57:37.676086
151299,Wu Assassins,Wu Assassins,101.34,6.1,1557,2019-09-01,"[""United States""]",[18],An unassuming San Francisco chef becomes the latest in a long line of assassins chosen to keep the mystical Wu powers out of the wrong hands.,,2026-05-17T16:57:37.676223
151300,No Good Nick,No Good Nick,444.19,5.4,1898,2019-09-01,"[""United States""]",[18],"A family finds their lives turned upside down when a teenage con artist shows up on their doorstep, claiming she's a distant relative.",,2026-05-17T16:57:37.676362
151301,Basketball or Nothing,Basketball or Nothing,84.76,4.8,8748,2019-09-01,"[""United States""]",[10764],Follow the Chinle High basketball team in Arizona's Navajo Nation on a quest to win a state championship and bring pride to their isolated community.,,2026-05-17T16:57:37.676494
151302,Sleepless Society: Nyctophobia,Sleepless Society: Nyctophobia,8.44,8.5,2965,2019-09-01,"[""Thailand""]",[18],"Following the death of her child, a grief-stricken woman struggles to find peace until a mysterious boy appears, claiming to be her reincarnated son.",,2026-05-17T16:57:37.676986
151303,The Letdown,The Letdown,245.88,5.9,2205,2019-09-01,"[""Australia""]",[18],"Audrey, mother of a 2-month-old, joins a new-parents support group, where she makes some quirky friends facing various challenges and life changes.",,2026-05-17T16:57:37.677593
151304,Twelve Forever,Twelve Forever,49.63,6.1,5216,2019-09-01,"[""United States""]",[18],Reggie's wild imagination unlocks a weird and wonderful world where she can be herself – and escape the pressures of growing up.,,2026-05-17T16:57:37.678004
151305,My First First Love,My First First Love,50.57,4.7,5427,2019-09-01,"[""South Korea""]",[18],"Due to various personal reasons, a group of Yun Tae-o’s friends move into his house, where they experience love, friendship, and everything in between.",,2026-05-17T16:57:37.678280
151306,Another Life,Another Life,111.54,7.1,5158,2019-09-01,"[""United States""]",[18],"After a massive alien artifact lands on Earth, Niko Breckinridge leads an interstellar mission to track down its source and make first contact.",,2026-05-17T16:57:37.678461
151307,Beat Bugs,Beat Bugs,99.54,8.4,4530,2018-09-01,"[""Australia""]",[18],"With songs made famous by the Beatles, five friendly bugs learn big lessons about the world around them – all from the safety of their own backyard.",,2026-05-17T16:57:37.678753
151308,Sexy Central,Sexy Central,70.92,7.8,1168,2019-09-01,"[""Hong Kong""]",[18],"In the bustling center of Hong Kong, five young women reckon with betrayal, unrequited love and other matters of the heart.",,2026-05-17T16:57:37.678928
151309,Comedians in Cars Getting Coffee,Comedians in Cars Getting Coffee,497.5,8.2,2090,2019-09-01,"[""United States""]",[18],"Jerry Seinfeld's roving talk show combines coffee, laughs and vintage cars into quirky, caffeine-fueled adventures with the sharpest minds in comedy.",,2026-05-17T16:57:37.679089
151310,The Epic Tales of Captain Underpants,The Epic Tales of Captain Underpants,74.46,7.9,9309,2019-09-01,"[""United States""]",[18],Fourth-grade friends George and Harold have a shared love of pranks and comic books – and turning their principal into an undies-wearing superhero.,,2026-05-17T16:57:37.679234
151311,Typewriter,Typewriter,20.13,8.2,3118,2019-09-01,"[""India""]",[18],"Three young friends in Goa plan to search an old villa for ghosts, but when a new family moves in, the home’s buried past resurfaces in chilling ways.",,2026-05-17T16:57:37.679370
151312,Rookie Historian Goo Hae-Ryung,Rookie Historian Goo Hae-Ryung,301.59,6.9,2616,2019-09-01,"[""South Korea""]",[18],Free spirit Goo Hae-ryung embarks on a new life as a scholar in the Joseon royal court after hearing about a government post for women historians.,,2026-05-17T16:57:37.679498
151313,Pinky Malinky,Pinky Malinky,290.33,5.6,6099,2019-09-01,"[""United States""]",[18],"Pinky Malinky sees the bright side of everything, including being born a hot dog. With his BFFs in tow, this little wiener takes a bite out of life.",,2026-05-17T16:57:37.679701
151314,Unrequited Love,Unrequited Love,78.6,7.9,2120,2019-09-01,"[""China""]",[18],"A complicated, one-sided secret attraction sends ripples through the lives of a mild-mannered student and her dashing classmate.",,2026-05-17T16:57:37.679861
151315,Angel Beats!,Angel Beats!,69.31,7.0,3926,2010-09-01,"[""Japan""]",[18],"In a high school that's a way station to the afterlife, a teenager gets caught up in the battle for the rights of those in this purgatorial world.",,2026-05-17T16:57:37.679998
151316,Anohana: The Flower We Saw That Day,Anohana: The Flower We Saw That Day,383.45,7.4,5500,2011-09-01,"[""Japan""]",[18],A teen haunted by the spirit of an old friend summons the other members of their childhood club to help fulfill the girl's final wish.,,2026-05-17T16:57:37.680153
151317,God Eater,God Eater,223.26,5.3,1571,2015-09-01,"[""Japan""]",[18],An enemy immune to conventional arms has caused the collapse of civilization and humanity's only hope lies in a new living weapon: the God Arc.,,2026-05-17T16:57:37.680296
151318,GRANBLUE FANTASY the Animation,GRANBLUE FANTASY the Animation,134.95,6.1,855,2017-09-01,"[""Japan""]",[18],"In a world where islands float in the sky, Gran encounters a mysterious girl wanted by the Erste Empire for her ability to summon Primal Beasts.",,2026-05-17T16:57:37.680424
151319,3Below: Tales of Arcadia,3Below: Tales of Arcadia,236.94,7.5,2832,2019-09-01,"[""United States""]",[18],"After crash-landing on Earth, two royal teen aliens on the run struggle to blend in with humans as they evade intergalactic bounty hunters.",,2026-05-17T16:57:37.680840
151320,Bonus Family,Bonus Family,31.63,5.9,5694,2019-09-01,"[""Sweden""]",[18],"A new couple, their exes and their children navigate the emotional challenges and tricky logistics of blended family life in this Swedish dramedy.",,2026-05-17T16:57:37.681253
151321,Extreme Engagement,Extreme Engagement,407.24,7.1,3661,2019-09-01,"[""US""]",[10764],An engaged couple travels the world for a year to explore marriage customs in diverse cultures. Will the journey bring them closer or tear them apart?,,2026-05-17T16:57:37.681456
151322,One Spring Night,One Spring Night,38.08,6.0,5133,2019-09-01,"[""South Korea""]",[18],"When Lee Jeong-in and Yu Ji-ho meet, something unexpected happens. Or it just may be that spring is in the air – and anything is possible.",,2026-05-17T16:57:37.681674
151323,PILI Fantasy: War of Dragons,PILI Fantasy: War of Dragons,159.0,5.6,5612,2019-09-01,"[""US""]",[18],"As turmoil looms in the Martial World, and the Eight Wonders of the Evil Dragon unleashes dark forces, who will emerge as the new warrior legend?",,2026-05-17T16:57:37.681874
151324,True Tunes,True Tunes,144.46,5.8,4852,2019-09-01,"[""US""]",[18],"True and her friends are dropping sweet, silly beats with freshly modern music videos set to the sounds of classic nursery rhyme songs.",,2026-05-17T16:57:37.682029
151325,Free Rein,Free Rein,216.9,4.9,1479,2019-09-01,"[""United States""]",[18],"A 15-year-old from LA spends the summer at her mom's childhood home on an island off the coast of England, where she bonds with a mysterious horse.",,2026-05-17T16:57:37.682558
151326,The Legend of White Snake,The Legend of White Snake,55.35,4.4,10983,2019-09-01,"[""China""]",[18],"In this new take on a classic tale, an ancient snake spirit transforms into a beautiful woman and falls in love with a doctor unaware of her true form.",,2026-05-17T16:57:37.682923
151327,Kakegurui,Kakegurui,71.86,6.7,5639,2019-09-01,"[""US""]",[18],"Yumeko Jabami enrolls at Hyakkaou Private Academy, where students are ranked by their gambling winnings and fame and fortune awaits those on top.",,2026-05-17T16:57:37.683138
151328,Stranger Things,Stranger Things,3.82,7.3,5514,2019-09-01,"[""United States""]",[18],"When a young boy vanishes, a small town uncovers a mystery involving secret experiments, terrifying supernatural forces and one strange little girl.",,2026-05-17T16:57:37.683322
151329,The Last Czars,The Last Czars,368.17,6.3,2277,2019-09-01,"[""United States""]",[18],"When social upheaval sweeps Russia in the early 20th century, Czar Nicholas II resists change, sparking a revolution and ending a dynasty.",,2026-05-17T16:57:37.683482
151330,Yummy Mummies,Yummy Mummies,61.76,5.7,3136,2019-09-01,"[""Australia""]",[10764],It's drama Down Under when expectant mothers with model good looks and lavish lifestyles pull out all the stops to prepare for their new arrivals.,,2026-05-17T16:57:37.683714
151331,Bangkok Love Stories: Objects of Affection,Bangkok Love Stories: Objects of Affection,33.88,7.1,3773,2019-09-01,"[""Thailand""]",[18],A kind computer repairman falls for a street-smart graffiti artist whose multiple personality disorder worsens after she witnesses a double murder.,,2026-05-17T16:57:37.683902
151332,Bangkok Love Stories: Plead,Bangkok Love Stories: Plead,104.81,8.1,1980,2019-09-01,"[""Thailand""]",[18],"In Bangkok's Chinatown, a spirited digital marketing expert falls for a blind fortune-teller, but their love is predestined to end in disaster.",,2026-05-17T16:57:37.684059
151333,Designated Survivor: 60 Days,Designated Survivor: 60 Days,48.39,6.7,4741,2019-09-01,"[""South Korea""]",[18],"When the National Assembly suffers a catastrophic attack, Minister of Environment Park Mu-jin must find a way to lead Korea through the ensuing chaos.",,2026-05-17T16:57:37.684256
151334,DreamWorks Kung Fu Panda Awesome Secrets,DreamWorks Kung Fu Panda Awesome Secrets,149.32,6.3,1392,2008-09-01,"[""United States""]",[18],"In this pair of adventures, Po tells the story of how masters Thundering Rhino, Storming Ox and Croc met and takes on Shifu's biggest challenge yet.",,2026-05-17T16:57:37.684415
151335,Hatchimals | Adventures in Hatchtopia,Hatchimals | Adventures in Hatchtopia,34.39,6.8,4242,2018-09-01,"[""United States""]",[18],"These fun-loving creatures hatch from their shells and spread friendship, laughter and life lessons in the land of Hatchtopia.",,2026-05-17T16:57:37.685154
151336,Molang,Molang,119.86,7.6,1458,2015-09-01,"[""France""]",[18],"An imaginative, big-hearted bunny and his friend, a shy chick, explore the everyday joys of their pastel-colored world.",,2026-05-17T16:57:37.685467
151337,Rabbids Invasion,Rabbids Invasion,49.88,5.6,1794,2018-09-01,"[""France""]",[18],"Giant, rambunctious rabbits have invaded and are wreaking havoc on the world. But we'll have to get used to them, because they're not going anywhere!",,2026-05-17T16:57:37.685715
151338,Record of Grancrest War,Record of Grancrest War,334.35,6.1,4098,2018-09-01,"[""Japan""]",[18],"Lone mage Siluca wanders the land of Atlatan, disgusted by its greedy nobility. When she meets knight errant Theo, she sees a chance to create peace.",,2026-05-17T16:57:37.685891
151339,Scare Tactics,Scare Tactics,196.09,6.4,2357,2011-09-01,"[""United States""]",[10764],This ghoulish but hilarious hidden-camera show from Syfy finds mischievous friends and family members setting up unsuspecting victims for elaborate pranks that use high-quality makeup and special effects to unleash their worst fears upon them.,,2026-05-17T16:57:37.686033
151340,Dope,Dope,33.38,6.1,1865,2019-09-01,"[""United States""]",[18],"Filmed from the perspectives of dealers, users and the police, this vivid series offers a bracing look at the war on drugs.",,2026-05-17T16:57:37.686190
151341,Exhibit A,Exhibit A,59.02,5.4,7230,2019-09-01,"[""United States""]",[18],This true crime series shows how innocent people have been convicted with dubious forensic techniques and tools such as touch DNA and cadaver dogs.,,2026-05-17T16:57:37.686337
151342,Instant Hotel,Instant Hotel,69.97,4.9,4970,2019-09-01,"[""Australia""]",[10764],Teams of Australian homeowners compete for the title of best Instant Hotel by staying overnight in each other's rentals and rating their experience.,,2026-05-17T16:57:37.686469
151343,Motown Magic,Motown Magic,181.76,8.3,889,2019-09-01,"[""Australia""]",[18],"Imaginative boy Ben transforms his city by bringing colorful street art to life, armed with a magic paintbrush – and the classic sounds of Motown.",,2026-05-17T16:57:37.686709
151344,Paquita Salas,Paquita Salas,44.43,7.5,2528,2018-09-01,"[""Spain""]",[18],"One of Spain's best talent agents in the '90s, Paquita now finds herself searching desperately for new stars after suddenly losing her biggest client.",,2026-05-17T16:57:37.686885
151345,Answer for Heaven,Answer for Heaven,196.04,5.2,2289,2019-09-01,"[""US""]",[18],An angel falls to earth to investigate why humans are doing fewer good deeds – and falls in with a hard-charging crime reporter and his news team.,,2026-05-17T16:57:37.687022
151346,Forest of Piano,Forest of Piano,87.11,6.1,1514,2019-09-01,"[""Japan""]",[18],Kai grows up playing an old piano discarded in the woods; Shuhei's father is a famous pianist. Their chance meeting transforms their lives and music.,,2026-05-17T16:57:37.687255
151347,Bolívar,Bolívar,188.58,8.0,5015,2019-09-01,"[""Colombia""]",[18],"This dramatization depicts the life – and loves – of Venezuelan Gen. Simón Bolívar, who helped liberate several Latin American countries from Spain.",,2026-05-17T16:57:37.687397
151348,Girls Incarcerated,Girls Incarcerated,231.65,5.3,4189,2019-09-01,"[""United States""]",[10764],"Fights, friendships, dating, rules. Teenage life is full of drama. But behind bars, the stakes are so much higher.",,2026-05-17T16:57:37.687526
151349,Go! Live Your Way,Go! Live Your Way,142.04,5.8,1150,2019-09-01,"[""Argentina""]",[18],"Charismatic Mía gets a scholarship to an elite performing arts school, where she makes close friends but clashes with the owner's popular daughter.",,2026-05-17T16:57:37.687700
151350,Magi: The Labyrinth of Magic,Magi: The Labyrinth of Magic,26.83,6.8,7081,2013-09-01,"[""Japan""]",[18],A land of mysterious ruins and a magical treasure hunt await young Aladdin and his courageous friend Alibaba for the adventure of their lives.,,2026-05-17T16:57:37.687820
151351,Neon Genesis Evangelion,Neon Genesis Evangelion,15.69,6.3,889,1995-09-01,"[""Japan""]",[18],"Fifteen years after the Second Impact, Shinji Ikari joins his father's group NERV as one of several teenage mecha pilots fighting the monstrous Angels.",,2026-05-17T16:57:37.687925
151352,Shooter,Shooter,200.37,5.9,4547,2018-09-01,"[""United States""]",[18],"A highly decorated ex-Marine sniper returns to action to foil an assassination plot targeting the president, but soon finds himself framed for murder.",,2026-05-17T16:57:37.688038
151353,The Casketeers,The Casketeers,172.06,5.1,3144,2019-09-01,"[""New Zealand""]",[10764],Māori funeral directors Francis and Kaiora Tipene and staff temper good humor with care and respect as they help Polynesian families cope with loss.,,2026-05-17T16:57:37.688177
151354,The Confession Tapes,The Confession Tapes,123.81,3.0,5364,2019-09-01,"[""United States""]",[18],"This true crime documentary series investigates cases where people convicted of murder claim their confessions were coerced, involuntary or false.",,2026-05-17T16:57:37.688313
151355,Fate/Zero,Fate/Zero,35.6,7.2,370,2012-09-01,"[""Japan""]",[18],"After three unsettled battles for the mystical Holy Grail, an artifact that grants a miracle to those who hold it, a fourth war begins.",,2026-05-17T16:57:37.688432
151356,Kill la Kill,Kill la Kill,163.55,5.2,7118,2014-09-01,"[""Japan""]",[18],"The ""woman with the scissor blade"" – Ryuko Matoi – searches for clues all around the world for the truth behind her father's death.",,2026-05-17T16:57:37.688580
151357,Puella Magi Madoka Magica,Puella Magi Madoka Magica,20.28,7.1,5584,2011-09-01,"[""Japan""]",[18],"One day, Madoka Kaname has a very magical encounter, one that can change her destiny. This is the beginning of the new story of magical witch girls.",,2026-05-17T16:57:37.688724
151358,Somewhere Only We Know,Somewhere Only We Know,44.79,8.1,2314,2019-09-01,"[""China""]",[18],A language major bickers with – and falls for – a doctoral student as she navigates the ups and downs of love and friendship with college classmates.,,2026-05-17T16:57:37.688866
151359,The Alcàsser Murders,The Alcàsser Murders,16.74,4.5,2621,2019-09-01,"[""Spain""]",[18],New interviews and an up-to-date analysis of evidence shed light on the 1992 murders of three girls in Spain and their profound impact on the nation.,,2026-05-17T16:57:37.688995
151360,Unit 42,Unit 42,11.21,4.6,11060,2017-09-01,"[""Belgium""]",[18],A widowed cop tapped to lead a special cybercrimes unit teams up with a former hacker to hunt down tech-savvy criminals who are terrorizing Belgium.,,2026-05-17T16:57:37.689144
151361,Awake: The Million Dollar Game,Awake: The Million Dollar Game,44.8,7.3,5681,2019-09-01,"[""United States""]",[10764],"Sleepless for 24 hours, contestants in the comedy game show stumble through challenges both eccentric and everyday for a chance at a $1 million prize.",,2026-05-17T16:57:37.689289
151362,Black Spot,Black Spot,165.03,4.7,3529,2019-09-01,"[""France""]",[18],A police chief and an eccentric new prosecutor investigate a string of grisly crimes and eerie phenomena in an isolated town at the edge of a forest.,,2026-05-17T16:57:37.689420
151363,El desconocido,El desconocido,269.08,6.1,5893,2019-09-01,"[""US""]",[18],"Based on real events, the fictional story of Mexican drug lord El Chato's number one hitman, El Cholo.",,2026-05-17T16:57:37.689576
151364,Girlfriends' Guide to Divorce,Girlfriends' Guide to Divorce,358.99,5.5,3791,2019-09-01,"[""United States""]",[18],"After the world learns the truth about her failing marriage, a successful self-help author tries to salvage her career and find her way as a divorcée.",,2026-05-17T16:57:37.689720
151365,Leila,Leila,350.78,5.7,7019,2019-09-01,"[""India""]",[18],"In a near-future world where an oppressive regime segregates society, one woman skirts the system to search for the daughter taken from her years ago.",,2026-05-17T16:57:37.689862
151366,Marlon,Marlon,121.58,7.3,887,2018-09-01,"[""United States""]",[18],"After the friendliest divorce ever, a carefree but devoted father navigates post-split parenting life with his levelheaded ex-wife and two kids.",,2026-05-17T16:57:37.689987
151367,Marvel's Jessica Jones,Marvel's Jessica Jones,378.18,5.4,5404,2019-09-01,"[""United States""]",[18],"Haunted by a traumatic past, Jessica Jones uses her gifts as a private eye to find her tormentor before he can harm anyone else in Hell's Kitchen.",,2026-05-17T16:57:37.690138
151368,Yankee,Yankee,139.35,5.5,2239,2019-09-01,"[""Mexico""]",[18],"On the run from the police, an Arizona man crosses into Mexico and gets deeply involved in drug trafficking – with the help of modern technology.",,2026-05-17T16:57:37.690279
151369,Jinn,Jinn,246.32,7.3,1635,2019-09-01,"[""Jordan""]",[18],"On a field trip to Petra, two jinns – one good, the other evil – enter the human realm, turning high school into a supernatural battleground.",,2026-05-17T16:57:37.690410
151370,Upin & Ipin,Upin & Ipin,40.27,6.6,7755,2011-09-01,"[""Malaysia""]",[18],Two mischievous yet lovable five-year-old twins and their friends enjoy daily life and new discoveries with the residents of their Malaysian village.,,2026-05-17T16:57:37.690533
151371,Designated Survivor,Designated Survivor,187.04,5.4,2165,2019-09-01,"[""United States""]",[18],America's fate rests in the hands of a low-level official after an attack on Washington decimates the government in this gripping political thriller.,,2026-05-17T16:57:37.691185
151372,Super Monsters Monster Pets,Super Monsters Monster Pets,70.53,5.7,1490,2019-09-01,"[""United States""]",[18],The adorably magical Monster Pets star in a series of short adventures that are big on fun – and full of surprises!,,2026-05-17T16:57:37.691428
151373,Tales of the City,Tales of the City,41.92,7.4,4192,2019-09-01,"[""United States""]",[18],"Returning to San Francisco after a long absence, Mary Ann Singleton reunites with the community of characters at 28 Barbary Lane.",,2026-05-17T16:57:37.691639
151374,Black Mirror,Black Mirror,262.08,4.9,960,2019-09-01,"[""United Kingdom""]",[18],"This sci-fi anthology series explores a twisted, high-tech near-future where humanity's greatest innovations and darkest instincts collide.",,2026-05-17T16:57:37.691827
151375,Documentary Now!,Documentary Now!,365.17,7.6,6015,2019-09-01,"[""United States""]",[18],"Elevating the art of parody, this sharply comic series spoofs high-profile documentaries such as ""Grey Gardens"" and ""The Thin Blue Line.""",,2026-05-17T16:57:37.691980
151376,Malibu Rescue: The Series,Malibu Rescue: The Series,69.14,8.7,7333,2019-09-01,"[""United States""]",[18],"On the heels of Junior Rescue training, Team Flounder returns to brave the beach in a series of thrilling saves and lighthearted laughs.",,2026-05-17T16:57:37.692153
151377,Arthdal Chronicles,Arthdal Chronicles,71.6,7.3,435,2019-09-01,"[""South Korea""]",[18],"In a mythical land called Arth, the inhabitants of the ancient city of Arthdal and its surrounding regions vie for power as they build a new society.",,2026-05-17T16:57:37.692321
151378,A Thousand Goodnights,A Thousand Goodnights,149.24,8.6,1562,2019-09-01,"[""Taiwan""]",[18],"To carry out her dad's wish and discover her roots, Dai Tian-qing embarks on a journey around Taiwan and finds love and redemption on the way.",,2026-05-17T16:57:37.692467
151379,March Comes in Like a Lion,March Comes in Like a Lion,286.37,6.1,5508,2017-09-01,"[""Japan""]",[18],"Orphaned young, a reclusive 17-year-old professional shogi player starts to come out of his shell when three sisters take him under their wing.",,2026-05-17T16:57:37.692911
151380,Bad Blood,Bad Blood,84.77,4.6,8175,2019-09-01,"[""Canada""]",[18],"This sprawling crime drama follows the true story of the Rizzuto family and its associates, who presided over organized crime in Montreal for decades.",,2026-05-17T16:57:37.693381
151381,Killer Ratings,Killer Ratings,14.25,6.6,2230,2019-09-01,"[""US""]",[18],Brazilian TV personality and politician Wallace Souza faces accusations of masterminding the violent crimes he reported on and rallied against.,,2026-05-17T16:57:37.693641
151382,When They See Us,When They See Us,230.75,5.0,1117,2019-09-01,"[""United States""]",[18],Five teens from Harlem become trapped in a nightmare when they're falsely accused of a brutal attack in Central Park. Based on the true story.,,2026-05-17T16:57:37.693843
151383,Historical Roasts,Historical Roasts,239.2,9.2,3370,2019-09-01,"[""United States""]",[18],"""Roastmaster General"" Jeff Ross and a slew of guest stars poke fun at major historical figures while also honoring their enduring impact on the world.",,2026-05-17T16:57:37.694007
151384,Hyper HardBoiled Gourmet Report,Hyper HardBoiled Gourmet Report,147.27,6.1,1568,2017-09-01,"[""US""]",[18],"To live is to eat. For people around the world in precarious and dangerous circumstances, eating itself is dangerous, precarious – and essential.",,2026-05-17T16:57:37.694186
151385,She's Gotta Have It,She's Gotta Have It,144.45,7.9,8622,2018-09-01,"[""United States""]",[18],Nola Darling struggles to stay true to herself and her dreams while juggling three lovers in this Spike Lee series based on his breakout film.,,2026-05-17T16:57:37.694359
151386,WHAT / IF,WHAT / IF,47.29,8.3,7942,2019-09-01,"[""United States""]",[18],"Desperate to secure funding for her med tech startup, an idealistic scientist and her husband strike an outrageous deal with a mysterious investor.",,2026-05-17T16:57:37.694511
151387,Prince of Peoria,Prince of Peoria,25.25,5.2,941,2019-09-01,"[""United States""]",[18],A prankster prince who wants to experience life as an ordinary teen leaves his kingdom to live incognito with a single mom and her studious son.,,2026-05-17T16:57:37.694828
151388,Rosario Tijeras,Rosario Tijeras,30.8,6.2,2803,2018-09-01,"[""Mexico""]",[18],Worlds collide when a vengeance-obsessed young woman from the other side of the tracks captures the attention of two well-off friends.,,2026-05-17T16:57:37.694986
151389,1994,1994,108.74,6.6,3879,2019-09-01,"[""Mexico""]",[18],"Archival video and new interviews examine Mexican politics in 1994, a year marked by the rise of the EZLN and the assassination of Luis Donaldo Colosio.",,2026-05-17T16:57:37.695147
151390,It's Bruno!,It's Bruno!,74.38,6.7,3136,2019-09-01,"[""United States""]",[18],"An old-school Brooklyn native devotes his days to caring for his adorable dog, Bruno – and making sure the neighbors show his pooch the proper respect.",,2026-05-17T16:57:37.695292
151391,White Gold,White Gold,20.71,9.4,1471,2019-09-01,"[""United Kingdom""]",[18],"In 1980s Essex, cocky salesman Vincent Swan and his unscrupulous team will do anything to get the sale – including throwing honesty out the window.",,2026-05-17T16:57:37.695428
151392,Dennis and Gnasher Unleashed,Dennis and Gnasher Unleashed,122.41,4.5,1210,2017-09-01,"[""United Kingdom""]",[18],"Fearless Dennis, his loyal dog Gnasher and best friends Rubi, JJ and Pieface quench their thirst for adventure by wreaking havoc all over Beanotown.",,2026-05-17T16:57:37.695592
151393,"Heidi, bienvenida a casa","Heidi, bienvenida a casa",87.11,7.8,2042,2017-09-01,"[""Argentina""]",[18],"Inspired by the classic novel, this telenovela follows Heidi, who leaves her happy life in the mountains behind when her aunt takes her to the big city.",,2026-05-17T16:57:37.695739
151394,I Hear You,I Hear You,129.02,5.0,3762,2019-09-01,"[""US""]",[18],"Love blooms between a bubbly, aspiring voice actress and a cool, enigmatic violin-maker after they cross paths on a reality TV show.",,2026-05-17T16:57:37.695872
151395,Revisions,Revisions,193.66,5.5,2288,2018-09-01,"[""Japan""]",[18],"When Shibuya time-warps to 2388, high schooler Daisuke and his friends are conscripted by AHRV agent Milo to fight the hostile cyborg race, revisions.",,2026-05-17T16:57:37.696002
151396,The Defected,The Defected,291.44,7.7,3949,2019-09-01,"[""China""]",[18],"After surviving a near-fatal injury on the job, a cop sets out to investigate a conspiracy involving the top brass of the police department.",,2026-05-17T16:57:37.696151
151397,Easy,Easy,193.5,6.5,7615,2019-09-01,"[""United States""]",[18],"This eclectic, star-studded anthology follows diverse Chicagoans fumbling through the modern maze of love, sex, technology and culture.",,2026-05-17T16:57:37.696296
151398,Jailbirds,Jailbirds,54.85,9.0,4223,2019-09-01,"[""US""]",[10764],"At the Sacramento County Jail, incarcerated women fight the power and one another as they try to make the best of life – and love – on the inside.",,2026-05-17T16:57:37.696426
151399,The Mechanism,The Mechanism,134.92,4.7,7704,2019-09-01,"[""Brazil""]",[18],A scandal erupts in Brazil during an investigation of alleged government corruption via oil and construction companies. Loosely inspired by true events.,,2026-05-17T16:57:37.696593
151400,The Princess Weiyoung,The Princess Weiyoung,277.8,6.3,1912,2016-09-01,"[""China""]",[18],A princess descended from a ruined noble family disguises herself as the woman who saved her life and embarks on a mission to avenge her loved ones.,,2026-05-17T16:57:37.696939
151401,The Society,The Society,368.04,7.1,6251,2019-09-01,"[""United States""]",[18],"When everyone else mysteriously vanishes from their wealthy town, the teen residents of West Ham must forge their own society to survive.",,2026-05-17T16:57:37.697133
151402,Away From Home,Away From Home,142.84,4.8,3587,2015-09-01,"[""US""]",[18],A high-achieving 11-year-old student embarks on a journey of self-discovery at a school on a nearby island as he grapples with tensions at home.,,2026-05-17T16:57:37.697257
151403,Bibik-Bibikku,Bibik-Bibikku,191.72,9.3,7953,2016-09-01,"[""US""]",[18],"When a busy mother and father realize they need help with their two young children, they hire a series of maids, often with humorous results.",,2026-05-17T16:57:37.697372
151404,Cinta 100KG,Cinta 100KG,187.22,5.0,3114,2016-09-01,"[""US""]",[18],"Two female friends, each with confidence issues, help each other search for true love and deal with their romantic rivals.",,2026-05-17T16:57:37.697490
151405,Cinta Iris,Cinta Iris,26.78,8.4,5569,2015-09-01,"[""US""]",[18],"Dedicated engineering student Iris succumbs to love and marries, but fate holds both tragedies and triumphs for her personal and professional life.",,2026-05-17T16:57:37.697644
151406,Cinta Si Wedding Planner,Cinta Si Wedding Planner,31.94,8.0,4582,2015-09-01,"[""US""]",[18],A wedding planner and an ex-Marine both have been unlucky in love. But a chance meeting and a spat over a parking space soon change all that.,,2026-05-17T16:57:37.697812
151407,Cinta Teruna Kimchi,Cinta Teruna Kimchi,252.9,6.4,2133,2016-09-01,"[""US""]",[18],"When a young man determines to discover his father's true identity, he faces unexpected realizations that shake his sense of self.",,2026-05-17T16:57:37.697942
151408,Secret of Success,Secret of Success,97.55,9.9,4010,2015-09-01,"[""US""]",[18],An aspiring actor uses a magical book to transport himself inside the movies he had always dreamed of starring in – but not without consequences.,,2026-05-17T16:57:37.698061
151409,The Missing Menu,The Missing Menu,593.58,5.4,788,2016-09-01,"[""US""]",[18],A single mom and skilled chef yearns for her children to settle down and offers them life lessons through the special dishes she creates.,,2026-05-17T16:57:37.698207
151410,Unchained Fate,Unchained Fate,206.04,5.3,7146,2016-09-01,"[""US""]",[18],"A young trio aims to protect the world from evil, armed with magic crystals that allow them to control time, commune with spirits, and more.",,2026-05-17T16:57:37.698343
151411,Abyss,Abyss,46.08,6.5,6503,2019-09-01,"[""South Korea""]",[18],"After meeting an untimely demise in separate incidents, Cha Min and Go Se-yeon discover they’ve come back to life in new bodies they don’t recognize.",,2026-05-17T16:57:37.698592
151412,I Have a Script,I Have a Script,346.87,5.7,2018,2019-09-01,"[""US""]",[18],"After the death of a loved one, a woman decides to pursue her passion for writing by penning television scripts.",,2026-05-17T16:57:37.698747
151413,In the Bosom of a Thorn,In the Bosom of a Thorn,218.56,7.2,6135,2019-09-01,"[""Kuwait""]",[18],"After the invasion of Kuwait, a woman’s infant daughter is taken from her. Now, her daughter looks to make her way back home years later.",,2026-05-17T16:57:37.698879
151414,The Writer,The Writer,228.24,5.6,1337,2019-09-01,"[""Lebanon""]",[18],"When accused of a murder eerily parallel to a plot in his novel, a best-selling crime writer must navigate a web of hidden enemies.",,2026-05-17T16:57:37.698999
151415,What If?,What If?,415.19,8.7,3646,2019-09-01,"[""US""]",[18],"Four individuals at a crossroads in life are given the chance to take both paths, and decide which road is best for them.",,2026-05-17T16:57:37.699141
151416,Crime Diaries: Night Out,Crime Diaries: Night Out,115.82,7.8,8295,2019-09-01,"[""Mexico""]",[18],"After going to a Halloween party, college student Luis Andrés Colmenares is found dead. Was it an accident or murder? Inspired by true events.",,2026-05-17T16:57:37.699272
151417,Cupcake & Dino - General Services,Cupcake & Dino - General Services,29.0,6.2,1878,2019-09-01,"[""Canada""]",[18],An enterprising cupcake and his cheerful dinosaur brother take on jobs of all sorts as they work to help friends and strangers in their eccentric city.,,2026-05-17T16:57:37.699403
151418,Flinch,Flinch,93.4,5.0,6561,2019-09-01,"[""United Kingdom""]",[10764],"Harrowing and hilarious tests await the brave and foolhardy, as well as the judges, in this comedy game show. If they flinch, they feel the pain.",,2026-05-17T16:57:37.699528
151419,Tuca & Bertie,Tuca & Bertie,101.81,6.3,1698,2019-09-01,"[""United States""]",[18],Free-spirited toucan Tuca and self-doubting song thrush Bertie are best friends – and birds – who guide each other through life's ups and downs.,,2026-05-17T16:57:37.699971
151420,Code Geass: Lelouch of the Rebellion,Code Geass: Lelouch of the Rebellion,77.22,6.3,5866,2008-09-01,"[""Japan""]",[18],A high-schooler who's granted powers to make anyone instantly obedient dons a mask to lead Japan's rebellion against a long-invading Britannia.,,2026-05-17T16:57:37.700207
151421,Angel 'N' Devil,Angel 'N' Devil,41.14,6.3,3875,2014-09-01,"[""Taiwan""]",[18],"In a world known as the Copper Dimension, a group of high-school girls fights against dark forces – and their own inner demons.",,2026-05-17T16:57:37.700623
151422,Hong Kong West Side Stories,Hong Kong West Side Stories,202.57,7.3,3539,2018-09-01,"[""Hong Kong""]",[18],"The intimate lives of young men and women from Hong Kong are linked by loosely connected stories about love, lust, separation and deceit.",,2026-05-17T16:57:37.700854
151423,Ingress: The Animation,Ingress: The Animation,109.79,6.0,2158,2018-09-01,"[""Japan""]",[18],"After scientists discover a mysterious substance that can influence human minds, two factions wage an all-out battle to control its awesome power.",,2026-05-17T16:57:37.701023
151424,K.O. One Re-act,K.O. One Re-act,139.82,8.9,3881,2013-09-01,"[""US""]",[18],"As a guardian of space-time order, 28-year-old Wang Dadong returns to Bale High School to investigate an anomaly and clashes with King.",,2026-05-17T16:57:37.701243
151425,K.O.3an Guo,K.O.3an Guo,321.37,8.8,542,2009-09-01,"[""Taiwan""]",[18],"In the Silver Dimension, Liu Bei, Guan Yu and Zhang Fei plan to enroll in an elite academy as sworn brothers, but KO One visitors derail the plan.",,2026-05-17T16:57:37.701412
151426,KO One Return,KO One Return,148.61,6.2,3616,2012-09-01,"[""US""]",[18],"A time quake propels Wang Dadong into the future, where he encounters a classmate named King who presides over the KO One.",,2026-05-17T16:57:37.701603
151427,The Outsiders,The Outsiders,31.3,6.9,207,2004-09-01,"[""Taiwan""]",[18],A trio of delinquent brothers fends off neighborhood rivals until one joins a gang to gain protection for the upper-class girl he loves.,,2026-05-17T16:57:37.701822
151428,Ash vs. Evil Dead,Ash vs. Evil Dead,171.02,6.2,1023,2018-09-01,"[""United States""]",[18],"Thirty years later, Ash Williams – demon hunter par excellence – is back to battle a new Deadite plague. He may have lost a hand, but not his touch.",,2026-05-17T16:57:37.701968
151429,Señora Acero,Señora Acero,239.52,8.2,4888,2018-09-01,"[""Mexico""]",[18],"When her drug-trafficking husband dies, an unassuming woman stakes her own claim in the business in order to care for her gravely ill son.",,2026-05-17T16:57:37.702125
151430,Chambers,Chambers,42.91,7.5,4415,2019-09-01,"[""United States""]",[18],"Haunted by eerie visions and sinister impulses after a heart transplant, a teenager tries to unmask the truth behind her donor's mysterious death.",,2026-05-17T16:57:37.702272
151431,Street Food,Street Food,271.55,8.0,530,2019-09-01,"[""United States""]",[18],Embark on a global cultural journey into street food and discover the stories of the people who create the flavorful dishes.,,2026-05-17T16:57:37.702407
151432,The Hateful Eight: Extended Version,The Hateful Eight: Extended Version,58.47,6.1,3024,2015-09-01,"[""US""]",[18],"Trapped at a stagecoach stop as a storm rages outside, two bounty hunters and an outlaw face a gallery of rogues. Features never-before-seen footage.",,2026-05-17T16:57:37.702527
151433,KO One,KO One,122.71,7.5,1490,2005-09-01,"[""Taiwan""]",[18],"Gifted with special powers, fighting skills and slick hair, the rowdy KO One navigates tough friendships and high school romance.",,2026-05-17T16:57:37.702910
151434,Lunatics,Lunatics,35.79,5.5,489,2019-09-01,"[""Australia""]",[18],This mockumentary series follows the peculiar lives of six eccentric – and sometimes obscene – misfits who march to their own beat.,,2026-05-17T16:57:37.703081
151435,My Dear Boy,My Dear Boy,128.66,4.6,878,2017-09-01,"[""Taiwan""]",[18],"Heartbroken and romantically pessimistic, a commercial director meets a young artist and teaches him life-changing lessons about love.",,2026-05-17T16:57:37.703239
151436,Rilakkuma and Kaoru,Rilakkuma and Kaoru,102.08,5.4,5760,2019-09-01,"[""Japan""]",[18],"Her life might be a little mundane, but Kaoru gets to go home to Rilakkuma, her endearingly lazy roommate who happens to be a fuzzy toy bear.",,2026-05-17T16:57:37.703381
151437,Samantha!,Samantha!,99.35,6.6,784,2019-09-01,"[""Brazil""]",[18],"A child star in the '80s, Samantha clings to the fringes of celebrity with hilarious harebrained schemes to launch herself back into the spotlight.",,2026-05-17T16:57:37.703515
151438,Crazy Ex-Girlfriend,Crazy Ex-Girlfriend,99.79,7.7,4465,2019-09-01,"[""United States""]",[18],"Still pining for Josh, the boy who dumped her ages ago, whip-smart lawyer Rebecca jettisons her New York life and moves to California to win him back.",,2026-05-17T16:57:37.703717
151439,Huge in France,Huge in France,198.33,5.4,3980,2019-09-01,"[""United States""]",[18],"Eager to reconnect with his son, French comedy star Gad Elmaleh moves to LA, only to discover that he's left all his fame and celebrity perks behind.",,2026-05-17T16:57:37.703867
151440,New Girl,New Girl,316.21,6.9,4039,2018-09-01,"[""United States""]",[18],"Still rebounding from a breakup, Jessica Day moves in with three single guys, all of whom are ready to help her understand the ways of the world.",,2026-05-17T16:57:37.703998
151441,Persona,Persona,56.84,7.1,2596,2019-09-01,"[""South Korea""]",[18],An exploration of different personas in an eclectic collection of four works by critically acclaimed Korean directors.,,2026-05-17T16:57:37.704143
151442,You vs. Wild,You vs. Wild,210.85,8.4,9249,2019-09-01,"[""United States""]",[10764],"In this interactive series, you'll make key decisions to help Bear Grylls survive, thrive and complete missions in the harshest environments on Earth.",,2026-05-17T16:57:37.704279
151443,Time: The Kalief Browder Story,Time: The Kalief Browder Story,76.83,5.9,4614,2017-09-01,"[""United States""]",[18],"This series traces the tragic case of Kalief Browder, a Bronx teen who spent three horrific years in jail, despite never being convicted of a crime.",,2026-05-17T16:57:37.704405
151444,Derek,Derek,47.87,7.2,7257,2015-09-01,"[""United Kingdom""]",[18],Ricky Gervais created and stars in this heartwarming comedy-drama series as a loyal English nursing home caretaker who sees only the good in everyone.,,2026-05-17T16:57:37.704527
151445,Imposters,Imposters,12.33,5.3,1363,2017-09-01,"[""United States""]",[18],"Supported by a team of fellow thieves, a con artist lures her targets into matrimony and then absconds with their fortunes in this darkly comic series.",,2026-05-17T16:57:37.704693
151446,Our Planet,Our Planet,81.35,5.1,3244,2019-09-01,"[""United States""]",[18],Experience our planet's natural beauty and examine how climate change impacts all living creatures in this ambitious documentary of spectacular scope.,,2026-05-17T16:57:37.704928
151447,Quicksand,Quicksand,135.8,7.1,4889,2019-09-01,"[""Sweden""]",[18],"After a tragedy at a school sends shock waves through a wealthy Stockholm suburb, a seemingly well-adjusted teen finds herself on trial for murder.",,2026-05-17T16:57:37.705091
151448,Rimba Racer,Rimba Racer,90.47,8.8,5743,2017-09-01,"[""Malaysia""]",[18],"In this animated action series, a rookie driver seeks glory in a world-class auto race, but he’ll need more than just his talent behind the wheel.",,2026-05-17T16:57:37.705224
151449,Roman Empire: Reign of Blood,Roman Empire: Reign of Blood,295.74,7.0,4368,2019-09-01,"[""Canada""]",[18],"This stylish mix of documentary and historical epic chronicles the reign of Commodus, the emperor whose rule marked the beginning of Rome's fall.",,2026-05-17T16:57:37.705799
151450,Spirit: Riding Free,Spirit: Riding Free,125.99,7.3,48,2019-09-01,"[""United States""]",[18],"In a small Western town, spunky ex-city girl Lucky forms a tight bond with wild horse Spirit while having adventures with best pals Pru and Abigail.",,2026-05-17T16:57:37.706431
151451,Tijuana,Tijuana,40.87,4.0,3464,2019-09-01,"[""Mexico""]",[18],"When a prominent politician is murdered, the intrepid journalists of Frente Tijuana risk their lives to uncover the truth.",,2026-05-17T16:57:37.706693
151452,Possessed,Possessed,392.75,5.0,9833,2019-09-01,"[""South Korea""]",[18],A reluctant clairvoyant joins forces with a brusque police detective hiding a soft heart to help him solve criminal cases using her psychic abilities.,,2026-05-17T16:57:37.706882
151453,Tango,Tango,167.58,4.2,2818,2018-09-01,"[""Lebanon""]",[18],Shocking secrets begin to unravel when the aftermath of a car crash leaves four best friends questioning the truth of their relationships.,,2026-05-17T16:57:37.707039
151454,Kicko & Super Speedo,Kicko & Super Speedo,260.96,6.7,905,2018-09-01,"[""US""]",[18],This high-energy animated series follows a gutsy kid and his trusty race-car pal as they save their city from bad guys and their scary vehicles.,,2026-05-17T16:57:37.707719
151455,"That Winter, the Wind Blows","That Winter, the Wind Blows",422.69,4.8,338,2013-09-01,"[""South Korea""]",[18],"Seeing the chance to enrich himself by deceiving a blind heiress, clever con man Oh Soo just does what comes naturally – but his plans soon change.",,2026-05-17T16:57:37.707916
151456,Ultraman,Ultraman,245.38,5.6,2981,2019-09-01,"[""United States""]",[18],"Decades ago, a hero from the stars left this world in peace. Now, the son of Ultraman must rise to protect the Earth from a new alien threat.",,2026-05-17T16:57:37.708087
151457,Pablo,Pablo,172.69,5.6,1989,2017-09-01,"[""United Kingdom""]",[18],"Equipped with crayons and his creativity, a boy with autism draws an imaginary world where his animal pals help him tackle real-life situations.",,2026-05-17T16:57:37.708242
151458,Osmosis,Osmosis,41.25,6.8,6454,2019-09-01,"[""France""]",[18],"In near-future Paris, two brilliant siblings unveil a high-tech implant designed to pair up soul mates. But the beta test yields unwelcome surprises.",,2026-05-17T16:57:37.708380
151459,Santa Clarita Diet,Santa Clarita Diet,38.63,6.1,6964,2019-09-01,"[""United States""]",[18],They're ordinary husband and wife realtors until she undergoes a dramatic change that sends them down a road of death and destruction. In a good way.,,2026-05-17T16:57:37.708575
151460,The Terminal,The Terminal,40.89,4.0,804,2018-09-01,"[""US""]",[18],"Social pressure, a complicated past and a clash of values beset the life of a businessman and his family.",,2026-05-17T16:57:37.708839
151461,Traitors,Traitors,83.95,5.3,3931,2019-09-01,"[""United Kingdom""]",[18],"As World War II ends, a young English woman agrees to help an enigmatic American agent root out Russian infiltration of the British government.",,2026-05-17T16:57:37.709014
151462,Versailles,Versailles,272.36,7.4,386,2018-09-01,"[""France""]",[18],King Louis XIV of France commissions a lavish palace that becomes a fierce battleground for love and politics – and a gilded prison for nobility.,,2026-05-17T16:57:37.709203
151463,Ainori Love Wagon: Asian Journey,Ainori Love Wagon: Asian Journey,167.02,5.6,4326,2018-09-01,"[""Japan""]",[10764],"Seven men and women board a pink bus in search of true love. On a journey through Asia with strangers, their goal is to return to Japan as a couple.",,2026-05-17T16:57:37.709376
151464,The Eagle of El-Se'eed,The Eagle of El-Se'eed,451.79,5.6,1791,2018-09-01,"[""US""]",[18],"A police officer and a drug lord become embroiled in a cycle of revenge, each man bent on taking the other down.",,2026-05-17T16:57:37.709529
151465,Charlie's Colorforms City,Charlie's Colorforms City,269.42,6.4,3088,2019-09-01,"[""United States""]",[18],"Charlie creates fun stories using different shapes, and he needs your help! Take off for adventures in outer space, the Wild West – and right at home.",,2026-05-17T16:57:37.710050
151466,Crime Diaries: The Candidate,Crime Diaries: The Candidate,76.09,5.6,3469,2019-09-01,"[""Mexico""]",[18],"In 1994, Mexican presidential candidate Luis Donaldo Colosio's assassination sends his dying widow racing to uncover who did it. Based on true events.",,2026-05-17T16:57:37.710267
151467,Delhi Crime,Delhi Crime,105.1,6.8,5091,2019-09-01,"[""India""]",[18],"As Delhi reels in the aftermath of a gang rape, DCP Vartika Chaturvedi leads a painstaking search for the culprits. Based on the 2012 Nirbhaya case.",,2026-05-17T16:57:37.710423
151468,The 10 Sins,The 10 Sins,73.19,7.3,2425,2018-09-01,"[""US""]",[18],"In this social drama of sin and remorse, a man reels at the discovery that his wife has been unfaithful, and gives her an ultimatum.",,2026-05-17T16:57:37.710597
151469,The OA,The OA,200.79,6.7,9802,2019-09-01,"[""United States""]",[18],"Seven years after vanishing from her home, a young woman returns with mysterious new abilities and recruits five strangers for a secret mission.",,2026-05-17T16:57:37.710928
151470,Bo on the Go!,Bo on the Go!,27.27,7.1,4081,2007-09-01,"[""Canada""]",[18],"Staying at home doesn't mean sitting still for energetic Bo and her little dragon friend Dezzy, who embark on amazing adventures through movement.",,2026-05-17T16:57:37.711158
151471,Stay Tuned!,Stay Tuned!,60.18,5.9,2480,2019-09-01,"[""Japan""]",[18],"She's the most unlikely candidate to ever stumble into the role of a reporter, and she’s keeping everyone on their toes with her eccentric ways.",,2026-05-17T16:57:37.711348
151472,February 9,February 9,50.01,6.0,6802,2018-09-01,"[""US""]",[18],"As a psychology professor faces Alzheimer's, his daughter and her three close female friends experience romance, marriage, heartbreak and tragedy.",,2026-05-17T16:57:37.711500
151473,My Husband Won't Fit,My Husband Won't Fit,127.69,6.9,2689,2019-09-01,"[""Japan""]",[18],"Kumiko and Kenichi meet in college and build a happy marriage together. But over time, an unusual problem threatens to destroy their relationship.",,2026-05-17T16:57:37.711997
151474,Green Door,Green Door,185.9,5.0,7427,2019-09-01,"[""Taiwan""]",[18],"A troubled psychologist returns from the U.S. and sets up a clinic in Taiwan, where mysterious patients and uncanny events shed light on his murky past.",,2026-05-17T16:57:37.712238
151475,If I Hadn't Met You,If I Hadn't Met You,256.8,6.7,2096,2018-09-01,"[""Spain""]",[18],"Eduard, a husband and father who loses his family in a tragic accident, travels to parallel universes to seek a better fate for his beloved wife.",,2026-05-17T16:57:37.712412
151476,My Pride,My Pride,312.19,7.1,1397,2018-09-01,"[""US""]",[18],"After their mother's death, Amal and her brothers struggle to live with their authoritarian father, whose cruelty and neglect break the family apart.",,2026-05-17T16:57:37.712604
151477,Robozuna,Robozuna,388.62,7.9,1681,2018-09-01,"[""United Kingdom""]",[18],A boy and his homemade robot enter the toughest competition in the universe while attempting to free their oppressed home from an evil empire.,,2026-05-17T16:57:37.712791
151478,The Disappearance of Madeleine McCann,The Disappearance of Madeleine McCann,391.02,6.9,6586,2019-09-01,"[""US""]",[18],"The documentary takes a detailed look at the disappearance of 3-year-old Madeleine McCann, who vanished while on holiday with her family.",,2026-05-17T16:57:37.712949
151479,Turn Up Charlie,Turn Up Charlie,80.46,7.5,5303,2019-09-01,"[""United Kingdom""]",[18],A down-and-out DJ plots to rebuild his music career while working as a nanny for his famous best friend's wild 11-year-old daughter.,,2026-05-17T16:57:37.713127
151480,More to Say,More to Say,362.84,8.0,4746,2018-09-01,"[""Egypt""]",[18],"After her son dies in an accident, a legal consultant is forced to prove her innocence when she's accused of his murder.",,2026-05-17T16:57:37.713300
151481,The Land of Hypocrisy,The Land of Hypocrisy,162.45,7.4,5030,2018-09-01,"[""Egypt""]",[18],A hardworking man in a thankless job meets a mysterious doctor who sells him powerful pills that throw his life into disarray.,,2026-05-17T16:57:37.713461
151482,Eugenie Nights,Eugenie Nights,116.55,4.1,4333,2018-09-01,"[""Egypt""]",[18],"In 1940s Port Said, Kariman finds comfort and solace in the arms of an unhappily married man, who also happens to be her abusive husband's brother.",,2026-05-17T16:57:37.713863
151483,This Evening,This Evening,244.91,7.1,4413,2017-09-01,"[""Egypt""]",[18],The lives of a wealthy couple hiding their marital problems intersect with a group of hackers and the young women they exploit.,,2026-05-17T16:57:37.714097
151484,Into the Badlands,Into the Badlands,173.73,5.9,6470,2018-09-01,"[""United States""]",[18],"Dreaming of escaping to a distant city, a ferocious warrior and a mysterious boy tangle with territorial warlords and their highly trained killers.",,2026-05-17T16:57:37.714261
151485,Bangkok Love Stories: Hey You!,Bangkok Love Stories: Hey You!,146.41,6.0,1759,2018-09-01,"[""US""]",[18],A loving couple become rivals when Belle opens a fusion bistro next to her ex-boyfriend Kram’s traditional restaurant in Bangkok’s chic Ari district.,,2026-05-17T16:57:37.714407
151486,Disappearance,Disappearance,86.14,8.9,4537,2018-09-01,"[""Egypt""]",[18],"A university lecturer in Russia returns to Egypt after her husband's sudden disappearance, uncovering further mysteries the more she investigates.",,2026-05-17T16:57:37.714572
151487,Immortals,Immortals,307.26,5.3,2391,2018-09-01,"[""Turkey""]",[18],"Driven by revenge, human-turned-vampire Mia sets out to vanquish Dmitry, a ruthless vampire leader who seeks an artifact that grants immortality.",,2026-05-17T16:57:37.714736
151488,The Confrontation,The Confrontation,151.8,8.3,5888,2018-09-01,"[""US""]",[18],"A woman struggling with sleep paralysis begins a complicated relationship with the director of a media company, whose colleagues conspire against him.",,2026-05-17T16:57:37.714878
151489,American Crime Story: The People v. O.J. Simpson,American Crime Story: The People v. O.J. Simpson,142.15,9.4,2166,2016-09-01,"[""United States""]",[18],"This anthology series dramatizes historic criminal cases in the U.S., including the O.J. Simpson trial and Andrew Cunanan's 1997 murder spree.",,2026-05-17T16:57:37.715010
151490,Secret City,Secret City,358.02,7.7,1492,2016-09-01,"[""Australia""]",[18],A student's protest leads to a government scandal that has personal and professional repercussions for one of Australia's toughest journalists.,,2026-05-17T16:57:37.715170
151491,A Korean Odyssey,A Korean Odyssey,29.92,5.6,166,2017-09-01,"[""South Korea""]",[18],A self-serving mythical creature's bid for invincibility backfires when he finds himself at the mercy of a woman who can see otherworldly beings.,,2026-05-17T16:57:37.715324
151492,Cricket Fever: Mumbai Indians,Cricket Fever: Mumbai Indians,194.1,10.6,6156,2019-09-01,"[""India""]",[18],Follow Indian Premier League champions Mumbai Indians through the 2018 season in this series featuring insider insights and intense cricket action.,,2026-05-17T16:57:37.715460
151493,Larva Island,Larva Island,92.91,8.8,6115,2019-09-01,"[""US""]",[18],"Stranded on a tropical island, two silly larva buddies find slapstick fun in everything from discovering food to meeting new animal friends.",,2026-05-17T16:57:37.715633
151494,Losers,Losers,87.22,7.3,5360,2019-09-01,"[""US""]",[18],"In a ""winning is everything"" society, how do we handle failure? This series profiles athletes who have turned the agony of defeat into human triumph.",,2026-05-17T16:57:37.716277
151495,Northern Rescue,Northern Rescue,108.31,4.9,5138,2019-09-01,"[""Canada""]",[18],"After the sudden death of his wife, search and rescue commander John West relocates with his three kids to his rural hometown of Turtle Island Bay.",,2026-05-17T16:57:37.716508
151496,The Disastrous Life of Saiki K.,The Disastrous Life of Saiki K.,120.75,4.7,2402,2018-09-01,"[""Japan""]",[18],"High school sophomore Kusuo Saiki swore as a child that he would keep his psychic talents hidden, but his abilities still make his life difficult.",,2026-05-17T16:57:37.716726
151497,Unsolved,Unsolved,184.11,6.1,4517,2018-09-01,"[""United States""]",[18],Ride along for a dramatized version of the real-life investigations into the murders of rap icons Tupac Shakur and Biggie Smalls.,,2026-05-17T16:57:37.716901
151498,Chef's Table,Chef's Table,17.49,8.1,812,2019-09-01,"[""United States""]",[10764],"In this Emmy-nominated docuseries, find out what's inside the kitchens and minds of the international culinary stars who are redefining gourmet food.",,2026-05-17T16:57:37.717059
151499,The Big Family Cooking Showdown,The Big Family Cooking Showdown,213.57,7.2,5601,2018-09-01,"[""United Kingdom""]",[10764],"In this unscripted series, families passionate about food serve up their most delicious dishes for the chance to be crowned Britain's best home cooks.",,2026-05-17T16:57:37.717313
151500,Z4,Z4,59.24,6.8,4020,2018-09-01,"[""Brazil""]",[18],Fading music biz veteran Zé realizes he has just one more chance at redemption: He must assemble a hit boy band from a ragtag group of pop newbies.,,2026-05-17T16:57:37.717478
151501,Hjørdis,Hjørdis,672.17,3.1,3744,2015-09-01,"[""Denmark""]",[18],"This miniseries spinoff of ""Rita"" follows teacher Hjørdis as she plans a school play on bullying featuring a cast of socially awkward students.",,2026-05-17T16:57:37.718048
151502,Larry Charles' Dangerous World of Comedy,Larry Charles' Dangerous World of Comedy,11.75,7.3,6894,2019-09-01,"[""US""]",[18],"Legendary comedy writer and director Larry Charles travels the world in search of humor in the most unusual, unexpected and dangerous places.",,2026-05-17T16:57:37.718624
151503,The 43,The 43,171.88,5.3,7969,2019-09-01,"[""US""]",[18],This docuseries disputes the Mexican government's account of how and why 43 students from Ayotzinapa Rural Teachers' College vanished in Iguala in 2014.,,2026-05-17T16:57:37.718889
151504,The Kirlian Frequency,The Kirlian Frequency,20.48,8.1,456,2017-09-01,"[""Argentina""]",[18],"In the midnight hour, a lone DJ broadcasts the strangest – and scariest – tales from the outer edges of Kirlian, a lost city somewhere in Argentina.",,2026-05-17T16:57:37.719042
151505,Barbie Dreamhouse Adventures,Barbie Dreamhouse Adventures,39.28,7.0,2667,2018-09-01,"[""United States""]",[18],Get to know Barbie and her BFFs – including next-door neighbor Ken – in this animated vlog of adventures filmed inside her family's new dreamhouse.,,2026-05-17T16:57:37.719210
151506,Velvet Colección,Velvet Colección,121.72,7.8,978,2018-09-01,"[""Spain""]",[18],"In the late '60s, fashion designer Ana enlists friends Clara, Pedro and Raúl to open a store and design school in Barcelona in this ""Velvet"" spinoff.",,2026-05-17T16:57:37.719358
151507,Iron Ladies,Iron Ladies,360.65,6.0,802,2018-09-01,"[""Taiwan""]",[18],Three 30-something women in high-level jobs at a beauty e-commerce firm seem to have it all – except when it comes to love and romantic chemistry.,,2026-05-17T16:57:37.719491
151508,The Break,The Break,133.59,6.2,403,2018-09-01,"[""Belgium""]",[18],"A police detective mourning a painful loss moves back to his peaceful hometown, only to be drawn into a murder case that dredges up dark secrets.",,2026-05-17T16:57:37.719867
151509,One Day at a Time,One Day at a Time,71.21,6.3,2314,2019-09-01,"[""United States""]",[18],"In a reimagining of the TV classic, a newly single Latina mother raises her teen daughter and tween son with the ""help"" of her old-school mom.",,2026-05-17T16:57:37.720109
151510,The Last of the Schmucks,The Last of the Schmucks,170.65,6.0,4816,2017-09-01,"[""Egypt""]",[18],"The year is 2041 and a dispute between a man and his wife has set the human race back. In this battle of the sexes, the primitive life isn't so simple.",,2026-05-17T16:57:37.720294
151511,Hidden Worlds,Hidden Worlds,153.59,3.6,8843,2018-09-01,"[""Egypt""]",[18],"While investigating an actress’s supposed suicide and her connection to the mafia, a veteran journalist discovers that corruption runs deep.",,2026-05-17T16:57:37.720880
151512,Live,Live,22.12,4.2,582,2018-09-01,"[""South Korea""]",[18],The police officers at South Korea's busiest patrol division toil day and night as keepers of law and peace – but the reality is far from orderly.,,2026-05-17T16:57:37.721110
151513,Safe,Safe,121.77,7.8,5872,2018-09-01,"[""United Kingdom""]",[18],"After his teenage daughter goes missing, a widowed surgeon in an affluent neighborhood begins unearthing dark secrets about the people closest to him.",,2026-05-17T16:57:37.721290
151514,Tayee,Tayee,75.3,6.7,246,2018-09-01,"[""Egypt""]",[18],An Egyptian doctor becomes a police informant and uses his rare gift of tracking ancient artifacts in the smuggling business.,,2026-05-17T16:57:37.721520
151515,Violet Evergarden,Violet Evergarden,58.1,6.0,7873,2018-09-01,"[""Japan""]",[18],"The war is over, and Violet Evergarden needs a job. Scarred and emotionless, she takes a job as a letter writer to understand herself and her past.",,2026-05-17T16:57:37.722050
151516,Romance is a bonus book,Romance is a bonus book,189.62,4.9,3453,2019-09-01,"[""South Korea""]",[18],A gifted writer who's the youngest editor-in-chief ever at his publishing company gets enmeshed in the life of a former copywriter desperate for a job.,,2026-05-17T16:57:37.722293
151517,Littlest Pet Shop: A World of Our Own,Littlest Pet Shop: A World of Our Own,90.47,5.1,3505,2018-09-01,"[""United States""]",[18],"In Paw-Tucket, pets of all types form friendships, pursue their passions and have a great time being themselves.",,2026-05-17T16:57:37.722467
151518,Russian Doll,Russian Doll,61.73,4.0,5756,2019-09-01,"[""United States""]",[18],Nadia keeps dying and reliving her 36th birthday party. She's trapped in a surreal time loop – and staring down the barrel of her own mortality.,,2026-05-17T16:57:37.722672
151519,Sparta,Sparta,98.99,5.4,2724,2018-09-01,"[""Russia""]",[18],"While investigating the mysterious death of a teacher, a grizzled detective gets caught up in the world of a high-stakes virtual reality game.",,2026-05-17T16:57:37.722865
151520,Sword Art Online Alternative: Gun Gale Online,Sword Art Online Alternative: Gun Gale Online,162.69,5.5,7095,2018-09-01,"[""Japan""]",[18],College student Karen takes up Gun Gale Online and gets a reputation as the Pink Demon. Then her gaming buddy Pitohui asks her to join the Squad Jam.,,2026-05-17T16:57:37.723022
151521,Paprika,Paprika,89.03,7.1,341,2018-09-01,"[""US""]",[18],Stan and Olivia – the amazingly different Paprika twins – use their boundless enthusiasm to turn everyday life into an extraordinary adventure.,,2026-05-17T16:57:37.723207
151522,A Taiwanese Tale of Two Cities,A Taiwanese Tale of Two Cities,249.22,7.4,4491,2018-09-01,"[""Taiwan""]",[18],"A Taipei doctor and a San Francisco engineer swap homes in a daring pact, embarking on journeys filled with trials, secrets and unexpected encounters.",,2026-05-17T16:57:37.723380
151523,Z Nation,Z Nation,147.23,6.5,6536,2018-09-01,"[""United States""]",[18],"A team embarks on a perilous cross-country mission to transport the one man who survived a deadly zombie virus, hoping he holds the key to a vaccine.",,2026-05-17T16:57:37.723535
151524,Black Earth Rising,Black Earth Rising,103.16,6.0,592,2018-09-01,"[""United Kingdom""]",[18],"Adopted by a human rights attorney after the Rwandan genocide, legal investigator Kate Ashby confronts her past when she takes on war crimes cases.",,2026-05-17T16:57:37.724004
151525,Club of Crows,Club of Crows,359.23,5.6,7095,2019-09-01,"[""Mexico""]",[18],A brother and sister battle high expectations and each other after inheriting a soccer team. A series from the creators of “Nosotros los Nobles.”,,2026-05-17T16:57:37.724185
151526,Examination of Conscience,Examination of Conscience,201.83,9.0,1228,2019-09-01,"[""Spain""]",[18],"Allegations of child sexual abuse in Spain's Catholic institutions are examined in interviews with survivors, clergy, journalists and other experts.",,2026-05-17T16:57:37.724334
151527,The Perfect Match,The Perfect Match,59.77,6.7,4392,2017-09-01,"[""US""]",[18],"A night market vendor clashes with a lofty celebrity chef in a culinary challenge, fueling the first sparks of a romance.",,2026-05-17T16:57:37.724469
151528,Conversations with a Killer: The Ted Bundy Tapes,Conversations with a Killer: The Ted Bundy Tapes,135.62,6.0,2083,2019-09-01,"[""United States""]",[18],"Present-day interviews, archival footage and audio recordings made on death row form a searing portrait of notorious serial killer Ted Bundy.",,2026-05-17T16:57:37.724640
151529,Innocent,Innocent,271.15,8.2,5138,2017-09-01,"[""Turkey""]",[18],"In a peaceful, rustic town, a retired officer and his family are mired in a murder mystery riddled with shocking, buried secrets.",,2026-05-17T16:57:37.724791
151530,Marvel's The Punisher,Marvel's The Punisher,64.96,7.7,6750,2019-09-01,"[""United States""]",[18],A former Marine out to punish the criminals responsible for his family's murder finds himself ensnared in a military conspiracy.,,2026-05-17T16:57:37.725020
151531,Memory Love,Memory Love,47.26,8.1,2974,2017-09-01,"[""US""]",[18],"Losing her memory – and her boyfriend – after a car accident, Jia-en crosses paths with a heart transplant recipient who helps her recall her past.",,2026-05-17T16:57:37.725198
151532,The World's Most Extraordinary Homes,The World's Most Extraordinary Homes,169.77,6.0,1615,2019-09-01,"[""United Kingdom""]",[18],Award-winning architect Piers Taylor and actress/property enthusiast Caroline Quentin travel the world to tour unconventional homes in extreme places.,,2026-05-17T16:57:37.725344
151533,Trigger Warning with Killer Mike,Trigger Warning with Killer Mike,52.25,5.7,3901,2019-09-01,"[""US""]",[18],"In this funny and provocative series, rapper and activist Killer Mike puts his revolutionary ideas about achieving social change into action.",,2026-05-17T16:57:37.725472
151534,Lavender,Lavender,74.15,5.9,4217,2002-09-01,"[""Taiwan""]",[18],"Before one of them moves to the U.S., two childhood friends promise to reunite as adults. But illness and the vagaries of the heart stand in the way.",,2026-05-17T16:57:37.725638
151535,La Grande Chaumière Violette,La Grande Chaumière Violette,253.84,7.3,4394,2016-09-01,"[""Taiwan""]",[18],"Reminiscing about his youth in Taiwan's turbulent 1920s, Guo Xuehu reflects on his passion for art, a friendship with a painter – and a doomed romance.",,2026-05-17T16:57:37.725803
151536,Back with the Ex,Back with the Ex,215.1,4.1,2632,2018-09-01,"[""US""]",[10764],New beginnings or old baggage? Four singles have one chance to reignite romance with an ex – or leave the past behind for good.,,2026-05-17T16:57:37.726218
151537,Friends from College,Friends from College,22.83,7.4,705,2019-09-01,"[""United States""]",[18],"Twenty years after graduation, a tight-knit group of college friends reconnects and discovers that love hasn't gotten easier with age.",,2026-05-17T16:57:37.726597
151538,Hardy Bucks,Hardy Bucks,87.61,7.0,2215,2018-09-01,"[""Ireland""]",[18],"A circle of young men entertain vague ambitions involving quick cash, women and showbiz in this mockumentary on small-town Irish life in County Mayo.",,2026-05-17T16:57:37.726801
151539,Horrid Henry,Horrid Henry,123.34,6.7,2107,2019-09-01,"[""United Kingdom""]",[18],"To his family's frustration, Henry is skilled at making trouble, from babysitting pets in his bedroom to starting a shark panic at the swimming pool.",,2026-05-17T16:57:37.726971
151540,Pocoyo,Pocoyo,144.17,7.6,1180,2017-09-01,"[""Spain""]",[18],Discovery is the name of the game for friendly toddler Pocoyo in this lifelike and richly colored animated adventure series for preschoolers.,,2026-05-17T16:57:37.727188
151541,When Heroes Fly,When Heroes Fly,60.02,6.9,8156,2018-09-01,"[""Israel""]",[18],"Years after a bitter falling out, four Israeli military veterans reunite and travel to Colombia in search of a loved one they'd presumed to be dead.",,2026-05-17T16:57:37.727358
151542,See You in Time,See You in Time,148.82,6.1,3655,2017-09-01,"[""US""]",[18],A series of mysterious text messages from the future sends ripples through the lives of a delivery woman and an accomplished cyclist.,,2026-05-17T16:57:37.727506
151543,Déjà Vu,Déjà Vu,30.18,4.0,5456,2013-09-01,"[""US""]",[18],"After losing everything, a prima ballerina accepts a stranger's offer to dial back time and reclaim what was taken from her – but at a great price.",,2026-05-17T16:57:37.727904
151544,A Series of Unfortunate Events,A Series of Unfortunate Events,29.48,4.5,9356,2019-09-01,"[""United States""]",[18],"The extraordinary Baudelaire orphans face trials, tribulations and the evil Count Olaf in their fateful quest to unlock long-held family secrets.",,2026-05-17T16:57:37.728091
151545,COMEDIANS of the world,COMEDIANS of the world,24.78,6.3,8470,2019-09-01,"[""United States""]",[18],This global stand-up comedy series features a diverse set of comics from 13 regions bringing their perspectives on what's funny around the world.,,2026-05-17T16:57:37.728244
151546,The Paper,The Paper,299.87,7.0,6600,2018-09-01,"[""Croatia""]",[18],A construction magnate takes over a struggling newspaper and attempts to wield editorial influence for power and personal gain.,,2026-05-17T16:57:37.728411
151547,Tidying Up with Marie Kondo,Tidying Up with Marie Kondo,114.56,4.6,403,2019-09-01,"[""United States""]",[10764],"In a series of inspiring home makeovers, world-renowned tidying expert Marie Kondo helps clients clear out the clutter – and choose joy.",,2026-05-17T16:57:37.728580
151548,Pioneers: First Women Filmmakers*,Pioneers: First Women Filmmakers*,377.94,4.6,2427,1925-09-01,"[""US""]",[18],"This collection restores films from women who tackled hot-button issues, transcended norms, and left a mark on the history of cinema and the industry.",,2026-05-17T16:57:37.729024
151549,In Family We Trust,In Family We Trust,109.88,7.3,1358,2018-09-01,"[""Thailand""]",[18],"When the head of the lucrative family business passes away, his will leaves the clan at extreme odds.",,2026-05-17T16:57:37.729285
151550,Hashoter Hatov,Hashoter Hatov,23.25,5.9,4681,2015-09-01,"[""Israel""]",[18],An honest – though overzealous – police officer strives to do good work while dealing with his bickering parents and incompetent coworkers.,,2026-05-17T16:57:37.729453
151551,Murder Mountain,Murder Mountain,171.28,3.9,1817,2018-09-01,"[""United States""]",[18],"In Humboldt County, California, the big business of legal marijuana brings in visitors from around the world. Some are never seen again.",,2026-05-17T16:57:37.729833
151552,Selection Day,Selection Day,153.33,5.0,2663,2018-09-01,"[""India""]",[18],Two teen cricket prodigies struggle against their overbearing father and a system stacked against them to realize their own ambitions and identities.,,2026-05-17T16:57:37.730049
151553,Stand Up and Away! with Brian Regan,Stand Up and Away! with Brian Regan,155.11,5.3,2814,2018-09-01,"[""United States""]",[18],Brian Regan blends his trademark observational stand-up with short sketches and a bit of audience interaction in this hybrid comedy series.,,2026-05-17T16:57:37.730261
151554,Way Back into Love,Way Back into Love,27.29,6.8,1222,2011-09-01,"[""Taiwan""]",[18],"After years in the U.S., a Taiwanese immigrant returns to her hometown with a young daughter in tow to assist her father with his bed-and-breakfast.",,2026-05-17T16:57:37.730425
151555,Watership Down,Watership Down,102.94,7.4,4366,2018-09-01,"[""United Kingdom""]",[18],A warren of rabbits battles many threats on their daring journey to find a new home in this adaptation of the classic novel by Richard Adams.,,2026-05-17T16:57:37.730619
151556,Demon's Path,Demon's Path,146.72,9.1,1754,2018-09-01,"[""US""]",[18],"To catch three criminal masterminds, a group of cops teams up with a forensic pathologist who can see a murder victim's final moments before death.",,2026-05-17T16:57:37.730950
151557,People Just Do Nothing,People Just Do Nothing,239.27,5.2,3134,2018-09-01,"[""United Kingdom""]",[18],Spinning old-school beats is just another day at the office for the naive DJs of a pirate radio station who juggle family life with their passion.,,2026-05-17T16:57:37.731138
151558,Single Ladies Senior,Single Ladies Senior,39.36,7.8,7799,2018-09-01,"[""US""]",[18],Four best friends and spirited career women navigate the treacherous world of romance – even as it stands in the way of work and friendship.,,2026-05-17T16:57:37.731277
151559,7 Days Out,7 Days Out,192.05,7.5,5204,2018-09-01,"[""United States""]",[18],"Witness the excitement and drama behind the scenes in the seven days leading up to major live events in the worlds of sports, fashion, space and food.",,2026-05-17T16:57:37.731401
151560,Jojo's World,Jojo's World,103.43,8.4,3034,2017-09-01,"[""Taiwan""]",[18],"Diagnosed with a condition that could make her infertile, a career woman must choose one of four bachelors to make a baby with before time runs out.",,2026-05-17T16:57:37.731514
151561,LAST HOPE,LAST HOPE,88.57,5.9,4189,2018-09-01,"[""Japan""]",[18],"After causing the near extinction of mankind seven years ago, genius scientist Leon Lau must now fight the ecological disaster he unwittingly created.",,2026-05-17T16:57:37.731757
151562,Lion Pride,Lion Pride,60.91,8.2,6270,2017-09-01,"[""Taiwan""]",[18],"After crossing paths at a crime scene, a renowned math teacher and an antiques appraiser embark on an unexpected journey of love and self-discovery.",,2026-05-17T16:57:37.731890
151563,Love @ Seventeen,Love @ Seventeen,321.83,6.1,927,2016-09-01,"[""Taiwan""]",[18],"Radically changed by a misunderstanding 13 years ago, a biotech expert runs into an old flame and suffers an illness that takes her back to the past.",,2026-05-17T16:57:37.731999
151564,Perfume,Perfume,41.44,4.6,413,2018-09-01,"[""Germany""]",[18],"When a singer is found murdered, with her scent glands excised from her body, detectives probe a group of friends who attended boarding school with her.",,2026-05-17T16:57:37.732126
151565,Sirius the Jaeger,Sirius the Jaeger,46.12,7.5,3700,2018-09-01,"[""Japan""]",[18],"In imperial Tokyo, a group calling themselves ""Jaegers"" secretly hunt the vampires seeking the Ark of Sirius. Among them is young werewolf, Yuliy.",,2026-05-17T16:57:37.732239
151566,Wolf,Wolf,122.26,7.0,9425,2018-09-01,"[""Turkey""]",[18],"Tasked with risky missions across Turkey, members of a special-operations police unit confront danger and tragedy both on the field and at home.",,2026-05-17T16:57:37.732339
151567,Fate/stay night: Unlimited Blade Works,Fate/stay night: Unlimited Blade Works,12.38,7.7,5633,2015-09-01,"[""Japan""]",[18],High school students Rin and Shiro pair up as allies when they're chosen to compete in a secret tournament for possession of the Holy Grail.,,2026-05-17T16:57:37.732438
151568,Ellen DeGeneres: Relatable,Ellen DeGeneres: Relatable,33.04,9.1,4168,2018-09-01,"[""United States""]",[18],"In her first special since 2003, Ellen revisits her road to stardom and details the heartfelt – and hilarious – lessons she's learned along the way.",,2026-05-17T16:57:37.732576
151569,Ashes of Love,Ashes of Love,250.38,7.6,1554,2018-09-01,"[""China""]",[18],"Hidden away by her mother, the Floral Goddess, the naïve Jinmi is drawn to Xufeng, the Heavenly Emperor's son. Yet forces conspire against them.",,2026-05-17T16:57:37.732692
151570,DreamWorks Holiday Classics,DreamWorks Holiday Classics,27.07,6.6,3252,2011-09-01,"[""United States""]",[18],"Join your DreamWorks friends for these four holiday specials, featuring Shrek and Donkey, Hiccup and Toothless, and the wacky animals from Madagascar.",,2026-05-17T16:57:37.732802
151571,Flowers,Flowers,58.51,8.7,1344,2018-09-01,"[""United Kingdom""]",[18],"Between a troubled marriage, a senile granny and twin siblings constantly in rivalry, a crumbling household struggles to barely keep it together.",,2026-05-17T16:57:37.732902
151572,Hymn of Death,Hymn of Death,209.79,6.5,3319,2018-09-01,"[""South Korea""]",[18],"During the Japanese colonial period, married playwright Kim U-jin falls in love with soprano Yun Sim-deok, one of Korea’s notable New Women.",,2026-05-17T16:57:37.733000
151573,Inside the Real Narcos,Inside the Real Narcos,226.84,5.5,2127,2018-09-01,"[""US""]",[18],"Exposing a rarely seen perspective on the drug wars, ex-Special Forces commando Jason Fox interviews dangerous traffickers and cartel members.",,2026-05-17T16:57:37.733121
151574,The Fix,The Fix,97.42,7.6,3874,2018-09-01,"[""United States""]",[18],"Comedians Jimmy Carr, D.L. Hughley and Katherine Ryan tackle the world's woes with help from a rotating crew of funny guests and an actual expert.",,2026-05-17T16:57:37.733226
151575,The Innocent Man,The Innocent Man,296.64,8.9,6195,2018-09-01,"[""United States""]",[18],"This documentary adaptation of John Grisham's only nonfiction book raises troubling questions about two murder cases in Ada, Oklahoma, in the 1980s.",,2026-05-17T16:57:37.733334
151576,Tidelands,Tidelands,130.95,9.0,4529,2018-09-01,"[""Australia""]",[18],"Ex-con Cal McTeer's return to her hometown of Orphelin Bay blows the lid off a generations-long conspiracy of silence around murder, drugs and Sirens.",,2026-05-17T16:57:37.733432
151577,Travelers,Travelers,276.19,7.9,4848,2018-09-01,"[""Canada""]",[18],"A federal agent tracks four people who suddenly seem to possess entirely new personalities, leading to a startling discovery about humanity's future.",,2026-05-17T16:57:37.733530
151578,Voltron: Legendary Defender,Voltron: Legendary Defender,3.85,4.4,3513,2018-09-01,"[""United States""]",[18],"In an all-new series, five unlikely heroes and their flying robot lions unite to form the megapowerful Voltron and defend the universe from evil.",,2026-05-17T16:57:37.733678
151579,Back Street Girls -GOKUDOLS-,Back Street Girls -GOKUDOLS-,123.23,7.2,4928,2018-09-01,"[""Japan""]",[18],"To pay for an epic blunder, three yakuza brothers are forced to alter their bodies, form a girl group and break into the underground J-Pop idol scene.",,2026-05-17T16:57:37.733784
151580,Dogs of Berlin,Dogs of Berlin,47.65,7.2,7804,2018-09-01,"[""Germany""]",[18],"Two cops investigate the murder of a famous Turkish-German soccer player, but one of them has underworld connections that mire the case in controversy.",,2026-05-17T16:57:37.733882
151581,Neo Yokio,Neo Yokio,13.6,6.3,3008,2018-09-01,"[""United States""]",[18],"Joined by his faithful mecha-butler, Kaz Kaan pursues love, fashion and supernatural forces amid Neo Yokio's sinister high society.",,2026-05-17T16:57:37.733979
151582,Pine Gap,Pine Gap,55.6,8.9,4512,2018-09-01,"[""Australia""]",[18],"At top-secret U.S.-Australian joint defense facility Pine Gap, fissures appear in the critical alliance as spies work with, and against, each other.",,2026-05-17T16:57:37.734100
151583,The Sound of Your Heart: Reboot,The Sound of Your Heart: Reboot,64.53,7.0,1242,2018-09-01,"[""South Korea""]",[18],"Webtoonist Cho Seok is back with more anecdotes of mix-ups, unintended antics, and bathroom blunders in this reboot starring an all-new cast.",,2026-05-17T16:57:37.734202
151584,Memories of the Alhambra,Memories of the Alhambra,52.77,3.6,1888,2018-09-01,"[""South Korea""]",[18],"While looking for the cryptic creator of an innovative augmented-reality game, an investment firm executive meets a woman who runs a hostel in Spain.",,2026-05-17T16:57:37.734346
151585,Haunted House,Haunted House,111.95,8.9,1527,2017-09-01,"[""US""]",[18],"With help from a 102-year-old goblin dwelling beneath their haunted apartment building, two siblings deal with ghosts and take on spooky mysteries.",,2026-05-17T16:57:37.734456
151586,1983,1983,220.31,5.2,345,2018-09-01,"[""Poland""]",[18],"In this dark alt-history thriller, a naïve law student and a world-weary detective uncover a conspiracy that has tyrannized Poland for decades.",,2026-05-17T16:57:37.734595
151587,Death by Magic,Death by Magic,201.35,8.5,1516,2018-09-01,"[""United States""]",[10764],"Magician Drummond Money-Coutts travels the globe, sharing his infectious love of his craft and attempting feats that proved fatal to other magicians.",,2026-05-17T16:57:37.734754
151588,Love and Fortune,Love and Fortune,101.85,8.2,304,2018-09-01,"[""Japan""]",[18],"Frustrated by life with her boyfriend, thirty-something Wako can’t stop herself from being interested in high schooler Yumeaki, despite their age gap.",,2026-05-17T16:57:37.734887
151589,Spy Kids: Mission Critical,Spy Kids: Mission Critical,151.33,7.1,6539,2018-09-01,"[""United States""]",[18],"In this animated spinoff series, Juni and Carmen Cortez must battle the evil organization S.W.A.M.P. – without the help of their super-spy parents.",,2026-05-17T16:57:37.735012
151590,Bumping Mics with Jeff Ross & Dave Attell,Bumping Mics with Jeff Ross & Dave Attell,391.32,8.7,1179,2018-09-01,"[""United States""]",[18],"When Jeff Ross and Dave Attell take the stage, no one is safe. With the help of special guests, they're packing a lot of laughs into one epic weekend.",,2026-05-17T16:57:37.735158
151591,Minecraft: Story Mode,Minecraft: Story Mode,100.96,7.4,416,2015-09-01,"[""United States""]",[18],"Take control of an adventure set in the Minecraft universe. The future of the world is at stake, and your decisions shape the story – so choose wisely!",,2026-05-17T16:57:37.735463
151592,Frontier,Frontier,209.41,6.0,1505,2018-09-01,"[""Canada""]",[18],"In 18th-century North America, ruthless trappers and entrepreneurs fight to wrest control of the fur trade from the mighty Hudson's Bay Company.",,2026-05-17T16:57:37.735656
151593,Fugitiva,Fugitiva,141.01,5.1,2408,2018-09-01,"[""Spain""]",[18],A domestic abuse survivor orchestrates an elaborate deception to protect her family from her powerfully wealthy husband and his vindictive enemies.,,2026-05-17T16:57:37.735828
151594,Sick Note,Sick Note,40.53,6.8,1480,2018-09-01,"[""United Kingdom""]",[18],"After slacker Daniel Glass is misdiagnosed with cancer, his lies lead him into an absurd web of fraud, blackmail, suspicion and misadventure.",,2026-05-17T16:57:37.735963
151595,Mystery Science Theater 3000: The Return,Mystery Science Theater 3000: The Return,420.38,7.8,3938,2018-09-01,"[""United States""]",[18],"The cult hit returns! Captured by mad scientists, new host Jonah survives a blitz of cheesy B movies by riffing on them with his funny robot pals.",,2026-05-17T16:57:37.736115
151596,Kulipari: Dream Walker,Kulipari: Dream Walker,242.96,6.4,2001,2018-09-01,"[""US""]",[18],"Now the Blue Sky King, Darel must lead a rescue mission to save a Dream Walker – leaving the village under the protection of the Kulipari youth.",,2026-05-17T16:57:37.736250
151597,Paap-O-Meter,Paap-O-Meter,97.53,7.7,5287,2017-09-01,"[""US""]",[18],"A trio of sky-dwelling ghosts must travel to Earth to teach sinning humans a lesson, but they somehow manage to botch each well-intentioned mission.",,2026-05-17T16:57:37.736379
151598,The Final Table,The Final Table,37.15,4.5,2945,2018-09-01,"[""United States""]",[10764],Teams of elite chefs vie to impress the world's toughest palates as they whip up iconic dishes from nine nations in this star-packed competition.,,2026-05-17T16:57:37.736508
151599,Eternal Love,Eternal Love,207.36,8.6,496,2017-09-01,"[""China""]",[18],"After the deities Bai Qian and Ye Hua meet and fall in love, their romance stands the test of three lifetimes — each an epic in its own right.",,2026-05-17T16:57:37.736679
151600,La Doña,La Doña,165.07,4.3,639,2016-09-01,"[""United States""]",[18],"Worlds collide and lives shatter when Altagracia, a powerful and elegant businesswoman, plots a ruthless revenge while falling in love.",,2026-05-17T16:57:37.736833
151601,Silvana Sin Lana,Silvana Sin Lana,108.97,4.5,3415,2016-09-01,"[""United States""]",[18],"When her fugitive husband leaves her homeless and penniless, a once-wealthy woman has no other choice but to join the working class.",,2026-05-17T16:57:37.736966
151602,Ponysitters Club,Ponysitters Club,215.74,5.9,9840,2018-09-01,"[""Canada""]",[18],A young horse enthusiast teams up with her best friends to rescue and rehabilitate animals on her family's beloved ranch.,,2026-05-17T16:57:37.737165
151603,Vai Anitta,Vai Anitta,40.33,8.1,3675,2018-09-01,"[""Brazil""]",[10764],"Go behind the scenes with Brazilian pop icon Anitta, along with her friends and family, as she aims to create a new song and music video each month.",,2026-05-17T16:57:37.737335
151604,Beyblade Burst Evolution,Beyblade Burst Evolution,202.38,8.4,401,2017-09-01,"[""US""]",[18],"Scouted by a famous Spanish club, Valt Aoi heads to Spain. With their sights on the World League, he and his teammates face the European League first.",,2026-05-17T16:57:37.737454
151605,Warrior,Warrior,18.95,7.2,1064,2018-09-01,"[""Denmark""]",[18],A war veteran plagued by guilt over his final mission teams up with his best friend's widow to infiltrate a dangerous Copenhagen biker gang.,,2026-05-17T16:57:37.737604
151606,Age of Tanks,Age of Tanks,48.1,6.6,5113,2017-09-01,"[""Germany""]",[18],The history of military tanks unfolds in a documentary series that traces their role in history and geopolitics from World War I to the 21st century.,,2026-05-17T16:57:37.737745
151607,Medal of Honor,Medal of Honor,90.74,6.5,647,2018-09-01,"[""United States""]",[18],"Honoring service members whose courage merited the awarding of a Medal of Honor, this docudrama series re-creates their inspiring true stories.",,2026-05-17T16:57:37.738195
151608,Super Drags,Super Drags,52.75,5.1,2375,2018-09-01,"[""Brazil""]",[18],"In this adult animated series, three gay co-workers lead double lives as drag queen superheroes, saving the LGBTQ community from evil nemeses.",,2026-05-17T16:57:37.738402
151609,The Queen of Flow,The Queen of Flow,441.83,7.7,4702,2018-09-01,"[""Colombia""]",[18],"Seventeen years after being wrongly imprisoned, a talented songwriter seeks justice against the men who caused her downfall and killed her family.",,2026-05-17T16:57:37.738596
151610,Treehouse Detectives,Treehouse Detectives,49.02,7.8,6851,2018-09-01,"[""South Korea""]",[18],"When their animal friends need help, brother-and-sister team Toby and Teri use the clues and follow the facts to solve mysteries in their own backyard.",,2026-05-17T16:57:37.738805
151611,Westside,Westside,130.93,8.6,3400,2018-09-01,"[""United States""]",[10764],Nine struggling musicians share the spotlight in this deeply personal reality series about the challenges and thrills of staging a Hollywood showcase.,,2026-05-17T16:57:37.739982
151612,Transfers,Transfers,294.86,4.9,7152,2017-09-01,"[""France""]",[18],"After a boating accident, woodworker and family man Florian wakes up in the body of an officer who leads a task force against illegal body transfers.",,2026-05-17T16:57:37.740202
151613,Damnation,Damnation,51.64,5.6,5433,2017-09-01,"[""United States""]",[18],"During the Great Depression, a stranger with a violent past poses as a preacher and rallies farmers to mount a strike in a rural Iowa community.",,2026-05-17T16:57:37.740396
151614,Kopitiam,Kopitiam,215.78,6.6,1823,2003-09-01,"[""Malaysia""]",[18],"A young woman returns to Malaysia to take over her father’s old coffee shop. Along with inheriting the Kopitiam, she gains a kooky group of friends.",,2026-05-17T16:57:37.740752
151615,Brainchild,Brainchild,291.18,7.5,5699,2018-09-01,"[""US""]",[18],"From germs and emotions to social media and more, it's the science of your world explained in a way that's refreshingly relatable.",,2026-05-17T16:57:37.741821
151616,Creators,Creators,487.09,4.6,5234,2015-09-01,"[""Argentina""]",[18],"Two brilliant scientists discover the hidden virtual city of Creápolis, where citizens have the power to solve problems by believing and creating.",,2026-05-17T16:57:37.742134
151617,Follow This,Follow This,97.48,5.2,2818,2018-09-01,"[""United States""]",[18],Follow the reporters at BuzzFeed as they probe topics ranging from quirky internet crazes to safe injection spaces for opioid users.,,2026-05-17T16:57:37.742806
151618,The Great British Baking Show: The Beginnings,The Great British Baking Show: The Beginnings,54.82,5.8,7032,2012-09-01,"[""US""]",[10764],A dozen amateur bakers amiably compete for the coveted title of Britain's best as they whip up tasty treats for judges Mary Berry and Paul Hollywood.,,2026-05-17T16:57:37.743035
151619,Fate/EXTRA Last Encore,Fate/EXTRA Last Encore,262.67,6.2,481,2018-09-01,"[""Japan""]",[18],"Hakuno Kishinami finds himself in the midst of a Holy Grail war with no memories of how he got there. Through his confusion, he must fight to survive.",,2026-05-17T16:57:37.743225
151620,Terrorism Close Calls,Terrorism Close Calls,361.26,4.9,1466,2018-09-01,"[""United States""]",[18],Law enforcement officials look back on attempted terrorist attacks that were thwarted in the nick of time.,,2026-05-17T16:57:37.743372
151621,DreamWorks Spooky Stories,DreamWorks Spooky Stories,96.73,5.3,3968,2009-09-01,"[""United States""]",[18],"Shrek dares his friends to bring on the scary with ghost stories told in a haunted castle. Later, Ginormica and the Monsters face alien pumpkins.",,2026-05-17T16:57:37.743512
151622,Great News,Great News,365.58,7.1,4348,2017-09-01,"[""United States""]",[18],A TV news producer's ambitions take an awkward turn when her mother rejoins the workforce and snags a job as the station's newest intern.,,2026-05-17T16:57:37.743938
151623,Here to Heart,Here to Heart,391.01,6.0,3770,2018-09-01,"[""China""]",[18],Wen Nuan signs on to work as the executive assistant to ex Zhan Nanxian at his tech firm. Helping him at work just may lead her back into his heart.,,2026-05-17T16:57:37.744123
151624,The Hollywood Masters,The Hollywood Masters,173.92,7.0,4499,2017-09-01,"[""United States""]",[18],"Top Hollywood stars and directors open up about their dreams, struggles and lifelong obsessions in interviews filmed in front of a live audience.",,2026-05-17T16:57:37.744269
151625,Accidentally in Love,Accidentally in Love,136.24,6.8,2843,2018-09-01,"[""China""]",[18],"Rejecting the demands of her wealthy family, a young woman poses as an ordinary college student and crosses paths with a stoic pop star at school.",,2026-05-17T16:57:37.744406
151626,Ask the Doctor,Ask the Doctor,292.49,5.5,5549,2017-09-01,"[""Australia""]",[18],"From allergies to diet to sleep, three friendly doctors share expert advice, bust medical myths and test the latest treatments.",,2026-05-17T16:57:37.744536
151627,Best.Worst.Weekend.Ever.,Best.Worst.Weekend.Ever.,280.61,6.2,3059,2018-09-01,"[""United States""]",[18],"Teenage friends plan an epic trip to Comic-Con to meet their idol, only to get caught in one hilariously awkward predicament after another.",,2026-05-17T16:57:37.744759
151628,Making a Murderer,Making a Murderer,53.53,9.6,3338,2018-09-01,"[""United States""]",[18],"Filmed over 10 years, this real-life thriller follows a DNA exoneree who, while exposing police corruption, becomes a suspect in a grisly new crime.",,2026-05-17T16:57:37.744914
151629,Marvel's Daredevil,Marvel's Daredevil,233.12,6.3,3193,2018-09-01,"[""United States""]",[18],"Blinded as a young boy, Matt Murdock fights injustice by day as a lawyer and by night as the Super Hero Daredevil in Hell's Kitchen, New York City.",,2026-05-17T16:57:37.745160
151630,Project S The Series,Project S The Series,282.58,6.9,3681,2017-09-01,"[""Thailand""]",[18],"Sports and friendship intertwine in tales of a volleyball team, an autistic badminton player, a skateboarder with depression and an archery-club crush.",,2026-05-17T16:57:37.745317
151631,Wanderlust,Wanderlust,76.18,7.4,3587,2018-09-01,"[""United Kingdom""]",[18],"Unable to revive their fading sex life after many years of marriage, a therapist and her husband decide to start dating other people.",,2026-05-17T16:57:37.745449
151632,My Babysitter's a Vampire,My Babysitter's a Vampire,26.58,5.5,4211,2012-09-01,"[""Canada""]",[18],"Ethan, Benny and fledgling vampire Sarah battle zombies, demons and the other supernatural beasties that regularly threaten their school.",,2026-05-17T16:57:37.745610
151633,Rake,Rake,21.63,5.9,7841,2018-09-01,"[""Australia""]",[18],"While Cleaver Greene is a brilliant and driven attorney, he's also an ex-druggie, a current gambling addict and loathed by many of his colleagues.",,2026-05-17T16:57:37.745842
151634,Stunt Science,Stunt Science,5.84,7.7,4712,2018-09-01,"[""United Kingdom""]",[10764],"When it comes to daring stunts and outrageous pranks, we often wonder: What were they thinking? This high-octane series tries to find some answers.",,2026-05-17T16:57:37.746475
151635,Edgar Rice Burroughs' Tarzan and Jane,Edgar Rice Burroughs' Tarzan and Jane,18.93,6.6,2368,2018-09-01,"[""US""]",[18],"Saved from a plane crash and given supernatural powers, teen Tarzan joins forces with brave city girl Jane to protect his jungle home from threats.",,2026-05-17T16:57:37.746815
151636,FIGHTWORLD,FIGHTWORLD,48.46,5.7,4956,2018-09-01,"[""US""]",[18],"Actor and fight enthusiast Frank Grillo travels the world, immersing himself in different fight cultures to understand their traditions and motivations.",,2026-05-17T16:57:37.747022
151637,The Curious Creations of Christine McConnell,The Curious Creations of Christine McConnell,126.2,4.2,3057,2018-09-01,"[""United States""]",[18],"Wickedly talented baker and artist Christine McConnell fills her home with haunting confections, creepy crafts – and wildly inappropriate creatures.",,2026-05-17T16:57:37.747234
151638,The Haunting of Hill House,The Haunting of Hill House,53.59,5.1,3078,2018-09-01,"[""United States""]",[18],"Flashing between past and present, a fractured family confronts haunting memories of their old home and the terrifying events that drove them from it.",,2026-05-17T16:57:37.747383
151639,Ordinary Heroes,Ordinary Heroes,101.46,7.2,4605,2018-09-01,"[""US""]",[18],"Get an intimate look at four engaged citizens whose courage, sense of civic duty and ultimate sacrifice helped to transform Italian society.",,2026-05-17T16:57:37.747628
151640,Salt Fat Acid Heat,Salt Fat Acid Heat,27.26,7.0,2620,2018-09-01,"[""US""]",[18],"Chef and food writer Samin Nosrat travels the world to explore four basic keys to wonderful cooking, serving up feasts and helpful tips along the way.",,2026-05-17T16:57:37.747827
151641,Blood Pact,Blood Pact,106.57,4.6,10041,2018-09-01,"[""Brazil""]",[18],"An ambitious TV reporter uses risky and ethically questionable methods to report on gang wars and police corruption in the Amazon port of Belém, Brazil.",,2026-05-17T16:57:37.748040
151642,Sofia the First,Sofia the First,11.7,4.0,7571,2017-09-01,"[""United States""]",[18],"When her commoner mother marries the king, average-girl Sofia finds that being a real princess isn't all it's cracked up to be.",,2026-05-17T16:57:37.748256
151643,Dancing Queen,Dancing Queen,68.35,8.5,2034,2018-09-01,"[""US""]",[10764],Snatching trophies. Getting gorgeous. Turning it up. Alyssa Edwards rules the dance studio by day – and the drag world by night.,,2026-05-17T16:57:37.748423
151644,Empire Games,Empire Games,263.84,7.7,2324,2018-09-01,"[""Czech Republic""]",[18],Interviews with scholars and dramatic reenactments bring to life the origins and history-making achievements of the world's greatest ancient empires.,,2026-05-17T16:57:37.748801
151645,LOST SONG,LOST SONG,152.55,5.1,1549,2018-09-01,"[""Japan""]",[18],"War looms over the kingdom of Neunatia, where two young women are both burdened and blessed by the power of song.",,2026-05-17T16:57:37.749095
151646,YG Future Strategy Office,YG Future Strategy Office,199.78,8.1,12515,2018-09-01,"[""South Korea""]",[18],"K-pop star Seungri, BIGBANG's youngest member, tries to lead a team of bumbling staff at YG's Future Strategy Office in this mockumentary sitcom.",,2026-05-17T16:57:37.749234
151647,Violet Evergarden: Special,Violet Evergarden: Special,89.0,6.1,9657,2018-09-01,"[""US""]",[18],"Auto Memory Doll Violet Evergarden writes letters for people who can’t, learning about her war-torn country and her own hardened heart along the way.",,2026-05-17T16:57:37.749352
151648,Monty Python Best Bits (mostly),Monty Python Best Bits (mostly),191.56,5.5,3782,2014-09-01,"[""United Kingdom""]",[18],"Prominent comedians pay tribute to Monty Python's best work in this five-part series, along with selected clips of sketches.",,2026-05-17T16:57:37.749469
151649,Monty Python's Almost the Truth,Monty Python's Almost the Truth,129.47,4.7,2283,2009-09-01,"[""United Kingdom""]",[18],"The legacy of comedy group Monty Python, whose irreverent brand of humor has tickled the ribs of millions, is explored in this documentary.",,2026-05-17T16:57:37.749622
151650,Monty Python's Fliegender Zirkus,Monty Python's Fliegender Zirkus,85.04,5.0,6547,1972-09-01,"[""United Kingdom""]",[18],"The Pythons elevate the absurd to new heights and bring their sketches to German TV, working in phonetic German, at times with an Australian accent.",,2026-05-17T16:57:37.750516
151651,Monty Python's Flying Circus,Monty Python's Flying Circus,403.97,8.8,4985,1974-09-01,"[""United Kingdom""]",[18],"The Monty Python players make their mark with a winning mix of wit, ingenuity and brilliant timing – and a penchant for mockery and cross-dressing.",,2026-05-17T16:57:37.750954
151652,Monty Python's Personal Best,Monty Python's Personal Best,221.37,8.9,6618,2005-09-01,"[""United States""]",[18],Original members of the iconic Monty Python comedy troupe pick their all-time favorite sketches from their groundbreaking television series.,,2026-05-17T16:57:37.751190
151653,Hot Date,Hot Date,264.15,6.7,2136,2018-09-01,"[""United States""]",[18],Interconnected sketches and performances skewer the madness and misunderstandings of modern relationships.,,2026-05-17T16:57:37.751358
151654,Strong,Strong,55.66,3.9,2887,2016-09-01,"[""United States""]",[10764],Gabrielle Reece hosts a transformative competition of tough fitness challenges as 10 women partner with 10 elite personal trainers.,,2026-05-17T16:57:37.751498
151655,Three Wives One Husband,Three Wives One Husband,149.24,6.8,422,2018-09-01,"[""United Kingdom""]",[10764],"A film crew captures a year in the life of modern polygamist families at Rockland Ranch, a community for fundamentalist Mormons in the Utah desert.",,2026-05-17T16:57:37.751679
151656,Made in Mexico,Made in Mexico,38.41,3.7,1639,2018-09-01,"[""United States""]",[10764],"These Mexico City socialites may lead opulent lives, but a peek behind the curtain reveals a tangled web of intrigue, envy and personal struggles.",,2026-05-17T16:57:37.751907
151657,Reboot: The Guardian Code,Reboot: The Guardian Code,388.07,8.4,431,2018-09-01,"[""Canada""]",[18],Four tech-savvy teens hone their skills as cyber-superheroes in a series of secret missions to save the world.,,2026-05-17T16:57:37.752089
151658,Skylanders Academy,Skylanders Academy,156.07,6.1,3972,2018-09-01,"[""South Korea""]",[18],Travel the vast Skylander universe in this animated series as a ragtag group of academy graduates build trust and heart in their fight against evil.,,2026-05-17T16:57:37.752216
151659,Battlefish,Battlefish,84.24,4.9,4178,2018-09-01,"[""US""]",[10764],"Over the course of a fishing season, tough men and women pursue lucrative albacore tuna in the competitive waters off the Oregon coast.",,2026-05-17T16:57:37.752340
151660,DRAGON PILOT: Hisone & Masotan,DRAGON PILOT: Hisone & Masotan,145.67,4.9,3990,2018-09-01,"[""Japan""]",[18],Recently stationed Air Self-Defense Force rookie Hisone Amakasu is chosen by a dragon concealed within Gifu Air Base to be his pilot.,,2026-05-17T16:57:37.752455
151661,Maniac,Maniac,352.54,7.4,1331,2018-09-01,"[""United States""]",[18],Two struggling strangers connect during a mind-bending pharmaceutical trial involving a doctor with mother issues and an emotionally complex computer.,,2026-05-17T16:57:37.752620
151662,The Good Cop,The Good Cop,492.97,4.9,3803,2018-09-01,"[""United States""]",[18],"When he's not solving murders, a pathologically honest detective tries to keep an eye on his crooked but kindhearted dad.",,2026-05-17T16:57:37.752769
151663,Mobile Suit Gundam UC,Mobile Suit Gundam UC,122.78,7.0,2267,2014-09-01,"[""Japan""]",[18],"When Banagher Links meets the mysterious Audrey Burne, he inherits the Unicorn Gundam and is swept up into the battle for space colony independence.",,2026-05-17T16:57:37.752918
151664,Transformers: Rescue Bots,Transformers: Rescue Bots,138.16,7.1,1124,2016-09-01,"[""Canada""]",[18],"Follow the adventure of four young transformers, Heatwave, Chase, Blades and Boulder, and their human counterparts: a family of emergency responders.",,2026-05-17T16:57:37.753060
151665,Al Hayba,Al Hayba,64.84,7.2,3320,2017-09-01,"[""Lebanon""]",[18],"In a village by the Lebanon-Syria border, the head of an arms-smuggling clan contends with family conflicts, power struggles and complicated love.",,2026-05-17T16:57:37.753219
151666,American Vandal,American Vandal,32.21,6.3,8624,2018-09-01,"[""United States""]",[18],"A high school is rocked by an act of vandalism, but the top suspect pleads innocence and finds an ally in a filmmaker. A satirical true crime mystery.",,2026-05-17T16:57:37.753355
151667,Boca Juniors Confidential,Boca Juniors Confidential,40.36,6.5,8209,2018-09-01,"[""US""]",[18],"Players, fans and staff of soccer powerhouse Boca Juniors provide an exclusive, behind-the-scenes look at Argentina's legendary club.",,2026-05-17T16:57:37.753482
151668,Ingobernable,Ingobernable,45.75,6.7,3719,2018-09-01,"[""Mexico""]",[18],"The first lady of Mexico is a woman of conviction and ideals. But when she loses faith in her husband, she'll need all her strength to uncover the truth.",,2026-05-17T16:57:37.753639
151669,Norm Macdonald Has a Show,Norm Macdonald Has a Show,129.15,6.4,11055,2018-09-01,"[""United States""]",[18],Comedian Norm Macdonald hosts his celebrity friends for casual conversations that range from silly to serious and take many unexpected turns.,,2026-05-17T16:57:37.753783
151670,Super Monsters Monster Party,Super Monsters Monster Party,354.15,6.3,2224,2018-09-01,"[""US""]",[18],"Sing along and move to this groovy collection of music videos featuring monster friends Katya, Lobo, Zoe, Drac, Cleo and Frankie!",,2026-05-17T16:57:37.753910
151671,The Rise of Phoenixes,The Rise of Phoenixes,88.48,6.0,2241,2018-09-01,"[""China""]",[18],"When a secret from the past rears its head, a respected court scholar must choose between avenging her family and staying true to the prince she loves.",,2026-05-17T16:57:37.754033
151672,Life,Life,212.71,5.5,55,2018-09-01,"[""South Korea""]",[18],"At Korea's top university medical center, ideals and interests collide between a patient-centered ER doctor and the hospital's newly-appointed CEO.",,2026-05-17T16:57:37.754214
151673,Daniel Sloss: Live Shows,Daniel Sloss: Live Shows,305.81,6.7,3087,2018-09-01,"[""United States""]",[18],"Comedian Daniel Sloss is ready to find the funny in some very dark topics, from the deeply personal to the truly irreverent.",,2026-05-17T16:57:37.754371
151674,If I were an Animal,If I were an Animal,34.15,5.9,3497,2018-09-01,"[""US""]",[18],"Curious kids Emma and her big brother Tim observe different animals as they make their way through various life milestones, from birth to adulthood.",,2026-05-17T16:57:37.754497
151675,Show Me the Money,Show Me the Money,28.43,5.0,4062,2004-09-01,"[""US""]",[18],Four ordinary family members find their lives turned upside down when they become overnight millionaires thanks to an unlikely benefactor.,,2026-05-17T16:57:37.754708
151676,Transformers Prime,Transformers Prime,390.36,2.8,6041,2013-09-01,"[""United States""]",[18],"With the help of three human allies, the Autobots once again protect Earth from the onslaught of the Decepticons and their leader, Megatron.",,2026-05-17T16:57:37.755098
151677,Transformers: Robots in Disguise,Transformers: Robots in Disguise,53.64,9.3,1817,2016-09-01,"[""United States""]",[18],"When a prison ship crash unleashes hundreds of Decepticons on Earth, Bumblebee leads a new Autobot force to protect humankind.",,2026-05-17T16:57:37.755514
151678,First and Last,First and Last,72.18,6.7,2696,2018-09-01,"[""US""]",[18],Take an intimate look at the emotionally charged first and last days of new and soon-to-be released inmates at Georgia's Gwinnett County Jail.,,2026-05-17T16:57:37.755742
151679,Marvel's Iron Fist,Marvel's Iron Fist,110.5,7.8,6710,2018-09-01,"[""United States""]",[18],"Danny Rand resurfaces 15 years after being presumed dead. Now, with the power of the Iron Fist, he seeks to reclaim his past and fulfill his destiny.",,2026-05-17T16:57:37.755901
151680,Stretch Armstrong & the Flex Fighters,Stretch Armstrong & the Flex Fighters,10.26,5.0,2845,2018-09-01,"[""United States""]",[18],Jake Armstrong and his best friends are unexpectedly transformed into superheroes who learn to reach far beyond the limits of any ordinary teenager.,,2026-05-17T16:57:37.756038
151681,Monkey Twins,Monkey Twins,286.79,4.8,4048,2018-09-01,"[""Thailand""]",[18],"Inspired by Khon dance drama and Thai martial arts, a fighter scarred by the past joins forces with a determined cop to battle an organized crime ring.",,2026-05-17T16:57:37.756205
151682,Quantico,Quantico,201.41,4.7,5791,2018-09-01,"[""United States""]",[18],"When evidence in a deadly terrorist attack implicates FBI trainee Alex Parrish, she must discover which one of her classmates framed her.",,2026-05-17T16:57:37.756396
151683,Age of Rebellion,Age of Rebellion,303.5,4.1,796,2018-09-01,"[""Taiwan""]",[18],"At their high school, a group of unruly teens wreak havoc, face bullies and navigate turbulent lives beyond school grounds.",,2026-05-17T16:57:37.756571
151684,Sisters,Sisters,118.61,7.3,6032,2018-09-01,"[""Australia""]",[18],Her dad's deathbed confession leads Julia to discover she has more than 100 brothers and two sisters: troubled TV star Roxy and uptight lawyer Edie.,,2026-05-17T16:57:37.756792
151685,Cathedral of the Sea,Cathedral of the Sea,245.59,8.3,7045,2017-09-01,"[""Spain""]",[18],"In 14th-century Barcelona, a serf's determined climb to wealth and freedom incurs the disdain of the noble class and the suspicion of the Inquisition.",,2026-05-17T16:57:37.756960
151686,Inside the Criminal Mind,Inside the Criminal Mind,258.57,5.8,5642,2018-09-01,"[""United States""]",[18],Explore the psychological machinations and immoral behavior that define the most nefarious types of criminals.,,2026-05-17T16:57:37.757174
151687,The Comedy Lineup,The Comedy Lineup,306.88,7.0,1887,2018-09-01,"[""United States""]",[18],A diverse group of up-and-coming comedians perform 15-minute sets in this stand-up comedy showcase series.,,2026-05-17T16:57:37.757348
151688,Ultimate Beastmaster,Ultimate Beastmaster,357.94,6.1,841,2018-09-01,"[""United States""]",[10764],"In this intense obstacle course series, elite athletes from the U.S. and other countries compete for cash prizes, individual glory and national pride.",,2026-05-17T16:57:37.757631
151689,Ultimate Beastmaster México,Ultimate Beastmaster México,198.65,6.0,1901,2018-09-01,"[""US""]",[10764],Competitors representing countries from around the world battle it out on a grueling obstacle course. Luis Ernesto Franco and Inés Sainz host.,,2026-05-17T16:57:37.757951
151690,Undercover Law,Undercover Law,129.05,6.6,1405,2017-09-01,"[""Colombia""]",[18],Female intelligence agents infiltrate the disparate aspects of a Colombian cartel in an attempt to take down the drug lords and their associates.,,2026-05-17T16:57:37.758243
151691,Chicken Soup for the Soul's Being Dad,Chicken Soup for the Soul's Being Dad,65.32,7.1,3476,2018-09-01,"[""United States""]",[18],"Nine dads around America with different family structures, backgrounds and jobs navigate the joys and challenges of fatherhood.",,2026-05-17T16:57:37.758424
151692,GHOUL,GHOUL,103.52,5.8,6494,2018-09-01,"[""India""]",[18],"When a new prisoner at a military detention center exhibits eerie behavior, a young interrogator’s search for the truth becomes a battle for survival.",,2026-05-17T16:57:37.758654
151693,Take My Brother Away,Take My Brother Away,145.83,8.6,6630,2018-09-01,"[""China""]",[18],"Bickering siblings Shi Miao and Shi Fen tackle friendship matters, school drama and the pitfalls of growing up with little parental supervision.",,2026-05-17T16:57:37.758844
151694,The Innocents,The Innocents,45.78,6.7,3421,2018-09-01,"[""United Kingdom""]",[18],Runaway teen lovers June and Harry find themselves swept up in a dangerous and confusing new world when June begins to display mysterious abilities.,,2026-05-17T16:57:37.758986
151695,Stay Here,Stay Here,203.33,5.9,2426,2018-09-01,"[""United States""]",[10764],Designer Genevieve Gorder and real estate expert Peter Lorimer show property owners how to turn their short-term rentals into moneymaking showstoppers.,,2026-05-17T16:57:37.759138
151696,72 Dangerous Animals: Asia,72 Dangerous Animals: Asia,37.01,6.9,2534,2018-09-01,"[""Australia""]",[18],"From fangs to claws to venomous stings, they all wield deadly weapons. But which creature will be crowned the fiercest of all?",,2026-05-17T16:57:37.759280
151697,Afflicted,Afflicted,81.29,4.4,11450,2018-09-01,"[""United States""]",[10764],Baffling symptoms. Controversial diagnoses. Costly treatments. Seven people with chronic illnesses search for answers – and relief.,,2026-05-17T16:57:37.759424
151698,All About the Washingtons,All About the Washingtons,184.93,7.7,2466,2018-09-01,"[""United States""]",[18],"Hip-hop icon MC Joe Speed retires from showbiz and finds a new rhythm balancing business, romance and everyday family chaos.",,2026-05-17T16:57:37.759796
151699,The Originals,The Originals,36.82,4.5,885,2018-09-01,"[""United States""]",[18],"The Mikaelsons move to New Orleans and form an alliance with local witches in an effort to rule the city once again in this ""Vampire Diaries"" spinoff.",,2026-05-17T16:57:37.759988
151700,Pretty Man,Pretty Man,208.97,6.5,2215,2018-09-01,"[""US""]",[18],"Doomed by misunderstandings, two middle-school classmates miss their shot at love – but a twist of fate brings them together years later.",,2026-05-17T16:57:37.760131
151701,On Children,On Children,255.87,6.7,3032,2018-09-01,"[""Taiwan""]",[18],"These uncanny tales reveal a world where individuals face the tragic consequences of social pressure, parental oppression and family dysfunction.",,2026-05-17T16:57:37.760485
151702,Cocaine Coast,Cocaine Coast,80.81,7.6,3977,2018-09-01,"[""Spain""]",[18],"In 1980s Galicia, Spain, a young fisherman becomes a prosperous cocaine smuggler by providing Latin American suppliers with a European entry point.",,2026-05-17T16:57:37.760705
151703,Dinotrux Supercharged,Dinotrux Supercharged,8.91,7.1,1512,2018-09-01,"[""US""]",[18],"Amped up with powers that make them faster, stronger and more agile than ever, the Dinotrux are back to face new challenges and meet new friends.",,2026-05-17T16:57:37.761275
151704,Becoming Champions,Becoming Champions,81.08,7.0,3437,2018-09-01,"[""Mexico""]",[18],This series looks at the stories behind the athletes and countries that have achieved World Cup champion status.,,2026-05-17T16:57:37.761612
151705,Switched,Switched,113.32,5.6,852,2018-09-01,"[""Japan""]",[18],"High schooler Ayumi's perfect world evaporates when her envious classmate Zenko somehow steals her body, her boyfriend and her life.",,2026-05-17T16:57:37.761871
151706,The Could’ve-Gone-All-the-Way Committee,The Could’ve-Gone-All-the-Way Committee,82.47,6.9,1519,2018-09-01,"[""Japan""]",[18],People bring their stories of missed lust connections to an objective panel of experts who then judge whether they could have gone all the way or not.,,2026-05-17T16:57:37.762040
151707,A Very Secret Service,A Very Secret Service,256.18,7.7,802,2018-09-01,"[""France""]",[18],"At the height of the Cold War in 1960, André Merlaux joins the French Secret Service and contends with enemies both foreign and bureaucratic.",,2026-05-17T16:57:37.762213
151708,SWORDGAI The Animation,SWORDGAI The Animation,190.97,8.6,6340,2018-09-01,"[""Japan""]",[18],"A young man becomes host to a legendary infernal sword and, with the fate of humanity now in his arm, wields its demonic power against his enemies.",,2026-05-17T16:57:37.762359
151709,Kath and Kim,Kath and Kim,315.57,5.2,5559,2007-09-01,"[""Australia""]",[18],"As Kath prepares to wed fine-meats purveyor Kel, her daughter Kim moves back home after becoming disillusioned with her two-month marriage to Brett.",,2026-05-17T16:57:37.762489
151710,El Chapo,El Chapo,91.89,5.8,6520,2018-09-01,"[""Mexico""]",[18],"This drama series chronicles the true story of the rise, capture and escape of notorious Mexican drug lord Joaquín ""El Chapo"" Guzmán.",,2026-05-17T16:57:37.762900
151711,Smoking,Smoking,134.47,5.3,2096,2018-09-01,"[""Japan""]",[18],"Seeking a greater justice, a band of homeless assassins flays their human targets and delivers the tattooed skins as proof of a contract fulfilled.",,2026-05-17T16:57:37.763348
151712,Welcome to the Family,Welcome to the Family,52.25,7.6,974,2018-09-01,"[""Spain""]",[18],"When an evicted single mom's estranged father dies, she and his second wife cover up his death after learning they've been written out of his will.",,2026-05-17T16:57:37.763534
151713,Amazing Interiors,Amazing Interiors,97.94,7.2,2008,2018-09-01,"[""United Kingdom""]",[10764],"Meet eccentric homeowners whose seemingly ordinary spaces are full of surprises, from a backyard roller coaster to an indoor aquarium.",,2026-05-17T16:57:37.764125
151714,Dark Tourist,Dark Tourist,72.53,5.2,3371,2018-09-01,"[""New Zealand""]",[18],"From a nuclear lake to a haunted forest, journalist David Farrier visits unusual – and often macabre – tourism spots around the world.",,2026-05-17T16:57:37.764432
151715,Home: Adventures with Tip & Oh,Home: Adventures with Tip & Oh,55.93,4.9,6969,2018-09-01,"[""United States""]",[18],"A misfit alien named Oh moves in with Tip and her family, in a series that picks up the dynamic duo's adventures where the hit film left off.",,2026-05-17T16:57:37.764705
151716,Jimmy: The True Story of a True Idiot,Jimmy: The True Story of a True Idiot,128.49,7.5,4757,2018-09-01,"[""Japan""]",[18],"In the 1980s, a simple-minded fool named Hideaki meets comedy legend Sanma, changes his name to Jimmy and becomes a comedic superstar.",,2026-05-17T16:57:37.764983
151717,Luna Petunia: Return to Amazia,Luna Petunia: Return to Amazia,272.39,6.2,2970,2018-09-01,"[""Canada""]",[18],"Luna Petunia returns to magical Amazia, adding memories to her scrapbook with old friends – and a new pal from the Animal Empire.",,2026-05-17T16:57:37.765824
151718,Camarón Revolution,Camarón Revolution,129.31,6.5,388,2018-09-01,"[""US""]",[18],The extraordinary life and career of flamenco legend Camarón de la Isla is covered in this sweeping biography series.,,2026-05-17T16:57:37.766054
151719,The Joel McHale Show with Joel McHale,The Joel McHale Show with Joel McHale,24.04,7.3,8876,2018-09-01,"[""United States""]",[18],"Trending news, pop culture, social media, original sketches and more come together in host Joel McHale's new weekly comedy commentary show.",,2026-05-17T16:57:37.766512
151720,Meteor Garden,Meteor Garden,176.56,8.1,1791,2018-09-01,"[""China""]",[18],"Dong Shancai is determined to excel at her dream university, where she encounters an elite clique of dashing, popular high-achievers – and finds love.",,2026-05-17T16:57:37.766825
151721,Mossad 101,Mossad 101,115.17,6.4,4211,2017-09-01,"[""Israel""]",[18],"Cadets from every level of Israeli society undergo intense training to join their country's elite, highly classified intelligence service, the Mossad.",,2026-05-17T16:57:37.766996
151722,Baby Ballroom,Baby Ballroom,36.8,7.3,7823,2018-09-01,"[""United Kingdom""]",[10764],"Step into the cutthroat world of kids' ballroom dancing, where ambitious instructors, proud parents and pint-sized performers waltz to win.",,2026-05-17T16:57:37.768846
151723,Drug Lords,Drug Lords,262.34,3.5,1567,2018-09-01,"[""United States""]",[18],"Witness the stories of history's most notorious kingpins, their terrifying enforcers, and the men and women who've sworn to bring them down.",,2026-05-17T16:57:37.769221
151724,Mr. Sunshine,Mr. Sunshine,277.68,5.5,245,2018-09-01,"[""South Korea""]",[18],A young boy who ends up in the U.S. after the 1871 Shinmiyangyo incident returns to Korea at a historical turning point and falls for a noblewoman.,,2026-05-17T16:57:37.769417
151725,First Team: Juventus,First Team: Juventus,153.13,7.0,5214,2018-09-01,"[""United States""]",[18],Follow renowned soccer club Juventus on and off the pitch as they attempt to win a seventh straight Italian title and achieve Champions League glory.,,2026-05-17T16:57:37.769696
151726,NCIS,NCIS,28.69,6.0,1281,2017-09-01,"[""United States""]",[18],Follow the quirky agents of the NCIS – the Naval Criminal Investigative Service – as they track down terrorists and other high-profile criminals.,,2026-05-17T16:57:37.770012
151727,Somewhere Between,Somewhere Between,42.1,7.3,5649,2017-09-01,"[""United States""]",[18],"A local news producer is given one chance to relive a deadly week and stop a serial killer. If she fails, she'll lose her daughter forever.",,2026-05-17T16:57:37.770215
151728,Churchill’s Secret Agents: The New Recruits,Churchill’s Secret Agents: The New Recruits,123.8,6.7,2840,2018-09-01,"[""United Kingdom""]",[10764],"In this history-steeped reality series, 14 contestants undergo the same rigorous four-day selection process as Britain's top-secret World War II spies.",,2026-05-17T16:57:37.770450
151729,Kiss Me First,Kiss Me First,47.75,5.0,76,2018-09-01,"[""United Kingdom""]",[18],A lonely young woman hooked on a virtual reality game befriends a party girl who leads her into a world of new thrills and dark secrets.,,2026-05-17T16:57:37.770690
151730,Hotel Transylvania,Hotel Transylvania,126.31,4.8,4206,2017-09-01,"[""United States""]",[18],"With her dad away, Mavis is so ready for adventure – if strict Aunt Lydia doesn't stop her first. Set four years before the ""Hotel Transylvania"" film.",,2026-05-17T16:57:37.770962
151731,Borges,Borges,23.87,7.9,3016,2018-09-01,"[""Brazil""]",[18],"Left deeply in debt after their boss flees the country, four import company employees start producing online video content to keep themselves afloat.",,2026-05-17T16:57:37.771175
151732,Life Sentence,Life Sentence,73.42,6.1,3097,2018-09-01,"[""United States""]",[18],"Cured of what she thought was terminal cancer, Stella Abbott faces a slew of experiences – good and bad – resulting from years of ""living for today.""",,2026-05-17T16:57:37.771695
151733,Marvel's Luke Cage,Marvel's Luke Cage,32.06,6.5,1604,2018-09-01,"[""United States""]",[18],"A hoodie-wearing, unbreakable ex-con fights to clear his name and save his neighborhood. He wasn't looking for a fight, but the people need a hero.",,2026-05-17T16:57:37.772409
151734,Club de Cuervos Presents: The Ballad of Hugo Sánchez,Club de Cuervos Presents: The Ballad of Hugo Sánchez,360.36,8.1,4137,2018-09-01,"[""United States""]",[18],Chava Iglesias's doting personal assistant Hugo Sánchez is tasked with leading Club de Cuervos to victory in Nicaragua – if only his mom will let him.,,2026-05-17T16:57:37.772669
151735,True: Magical Friends,True: Magical Friends,160.66,6.3,1846,2018-09-01,"[""US""]",[18],The power of friendship can solve any problem – and the Rainbow Kingdom's got plenty to go around. Cue Bartleby and True for the rescue!,,2026-05-17T16:57:37.772894
151736,True: Wonderful Wishes,True: Wonderful Wishes,14.12,5.8,4589,2018-09-01,"[""US""]",[18],Do-gooding True and Bartleby will go anywhere to make wishes come true – from the bottom of the Living Sea to the tip of Mount Tippy Tippy Top!,,2026-05-17T16:57:37.773270
151737,The Staircase,The Staircase,97.79,6.5,998,2018-09-01,"[""France""]",[18],"Accident or murder? After the mysterious death of his wife, author Michael Peterson watches his life go under the microscope.",,2026-05-17T16:57:37.773459
151738,The Night Shift,The Night Shift,109.6,9.3,2531,2017-09-01,"[""United States""]",[18],"After returning from a dangerous tour of duty, an Army doctor finds that working the night shift at a San Antonio hospital can be treacherous, too.",,2026-05-17T16:57:37.773785
151739,Dinosaur King,Dinosaur King,283.37,6.5,3656,2008-09-01,"[""Japan""]",[18],"Aided by tablets found near a downed meteorite, Max, Rex and Zoe race the evil Alpha Gang as they travel the globe in search of living dinosaurs.",,2026-05-17T16:57:37.774031
151740,November 13: Attack on Paris,November 13: Attack on Paris,148.78,7.1,2135,2018-09-01,"[""France""]",[18],"Survivors and first responders share personal stories of anguish, kindness and bravery that unfolded amid the Paris terror attacks of Nov. 13, 2015.",,2026-05-17T16:57:37.774360
151741,Unbreakable Kimmy Schmidt,Unbreakable Kimmy Schmidt,108.64,9.2,6778,2019-09-01,"[""United States""]",[18],"When a woman is rescued from a doomsday cult and lands in New York City, she must navigate a world she didn’t think even existed anymore.",,2026-05-17T16:57:37.774535
151742,Arrested Development,Arrested Development,125.09,6.8,3411,2019-09-01,"[""United States""]",[18],"It's the Emmy-winning story of a wealthy family that lost everything, and the one son who had no choice but to keep them all together.",,2026-05-17T16:57:37.774756
151743,The Break with Michelle Wolf,The Break with Michelle Wolf,6.86,8.6,5283,2018-09-01,"[""United States""]",[18],Nobody's safe as Michelle Wolf unapologetically takes aim in this weekly topical show that blends sketches with live comedy and in-studio guests.,,2026-05-17T16:57:37.774920
151744,Something in the Rain,Something in the Rain,304.36,7.1,7607,2018-09-01,"[""South Korea""]",[18],"Reunited with her best friend’s younger brother, who’s back from a stint abroad, a recently dumped career woman begins to see him in a new light.",,2026-05-17T16:57:37.775131
151745,Trollhunters,Trollhunters,182.19,7.3,2062,2018-09-01,"[""United States""]",[18],"After uncovering a mysterious amulet, an average teen assumes an unlikely destiny and sets out to save two worlds. Created by Guillermo del Toro.",,2026-05-17T16:57:37.775315
151746,Mob Psycho 100,Mob Psycho 100,190.33,7.3,2575,2018-09-01,"[""Japan""]",[18],"There's an organization gathering espers for a nefarious purpose. Powerful psychic Mob, however, is just trying to be the protagonist of his own life.",,2026-05-17T16:57:37.775454
151747,Dance & Sing with True,Dance & Sing with True,197.47,7.7,7437,2018-09-01,"[""US""]",[18],"True and her friends are making music – and they want you to dance and sing along. So cut loose, silly goose! These fun beats are totally sweet.",,2026-05-17T16:57:37.775758
151748,Inspector Gadget,Inspector Gadget,184.86,6.2,8079,2017-09-01,"[""Canada""]",[18],"Inspector Gadget is back and must face his old enemy, the evil Dr. Claw, who has reactivated MAD, his global crime syndicate.",,2026-05-17T16:57:37.775936
151749,Saint Seiya: The Lost Canvas,Saint Seiya: The Lost Canvas,15.04,5.2,4888,2009-09-01,"[""Japan""]",[18],This anime adventure follows the battle between a saint of Athena and an avatar of Hades who's working on a painting that could destroy the world.,,2026-05-17T16:57:37.776096
151750,Bill Nye Saves the World,Bill Nye Saves the World,301.88,5.9,5801,2018-09-01,"[""United States""]",[18],Emmy-winning host Bill Nye brings experts and famous guests to his lab for a talk show exploring scientific issues that touch our lives.,,2026-05-17T16:57:37.776497
151751,Evil Genius,Evil Genius,287.6,6.7,3199,2018-09-01,"[""United States""]",[18],This baffling true crime story starts with the grisly death of a pizza man who robs a bank with a bomb around his neck – and gets weirder from there.,,2026-05-17T16:57:37.776797
151752,The Who Was? Show,The Who Was? Show,200.98,5.0,3516,2018-09-01,"[""United States""]",[18],Fresh voices bring some of the most famous names in history to life. A live-action sketch comedy show based on the series of best-selling books.,,2026-05-17T16:57:37.776970
151753,A Little Help with Carol Burnett,A Little Help with Carol Burnett,410.63,7.5,3688,2018-09-01,"[""United States""]",[18],"Comedy icon Carol Burnett returns to TV with a panel of clever kids, who help adults and celebrity guests solve their problems with brutal honesty.",,2026-05-17T16:57:37.777189
151754,Kong: King of the Apes,Kong: King of the Apes,125.33,5.0,1927,2018-09-01,"[""United States""]",[18],"In 2050, an evil scientist is about to unleash an army of robotic dinosaurs. Now it's up to Kong and friends to fight back and save the day.",,2026-05-17T16:57:37.777432
151755,Simon,Simon,152.31,4.2,4344,2016-09-01,"[""France""]",[18],"With his vivid imagination, Simon the rabbit searches for fun while learning about the importance of responsibility and communication.",,2026-05-17T16:57:37.777736
151756,Spiritual House,Spiritual House,29.68,6.0,1972,2017-09-01,"[""US""]",[18],"Psychic Hiroyuki Ehara leads various celebrities through spiritual consultations, probing into their issues and spotlighting their accomplishments.",,2026-05-17T16:57:37.777999
151757,Black Crows,Black Crows,11.55,5.2,1532,2017-09-01,"[""Saudi Arabia""]",[18],"This drama portrays women and kids living under the Islamic State group: a Yazidi slave, an undercover reporter, a recruited mom and child snipers.",,2026-05-17T16:57:37.778436
151758,Bobby Kennedy for President,Bobby Kennedy for President,75.4,4.6,1671,2018-09-01,"[""US""]",[18],"Historic footage and leading voices of the era examine the ""Bobby Phenomenon"" of the 1960s and the legacy of the man who helped redefine the country.",,2026-05-17T16:57:37.778681
151759,Goodnight DJ 1,Goodnight DJ 1,238.15,6.7,3908,2016-09-01,"[""US""]",[18],"Young radio announcers from varying backgrounds encounter the supernatural in mysterious dreams, accidents and everyday life.",,2026-05-17T16:57:37.778961
151760,Moving On,Moving On,129.0,7.0,7719,2016-09-01,"[""US""]",[18],"Family problems, relationship issues and professional challenges dog law graduate Melissa Chan following her return from London to Malaysia.",,2026-05-17T16:57:37.779137
151761,Trio and a Bed,Trio and a Bed,185.06,4.9,394,2016-09-01,"[""US""]",[18],"After graduation, three women from distinct backgrounds find themselves in the real world, facing the challenges of work, romance and unexpected fame.",,2026-05-17T16:57:37.779287
151762,海的儿子,海的儿子,186.95,7.8,1243,2016-09-01,"[""US""]",[18],"Two brothers start a new life in Singapore, where they run into a childhood friend who falls in love with the elder while attracting the younger.",,2026-05-17T16:57:37.779424
151763,Charité,Charité,58.54,6.8,1416,2017-09-01,"[""Germany""]",[18],"At Berlin's Charité hospital in 1888, Ida finds romance, a path to her dream job and an inside look into cures for tuberculosis and diphtheria.",,2026-05-17T16:57:37.779737
151764,The Chalet,The Chalet,97.68,6.6,1252,2018-09-01,"[""France""]",[18],Friends gathered at a remote chalet in the French Alps for a summer getaway are caught in a deadly trap as a dark secret from the past comes to light.,,2026-05-17T16:57:37.779940
151765,The Honeymoon Stand Up Special,The Honeymoon Stand Up Special,78.44,8.6,1015,2018-09-01,"[""United States""]",[18],"Impending parenthood does funny things to Natasha Leggero and Moshe Kasher, who dissect family, relationships and more in a trio of stand-up specials.",,2026-05-17T16:57:37.780124
151766,The Magic School Bus Rides Again,The Magic School Bus Rides Again,264.78,2.4,2388,2018-09-01,"[""United States""]",[18],"Ms. Frizzle's kid sister Fiona takes the wheel at Walkerville Elementary, leading the class on wild adventures packed with science-fueled fun.",,2026-05-17T16:57:37.780294
151767,AMO,AMO,140.56,6.0,4378,2017-09-01,"[""Philippines""]",[18],"Despite the Philippine government's crackdown on narcotics, high schooler Joseph expands his drug running while his cop uncle profits from corruption.",,2026-05-17T16:57:37.780475
151768,Troy,Troy,209.27,4.6,1648,2018-09-01,"[""United Kingdom""]",[18],"Searching for the woman promised to him by Aphrodite, herdsman Paris learns his true identity and falls for Helen of Sparta, igniting the Trojan War.",,2026-05-17T16:57:37.780760
151769,Wakfu,Wakfu,61.78,8.1,4832,2017-09-01,"[""France""]",[18],"Yugo, a 12-year-old Eliatrope with special powers, sets out on a mission to find his true family and uncover the mysteries of Wakfu.",,2026-05-17T16:57:37.780938
151770,Star Trek: The Next Generation,Star Trek: The Next Generation,110.06,7.6,1718,1993-09-01,"[""United States""]",[18],"Decades after the adventures of the original Enterprise crew, Capt. Jean-Luc Picard leads a new Enterprise on missions to explore unknown worlds.",,2026-05-17T16:57:37.781118
151771,Fallet,Fallet,87.95,5.1,5381,2017-09-01,"[""Sweden""]",[18],A Swedish detective and her timid British colleague's attempt to solve a gruesome murder case nets mixed results and miscommunication.,,2026-05-17T16:57:37.781278
151772,Loaded,Loaded,4.79,7.0,546,2017-09-01,"[""United Kingdom""]",[18],Four friends become overnight millionaires after selling their video game start-up. But their newfound status tests their friendship and resolve.,,2026-05-17T16:57:37.781423
151773,Doctor Foster,Doctor Foster,123.15,4.9,945,2017-09-01,"[""United Kingdom""]",[18],"When she suspects her husband is cheating on her, Dr. Gemma Foster starts an investigation that leads her down a dark path of obsession.",,2026-05-17T16:57:37.781878
151774,Rapture,Rapture,73.24,6.0,8414,2018-09-01,"[""United States""]",[18],Groundbreaking artists share their life stories in this vibrant documentary series that captures hip-hop's impact on global culture.,,2026-05-17T16:57:37.782524
151775,Trailer Park Boys,Trailer Park Boys,302.85,7.6,2549,2018-09-01,"[""Canada""]",[18],Follow the booze-fueled misadventures of three longtime pals and petty serial criminals who run scams from their Nova Scotia trailer park.,,2026-05-17T16:57:37.782969
151776,Trump: An American Dream,Trump: An American Dream,231.96,6.1,1882,2018-09-01,"[""United Kingdom""]",[18],"Friends, associates and critics reveal the truly American story of Donald Trump, the brash businessman who defied the odds to become U.S. president.",,2026-05-17T16:57:37.783236
151777,James Acaster: Repertoire,James Acaster: Repertoire,384.68,7.2,1502,2018-09-01,"[""United Kingdom""]",[18],"Offbeat comic James Acaster covers the strange, the mundane and everything in between in this collection of four wide-ranging stand-up specials.",,2026-05-17T16:57:37.783408
151778,Requiem,Requiem,45.49,5.8,1107,2018-09-01,"[""United Kingdom""]",[18],"In the wake of a sudden tragedy, a London cellist unearths secrets that link her mother to the disappearance of a young girl in a small Welsh town.",,2026-05-17T16:57:37.783582
151779,The Standups,The Standups,49.11,7.3,2754,2018-09-01,"[""United States""]",[18],"Comedy's freshest voices take the stage in LA for six half-hour specials packed with sly jokes, hilarious anecdotes and awkward confessions.",,2026-05-17T16:57:37.783741
151780,Edha,Edha,88.73,8.0,3194,2018-09-01,"[""Argentina""]",[18],"Revenge, passion and dark secrets push a successful fashion designer and single mother to her limits when she meets a handsome and mysterious man.",,2026-05-17T16:57:37.783883
151781,Wild Wild Country,Wild Wild Country,128.38,4.7,3309,2018-09-01,"[""United States""]",[18],"When a controversial cult leader builds a utopian city in the Oregon desert, conflict with the locals escalates into a national scandal.",,2026-05-17T16:57:37.784020
151782,Secret of the Nile,Secret of the Nile,104.14,7.1,2113,2016-09-01,"[""Egypt""]",[18],"When his sister disappears while working at the Grand Hotel, a man joins the staff to get answers. Inside its posh walls, he finds love and intrigue.",,2026-05-17T16:57:37.784175
151783,Tabula Rasa,Tabula Rasa,282.1,6.8,2949,2017-09-01,"[""Belgium""]",[18],"When a young woman with amnesia becomes a key figure in a missing persons case, she must reconstruct her memories to clear her name.",,2026-05-17T16:57:37.784321
151784,Children of the Whales,Children of the Whales,77.78,5.3,174,2017-09-01,"[""Japan""]",[18],"As a magic wielder, young archivist Chakuro knows his time is short, but everything changes when a girl from the outside appears on his island.",,2026-05-17T16:57:37.784452
151785,A.I.C.O.,A.I.C.O.,159.87,6.0,1440,2018-09-01,"[""Japan""]",[18],Everything Aiko knew was a lie. Now she's joining a team of Divers to reach the place where the Burst began to stop it for good and save her family.,,2026-05-17T16:57:37.785312
151786,Collateral,Collateral,240.65,8.2,1760,2018-09-01,"[""United Kingdom""]",[18],"Investigating the murder of a pizza delivery man, a London detective uncovers a tangled conspiracy involving drug dealers, smugglers and spies.",,2026-05-17T16:57:37.785835
151787,Bad Guys: Vile City,Bad Guys: Vile City,162.42,5.5,3516,2018-09-01,"[""South Korea""]",[18],"Ordered to take down a villainous business leader who controls the city, a prosecutor gathers a team of men who may not be so clean themselves.",,2026-05-17T16:57:37.786060
151788,Borderliner,Borderliner,285.63,7.2,6369,2017-09-01,"[""Norway""]",[18],"To protect his family, a police detective covers up a murder case. But when his partner suspects foul play, he is trapped in a dangerous game on duty.",,2026-05-17T16:57:37.786270
151789,Flint Town,Flint Town,105.86,8.2,1816,2018-09-01,"[""United States""]",[18],"Over a two-year period, filmmakers embedded with cops in Flint, Michigan, reveal a department grappling with volatile issues in untenable conditions.",,2026-05-17T16:57:37.786444
151790,21 Thunder,21 Thunder,3.13,7.3,4237,2017-09-01,"[""Canada""]",[18],"Players and coaches for a Montreal soccer team chase dreams of stardom while their personal lives erupt with love, fear, passion and violence.",,2026-05-17T16:57:37.787048
151791,Best Lover,Best Lover,25.05,6.3,3935,2016-09-01,"[""South Korea""]",[18],"Two young stars with different backgrounds and agendas enter into a fake marriage to advance their careers, until the fake starts turning real.",,2026-05-17T16:57:37.787388
151792,Marseille,Marseille,64.24,5.7,1340,2018-09-01,"[""France""]",[18],The longtime mayor of Marseille is preparing to hand over the reins to his protégé when a sudden and ruthless battle erupts for control of the city.,,2026-05-17T16:57:37.787621
151793,Seven Seconds,Seven Seconds,312.96,8.0,5098,2018-09-01,"[""United States""]",[18],The death of a 15-year-old African American boy in Jersey City sets off a police cover-up and a search for the truth.,,2026-05-17T16:57:37.787845
151794,Hitler's Circle of Evil,Hitler's Circle of Evil,102.95,6.3,3157,2017-09-01,"[""United Kingdom""]",[18],"Surviving power struggles, betrayals and plots, Hitler's inner circle of Nazi leaders seizes control of Germany and designs its disastrous future.",,2026-05-17T16:57:37.787995
151795,The Frankenstein Chronicles,The Frankenstein Chronicles,279.43,5.6,5162,2017-09-01,"[""United Kingdom""]",[18],"A detective tracks what seems to be a killer with a taste for dismemberment in 1827 London, but the case leads in a far more terrifying direction.",,2026-05-17T16:57:37.788156
151796,Dragons: Race to the Edge,Dragons: Race to the Edge,164.27,5.7,1487,2018-09-01,"[""United States""]",[18],"From the creators of ""How to Train Your Dragon"" comes an all-new Netflix original series that takes Hiccup and Toothless to the edge of adventure!",,2026-05-17T16:57:37.788305
151797,Everything Sucks!,Everything Sucks!,29.4,5.0,3500,2018-09-01,"[""United States""]",[18],"It's 1996 in a town called Boring, where high school misfits in the AV and drama clubs brave the ups and downs of teenage life in the VHS era.",,2026-05-17T16:57:37.788443
151798,Re:Mind,Re:Mind,281.16,4.0,6613,2017-09-01,"[""Japan""]",[18],"Eleven high school classmates awaken, restrained to a large dining room. While fearing for their lives, they question a motive to this bizarre act.",,2026-05-17T16:57:37.788659
151799,Valor,Valor,93.44,7.1,4168,2017-09-01,"[""United States""]",[18],"Following an unsuccessful mission in Somalia, the two surviving members of a U.S. Army helicopter crew are embroiled in an unseemly conspiracy.",,2026-05-17T16:57:37.789205
151800,Coach Snoop,Coach Snoop,210.67,6.0,2887,2018-09-01,"[""United States""]",[10764],"Fueled by his own rough upbringing, Snoop Dogg creates a youth football league to keep at-risk kids off the streets and focused on their goals.",,2026-05-17T16:57:37.789378
151801,Under Arrest,Under Arrest,106.43,4.0,9901,2016-09-01,"[""United States""]",[18],"Cameras follow police officers as they solve crimes, assist the public and arrest lawbreakers in this reality series.",,2026-05-17T16:57:37.789516
151802,Retribution,Retribution,29.9,3.1,1866,2016-09-01,"[""United Kingdom""]",[18],A dark web of secrets and lies emerges when a newlywed couple is killed and detectives question their feuding families.,,2026-05-17T16:57:37.790217
151803,The Adventures of Puss in Boots,The Adventures of Puss in Boots,92.11,6.6,2894,2018-09-01,"[""United States""]",[18],"The world's greatest feline fighter, lover and milk connoisseur takes on daring adventures in exotic locations in this family-friendly comedy series.",,2026-05-17T16:57:37.790454
151804,Prison Playbook,Prison Playbook,113.92,6.1,3020,2017-09-01,"[""South Korea""]",[18],"With his major league baseball debut right around the corner, a star pitcher lands in prison and must learn to navigate his new world.",,2026-05-17T16:57:37.791407
151805,The Shannara Chronicles,The Shannara Chronicles,302.72,6.4,2480,2018-09-01,"[""United States""]",[18],"After the destruction of civilization, three young heroes become Earth's last hope for salvation when a massive force of demons threatens the planet.",,2026-05-17T16:57:37.791698
151806,Love and Hong Kong,Love and Hong Kong,332.81,5.2,3956,2017-09-01,"[""Japan""]",[18],The lives of five strangers become intertwined forever when a starlet filming a documentary is kidnapped on the streets of Hong Kong.,,2026-05-17T16:57:37.791916
151807,Tiempos de guerra,Tiempos de guerra,239.75,6.5,5063,2017-09-01,"[""Spain""]",[18],"In 1921, nurse trainees from Madrid's upper class open a hospital in Melilla for Rif War soldiers, finding friendship and romance while saving lives.",,2026-05-17T16:57:37.792105
151808,Godzilla,Godzilla,322.93,9.0,1493,2017-09-01,"[""Japan""]",[18],"A desperate group of refugees attempts to recolonize Earth 20,000 years after Godzilla took over. But one young man wants revenge above all else.",,2026-05-17T16:57:37.792281
151809,Disjointed,Disjointed,147.89,7.2,6095,2018-09-01,"[""United States""]",[18],Pot activist Ruth Whitefeather Feldman runs a medical marijuana dispensary while encouraging her loyal patients to chill out and enjoy the high life.,,2026-05-17T16:57:37.792440
151810,Tundukkan Playboy Itu,Tundukkan Playboy Itu,126.84,8.4,2450,2016-09-01,"[""US""]",[18],"Under pressure from his parents to settle down, a pleasure-seeking playboy falls for a woman who's like nobody he's ever met.",,2026-05-17T16:57:37.794944
151811,Episodes,Episodes,478.54,6.7,2509,2017-09-01,"[""United Kingdom""]",[18],"Hoping to create an American version of their hit British sitcom, two screenwriters run into cultural obstacles, starting with the lead character.",,2026-05-17T16:57:37.796365
151812,Devilman Crybaby,Devilman Crybaby,371.14,5.2,5263,2018-09-01,"[""Japan""]",[18],"With demons reawakened and humanity in turmoil, a sensitive demon-boy is led into a brutal, degenerate war against evil by his mysterious friend, Ryo.",,2026-05-17T16:57:37.796656
151813,Fullmetal Alchemist,Fullmetal Alchemist,24.18,5.1,4601,2003-09-01,"[""Japan""]",[18],"Brothers Edward and Alphonse use alchemy to resurrect their mother, but they unleash a chemical reaction that tears apart their bodies.",,2026-05-17T16:57:37.796838
151814,Fullmetal Alchemist: Brotherhood,Fullmetal Alchemist: Brotherhood,43.2,6.4,5806,2010-09-01,"[""Japan""]",[18],After both suffer physical damage – brothers Edward and Alphonse battle nefarious forces to try to reclaim their bodies in this supernatural anime.,,2026-05-17T16:57:37.796981
151815,Lovesick,Lovesick,8.42,7.0,6019,2018-09-01,"[""United Kingdom""]",[18],"In his quest for true love, Dylan found chlamydia. Joined by friends Evie and Luke, he relives past encounters as he notifies all his former partners.",,2026-05-17T16:57:37.797352
151816,Pokémon: Indigo League,Pokémon: Indigo League,256.52,6.8,2672,2000-09-01,"[""Japan""]",[18],"Explore the world of Pokémon with 10-year-old Ash Ketchum and his partner, Pikachu, as they aim for Ash's ultimate goal: becoming a Pokémon master.",,2026-05-17T16:57:37.797525
151817,The Frozen Dead,The Frozen Dead,42.52,5.6,7738,2017-09-01,"[""France""]",[18],A grisly find atop a mountain in the French Pyrenees leads investigator Martin Servaz into a twisted dance with a serial killer in this icy thriller.,,2026-05-17T16:57:37.800350
151818,Dave Chappelle: Equanimity & The Bird Revelation,Dave Chappelle: Equanimity & The Bird Revelation,31.0,5.1,6880,2017-09-01,"[""United States""]",[18],"Comedy titan Dave Chappelle caps a wild year with two stand-up specials packed with scorching new material, self-reflection and tough love.",,2026-05-17T16:57:37.801822
151819,La Mante,La Mante,17.78,5.9,2177,2017-09-01,"[""France""]",[18],"Decades after her capture, a serial killer offers to help solve a string of copycat murders – but only if her son, now a cop, will work by her side.",,2026-05-17T16:57:37.802121
151820,Wadi,Wadi,27.25,4.4,3132,2015-09-01,"[""US""]",[18],"After the death of his father, a passive and good-natured teenager named Wadi struggles with family, work and love.",,2026-05-17T16:57:37.802299
151821,Part-Time Idol,Part-Time Idol,94.04,5.6,2827,2017-09-01,"[""US""]",[18],"After taking a break from the business, a music producer returns with a new project in mind: launching a co-ed pop idol group.",,2026-05-17T16:57:37.802445
151822,Myths & Monsters,Myths & Monsters,44.04,5.1,6061,2017-09-01,"[""United Kingdom""]",[18],This documentary series takes us to the mythic landscapes of Europe to explore some of most enduring legends produced by European culture.,,2026-05-17T16:57:37.803805
151823,72 Dangerous Animals: Latin America,72 Dangerous Animals: Latin America,129.91,8.7,9575,2017-09-01,"[""Australia""]",[18],"Powerful cats, indestructible arachnids and flesh-melting pit vipers are just the beginning in this series about Latin America's deadliest creatures.",,2026-05-17T16:57:37.804119
151824,The Indian Detective,The Indian Detective,33.58,4.6,1464,2017-09-01,"[""Canada""]",[18],"In this crime dramedy, a suspended Canadian cop visits his father in Mumbai and assists in investigating a huge criminal operation with links to home.",,2026-05-17T16:57:37.804289
151825,"Hello, My Twenties!","Hello, My Twenties!",79.49,4.2,3172,2017-09-01,"[""South Korea""]",[18],"With different personalities, life goals and taste in men, five female college students become housemates in a shared residence called Belle Epoque.",,2026-05-17T16:57:37.804433
151826,Cheuk Wan-Chi: Two Night Stand,Cheuk Wan-Chi: Two Night Stand,43.91,6.3,8152,2015-09-01,"[""US""]",[18],Writer and stand-up comedian Cheuk Wan-chi cracks wise at the follies of single womanhood and takes on politics in Hong Kong with nuance and flair.,,2026-05-17T16:57:37.804602
151827,Wormwood,Wormwood,160.33,6.7,8200,2017-09-01,"[""United States""]",[18],"In this genre-bending tale, Errol Morris explores the mysterious death of a U.S. scientist entangled in a secret Cold War program known as MK-Ultra.",,2026-05-17T16:57:37.804755
151828,Halt and Catch Fire,Halt and Catch Fire,253.51,6.4,1220,2017-09-01,"[""United States""]",[18],"Re-creating the dawn of the personal computer era, this digital drama tracks the fates of an industry visionary and his brilliant colleagues.",,2026-05-17T16:57:37.804893
151829,Dawai Asmara,Dawai Asmara,113.3,7.3,3513,2016-09-01,"[""US""]",[18],"Following life-changing traumas, two girls from different backgrounds fight to discover the identities of their biological parents.",,2026-05-17T16:57:37.805020
151830,All Hail King Julien,All Hail King Julien,26.7,7.3,6239,2017-09-01,"[""United States""]",[18],"In this Emmy winner for Outstanding Children's Animated Program, Madagascar booty-shaker King Julien takes on the jungle’s craziest adventures.",,2026-05-17T16:57:37.805170
151831,Dhia Sofea,Dhia Sofea,160.41,7.1,8463,2015-09-01,"[""Malaysia""]",[18],"After discovering that she was adopted as an infant, a young woman embarks on a perilous quest to connect with her biological mother.",,2026-05-17T16:57:37.805310
151832,Kantaro: The Sweet Tooth Salaryman,Kantaro: The Sweet Tooth Salaryman,39.53,7.6,7478,2017-09-01,"[""Japan""]",[18],Elite publishing sales rep Kantaro wraps up his client visits in record time so he can secretly pursue his quest to indulge in the tastiest of sweets.,,2026-05-17T16:57:37.805435
151833,Oggy and the Cockroaches,Oggy and the Cockroaches,284.09,5.5,6740,2017-09-01,"[""France""]",[18],"Wimpy blue cat Oggy would like nothing more than to snooze, but he's constantly bothered by the three ugly cockroaches who have invaded his home.",,2026-05-17T16:57:37.810716
151834,Padamu Aku Bersujud,Padamu Aku Bersujud,217.07,7.1,648,2015-09-01,"[""US""]",[18],"The son of poor farmers leaves his village to seek his fortune in Kuala Lumpur, where he meets a young woman who's also trying to better her life.",,2026-05-17T16:57:37.811125
151835,TURN: Washington's Spies,TURN: Washington's Spies,86.87,4.6,5145,2017-09-01,"[""United States""]",[18],"Set in 1778, this period drama recounts the story of Abe Woodhull, an American cabbage farmer obliged to begin spying on the British enemy.",,2026-05-17T16:57:37.811362
151836,Man Down,Man Down,140.24,7.9,2174,2017-09-01,"[""United Kingdom""]",[18],"A childish idiot trapped in an adult's body, schoolteacher Dan hates his job, hates his girlfriend-less life and has good reason to fear his dad.",,2026-05-17T16:57:37.811535
151837,Broadchurch,Broadchurch,97.41,8.1,1298,2017-09-01,"[""United Kingdom""]",[18],"After a young boy is murdered in the small seaside town of Broadchurch, local detectives Ellie Miller and Alec Hardy are assigned the mysterious case.",,2026-05-17T16:57:37.812125
151838,The Many Faces of Ito,The Many Faces of Ito,80.38,6.9,3573,2017-09-01,"[""Japan""]",[18],A jaded rom-com screenwriter in her 30s mines four love-sick women for their stories under the guise of providing them with romantic advice.,,2026-05-17T16:57:37.812590
151839,Trailer Park Boys: Out of the Park: USA,Trailer Park Boys: Out of the Park: USA,115.79,6.6,5862,2017-09-01,"[""US""]",[18],"The boys are back on the loose as Bubbles, Julian and Ricky head south of the Canadian border for some outrageous American adventures.",,2026-05-17T16:57:37.812864
151840,Bright: The Music Videos,Bright: The Music Videos,144.18,6.7,748,2017-09-01,"[""US""]",[18],"Explore the hit songs from the Will Smith film ""Bright"" in these music videos from Machine Gun Kelly, Bastille, Logic, Migos and friends.",,2026-05-17T16:57:37.815708
151841,Argon,Argon,165.14,6.6,533,2017-09-01,"[""South Korea""]",[18],"In a world filled with provocative (and often misleading) news, a passionate team of investigative TV reporters strives to bring truths to light.",,2026-05-17T16:57:37.816050
151842,Godless,Godless,226.82,6.9,1891,2017-09-01,"[""United States""]",[18],"A ruthless outlaw terrorizes the West in search of a former member of his gang, who’s found a new life in a quiet town populated only by women.",,2026-05-17T16:57:37.816263
151843,Longmire,Longmire,313.56,4.8,4395,2017-09-01,"[""United States""]",[18],This contemporary crime thriller focuses on a Wyoming sheriff who's rebuilding his life and career following the death of his wife.,,2026-05-17T16:57:37.816421
151844,Luna Petunia,Luna Petunia,93.43,5.9,781,2017-09-01,"[""United States""]",[18],"With help from her magic toy chest, fun-loving Luna Petunia enters the fantastic land of Amazia, where adventures, friendship and learning await.",,2026-05-17T16:57:37.816640
151845,Shot in the Dark,Shot in the Dark,61.92,5.4,5338,2017-09-01,"[""United States""]",[10764],"Three rival freelance stringers scour the streets at night to film crime scenes, fires, accidents – and anything else they can sell to news outlets.",,2026-05-17T16:57:37.816898
151846,The Irregular at Magic High School,The Irregular at Magic High School,75.86,6.4,3176,2014-09-01,"[""Japan""]",[18],"Siblings Tatsuya and Miyuki enroll at Magic High School, where Miyuki's honors status comes between her and her underachieving older brother.",,2026-05-17T16:57:37.817136
151847,The Method,The Method,117.31,5.9,878,2015-09-01,"[""Russia""]",[18],An ambitious young law enforcement graduate is thrilled when her idol takes her on as a trainee. But his methods aren't anything like she imagined.,,2026-05-17T16:57:37.817303
151848,Blazing Transfer Students,Blazing Transfer Students,198.21,6.4,2426,2017-09-01,"[""Japan""]",[18],"Featuring the boys of Johnny's West, a gang of zany transfer students are recruited for a mysterious mission ordained by their shadowy principal.",,2026-05-17T16:57:37.817445
151849,Glitter Force Doki Doki,Glitter Force Doki Doki,134.77,6.8,481,2017-09-01,"[""Japan""]",[18],Four girls summon their inner superheroes to defend Earth and the magical kingdom of Splendorius from King Mercenare and his minions.,,2026-05-17T16:57:37.817633
151850,Lady Dynamite,Lady Dynamite,156.53,7.6,7379,2017-09-01,"[""United States""]",[18],Comedian Maria Bamford stars in a series inspired by her own life. It's the sometimes surreal story of a woman who loses – and then finds – her s**t.,,2026-05-17T16:57:37.817810
151851,Fate/Apocrypha,Fate/Apocrypha,327.97,7.4,3707,2017-09-01,"[""Japan""]",[18],The theft of the Greater Grail from Fuyuki City leads to a splintered timeline in which the Great Holy Grail War is waged on an unprecedented scale.,,2026-05-17T16:57:37.817955
151852,Project Mc²,Project Mc²,233.06,5.5,623,2017-09-01,"[""United States""]",[18],Teenage spy McKeyla teams up with three other super-smart girls to become secret agents who use their science and tech skills to save the day.,,2026-05-17T16:57:37.818107
151853,Akulah Balqis,Akulah Balqis,12.29,6.7,2740,2015-09-01,"[""US""]",[18],"A little girl must enter an orphanage after her parents are arrested, but her life takes a dramatic turn when she escapes and meets a model.",,2026-05-17T16:57:37.818277
151854,Alias Grace,Alias Grace,63.87,6.6,6213,2017-09-01,"[""Canada""]",[18],"In 19th-century Canada, a psychiatrist weighs whether a murderess should be pardoned due to insanity. Based on Margaret Atwood's award-winning novel.",,2026-05-17T16:57:37.818416
151855,The Family Court,The Family Court,157.22,5.9,3305,2010-09-01,"[""US""]",[18],Five lawyers from different firms develop a strong bond of friendship that is occasionally tested by their court cases and growing romantic feelings.,,2026-05-17T16:57:37.819957
151856,The Golden Path,The Golden Path,62.78,8.2,6445,2007-09-01,"[""US""]",[18],"A single mother of five struggles for decades to forge a successful business empire, only to see her family descend into animosity and betrayal.",,2026-05-17T16:57:37.820323
151857,The Little Nyonya,The Little Nyonya,327.76,7.1,1836,2009-09-01,"[""US""]",[18],"An orphaned Chinese woman in Singapore refuses to yield to her lowly station in life, setting her family on a tumultuous course for generations.",,2026-05-17T16:57:37.820530
151858,The Truth,The Truth,86.29,7.3,5830,2008-09-01,"[""US""]",[18],"A devious businessman covets his partner's priceless treasure map, while a related murder case calls into question some biological family ties.",,2026-05-17T16:57:37.820834
151859,Together,Together,20.56,5.6,1815,2009-09-01,"[""Singapore""]",[18],"Spanning 30 years, a group of dedicated and diverse friends experiences happiness and hardship in a newly independent Singapore.",,2026-05-17T16:57:37.821468
151860,Beyond Stranger Things,Beyond Stranger Things,104.99,5.2,1645,2017-09-01,"[""United States""]",[18],"Secrets from the ""Stranger Things 2"" universe are revealed as cast and guests discuss the latest episodes with host Jim Rash. Caution: spoilers ahead!",,2026-05-17T16:57:37.821808
151861,The Mist,The Mist,216.74,6.0,2511,2017-09-01,"[""Canada""]",[18],"Trapped by a mysterious fog, residents of a Maine village discover that it hides nightmarish creatures. A new series based on Stephen King's novella.",,2026-05-17T16:57:37.822653
151862,W1A,W1A,275.64,7.6,7018,2017-09-01,"[""United Kingdom""]",[18],"The new Head of Values at the BBC deals with redefining the company's purpose, events like the arrival of Prince Charles and issues with new programs.",,2026-05-17T16:57:37.822928
151863,Haters Back Off,Haters Back Off,282.59,5.3,1821,2017-09-01,"[""United States""]",[18],"Determined to make it big, the confident but clueless Miranda Sings embarks on an unlikely quest for fame in this offbeat comedy.",,2026-05-17T16:57:37.823110
151864,The Day I Met El Chapo,The Day I Met El Chapo,155.2,5.1,1487,2017-09-01,"[""United States""]",[18],"Mexican superstar actress Kate del Castillo reveals the untold story of her encounter with El Chapo Guzmán, the world’s most-wanted drug lord.",,2026-05-17T16:57:37.823264
151865,In Laws,In Laws,156.9,6.9,9834,2016-09-01,"[""US""]",[18],"Once domineered by her own mother, a well-meaning matriarch has trouble being lax with her children, especially when her daughter-in-law moves in.",,2026-05-17T16:57:37.823408
151866,Laws of Attraction,Laws of Attraction,134.85,7.2,4685,2012-09-01,"[""US""]",[18],"Four couples – a speed-dating pair, a husband and wife, a man living with an older woman and co-workers with opposite views – weather ups and downs.",,2026-05-17T16:57:37.823577
151867,Seven and Me,Seven and Me,87.92,6.4,4464,2017-09-01,"[""France""]",[18],A little girl discovers she’s the modern-day descendant of Snow White when seven dwarfs arrive at her suburban home to serve as her guardian angels.,,2026-05-17T16:57:37.823762
151868,West Coast Customs,West Coast Customs,186.03,8.7,2738,2015-09-01,"[""United States""]",[10764],"West Coast Customs, a mecca for well-heeled car lovers, stars as their team creates some of the most luxurious, outrageous vehicles on the planet.",,2026-05-17T16:57:37.823957
151869,ID-0,ID-0,211.41,5.7,6062,2017-09-01,"[""Japan""]",[18],"In the midst of a field exercise operating I-Machines, Alliance Academy student Maya Mikuri is thrown into an entirely different kind of adventure.",,2026-05-17T16:57:37.826776
151870,Kibaoh Klashers,Kibaoh Klashers,151.85,8.4,2475,2017-09-01,"[""China""]",[18],"Young beetle Dylan and his friends Hailey and Ollie team up to compete against tough opponents in the exciting, high-octane sport of Battle Blading.",,2026-05-17T16:57:37.827170
151871,Beyblade Burst,Beyblade Burst,112.51,6.8,4958,2016-09-01,"[""Japan""]",[18],"Middle schooler Valt Aoi, with his Beyblade Valtryek, faces off against friends, classmates and rivals to become the world's number one Blader.",,2026-05-17T16:57:37.827500
151872,Equestria Girls: Tales of Canterlot High,Equestria Girls: Tales of Canterlot High,119.68,6.5,4994,2017-09-01,"[""United States""]",[18],"In an alternate universe Equestria, the ponies have become teenage girls who must learn what it means to be human while attending Canterlot High.",,2026-05-17T16:57:37.827793
151873,Justice in the City,Justice in the City,125.24,6.5,4424,2012-09-01,"[""US""]",[18],"Repeatedly on opposite sides of civil cases, two lawyers fall in love outside the courtroom, but circumstances hinder their romance from blossoming.",,2026-05-17T16:57:37.827979
151874,Noddy Toyland Detective,Noddy Toyland Detective,74.7,5.3,7577,2016-09-01,"[""France""]",[18],"Toyland’s boy detective, Noddy, solves mysteries and finds missing objects with help from his friends: a panda, a superhero, a dinosaur and a robot.",,2026-05-17T16:57:37.828168
151875,Star Trek: Enterprise,Star Trek: Enterprise,152.06,8.2,6302,2004-09-01,"[""United States""]",[18],"Capt. Archer and his crew explore space and discover human innovation-expanding technologies as they meet new alien races in this ""Star Trek"" prequel.",,2026-05-17T16:57:37.828377
151876,Star Trek: Voyager,Star Trek: Voyager,68.06,4.3,9178,2000-09-01,"[""United States""]",[18],"On Voyager's 75-year journey back to Earth, the crew members encounter unknown species as they draw closer to a mysterious quadrant of space.",,2026-05-17T16:57:37.831715
151877,Sudden,Sudden,183.93,7.3,1352,2013-09-01,"[""Singapore""]",[18],A car accident sends four lawyers spiraling in different directions as they scramble to rebuild their shattered lives.,,2026-05-17T16:57:37.832157
151878,The Dream Catchers,The Dream Catchers,28.99,9.7,2272,2009-09-01,"[""Singapore""]",[18],Four engineers from different walks of life cross paths in pursuit of the same selfless dream: making the world a better place – and finding love.,,2026-05-17T16:57:37.832436
151879,What She Put on the Table,What She Put on the Table,365.54,6.6,3097,2017-09-01,"[""Taiwan""]",[18],"Based on the life of TV chef Fu Pei-mei, this drama follows two women – one rich, the other poor – who fortuitously cross paths in 1950s Taiwan.",,2026-05-17T16:57:37.832679
151880,The Royal House of Windsor,The Royal House of Windsor,101.84,7.1,8230,2017-09-01,"[""United Kingdom""]",[18],"Drawing on newly available info, this show traces how the British royal family has survived the last 100 years of power struggles, politics and more.",,2026-05-17T16:57:37.832879
151881,Mak Cun,Mak Cun,132.58,5.9,7307,2015-09-01,"[""US""]",[18],A woman with an entrepreneurial spirit takes life into her own hands by starting a beauty cream business that inspires other women to take chances.,,2026-05-17T16:57:37.833060
151882,Paul Hollywood's Big Continental Road Trip,Paul Hollywood's Big Continental Road Trip,15.06,5.6,2576,2017-09-01,"[""United Kingdom""]",[18],"Gear up for a fast-paced journey as celebrity chef and avid auto enthusiast Paul Hollywood takes in the cars and culture of France, Italy and Germany.",,2026-05-17T16:57:37.833359
151883,Real Rob,Real Rob,238.73,8.7,1864,2017-09-01,"[""United States""]",[18],Go inside the world of comedian and actor Rob Schneider in this comedy series that follows the ups and downs of his career and family life.,,2026-05-17T16:57:37.835387
151884,Satu Hari,Satu Hari,140.42,5.1,8464,2014-09-01,"[""US""]",[18],"A man haunted by his wife's affair moves to Sarajevo and starts to love again, until fate forces him to choose between his new life and old loyalty.",,2026-05-17T16:57:37.835796
151885,Terrace House: Aloha State,Terrace House: Aloha State,70.72,5.5,2976,2017-09-01,"[""United States""]",[10764],"The beautiful island of Oahu is host to a new batch of six strangers who share a single roof, multiple conflicts and no script in this reality series.",,2026-05-17T16:57:37.836008
151886,Dark Matter,Dark Matter,221.1,5.7,4220,2017-09-01,"[""Canada""]",[18],"After waking up aboard a derelict spaceship with no memories, the crew of the Raza investigates the mystery of their identities and destination.",,2026-05-17T16:57:37.836206
151887,VeggieTales in the City,VeggieTales in the City,260.18,6.3,1562,2017-09-01,"[""United States""]",[18],"With exciting trips to the big city, the ski slopes and beyond, the Veggie friends expand their horizons and learn valuable faith-based lessons.",,2026-05-17T16:57:37.836453
151888,Offspring,Offspring,13.65,6.6,4435,2017-09-01,"[""Australia""]",[18],"A Melbourne obstetrician in her thirties struggles with the increasingly chaotic family, romantic and professional aspects of her life in this drama.",,2026-05-17T16:57:37.836704
151889,Apaches,Apaches,94.06,5.1,6181,2016-09-01,"[""Spain""]",[18],A young journalist is forced into a life of crime to save his father and family in this series based on the novel by Miguel Sáez Carral.,,2026-05-17T16:57:37.836913
151890,Fire Chasers,Fire Chasers,232.22,6.5,2512,2017-09-01,"[""United States""]",[18],"As California's 2016 fire season rages, brave backcountry firefighters race to put out the flames, protect homes and save lives in this docuseries.",,2026-05-17T16:57:37.837170
151891,No Tomorrow,No Tomorrow,66.26,7.7,1040,2016-09-01,"[""United States""]",[18],"Her straitjacketed life turned topsy-turvy by hunky Xavier, Evie discovers a new freedom – even though her man just might be an end-of-days crackpot.",,2026-05-17T16:57:37.837333
151892,Reign,Reign,388.99,6.8,1429,2017-09-01,"[""United States""]",[18],"This vivid historical drama series tells of the rise to power of Mary, Queen of Scots, amid a court full of sexual and political intrigue.",,2026-05-17T16:57:37.837535
151893,Frequency,Frequency,476.22,4.7,4330,2016-09-01,"[""United States""]",[18],"A detective seizes a precious opportunity to change the past when she finds she can communicate with her deceased, estranged father via a time warp.",,2026-05-17T16:57:37.840026
151894,The Vampire Diaries,The Vampire Diaries,359.66,7.3,1938,2016-09-01,"[""United States""]",[18],"Trapped in adolescent bodies, feuding vampire brothers Stefan and Damon vie for the affection of captivating teenager Elena.",,2026-05-17T16:57:37.840320
151895,A Boy Name Flora A,A Boy Name Flora A,328.18,9.4,1449,2017-09-01,"[""Taiwan""]",[18],A 28-year-old layabout begins to re-examine his life when his dysfunctional family assembles to pay respects to a dying grandmother who won’t pass on.,,2026-05-17T16:57:37.840533
151896,A House of Blocks,A House of Blocks,127.01,6.8,4104,2017-09-01,"[""Taiwan""]",[18],"Yijuan and her mentally ill sister Kaiqi struggle to be happy in the face of misfortune, criminal intrigue, marital strife, an exorcism and a ghost.",,2026-05-17T16:57:37.840861
151897,FINAL FANTASY XIV Dad of Light,FINAL FANTASY XIV Dad of Light,8.43,7.4,4689,2017-09-01,"[""Japan""]",[18],A father and son rekindle their bond through the online role-playing game Final Fantasy XIV in this live-action series based on a true story.,,2026-05-17T16:57:37.841118
151898,Gurren Lagann,Gurren Lagann,246.14,6.3,7808,2007-09-01,"[""Japan""]",[18],"When a young laborer escapes to the world aboveground, he discovers a violent land in which humans battle robots controlled by a power-hungry noble.",,2026-05-17T16:57:37.841348
151899,High Risk,High Risk,119.93,5.1,3767,1988-09-01,"[""United States""]",[10764],"From scientists to snake handlers, this series explores what motivates some people to put themselves in jeopardy to perform extraordinary feats.",,2026-05-17T16:57:37.841498
151900,LEGO Elves: Secrets of Elvendale,LEGO Elves: Secrets of Elvendale,115.71,6.0,3804,2017-09-01,"[""United States""]",[18],"Armed with a powerful amulet, a teenage guardian is tasked with protecting her little sister – and all of Elvendale. Based on the popular web series.",,2026-05-17T16:57:37.843896
151901,Narcos,Narcos,57.72,5.2,6582,2017-09-01,"[""United States""]",[18],The true story of Colombia's infamously violent and powerful drug cartels fuels this gritty gangster drama series.,,2026-05-17T16:57:37.844171
151902,Dinotrux,Dinotrux,76.18,7.3,5832,2017-09-01,"[""United States""]",[18],"Half dinosaur, half construction truck, full-on fun! Watch giant Ty Rux, his little buddy Revvit and the crew come face-to-face with evil D-Structs.",,2026-05-17T16:57:37.844347
151903,Marvel's The Defenders,Marvel's The Defenders,297.0,5.6,1022,2017-09-01,"[""United States""]",[18],"Daredevil, Jessica Jones, Luke Cage and Iron Fist join forces to take on common enemies as a sinister conspiracy threatens New York City.",,2026-05-17T16:57:37.844494
151904,20 Minutes,20 Minutes,13.36,8.3,1739,2013-09-01,"[""Turkey""]",[18],"When his wife is convicted of murder, a horrified family man races to prove her innocence while a dogged investigator sets out to uncover the truth.",,2026-05-17T16:57:37.844715
151905,Million Yen Women,Million Yen Women,377.13,5.3,7207,2017-09-01,"[""Japan""]",[18],"Five beautiful but mysterious women move in with unsuccessful novelist Shin, who manages their odd household in exchange for a tidy monthly sum.",,2026-05-17T16:57:37.844904
151906,Wet Hot American Summer: Ten Years Later,Wet Hot American Summer: Ten Years Later,122.92,8.0,10982,2017-09-01,"[""United States""]",[18],"A decade after their wild summer as junior counselors, the gang reunites for a weekend of bonding, hanky-panky and hair-raising adventures.",,2026-05-17T16:57:37.845044
151907,Bountiful Blessings,Bountiful Blessings,2.1,8.4,8654,2011-09-01,"[""Singapore""]",[18],"A former mortal who is now the Kitchen God cooks up celestial turmoil when he impregnates and opens a restaurant with his beloved, reincarnated wife.",,2026-05-17T16:57:37.845206
151908,Close Your Eyes Before It’s Dark,Close Your Eyes Before It’s Dark,42.34,7.0,4162,2016-09-01,"[""Taiwan""]",[18],"While vacationing at a mountain cabin, a group of longtime friends uncovers an old scandal that could have deadly consequences.",,2026-05-17T16:57:37.845342
151909,Entangled,Entangled,112.09,7.8,2957,2014-09-01,"[""South Korea""]",[18],"When the children of two families become friends, they begin to unravel a horrific crime in the past that already linked their fathers to each other.",,2026-05-17T16:57:37.845471
151910,Fartsa,Fartsa,355.83,6.5,2566,2015-09-01,"[""Russia""]",[18],"As four Russian friends grow up in the early '60s, life, love and the curse of success threaten to derail their dreams.",,2026-05-17T16:57:37.847748
151911,"Have You Ever Fallen in Love, Miss Jiang?","Have You Ever Fallen in Love, Miss Jiang?",320.96,6.2,1622,2016-09-01,"[""US""]",[18],A new teacher finds herself in an unenviable situation after witnessing a troubling interaction between an administrator and a student.,,2026-05-17T16:57:37.848102
151912,Life Plan A and B,Life Plan A and B,7.13,6.6,683,2016-09-01,"[""Taiwan""]",[18],Two parallel life paths begin for a man and woman in love after she is offered a lucrative promotion far away and must choose between love and career.,,2026-05-17T16:57:37.848330
151913,Locust,Locust,102.8,7.0,4369,2014-09-01,"[""Russia""]",[18],"A torrid affair between a passionate lowborn poet and a wealthy Moscow heiress is engulfed by class difference, criminality and, eventually, murder.",,2026-05-17T16:57:37.848516
151914,Love Storm,Love Storm,294.5,7.1,1801,2016-09-01,"[""US""]",[18],Three grown siblings must rethink their idea of family when they learn their parents are getting divorced and have their eyes on new partners.,,2026-05-17T16:57:37.850647
151915,Surviving Escobar - Alias JJ,Surviving Escobar - Alias JJ,297.98,6.1,1557,2017-09-01,"[""US""]",[18],"As the Medellín Cartel crumbles, Pablo Escobar's No. 1 hit man struggles to stay alive and gain respect in the prison hierarchy.",,2026-05-17T16:57:37.850959
151916,The In-Laws,The In-Laws,220.01,6.1,2694,2011-09-01,"[""Singapore""]",[18],"She swore not to meddle in her kids' lives like her mother-in-law meddled in hers. But when her sons get married, that vow proves not so easy to keep.",,2026-05-17T16:57:37.851184
151917,The IT Crowd,The IT Crowd,22.85,6.2,6308,2013-09-01,"[""United Kingdom""]",[18],"Aided by a tech-illiterate manager, a pair of basement-dwelling dweebs makes the most of life in IT at a corporation run by a cloddish new owner.",,2026-05-17T16:57:37.851394
151918,Vexed,Vexed,171.46,5.9,4043,2012-09-01,"[""United Kingdom""]",[18],Charming slacker DI Jack Armstrong and driven professional DI Kate Bishop try to solve crimes together without driving each other crazy.,,2026-05-17T16:57:37.851532
151919,World War II in Colour,World War II in Colour,529.67,7.9,4411,2009-09-01,"[""United Kingdom""]",[18],Footage of the most dramatic moments from World War II is restored in color and high definition for this historical documentary series.,,2026-05-17T16:57:37.851696
151920,Daughters of Destiny,Daughters of Destiny,241.44,6.1,6760,2017-09-01,"[""United States""]",[18],Five girls from India's most impoverished families attend a boarding school designed to create opportunities as they strive for a brighter future.,,2026-05-17T16:57:37.851820
151921,Ari Shaffir: Double Negative,Ari Shaffir: Double Negative,166.72,5.7,657,2017-09-01,"[""United States""]",[18],"Wry yet thoughtful, comedian Ari Shaffir brings his edgy humor to two fast-paced stand-up specials about children and adulthood.",,2026-05-17T16:57:37.852121
151922,Dawn of the Croods,Dawn of the Croods,183.61,8.0,3636,2017-09-01,"[""United States""]",[18],"The world's first family is back for more laughs as they discover sports, sleepovers and other wonders in a world of exotic creatures and adventures.",,2026-05-17T16:57:37.852420
151923,Degrassi: Next Class,Degrassi: Next Class,95.7,5.8,352,2017-09-01,"[""Canada""]",[18],"Degrassi's next generation of high-tech newbies and returning students navigates real-world high school drama. If you're a teen, this is your life.",,2026-05-17T16:57:37.852717
151924,Diamond Lover,Diamond Lover,92.4,6.6,8292,2015-09-01,"[""China""]",[18],"After an accident leads to great weight loss, once-obese Mi Duo embarks on a new life working for her secret crush, diamond company CEO Xiao Liang.",,2026-05-17T16:57:37.852914
151925,King’s War,King’s War,455.22,7.1,2211,2012-09-01,"[""China""]",[18],"In 210 B.C., during the upheaval following the death of Emperor Qin, insurgent warriors Xiang Yu and Liu Bang fight for control of the Chinese empire.",,2026-05-17T16:57:37.853087
151926,Qin Empire: Alliance,Qin Empire: Alliance,43.88,6.2,3496,2012-09-01,"[""China""]",[18],"During the Warring States period, Qin state ruler Duke Xiao recruits statesman Shang Yang to help enact bold reforms that transform western China.",,2026-05-17T16:57:37.853233
151927,The Legend of Bruce Lee,The Legend of Bruce Lee,257.71,7.1,915,2008-09-01,"[""China""]",[18],"The brief but spectacular career of martial arts superstar Bruce Lee is recounted in this drama, starring Danny Chan as the enigmatic and driven Lee.",,2026-05-17T16:57:37.853371
151928,46,46,137.9,9.3,1699,2016-09-01,"[""Turkey""]",[18],"A genetics professor experiments with a treatment for his comatose sister that blends medical and shamanic cures, but unlocks a shocking side effect.",,2026-05-17T16:57:37.853510
151929,Against the Tide,Against the Tide,200.69,9.6,111,2014-09-01,"[""Singapore""]",[18],A detective and a psychologist investigating a string of murders form a crime-solving team with the novelist whose work inspired the killings.,,2026-05-17T16:57:37.855434
151930,Barbie Life in the Dreamhouse,Barbie Life in the Dreamhouse,98.91,6.8,1106,2012-09-01,"[""United States""]",[18],Join blond icon Barbie and her fabulous friends as their behind-the-scenes adventures are revealed in this animated Web series.,,2026-05-17T16:57:37.855683
151931,Breakout,Breakout,266.88,5.9,528,2010-09-01,"[""US""]",[18],"After losing her family in a suspicious car crash, a woman awakens from a 13-year coma determined to expose the truth about the long-ago tragedy.",,2026-05-17T16:57:37.855899
151932,Intersection,Intersection,19.72,8.6,5818,2016-09-01,"[""Turkey""]",[18],"Two wealthy businessmen with car obsessions cross paths with an idealist pediatrician. Love enters the equation, and their lives change for good.",,2026-05-17T16:57:37.856044
151933,Learning Songs by Little Baby Bum: Nursery Rhyme Friends,Learning Songs by Little Baby Bum: Nursery Rhyme Friends,37.52,8.6,2650,2015-09-01,"[""United Kingdom""]",[18],"Simple songs mix with colorful animation to teach youngsters about concepts such as animals, vehicles, numbers, colors and more.",,2026-05-17T16:57:37.856211
151934,Mystic Whispers,Mystic Whispers,97.2,5.7,1092,2014-09-01,"[""Singapore""]",[18],"After a car accident enables a young woman to hear mysterious sounds, she meets a mortician. Together, they listen to ghosts and try to help them.",,2026-05-17T16:57:37.856359
151935,Spice Up,Spice Up,101.31,7.6,745,2014-09-01,"[""US""]",[18],A spoiled young woman steps in to save her family’s restaurant with her cooking and tasting skills while balancing her complicated love life.,,2026-05-17T16:57:37.856490
151936,The Oath,The Oath,409.89,7.1,2843,2011-09-01,"[""Singapore""]",[18],"Two doctors with opposite approaches to treating patients clash on the job and must learn to trust each other's expertise, allowing love to bloom.",,2026-05-17T16:57:37.856661
151937,The Truth Seekers,The Truth Seekers,177.27,7.7,1494,2016-09-01,"[""Singapore""]",[18],"A veteran cop forms an agency dedicated to solving cold cases, including those related to the team members' own painful and mysterious pasts.",,2026-05-17T16:57:37.856897
151938,The Ultimatum,The Ultimatum,379.59,6.1,339,2009-09-01,"[""Singapore""]",[18],"Love and intrigue swirl around two women – one a champion of human rights, the other an ambitious businesswoman – who were switched at birth.",,2026-05-17T16:57:37.857140
151939,Unriddle,Unriddle,48.51,4.5,840,2012-09-01,"[""Singapore""]",[18],"When a hard-nosed detective reluctantly partners with an informant to solve complex cases, she uncovers links to a particularly puzzling cold case.",,2026-05-17T16:57:37.857324
151940,World at Your Feet,World at Your Feet,163.08,7.5,9356,2014-09-01,"[""Singapore""]",[18],"A group of struggling individuals are united by a love of soccer. At the center is Renxin, a reclusive widower and former coach who needs new hope.",,2026-05-17T16:57:37.857478
151941,Yes We Can!,Yes We Can!,71.63,10.7,3870,2014-09-01,"[""Singapore""]",[18],"When a frustrated businessman starts his own firm, it soon morphs into a way to help senior citizens refresh their dying traditional trades.",,2026-05-17T16:57:37.861858
151942,Yours Fatefully,Yours Fatefully,178.94,6.4,4724,2012-09-01,"[""Singapore""]",[18],"Two lonely singles meet on a blind date and slowly get to know each other, unaware that their parents are friends and may be falling in love.",,2026-05-17T16:57:37.862273
151943,Criminal Minds,Criminal Minds,322.81,5.1,6424,2017-09-01,"[""United States""]",[18],This intense police procedural follows a group of extraordinary FBI profilers who spend their days getting into the minds of psychopathic criminals.,,2026-05-17T16:57:37.862585
151944,Gypsy,Gypsy,3.4,7.2,9336,2017-09-01,"[""United States""]",[18],Therapist Jean Holloway develops dangerous and intimate relationships with the people in her patients' lives in this simmering psychological thriller.,,2026-05-17T16:57:37.862870
151945,Little Witch Academia,Little Witch Academia,127.68,7.1,4189,2017-09-01,"[""Japan""]",[18],"Akko enrolls at the Luna Nova Witchcraft Academy. She's not the best student, but her bright attitude is the key to her and her friends' success.",,2026-05-17T16:57:37.863128
151946,Young & Hungry,Young & Hungry,17.57,5.2,263,2017-09-01,"[""United States""]",[18],"A female food blogger is hired as a personal chef by a young tech tycoon and faces a new menu of challenges, both inside and outside of the kitchen.",,2026-05-17T16:57:37.863391
151947,Pac-Man and the Ghostly Adventures,Pac-Man and the Ghostly Adventures,153.7,5.7,1638,2014-09-01,"[""United States""]",[18],Teenage Pac and his loyal crew face the ups and downs of adolescence while protecting Pac-World from a ghostly army led by the evil Betrayus.,,2026-05-17T16:57:37.865693
151948,Aquarius,Aquarius,91.61,4.1,4838,2016-09-01,"[""United States""]",[18],"Amid the turmoil of 1960s LA, two cops and a prominent political family are drawn into the sex- and drug-fueled web of a young Charles Manson.",,2026-05-17T16:57:37.866000
151949,World of Winx,World of Winx,11.4,7.2,8660,2017-09-01,"[""Italy""]",[18],"The reality show ""WOW!"" engages the Winx in their mission, starting an undercover, worldly journey in order to make talented kids' dreams come true.",,2026-05-17T16:57:37.866189
151950,28 Moons,28 Moons,107.8,6.4,2052,2016-09-01,"[""South Korea""]",[18],"When her fiancé acts strangely upon receiving a mysterious invitation, a florist sets out to find out the truth behind the tiny scrap of paper.",,2026-05-17T16:57:37.866383
151951,Magic Phone,Magic Phone,27.03,5.9,1065,2016-09-01,"[""South Korea""]",[18],"When an ordinary guy crosses paths 15 years later with his childhood sweetheart, now an actress, a magic cellphone allows him to be her protector.",,2026-05-17T16:57:37.866682
151952,Man to Man,Man to Man,142.63,3.7,3153,2017-09-01,"[""South Korea""]",[18],"Disguised as a bodyguard, a special agent must complete his national secret tasks while pandering to the whims of his ill-tempered world star.",,2026-05-17T16:57:37.866937
151953,My Little Baby,My Little Baby,405.51,5.9,5082,2016-09-01,"[""South Korea""]",[18],A top detective in the violent crimes unit becomes the sole guardian of his 6-month-old niece when his sister and her husband pass away unexpectedly.,,2026-05-17T16:57:37.867163
151954,Singles Villa,Singles Villa,328.26,3.7,4148,2015-09-01,"[""China""]",[18],"In a luxurious condominium complex with draconian rules forbidding all romance, two residents fall in love and dare to start a secret relationship.",,2026-05-17T16:57:37.867340
151955,Under the Black Moonlight,Under the Black Moonlight,359.05,8.0,7850,2016-09-01,"[""South Korea""]",[18],A college art club welcomes a new member who has the secret ability to smell death and who warns one of them to leave her boyfriend ... or else.,,2026-05-17T16:57:37.869654
151956,My Only Love Song,My Only Love Song,50.35,9.3,7878,2017-09-01,"[""South Korea""]",[18],"When things don't go her way during a shooting for her new show, a top actress runs away in an old van that guides her on a time-traveling journey.",,2026-05-17T16:57:37.870026
151957,Crashing,Crashing,31.49,5.4,7192,2016-09-01,"[""United Kingdom""]",[18],"In exchange for low rent, a hodgepodge group of 20-something tenants set up residence as property guards in a disused hospital, where hilarity ensues.",,2026-05-17T16:57:37.870283
151958,Flaked,Flaked,162.38,6.9,3596,2017-09-01,"[""United States""]",[18],"In his funky California beach enclave, Chip's the go-to guy for personal insights. But he isn't quite as enlightened when it comes to his own baggage.",,2026-05-17T16:57:37.870466
151959,Mind Game,Mind Game,62.23,6.2,842,2015-09-01,"[""Singapore""]",[18],"With the help of a cop, a psychologist and a woman who can foretell the future, a brilliant paralegal works to solve an array of perplexing mysteries.",,2026-05-17T16:57:37.870685
151960,Miniforce,Miniforce,75.8,5.4,6375,2016-09-01,"[""US""]",[18],Four animal superheroes called the Miniforce transform into robots to protect small and defenseless creatures from the hands of scheming villains.,,2026-05-17T16:57:37.870935
151961,Off Camera,Off Camera,68.4,5.4,2272,2015-09-01,"[""United States""]",[18],"Photographer, writer and director Sam Jones sets his famous guests at ease with his freewheeling, insightful celebrity interviews without agendas.",,2026-05-17T16:57:37.871140
151962,The Day Will Come,The Day Will Come,172.98,7.0,4577,2016-09-01,"[""Denmark""]",[18],"In 1967, two brothers from Copenhagen, Denmark, wind up in an orphanage, where the headmaster's cruel tyranny slowly provokes the kids to push back.",,2026-05-17T16:57:37.871299
151963,The Dream Job,The Dream Job,117.97,6.6,8266,2016-09-01,"[""Singapore""]",[18],"A mysterious, wealthy man offers three people a lucrative, unusual job that may be too good to be true: Live the high life as his children and heirs.",,2026-05-17T16:57:37.871436
151964,Bloodline,Bloodline,44.49,6.6,6926,2017-09-01,"[""United States""]",[18],"When the black sheep son of a respected family threatens to expose dark secrets from their past, sibling loyalties are put to the test.",,2026-05-17T16:57:37.873871
151965,Highland: Thailand's Marijuana Awakening,Highland: Thailand's Marijuana Awakening,311.96,6.4,2717,2017-09-01,"[""Thailand""]",[18],"Thailand's complicated history with marijuana continues to play a role in its policies and laws, as well as the health and security of its citizens.",,2026-05-17T16:57:37.874141
151966,The Keepers,The Keepers,56.1,6.9,2752,2017-09-01,"[""United States""]",[18],This docuseries examines the decades-old murder of Sister Catherine Cesnik and its suspected link to a priest accused of abuse.,,2026-05-17T16:57:37.874418
151967,All Hail King Julien: Exiled,All Hail King Julien: Exiled,125.43,5.0,6151,2017-09-01,"[""US""]",[18],"Julien's been dethroned, but loyal friends and some very unlikely allies will propel the lovable lemur on a colorful journey to take back his kingdom.",,2026-05-17T16:57:37.874696
151968,Kazoops!,Kazoops!,168.82,10.0,6784,2017-09-01,"[""Australia""]",[18],Music meets imagination in this inventive animated series about thinking outside the box and having fun.,,2026-05-17T16:57:37.874940
151969,Jumping Girl,Jumping Girl,381.96,8.2,1636,2015-09-01,"[""South Korea""]",[18],"Sang-ah would do anything to shield pop star Ah-shin from rabid fans. But after an act of protection gone wrong, it looks like she's the crazy one.",,2026-05-17T16:57:37.875193
151970,President,President,74.17,8.8,970,2010-09-01,"[""South Korea""]",[18],"An ambitious, talented politician embarks on an intense journey toward winning the presidency while juggling his complicated family affairs.",,2026-05-17T16:57:37.875475
151971,What in the World Happened?,What in the World Happened?,27.76,8.3,1427,2015-09-01,"[""South Korea""]",[18],A happy secret romance between a 40-year-old woman and a 25-year-old man is complicated after a greeting card grants her wish to be young again.,,2026-05-17T16:57:37.877872
151972,Mar de Plástico,Mar de Plástico,159.11,5.0,9167,2017-09-01,"[""Spain""]",[18],"In a town in southern Spain where racial tensions run high among the workers in its many greenhouses, a cop investigates the murder of a young woman.",,2026-05-17T16:57:37.878142
151973,Fangbone,Fangbone,258.31,5.7,11486,2016-09-01,"[""Canada""]",[18],"Magically transported from far-off Skullbania, a young barbarian teams up with an odd third-grader to protect his homeland from an evil sorcerer.",,2026-05-17T16:57:37.878342
151974,Girlboss,Girlboss,69.01,6.7,6666,2017-09-01,"[""United States""]",[18],"Rebellious and broke, Sophia stumbles into creating an online business and learns how to be the boss. A comedy inspired by the best-selling memoir.",,2026-05-17T16:57:37.878590
151975,Hot Girls Wanted: Turned On,Hot Girls Wanted: Turned On,226.78,6.1,711,2017-09-01,"[""United States""]",[18],"Personal stories reveal how the intersection of sex, technology and intimate relationships is rewiring us in fundamental ways.",,2026-05-17T16:57:37.878823
151976,The Mr. Peabody and Sherman Show,The Mr. Peabody and Sherman Show,492.03,5.7,3910,2017-09-01,"[""United States""]",[18],"Mr. Peabody and Sherman host a zany late-night comedy show from a swanky penthouse, with time-traveling historical figures and a live audience.",,2026-05-17T16:57:37.878974
151977,The Miracle,The Miracle,15.55,6.3,1538,2016-09-01,"[""South Korea""]",[18],"Polar opposites in personality and looks, fraternal twin sisters who live completely different lives wake up one day to find they've switched bodies.",,2026-05-17T16:57:37.879133
151978,The Get Down,The Get Down,179.0,7.8,853,2017-09-01,"[""United States""]",[18],"In 1977 New York City, the talented and soulful youth of the South Bronx chase dreams and breakneck beats to transform music history.",,2026-05-17T16:57:37.879277
151979,Burned Cocoon,Burned Cocoon,258.74,7.3,3284,2005-09-01,"[""Turkey""]",[18],"A secret marriage unites two families – one wealthy and traditional, the other bankrupt and modern – and is threatened by the resulting conflicts.",,2026-05-17T16:57:37.879424
151980,Five Came Back,Five Came Back,422.09,3.3,4493,2017-09-01,"[""US""]",[18],Five acclaimed contemporary directors tell the story of five legendary Hollywood filmmakers who enlisted in the armed forces to document World War II.,,2026-05-17T16:57:37.881796
151981,Hoff the Record,Hoff the Record,318.84,9.1,2633,2016-09-01,"[""United Kingdom""]",[18],"TV star David Hasselhoff hopes to reboot his career in the U.K., but both his comeback plans and his personal life keep going off the rails.",,2026-05-17T16:57:37.882159
151982,Bottersnikes & Gumbles,Bottersnikes & Gumbles,69.84,5.9,3669,2017-09-01,"[""United States""]",[18],The fun-loving Gumbles bounce and play while staying away from the foul-smelling Bottersnikes who live in a nearby junkyard.,,2026-05-17T16:57:37.882368
151983,Dave Chappelle,Dave Chappelle,108.58,7.7,1989,2017-09-01,"[""United States""]",[18],"Comedy icon Dave Chappelle makes his triumphant return to the screen with a pair of blistering, fresh stand-up specials.",,2026-05-17T16:57:37.882808
151984,One-Punch Man,One-Punch Man,77.03,6.3,2759,2015-09-01,"[""Japan""]",[18],"The most powerful superhero in the world can kill anyone with one blow. But nothing can challenge him, so he struggles with ennui and depression.",,2026-05-17T16:57:37.883014
151985,Julie's Greenroom,Julie's Greenroom,387.95,6.5,5739,2017-09-01,"[""United States""]",[18],Adorable puppets stage their own musical under the watchful eye of mentor Julie Andrews in this original kids' series from the Jim Henson Company.,,2026-05-17T16:57:37.883192
151986,Outback Truckers,Outback Truckers,77.9,6.5,3818,2015-09-01,"[""Australia""]",[10764],"Australia's toughest big-rig drivers brave wildfires, scorching deserts, treacherous downpours and chassis-deep mud to deliver their cargo on time.",,2026-05-17T16:57:37.883344
151987,Samurai Gourmet,Samurai Gourmet,170.62,7.0,1732,2017-09-01,"[""Japan""]",[18],Recent retiree Takeshi rediscovers his passion for food and life by getting in touch with his inner warrior and eating what he truly desires.,,2026-05-17T16:57:37.883480
151988,Cheer Squad,Cheer Squad,216.7,7.6,7964,2016-09-01,"[""United States""]",[10764],"Follow the Great White Sharks, a world-champion cheerleading squad, as they juggle the pressures of training, school, work and relationships.",,2026-05-17T16:57:37.885777
151989,Buddy Thunderstruck,Buddy Thunderstruck,31.69,7.3,4539,2017-09-01,"[""United States""]",[18],"Follow the outrageous, high-octane adventures of Buddy Thunderstruck, a truck-racing dog who brings guts and good times to the town of Greasepit.",,2026-05-17T16:57:37.886099
151990,One More Time,One More Time,373.07,7.3,2875,2016-09-01,"[""South Korea""]",[18],This fantasy drama follows an indie band singer who repeatedly undergoes unwanted time slips and the girlfriend he must save from an unlucky fate.,,2026-05-17T16:57:37.886360
151991,Love Is in the Air,Love Is in the Air,117.97,6.7,1871,2010-09-01,"[""United Kingdom""]",[18],"Toprak, who lost her baby, is hired as a wet nurse for wealthy Yusuf's motherless son. Yusuf is drawn to Toprak, but also to her scheming sister.",,2026-05-17T16:57:37.886521
151992,Tong: Memories,Tong: Memories,142.51,6.5,1346,2016-09-01,"[""South Korea""]",[18],A tough young man with a short temper and no patience for bullies gains a legendary reputation as the best street fighter in Busan.,,2026-05-17T16:57:37.886707
151993,Legend Quest,Legend Quest,39.0,7.7,10649,2017-09-01,"[""Mexico""]",[18],"When an evil force threatens his village, a gifted teen who can talk to ghosts puts his skills to good use, one legend at a time.",,2026-05-17T16:57:37.886854
151994,The Sound of Your Heart,The Sound of Your Heart,169.38,10.3,7906,2016-09-01,"[""South Korea""]",[18],"Based on Korea's longest-running webtoon series, this comedy follows the ridiculous daily lives of a cartoonist, his girlfriend and his subpar family.",,2026-05-17T16:57:37.886988
151995,Love Me As I Am,Love Me As I Am,181.42,8.2,2691,2015-09-01,"[""Turkey""]",[18],"After wealthy college boy Ömer and lower class college girl Aysem fall in love and quickly marry, they learn that love and life aren't always perfect.",,2026-05-17T16:57:37.887211
151996,Love for Ten: Generation of Youth,Love for Ten: Generation of Youth,188.2,6.2,3127,2013-09-01,"[""South Korea""]",[18],"A nerdy engineering student falls for a pretty, outgoing girl at his college. To get closer to her, he joins the theater group she belongs to.",,2026-05-17T16:57:37.887487
151997,Nightmare High,Nightmare High,134.89,4.3,1625,2016-09-01,"[""South Korea""]",[18],"After a new teacher arrives, students' dreams begin to come true. Class president Ye-rim must solve the nightmarish mystery before it's too late.",,2026-05-17T16:57:37.889871
151998,Spark,Spark,27.07,7.5,2950,2016-09-01,"[""South Korea""]",[18],A young woman's life gets a jump-start after she and a musical genius are both struck by the same falling star. But will the side effects derail love?,,2026-05-17T16:57:37.890107
151999,White Nights,White Nights,179.55,9.1,3784,2016-09-01,"[""South Korea""]",[18],"A coldhearted heiress, a man from her past and an ambitious new hire in her company all become entangled on a battleground for money and power.",,2026-05-17T16:57:37.890260
152000,Cyborg 009: Call of Justice,Cyborg 009: Call of Justice,372.02,6.6,3100,2017-09-01,"[""Japan""]",[18],"Years after taking up normal lives incognito, the cyborgs are forced to fight again when the superhuman Blessed appear with a plan for humanity.",,2026-05-17T16:57:37.890386
152001,We're Lalaloopsy,We're Lalaloopsy,52.61,7.2,38,2017-09-01,"[""United States""]",[18],"The Lalaloopsy gang and their adorable pets know every day is a perfect day to celebrate the magic of friendship, creativity and collaboration.",,2026-05-17T16:57:37.890534
152002,Star Trek: Deep Space Nine,Star Trek: Deep Space Nine,268.08,8.1,8860,1999-09-01,"[""United States""]",[18],"In this ""Star Trek"" spin-off, Commander Sisko leads the multi-species crew of Deep Space Nine, a Federation space station with a complex mission.",,2026-05-17T16:57:37.890765
152003,My Runway,My Runway,29.02,5.9,1365,2016-09-01,"[""South Korea""]",[18],An egotistic top male model and a pretty model wannabe are forced to live each other's lives until they figure out a way to undo their body switch.,,2026-05-17T16:57:37.890913
152004,AJIN: Demi-Human,AJIN: Demi-Human,42.42,4.6,2548,2016-09-01,"[""Japan""]",[18],A teenager discovers that he is an Ajin and flees before the authorities experiment on him. Other Ajin plan to fight back and he must choose a side.,,2026-05-17T16:57:37.891042
152005,Chasing Cameron,Chasing Cameron,227.69,9.4,4062,2016-09-01,"[""United States""]",[10764],Go behind the scenes with social media sensation Cameron Dallas as he takes his career to the next level on an international tour.,,2026-05-17T16:57:37.891235
152006,Sense8,Sense8,327.1,6.0,4709,2018-09-01,"[""United States""]",[18],"From the creators of ""The Matrix"" and ""Babylon 5"" comes this tense series in which eight people can telepathically experience each other's lives.",,2026-05-17T16:57:37.891376
152007,Crazyhead,Crazyhead,132.57,6.0,714,2016-09-01,"[""United Kingdom""]",[18],Bowling alley worker Amy and nonconformist Raquel kick some serious demon butt while also facing their inner demons as they navigate their early 20s.,,2026-05-17T16:57:37.891510
152008,Color of Woman,Color of Woman,287.26,6.1,3267,2012-09-01,"[""South Korea""]",[18],"Two women at a cosmetics company compete for love and success. One uses her brain and diligence, while the other works her beauty and charm.",,2026-05-17T16:57:37.893930
152009,Goodbye My Wife,Goodbye My Wife,3.69,6.7,7458,2012-09-01,"[""South Korea""]",[18],A couple’s five-year marriage is put on the line when each of their first loves comes back hoping for another shot at romance.,,2026-05-17T16:57:37.894170
152010,Happy And,Happy And,16.26,6.2,8722,2012-09-01,"[""South Korea""]",[18],This relatable relationship drama explores the real-life trials and joys of married life through the lens of 11 different wives.,,2026-05-17T16:57:37.894347
152011,Heaven's Garden,Heaven's Garden,320.45,5.6,5156,2011-09-01,"[""South Korea""]",[18],"When her husband goes to jail for bankruptcy, a woman takes her two daughters to live with her father, who severed ties with her years ago.",,2026-05-17T16:57:37.894495
152012,Ice Fantasy,Ice Fantasy,113.71,6.8,2982,2016-09-01,"[""China""]",[18],"The Ice Tribe prince journeys to a sacred mountain to vanquish evil but soon finds himself at war with the Fire Tribe, led by his long-lost brother.",,2026-05-17T16:57:37.894718
152013,Immortal Classic,Immortal Classic,350.55,6.3,3294,2012-09-01,"[""South Korea""]",[18],"Two renowned culinary families led by legendary food icons battle for the position of greatest chef, while protecting their secret kimchee recipes.",,2026-05-17T16:57:37.894973
152014,InuYasha,InuYasha,279.07,6.7,6359,2001-09-01,"[""Japan""]",[18],"Yanked down a well, schoolgirl Kagome Higurashi emerges in feudal Japan, where she must reassemble a sacred jewel while eluding half-demon Inuyasha.",,2026-05-17T16:57:37.895171
152015,K-POP Extreme Survival,K-POP Extreme Survival,86.96,4.8,961,2012-09-01,"[""South Korea""]",[18],Seung Yeon decides to chase her dream of becoming a K-pop star and audition for a popular group. There's only one catch: It's a boy band.,,2026-05-17T16:57:37.895353
152016,Merlin,Merlin,78.8,5.5,1474,2012-09-01,"[""United Kingdom""]",[18],"This family-oriented retelling of the King Arthur legend finds Merlin arriving in Camelot, where he hones his magic skills with the help of his uncle.",,2026-05-17T16:57:37.895517
152017,Miss Panda & Mr. Hedgehog,Miss Panda & Mr. Hedgehog,198.25,4.8,1467,2012-09-01,"[""South Korea""]",[18],"When a gifted patissier with a gloomy past meets a bright and easygoing café owner, he begins to shed his thorns and learns to love again.",,2026-05-17T16:57:37.896534
152018,Tokyo Trial,Tokyo Trial,60.34,7.4,7559,2017-09-01,"[""Canada""]",[18],"In the wake of World War II, 11 Allied judges are tasked with weighing the fates of Japanese war criminals in a tense international trial.",,2026-05-17T16:57:37.896784
152019,Captive,Captive,145.19,7.2,2978,2016-09-01,"[""United Kingdom""]",[18],"This documentary series reconstructs history's most complex, high-stakes hostage negotiations as kidnapping victims recount their terrifying ordeals.",,2026-05-17T16:57:37.896932
152020,White Rabbit Project,White Rabbit Project,315.42,7.2,7765,2016-09-01,"[""United States""]",[10764],"Kari Byron, Tory Belleci and Grant Imahara rank history's greatest inventions, heists and more in this series from the producers of ""MythBusters.""",,2026-05-17T16:57:37.897170
152021,Miss in Kiss,Miss in Kiss,159.27,7.9,5996,2016-09-01,"[""Taiwan""]",[18],"A quirk of fate sends an ordinary, sweet-natured high school girl and her father into the home of the school genius, on whom she has a huge crush.",,2026-05-17T16:57:37.897341
152022,The Cuba Libre Story,The Cuba Libre Story,7.78,6.2,5726,2015-09-01,"[""France""]",[18],"This documentary series recounts the tumultuous history of Cuba, a nation of foreign conquest, freedom fighters and Cold War political machinations.",,2026-05-17T16:57:37.897480
152023,From Dusk Till Dawn,From Dusk Till Dawn,200.13,6.9,121,2016-09-01,"[""United States""]",[18],Bank-robbing brothers encounter vengeful lawmen and demons south of the border in this original series based on Robert Rodriguez' cult horror film.,,2026-05-17T16:57:37.897657
152024,Lost & Found Music Studios,Lost & Found Music Studios,194.35,5.6,1489,2016-09-01,"[""Canada""]",[18],"Teen singers-songwriters in an elite music program form bonds of friendship, creativity and romance while turning their passion into their profession.",,2026-05-17T16:57:37.897816
152025,Back to 1989,Back to 1989,340.63,6.7,1224,2016-09-01,"[""Taiwan""]",[18],"A young man who's learned nothing about his father from his single mom has a freak accident that sends him back to 1989, the year before he was born.",,2026-05-17T16:57:37.897957
152026,Bromance,Bromance,193.59,4.0,6436,2015-09-01,"[""Taiwan""]",[18],"Ya-nuo's been raised as a boy. Now at age 25, she's caught the eye of a triad leader's sister. But what happens when she reveals her true gender?",,2026-05-17T16:57:37.898119
152027,Refresh Man,Refresh Man,8.49,6.1,950,2016-09-01,"[""Taiwan""]",[18],"Ten years after a once-promising student graduates, she finds herself working at a cosmetics company run by the boy with the worst grades in school.",,2026-05-17T16:57:37.898371
152028,Gilmore Girls: A Year in the Life,Gilmore Girls: A Year in the Life,167.6,5.6,3051,2016-09-01,"[""United States""]",[18],"Set nearly a decade after the finale of the original series, this revival follows Lorelai, Rory and Emily Gilmore through four seasons of change.",,2026-05-17T16:57:37.902255
152029,La Niña,La Niña,7.58,5.8,8422,2016-09-01,"[""Colombia""]",[18],A former Colombian guerrilla fighter faces challenges as she reintegrates into society and tries to overcome her traumatic memories.,,2026-05-17T16:57:37.902639
152030,Paranoid,Paranoid,59.48,4.9,3624,2016-09-01,"[""United Kingdom""]",[18],"When a woman is brutally murdered on a playground, a group of detectives find themselves drawn into a dark conspiracy as they search for the killer.",,2026-05-17T16:57:37.902926
152031,Einsatzgruppen: The Nazi Death Squads,Einsatzgruppen: The Nazi Death Squads,106.6,9.5,7135,2009-09-01,"[""France""]",[18],"This documentary series examines the Einsatzgruppen, Nazis responsible for the mass murder of Jews, Romani and Soviet prisoners in Eastern Europe.",,2026-05-17T16:57:37.903117
152032,Case,Case,178.54,5.5,3425,2015-09-01,"[""Iceland""]",[18],A smart lawyer whose drinking and recklessness send him on a path of self-destruction finds new purpose investigating a teenager's apparent suicide.,,2026-05-17T16:57:37.903271
152033,Danger Mouse,Danger Mouse,343.37,5.2,643,2016-09-01,"[""United Kingdom""]",[18],The world's greatest super-spy returns to save the world with the help of hapless hamster Penfold and a collection of state-of-the-art gadgetry.,,2026-05-17T16:57:37.903412
152034,Inborn Pair,Inborn Pair,374.25,8.9,4199,2011-09-01,"[""Taiwan""]",[18],"Betrothed while in utero, a resort group president enters into an arranged marriage with a legal assistant. Despite their bickering, love blooms.",,2026-05-17T16:57:37.905991
152035,Just You,Just You,55.09,9.0,4886,2013-09-01,"[""Taiwan""]",[18],"When her uptight new boss and landlord starts a war on office romances, plucky Liang-liang quickly starts looking for ways to get him to lighten up.",,2026-05-17T16:57:37.906386
152036,Love Around,Love Around,194.62,5.4,2476,2013-09-01,"[""Taiwan""]",[18],"After a chance meeting at a ballpark, the kind son of a former gangster tries to help an outgoing radio DJ get over her recent heartbreak.",,2026-05-17T16:57:37.906605
152037,Love Family,Love Family,92.47,5.6,4494,2013-09-01,"[""Taiwan""]",[18],A wealthy heir's search for a nameless childhood sweetheart leads him to an inn run by a family with three sisters. But which one is his true love?,,2026-05-17T16:57:37.906902
152038,Love Me or Leave Me,Love Me or Leave Me,94.7,5.9,5501,2012-09-01,"[""Taiwan""]",[18],"When a marriage-phobic woman hires a seductress to test how faithful her eager-to-wed boyfriend is, her plan takes an unexpected turn.",,2026-05-17T16:57:37.907236
152039,Love Now,Love Now,204.6,6.0,6684,2012-09-01,"[""Taiwan""]",[18],"When her loved ones cook up a morbid plan to make her take time off from work, Yang Yiru goes on a vacation, truly believing she has terminal cancer.",,2026-05-17T16:57:37.909104
152040,Trailer Park Boys: Out of the Park: Europe,Trailer Park Boys: Out of the Park: Europe,325.62,4.5,6285,2016-09-01,"[""Canada""]",[18],"The Trailer Park Boys are thrilled to get a free trip to Europe, until they arrive and learn about their corporate sponsor's unusual requirements.",,2026-05-17T16:57:37.909444
152041,Containment,Containment,185.18,8.5,2810,2016-09-01,"[""United States""]",[18],"When a ferocious contagion sweeps through Atlanta, authorities impose a precarious quarantine on the city while scrambling to find a cure.",,2026-05-17T16:57:37.912224
152042,DEATH NOTE,DEATH NOTE,100.79,5.3,263,2006-09-01,"[""Japan""]",[18],"When a Japanese high schooler comes into possession of a mystical notebook, he finds he has the power to kill anybody whose name he enters in it.",,2026-05-17T16:57:37.912673
152043,Spotless,Spotless,47.25,8.3,4318,2015-09-01,"[""United Kingdom""]",[18],The law-abiding owner of a crime scene cleaning service is forced into business with a powerful mob boss thanks to his irresponsible older brother.,,2026-05-17T16:57:37.912906
152044,Vampire Knight,Vampire Knight,32.53,4.9,6654,2008-09-01,"[""Japan""]",[18],"At Cross Academy, two student disciplinary committee members are tasked with keeping the peace between a human class and a night class of vampires.",,2026-05-17T16:57:37.913084
152045,StoryBots Super Songs,StoryBots Super Songs,49.15,5.4,2796,2016-09-01,"[""United States""]",[18],"Characters from the popular StoryBots apps for early childhood education give musical lessons on math, science, history, behaviors, emotions and more.",,2026-05-17T16:57:37.913243
152046,Be with Me,Be with Me,287.19,7.9,7002,2015-09-01,"[""Taiwan""]",[18],"They were the boy band to beat until fame tore them apart. Ten years later, five friends and an ex-love reunite and find themselves closer than ever.",,2026-05-17T16:57:37.913382
152047,Be with You,Be with You,79.13,5.8,3787,2015-09-01,"[""Taiwan""]",[18],"After reconnecting with their girlhood crushes, two sisters find their lives turned upside down by surprising revelations and romantic intrigue.",,2026-05-17T16:57:37.914669
152048,Fall in Love with Me,Fall in Love with Me,216.16,6.0,2390,2014-09-01,"[""Taiwan""]",[18],The head of a struggling ad agency finds herself torn between a hotshot executive and a kind stranger – not realizing they're the same person.,,2026-05-17T16:57:37.915038
152049,Love Cheque Charge,Love Cheque Charge,286.16,6.2,2151,2014-09-01,"[""Taiwan""]",[18],"Three years after making a wild promise to a woman in distress, a rigid businessman runs into her again and must decide whether to honor his word.",,2026-05-17T16:57:37.915259
152050,Masha's Spooky Stories,Masha's Spooky Stories,34.8,5.5,4880,2012-09-01,"[""United States""]",[18],"Masha explains why there's no need to be scared of things like monsters, the dark, going to a new school, thunder and other common childhood fears.",,2026-05-17T16:57:37.915404
152051,Murphy's Law of Love,Murphy's Law of Love,119.48,5.5,5126,2015-09-01,"[""Taiwan""]",[18],An online matchmaker who's convinced she's living under a curse finds her theories on life and love tested when she meets a shrewd divorce expert.,,2026-05-17T16:57:37.915537
152052,Old Money,Old Money,55.59,6.5,2483,2015-09-01,"[""United States""]",[18],"Backstabbing, blackmail and revenge consume the dysfunctional family of a wealthy patriarch as they compete to find him a new liver at all costs.",,2026-05-17T16:57:37.915742
152053,Someone Like You,Someone Like You,16.32,8.5,5150,2015-09-01,"[""Taiwan""]",[18],"After losing his sight and his fiancee in an accident, a man hires a caregiver who mysteriously sounds – and looks – just like his late girlfriend.",,2026-05-17T16:57:37.915938
152054,When I See You Again,When I See You Again,39.1,9.2,1644,2015-09-01,"[""Taiwan""]",[18],"On a visit to his hometown, a rich bachelor seeks revenge on the woman who broke his heart 10 years ago. But his plan doesn't go as expected.",,2026-05-17T16:57:37.916111
152055,VeggieTales in the House,VeggieTales in the House,19.79,8.8,2098,2016-09-01,"[""United States""]",[18],"Bob the Tomato, Larry the Cucumber and their Veggie pals venture beyond the kitchen counter in these playful adventures with Christian themes.",,2026-05-17T16:57:37.916258
152056,Chef's Table: France,Chef's Table: France,31.7,7.4,2129,2016-09-01,"[""US""]",[18],Sample the bold new flavors of France with chefs who are pushing the boundaries of fine dining and reinventing a rich culinary tradition.,,2026-05-17T16:57:37.916392
152057,Kulipari: An Army of Frogs,Kulipari: An Army of Frogs,132.87,6.4,3518,2016-09-01,"[""United States""]",[18],"In a tale of bravery and heroism, fearless frogs go to war against the sinister scorpions and spiders that have teamed up to conquer the amphibians.",,2026-05-17T16:57:37.916521
152058,Conspiracy,Conspiracy,192.51,6.8,1675,2015-09-01,"[""United Kingdom""]",[18],"Skeptics and others discuss widely held conspiracy theories involving aliens, government cover-ups, secret assassinations and other intrigues.",,2026-05-17T16:57:37.921295
152059,Dead Set,Dead Set,62.27,7.7,4084,2008-09-01,"[""United Kingdom""]",[18],"While the housemates in the Big Brother house remain oblivious, fast-moving hordes of the undead decimate the studio compound.",,2026-05-17T16:57:37.921598
152060,Forensic Files,Forensic Files,147.37,6.5,6575,2011-09-01,"[""United States""]",[18],Detectives and crime lab technicians use the latest and most fascinating procedures to solve crimes in this documentary-style show.,,2026-05-17T16:57:37.921784
152061,The Fierce Wife,The Fierce Wife,82.36,8.6,5573,2010-09-01,"[""Taiwan""]",[18],Beautiful housewife Xie An Zhen seems to be living the perfect life but finds her world crumbling after learning that her husband is cheating on her.,,2026-05-17T16:57:37.921945
152062,Witches: A Century of Murder,Witches: A Century of Murder,122.25,8.5,2711,2015-09-01,"[""United Kingdom""]",[18],"Historian Suzannah Lipscomb investigates the witch hunts that plagued Britain in the 17th century, examining common myths about their origin.",,2026-05-17T16:57:37.922121
152063,Glitter Force,Glitter Force,15.81,7.4,3988,2016-09-01,"[""Japan""]",[18],Five preteen girls learn they're a legendary superhero squad known as the Glitter Force. Their mission? To defend Earth from evil fairy-tale villains.,,2026-05-17T16:57:37.922316
152064,Behind Enemy Lines,Behind Enemy Lines,262.83,4.6,1644,2001-09-01,"[""United States""]",[18],"After dire setbacks in 1940, Winston Churchill commissions a new kind of fighting force: commandos trained to use stealth and audacious tactics.",,2026-05-17T16:57:37.923460
152065,Caught on Camera,Caught on Camera,100.34,10.0,4027,2015-09-01,"[""United Kingdom""]",[18],"Nick Wallis presents crimes caught on CCTV, cell phones and other devices and reveals how investigators use the recordings to solve tough cases.",,2026-05-17T16:57:37.923826
152066,Cocaine,Cocaine,333.85,5.8,1903,2005-09-01,"[""United Kingdom""]",[18],"Three films chronicle the cocaine trade's sweeping impact on the citizens of Peru, Brazil and Colombia, from poor farmers to powerful drug lords.",,2026-05-17T16:57:37.924022
152067,Edge of the Universe,Edge of the Universe,106.77,9.0,3989,2008-09-01,"[""United Kingdom""]",[18],"Leading astronomers reveal the latest discoveries about death-trap planets, asteroids, comets and other wonders of the cosmos.",,2026-05-17T16:57:37.924217
152068,La Esclava Blanca,La Esclava Blanca,327.05,8.4,5186,2016-09-01,"[""Colombia""]",[18],"In Colombia in 1821, a white orphan is taken in by black slaves. Years after being torn from them, she returns to find her family and childhood love.",,2026-05-17T16:57:37.924394
152069,LEGO Bionicle: The Journey to One,LEGO Bionicle: The Journey to One,111.14,7.7,2464,2016-09-01,"[""United States""]",[18],Six legendary heroes find themselves on an epic quest as they harness the power of nature's elements to defeat the forces of evil.,,2026-05-17T16:57:37.924650
152070,Popples,Popples,376.42,6.4,568,2016-09-01,"[""United States""]",[18],"The adorable Best Popple Pals love helping their friends and neighbors, but every time they do it seems to backfire in hilarious ways.",,2026-05-17T16:57:37.924895
152071,Kuromukuro,Kuromukuro,15.15,6.0,9800,2016-09-01,"[""Japan""]",[18],"When mecha attack a research center, its students, pilots, and researchers must fight back with the help of mysterious artifacts and a young samurai.",,2026-05-17T16:57:37.925045
152072,Marco Polo,Marco Polo,85.51,5.2,6082,2016-09-01,"[""United States""]",[18],"Set in a world of greed, betrayal, sexual intrigue and rivalry, “Marco Polo” is based on the famed explorer’s adventures in Kublai Khan’s court.",,2026-05-17T16:57:37.925269
152073,Justin Time GO!,Justin Time GO!,58.26,7.7,3406,2016-09-01,"[""US""]",[18],"A young boy's imagination takes him throughout the world and history, where he learns life lessons and has tons of fun with two make-believe friends.",,2026-05-17T16:57:37.925428
152074,Hibana: Spark,Hibana: Spark,236.2,6.5,3682,2016-09-01,"[""Japan""]",[18],A dramatic series about friendship and conflict between two comedians who search for meaning in life and comedy. Based on the prize-winning book.,,2026-05-17T16:57:37.930023
152075,72 Cutest Animals,72 Cutest Animals,124.58,6.7,4325,2016-09-01,"[""Australia""]",[18],This series examines the nature of cuteness and how adorability helps some animal species to survive and thrive in a variety of environments.,,2026-05-17T16:57:37.930434
152076,72 Dangerous Places to Live,72 Dangerous Places to Live,252.47,6.5,8034,2016-09-01,"[""Australia""]",[18],"Get up close and personal with avalanches, fiery volcanoes and other natural cataclysms, and learn why some choose to live in their destructive paths.",,2026-05-17T16:57:37.930704
152077,Cyborg 009 VS Devilman,Cyborg 009 VS Devilman,41.07,6.1,3679,2015-09-01,"[""Japan""]",[18],"When a Black Ghost scientist releases newly modified cyborgs and mysterious demons appear in Tokyo, the worlds of ""Devilman"" and ""Cyborg 009"" meet.",,2026-05-17T16:57:37.930984
152078,Justin Time,Justin Time,70.57,9.8,3202,2012-09-01,"[""Canada""]",[18],"In Justin's dreams, he and his imaginary friends Olive and Squidgy travel around the world learning about nature and other cultures.",,2026-05-17T16:57:37.931317
152079,Terrace House: Boys & Girls in the City,Terrace House: Boys & Girls in the City,105.35,8.5,5134,2016-09-01,"[""Japan""]",[10764],"A new set of six men and women start their lives together under one roof. All they get is a fabulous home and a car. As always, there is no script.",,2026-05-17T16:57:37.931513
152080,Netflix Presents: The Characters,Netflix Presents: The Characters,39.88,7.4,5755,2016-09-01,"[""United States""]",[18],We asked eight up-and-coming comedians for their wildest sketch and improv routines – and got a new comedy series unlike anything else.,,2026-05-17T16:57:37.933815
152081,Your lie in April,Your lie in April,195.49,4.5,8948,2014-09-01,"[""Japan""]",[18],"After his mother's death, a piano prodigy's will to play disappears. But meeting a free-spirited girl who plays the violin turns his life around.",,2026-05-17T16:57:37.934181
152082,Cooked,Cooked,317.13,7.5,7881,2016-09-01,"[""United States""]",[18],"As he tries his hand at baking, brewing and braising, acclaimed food writer Michael Pollan explores how cooking transforms food and shapes our world.",,2026-05-17T16:57:37.934482
152083,Care Bears & Cousins,Care Bears & Cousins,155.36,9.4,2069,2016-09-01,"[""United States""]",[18],"The whole huggable gang is back, bringing tales of caring and sharing to a new generation. And now the Care Bear Cousins are here to join the fun!",,2026-05-17T16:57:37.934768
152084,Turbo FAST,Turbo FAST,160.59,6.3,1720,2016-09-01,"[""United States""]",[18],"Join Turbo and his posse, the Fast Action Stunt Team. Filled with comedy, action and fun, this series amps it up to the extreme.",,2026-05-17T16:57:37.934954
152085,Masha's Tales,Masha's Tales,141.15,7.6,8845,2012-09-01,"[""US""]",[18],"Fairy tales get a funny twist when Masha retells them, because she tends to get the details just a little jumbled up in this animated kids' series.",,2026-05-17T16:57:37.935145
152086,Chelsea Does,Chelsea Does,15.9,7.5,3452,2016-09-01,"[""United States""]",[18],"In a provocative documentary series, comedian Chelsea Handler confronts personal and cultural hang-ups around four topics that fascinate her.",,2026-05-17T16:57:37.935416
152087,Sammy & Co,Sammy & Co,166.3,4.5,2264,2014-09-01,"[""France""]",[18],"In an underwater village bordering a tropical island, two young turtles and their pals keep their home safe and enjoy adventures in the big, wild sea.",,2026-05-17T16:57:37.937746
152088,Atelier,Atelier,316.55,5.9,3492,2015-09-01,"[""Japan""]",[18],"A young ""fabric geek"" lands a job at an upscale Japanese lingerie company – and quickly discovers she'll need help to survive.",,2026-05-17T16:57:37.938041
152089,W/ Bob & David,W/ Bob & David,126.4,8.0,442,2015-09-01,"[""United States""]",[18],"After being dishonorably discharged from the Navy Seals, Bob and David are back serving our country the way they do best – making sketch comedy.",,2026-05-17T16:57:37.938351
152090,Hemlock Grove,Hemlock Grove,366.9,3.7,1551,2015-09-01,"[""United States""]",[18],"Secrets are just a part of daily life in the small Pennsylvania town of Hemlock Grove, where the darkest evils hide in plain sight.",,2026-05-17T16:57:37.938652
152091,Wakfu: The Quest for the Six Eliatrope Dofus,Wakfu: The Quest for the Six Eliatrope Dofus,192.22,5.8,3009,2014-09-01,"[""US""]",[18],"Six years after Yugo and his team defeat Qilby, Ogrest's crying floods Amalia's kingdom. To stop him, they must find the six missing Eliatrope Dofus.",,2026-05-17T16:57:37.938913
152092,Wet Hot American Summer,Wet Hot American Summer,385.73,5.8,12482,2015-09-01,"[""United States""]",[18],"It's the first day of camp in this outrageous prequel to the hilarious 2001 cult classic movie. And at Camp Firewood, anything can happen.",,2026-05-17T16:57:37.939192
152093,H2O: Mermaid Adventures,H2O: Mermaid Adventures,126.25,5.4,1230,2015-09-01,"[""Germany""]",[18],Three high school friends who turn into mermaids whenever they touch water have undersea adventures while keeping their new life a secret.,,2026-05-17T16:57:37.939387
152094,Danger Mouse: Classic Collection,Danger Mouse: Classic Collection,20.86,5.4,2189,1992-09-01,"[""United Kingdom""]",[18],"Follow the adventures of superspy Danger Mouse and his bumbling sidekick, Penfold, as they jet around the world foiling their enemies' evil plots.",,2026-05-17T16:57:37.939524
152095,Oscar's Oasis,Oscar's Oasis,353.97,6.4,3115,2011-09-01,"[""France""]",[18],"Plucky lizard Oscar spends his time trying to avoid the hazards of the desert, including marauding chickens and bumbling adversaries.",,2026-05-17T16:57:37.943092
152096,Lilyhammer,Lilyhammer,160.76,6.5,4114,2014-09-01,"[""Norway""]",[18],"After testifying against the Mafia, ex-gangster Frank Tagliano enters witness protection and asks to be sent to Norway.",,2026-05-17T16:57:37.943318
152097,Goosebumps,Goosebumps,136.78,5.5,666,1998-09-01,"[""Canada""]",[18],R.L. Stine's tales take on a life of their own in a series that combines original stories with adaptations drawn from the popular books.,,2026-05-17T16:57:37.943475
152098,The Borgias,The Borgias,115.33,5.5,4566,2013-09-01,"[""United States""]",[18],"Follow the lives of the notorious Borgia family, a clan headed by plotting patriarch Rodrigo and his beautiful but treacherous daughter, Lucrezia.",,2026-05-17T16:57:37.943652
152099,The 4400,The 4400,222.01,4.4,5798,2007-09-01,"[""United States""]",[18],"4400 people who vanished over the course of five decades suddenly reappear. None have aged, and slowly it's revealed that they have mysterious powers.",,2026-05-17T16:57:37.943817
152100,Breaking Bad,Breaking Bad,30.57,6.7,10218,2013-09-01,"[""United States""]",[18],A high school chemistry teacher dying of cancer teams with a former student to secure his family's future by manufacturing and selling crystal meth.,,2026-05-17T16:57:37.943997
152101,Feb-09,Feb-09,235.84,9.8,2219,2018-09-01,"[""US""]",[18],"As a psychology professor faces Alzheimer's, his daughter and her three close female friends experience romance, marriage, heartbreak and tragedy.",,2026-05-17T16:57:37.944297
152102,แผนร้ายนายเจ้าเล่ห์,แผนร้ายนายเจ้าเล่ห์,286.12,3.0,5558,2016-09-01,"[""US""]",[18],"When two brothers fall for two sisters, they quickly realize the age differences between them are too big to ignore.",,2026-05-17T16:57:37.944489
152103,Şubat,Şubat,370.92,6.8,2067,2013-09-01,"[""Turkey""]",[18],"An orphan subjected to tests that gave him superpowers is rescued and raised on Istanbul's streets, where he falls for a reporter linked to his past.",,2026-05-17T16:57:37.948276
152104,100% Hotter,100% Hotter,176.72,7.0,8075,2017-09-01,"[""United Kingdom""]",[10764],"A stylist, a hair designer and a makeup artist team up to give Britain's biggest fashion disasters some much-needed makeunders.",,2026-05-17T16:57:37.948522
152105,12 Years Promise,12 Years Promise,344.76,6.1,2940,2014-09-01,"[""South Korea""]",[18],"A pregnant teen is forced by her family to leave her boyfriend and assume a new identity in America, but 12 years later, the couple reunites in Korea.",,2026-05-17T16:57:37.948725
152106,21 Sarfarosh: Saragarhi 1897,21 Sarfarosh: Saragarhi 1897,60.26,7.6,1618,2018-09-01,"[""India""]",[18],"In one of history's greatest last stands, a battalion of 21 Sikh soldiers fights to defend their outpost from attack by over 10,000 Afghans.",,2026-05-17T16:57:37.948943
152107,7 (Seven),7 (Seven),9.48,6.9,5576,2019-09-01,"[""India""]",[18],"Multiple women report their husbands as missing but when it appears they are looking for the same man, a police officer traces their cryptic connection.",,2026-05-17T16:57:37.949240
152108,9 Months That Made You,9 Months That Made You,120.52,7.6,3191,2016-09-01,"[""United States""]",[18],"Witness the wonders of human gestation through cutting-edge CGI, and learn how those nine months inside the womb can affect all aspects of one's life.",,2026-05-17T16:57:37.949417
152109,A Good Wife,A Good Wife,75.54,6.8,5017,2013-09-01,"[""Taiwan""]",[18],"As her seemingly idyllic life begins to crumble, a lonely woman in a restrictive marriage starts an affair with a gentle bookstore owner.",,2026-05-17T16:57:37.951267
152110,A Man Called God,A Man Called God,93.15,7.9,5377,2010-09-01,"[""South Korea""]",[18],"Raised in America, government agent Choi Kang-Ta returns to Korea with the skills of an assassin and a thirst for revenge on his father’s killers.",,2026-05-17T16:57:37.951606
152111,A Young Doctor's Notebook and Other Stories,A Young Doctor's Notebook and Other Stories,6.91,6.0,5004,2013-09-01,"[""United Kingdom""]",[18],"Set during the Russian Revolution, this comic miniseries is based on a doctor's memories of his early career working in an out-of-the-way village.",,2026-05-17T16:57:37.951932
152112,A.D. Kingdom and Empire,A.D. Kingdom and Empire,116.46,6.2,9393,2015-09-01,"[""United States""]",[18],"In the wake of Jesus Christ's crucifixion, his apostles dedicate themselves to spreading his message, risking their freedom and their lives.",,2026-05-17T16:57:37.952719
152113,Abnormal Summit,Abnormal Summit,507.9,6.5,3127,2017-09-01,"[""South Korea""]",[18],"Led by a trio of Korean celebs, a multinational panel of men engage in – usually – lighthearted debates on issues that surround Korea and beyond.",,2026-05-17T16:57:37.953031
152114,Adam Ruins Everything,Adam Ruins Everything,214.43,5.8,3009,2018-09-01,"[""United States""]",[18],"Education can be fun – and funny. Comedian Adam Conover bursts misconceptions, deconstructs topics and leaves with positive takeaways.",,2026-05-17T16:57:37.953233
152115,Africa,Africa,345.48,4.9,654,2013-09-01,"[""United Kingdom""]",[18],"This five-part nature series chronicles fascinating stories of survival on the African continent, home to the most diverse animal life on the planet.",,2026-05-17T16:57:37.953435
152116,Age Gap Love,Age Gap Love,347.77,6.3,4198,2017-09-01,"[""United Kingdom""]",[10764],"Despite the social backlash and challenges that come with intergenerational romance, these couples choose to stick together through thick and thin.",,2026-05-17T16:57:37.955769
152117,Age of Glory,Age of Glory,107.63,6.5,2471,2010-09-01,"[""US""]",[18],"Amid the thriving nightlife of 1960s Kuala Lumpur, three Chinese friends – a showgirl, her housekeeper and a chanteuse – find love and heartbreak.",,2026-05-17T16:57:37.956052
152118,Agent Raghav,Agent Raghav,112.92,6.2,1459,2015-09-01,"[""India""]",[18],"A mix of brilliance, erudition and skill enables a modern Sherlock Holmes to solve impossible cases, all while he tries to heal personal wounds.",,2026-05-17T16:57:37.956247
152119,Ainsley Eats the Streets,Ainsley Eats the Streets,258.7,4.8,4061,2014-09-01,"[""United Kingdom""]",[18],Celebrity chef Ainsley Harriott embarks on a journey around the world to explore the relationship between local street foods and cultural identity.,,2026-05-17T16:57:37.956390
152120,Alphablocks,Alphablocks,33.07,4.7,3086,2014-09-01,"[""United Kingdom""]",[18],"The letters of the alphabet come to life in Alphaland as they read, write and spell their way into an exciting world of phonic fun.",,2026-05-17T16:57:37.956523
152121,America's Book of Secrets,America's Book of Secrets,111.42,6.3,7615,2014-09-01,"[""United States""]",[18],"This engaging documentary series shares the surprising backstories of familiar institutions like the Pentagon, West Point and the Playboy Mansion.",,2026-05-17T16:57:37.956711
152122,American Crime,American Crime,144.94,9.7,4503,2017-09-01,"[""United States""]",[18],"This anthology series unfolds a different story arc for each season, with dramas focusing on aspects of American life and the criminal justice system.",,2026-05-17T16:57:37.956857
152123,American Experience: The Circus,American Experience: The Circus,174.37,5.9,4898,2018-09-01,"[""United States""]",[18],"An exploration of the American circus, as the spectacle evolved from a one-ring show to a cultural event and eventually, a dying breed.",,2026-05-17T16:57:37.957023
152124,American Odyssey,American Odyssey,448.76,4.3,8774,2015-09-01,"[""United States""]",[18],"An elite soldier, a corporate lawyer and a political activist uncover a deadly conspiracy linking terrorists to a powerful American corporation.",,2026-05-17T16:57:37.957237
152125,An Innocent Mistake,An Innocent Mistake,357.26,7.1,1937,2012-09-01,"[""Taiwan""]",[18],"Raised by three mothers, a self-assured teen in turmoil meets the father figure she never had. But she also stands to drive the man and his son apart.",,2026-05-17T16:57:37.957382
152126,Ancient Aliens,Ancient Aliens,155.63,6.3,2301,2018-09-01,"[""United States""]",[18],"Were ancient humans really behind some of the most important technological advances in civilized history, or did they have extraterrestrial help?",,2026-05-17T16:57:37.957510
152127,Anjaan: Rural Myths,Anjaan: Rural Myths,259.24,8.6,1865,2018-09-01,"[""India""]",[18],"Spine-chilling stories of malevolent spirits unfold in villages, jungles and haunted buildings across India.",,2026-05-17T16:57:37.961289
152128,Anjaan: Special Crimes Unit,Anjaan: Special Crimes Unit,213.19,7.2,1291,2018-09-01,"[""India""]",[18],"The cases are supernatural; the police officers human. Together, cops Aditi and Vikrant must solve mysteries from the realm of the paranormal.",,2026-05-17T16:57:37.961619
152129,Anthony Bourdain: Parts Unknown,Anthony Bourdain: Parts Unknown,239.33,5.3,1957,2018-09-01,"[""United States""]",[18],This CNN original series has chef Anthony Bourdain traveling to extraordinary locations around the globe to sample a variety of local cuisines.,,2026-05-17T16:57:37.961843
152130,忍者ハットリくん,忍者ハットリくん,250.65,6.2,3146,2012-09-01,"[""Japan""]",[18],"Hailing from the mountains of Iga, Kanzo Hattori moves in with elementary school student Kenichi Mitsuba and his family to hone his skills as a ninja.",,2026-05-17T16:57:37.962120
152131,Atomic Puppet,Atomic Puppet,204.0,6.0,3526,2016-09-01,"[""Canada""]",[18],"Captain Atomic – once a superhero, now a sock puppet – can only activate his powers with the help of Joey, his new partner and biggest fan.",,2026-05-17T16:57:37.962379
152132,Aussie Gold Hunters,Aussie Gold Hunters,197.45,7.2,5966,2016-09-01,"[""Australia""]",[10764],Three teams of gold hunters battle all manner of challenges while pursuing their dreams in the Australian Outback.,,2026-05-17T16:57:37.963959
152133,Bad Education,Bad Education,198.49,5.3,6274,2014-09-01,"[""United Kingdom""]",[18],"A history teacher at the posh Abbey Grove, Alfie Wickers is something truly special: He's his school's, if not England's, single worst educator.",,2026-05-17T16:57:37.964300
152134,Badalte Rishton Ki Dastaan,Badalte Rishton Ki Dastaan,289.89,4.3,4456,2013-09-01,"[""India""]",[18],"When a man is killed, his wife and his lover – both of whom are pregnant with his children – come under the thumb of his brutal, dictatorial father.",,2026-05-17T16:57:37.964494
152135,Bala Loca,Bala Loca,158.62,5.9,618,2016-09-01,"[""Chile""]",[18],A veteran journalist starting a news site about corruption in Chile stumbles on a big story when a fellow investigative reporter dies suspiciously.,,2026-05-17T16:57:37.964757
152136,Bangkok Bachelors,Bangkok Bachelors,126.13,8.2,5705,2016-09-01,"[""US""]",[18],Three young men leading carefree bachelors’ lives in the city face the trials of true love when they meet three beautiful women.,,2026-05-17T16:57:37.964983
152137,Bat Pat,Bat Pat,61.96,7.0,4559,2016-09-01,"[""Italy""]",[18],"A curious and talkative bat finds spooky fun on the streets of Fogville, a town that's not as quiet as it seems, with a plucky girl and her brothers.",,2026-05-17T16:57:37.965158
152138,Bates Motel,Bates Motel,121.85,4.0,1517,2017-09-01,"[""United States""]",[18],"When his father dies, Norman Bates and his mother open a hotel. But Norman's precarious mental state drives them down a dark and violent path.",,2026-05-17T16:57:37.965315
152139,Battle Creek,Battle Creek,201.15,6.7,6477,2015-09-01,"[""United States""]",[18],"A polished FBI agent must team up with a cynical cop when he's dispatched to Battle Creek, Michigan, to set up an office at the local precinct.",,2026-05-17T16:57:37.965455
152140,Battlefield Recovery,Battlefield Recovery,183.93,6.2,2240,2016-09-01,"[""United Kingdom""]",[10764],A four-man team heads to Latvia and Poland to unearth rare World War II artifacts and shed new light on the bloody battles of the Eastern Front.,,2026-05-17T16:57:37.968128
152141,Be-Be-Bears,Be-Be-Bears,76.75,5.7,804,2018-09-01,"[""Russia""]",[18],"Bear buddies Bucky and Bjorn play games, go on far-out adventures and learn about wondrous new things together.",,2026-05-17T16:57:37.969328
152142,Beast Legends,Beast Legends,273.47,5.1,3436,2010-09-01,"[""Canada""]",[18],A diverse crew of experts dive deep into the origin stories of mythological monsters before building replicas of the creatures using 3D CGI technology.,,2026-05-17T16:57:37.969535
152143,Beating Again,Beating Again,317.99,7.7,2295,2015-09-01,"[""South Korea""]",[18],"After enduring both business and family upheavals, a ruthless investment director has a heart transplant and finds a new way to look at life and love.",,2026-05-17T16:57:37.969743
152144,Beauty & the Beast,Beauty & the Beast,121.15,4.3,8409,2016-09-01,"[""Canada""]",[18],A homicide detective and a veteran who has been turned into a beast by a military experiment gone awry become allies after they meet by chance.,,2026-05-17T16:57:37.969891
152145,Beauty and the Bitches,Beauty and the Bitches,71.11,5.2,3683,2016-09-01,"[""US""]",[18],Beauty pageant contestants from all over Thailand fight for the crown as they contend with drama and intrigue behind the scenes.,,2026-05-17T16:57:37.970025
152146,Behind the Newsroom,Behind the Newsroom,23.52,5.2,3955,2015-09-01,"[""US""]",[18],"Confident and cool under pressure, top news presenter Punchalee meets her match in the conniving Dao, who'll stop at nothing to fulfill her ambitions.",,2026-05-17T16:57:37.970217
152147,Behzat Ç.,Behzat Ç.,265.35,6.1,4906,2010-09-01,"[""Turkey""]",[18],An Ankara homicide detective with a dark personal life and a disdain for rules and political correctness solves murders and fights police corruption.,,2026-05-17T16:57:37.970484
152148,Being Mary Jane: The Series,Being Mary Jane: The Series,204.11,5.2,6424,2016-09-01,"[""United States""]",[18],Ambitious single TV journalist Mary Jane attempts to balance her career with her overbearing family and an increasingly messy love life.,,2026-05-17T16:57:37.973266
152149,Ben 10,Ben 10,166.21,8.1,3636,2016-09-01,"[""United States""]",[18],Ben can transform into ten types of aliens. He'll try 'em all while adventuring across the country with his cousin Gwen and Grandpa Max.,,2026-05-17T16:57:37.973525
152150,Beyblade: Metal Fusion,Beyblade: Metal Fusion,272.21,6.2,7721,2009-09-01,"[""Japan""]",[18],"In this anime adventure series for kids, the forces of good and evil ""blade it out,"" battling each other with enchanted spinning tops.",,2026-05-17T16:57:37.973723
152151,Bh Se Bhade,Bh Se Bhade,239.59,6.6,5133,2013-09-01,"[""India""]",[18],"A kind-hearted insurance agent has the mysterious power to temporarily shoulder the problems and pain of others, with comic results in his own life.",,2026-05-17T16:57:37.973884
152152,Bhaage Re Mann,Bhaage Re Mann,10.18,7.4,5641,2015-09-01,"[""India""]",[18],"An impulsive, free-spirited woman who's defied convention for much of her life suddenly finds herself flirting with a classic romance.",,2026-05-17T16:57:37.974025
152153,Big Bad Beetleborgs,Big Bad Beetleborgs,181.58,5.5,2215,1997-09-01,"[""United States""]",[18],"When three teens free a spirit that offers to grant each a wish, they choose to become their favorite superheroes, launching a series of adventures.",,2026-05-17T16:57:37.974192
152154,"Big Dreams, Small Spaces","Big Dreams, Small Spaces",141.98,4.6,2477,2017-09-01,"[""United Kingdom""]",[10764],Writer and presenter Monty Don helps England's budding horticulturists plant and grow the gardens of their dreams.,,2026-05-17T16:57:37.974343
152155,Bitten,Bitten,162.03,6.3,1990,2016-09-01,"[""Canada""]",[18],"Elena Michaels tries to stray from the pack of werewolves that turned her into a monster, but her efforts are thwarted by a string of grisly murders.",,2026-05-17T16:57:37.974482
152156,Bitter Daisies,Bitter Daisies,163.15,6.2,3428,2018-09-01,"[""Spain""]",[18],"While investigating the disappearance of a teen girl in a tight-knit Galician town, a Civil Guard officer uncovers secrets linked to a loss of her own.",,2026-05-17T16:57:37.976683
152157,Black Heart,Black Heart,140.96,5.1,6794,2014-09-01,"[""Turkey""]",[18],"Blaming a crooked media mogul for the death of his journalist sister, a surgeon enlists the help of a beautiful psychologist to get revenge.",,2026-05-17T16:57:37.977023
152158,Blood & Treasures,Blood & Treasures,101.61,9.1,7388,2016-09-01,"[""Thailand""]",[18],"Condemned by a centuries-old vow to protect her kingdom's treasures, an embittered spirit returns to seek justice against the man who wronged her.",,2026-05-17T16:57:37.977302
152159,Blue Planet II,Blue Planet II,14.25,5.3,1801,2017-09-01,"[""United Kingdom""]",[18],"This sequel to the award-winning nature series ""Blue Planet"" dives beneath Earth's oceans to reveal the dazzling vistas and amazing creatures there.",,2026-05-17T16:57:37.977500
152160,Bob Ross: Beauty Is Everywhere,Bob Ross: Beauty Is Everywhere,305.94,8.3,811,1991-09-01,"[""US""]",[18],"""The Joy of Painting"" host Bob Ross brings his signature wet-on-wet style to a bevy of bucolic landscape paintings celebrating the beauty of nature.",,2026-05-17T16:57:37.977724
152161,Bondi Rescue,Bondi Rescue,130.43,6.9,7220,2016-09-01,"[""Australia""]",[10764],"This reality series follows elite professional lifeguards on Sydney's Bondi Beach, as they take on everything from animal stings to criminals.",,2026-05-17T16:57:37.977919
152162,Border Patrol,Border Patrol,85.96,6.8,6964,2016-09-01,"[""US""]",[10764],This reality TV series follows the men and women of New Zealand's border patrol in their quest to keep their country safe and secure.,,2026-05-17T16:57:37.978130
152163,Borderline,Borderline,97.29,6.7,1438,2017-09-01,"[""United Kingdom""]",[18],A team of inept border agents tackles immigration issues at the fictional Northend Airport in this improvised mockumentary series.,,2026-05-17T16:57:37.978380
152164,Botched Up Bodies,Botched Up Bodies,265.33,6.6,3818,2013-09-01,"[""United Kingdom""]",[18],"From lifting saggy skin to repairing shoddy breast enhancements, plastic surgeons tackle extreme fixer-uppers.",,2026-05-17T16:57:37.980918
152165,Brain Games,Brain Games,283.51,6.5,7188,2016-09-01,"[""United States""]",[18],"This interactive series uses games, illusions and experiments to illustrate how our brains manufacture our reality and often play tricks on us.",,2026-05-17T16:57:37.981406
152166,Brave Miss World,Brave Miss World,63.39,6.7,1266,2013-09-01,"[""United States""]",[18],"Weeks before being named Miss World, Linor Abargil was raped. She tells the world her inspiring true story in this Emmy-nominated documentary.",,2026-05-17T16:57:37.981689
152167,Braxton Family Values,Braxton Family Values,90.98,4.2,1968,2014-09-01,"[""United States""]",[10764],"Songstress sisters Toni, Traci, Towanda, Trina and Tamar Braxton open up about their lives and their relationships — and reveal a few surprises.",,2026-05-17T16:57:37.984990
152168,Bringing Sexy Back,Bringing Sexy Back,444.28,5.8,2558,2015-09-01,"[""US""]",[10764],"In this reality series, everyday individuals adopt healthier lifestyles and transform their bodies to reclaim their confidence – with dramatic results.",,2026-05-17T16:57:37.985243
152169,Brown Nation,Brown Nation,161.36,4.8,8575,2016-09-01,"[""United States""]",[18],An Indian American man living with his artistic wife and contentious father-in-law struggles to handle his household and a foundering IT company.,,2026-05-17T16:57:37.985403
152170,Buddha,Buddha,129.1,6.4,2024,2013-09-01,"[""US""]",[18],"In this historical drama series, young Prince Siddhartha undergoes an intense spiritual journey that eventually transforms him into the Buddha.",,2026-05-17T16:57:37.985583
152171,"Bure Kaam Bura Natija, Kyun Bhai Chacha Haan Bhatija","Bure Kaam Bura Natija, Kyun Bhai Chacha Haan Bhatija",216.92,5.8,2008,2017-09-01,"[""US""]",[18],"A clever uncle-nephew duo solves mysteries, crimes and other problems for the citizens of a colorful town where something zany is always going down.",,2026-05-17T16:57:37.985818
152172,Burnistoun,Burnistoun,119.0,4.9,3914,2012-09-01,"[""United Kingdom""]",[18],"This sketch series focuses on the eccentric characters in a small Scottish town, including bumbling cops, ""DJ Jesus"" and a disgruntled serial killer.",,2026-05-17T16:57:37.986104
152173,Cabins in the Wild with Dick Strawbridge,Cabins in the Wild with Dick Strawbridge,253.61,6.9,1360,2017-09-01,"[""United Kingdom""]",[10764],"Engineer Dick Strawbridge and craftsman Will Hardie tour eight unique cabins built for a pop-up hotel in Wales, and construct No. 9 on their own.",,2026-05-17T16:57:37.986368
152174,Cain and Abel,Cain and Abel,207.38,6.4,7372,2009-09-01,"[""South Korea""]",[18],Gifted doctor Cho-in leads a charmed life while his older brother Seon-woo seethes with jealousy in this series inspired by Biblical characters.,,2026-05-17T16:57:37.986590
152175,Calico Critters,Calico Critters,214.53,8.1,1021,2018-09-01,"[""US""]",[18],The adorable residents of Sylvanian Village always have lots of fun with their friends and families!,,2026-05-17T16:57:37.986816
152176,Call Me Francis,Call Me Francis,154.34,4.3,2277,2016-09-01,"[""Italy""]",[18],"On his path to becoming Pope Francis, Father Jorge Bergoglio pursues his religious vocation in a country ravaged by a brutal military dictatorship.",,2026-05-17T16:57:37.987059
152177,Camelia la Texana,Camelia la Texana,38.16,6.5,1255,2014-09-01,"[""Mexico""]",[18],"Inspired by the famous song ""Contrabando y Traición,"" Camelia, a beautiful girl from San Antonio, kills her lover and becomes a legendary drug runner.",,2026-05-17T16:57:37.987356
152178,Camp X,Camp X,315.96,3.6,7969,2014-09-01,"[""Canada""]",[18],"Established during World War II, North America's first secret agent training school – known as Camp X – paved the way for present-day espionage.",,2026-05-17T16:57:37.987525
152179,Can We Get Married?,Can We Get Married?,102.86,5.2,2437,2012-09-01,"[""South Korea""]",[18],"On the cusp of marriage or divorce, four couples consider the meaning of love, sharing a life, meddling families and the weight of their commitment.",,2026-05-17T16:57:37.989947
152180,Cannabis,Cannabis,149.74,6.9,7699,2016-09-01,"[""France""]",[18],"When a huge marijuana shipment falls prey to thieves, the aftermath touches players from all ranks of the drug trade between Morocco and Europe.",,2026-05-17T16:57:37.990302
152181,Care Bears: Welcome to Care-a-Lot,Care Bears: Welcome to Care-a-Lot,407.0,6.7,2151,2012-09-01,"[""United States""]",[18],"Nestled in a faraway cloud is a rainbow-colored world called Care-a-Lot, home to the magical Care Bears who each have a special talent.",,2026-05-17T16:57:37.990579
152182,Case Closed,Case Closed,44.85,7.4,3900,2015-09-01,"[""Japan""]",[18],"Turned into a young boy by a sinister potion, teen sleuth Conan helps solve baffling crimes while tracking down the nefarious agents who poisoned him.",,2026-05-17T16:57:37.990831
152183,Castle of Stars,Castle of Stars,238.31,7.7,628,2015-09-01,"[""US""]",[18],"As four couples with different lifestyles go through the ebbs and flows of joy and sorrow, each must learn how to live a good life.",,2026-05-17T16:57:37.991041
152184,Chasing Monsters,Chasing Monsters,75.01,5.4,1957,2016-09-01,"[""Canada""]",[10764],Adventurer Cyril Chauquet seeks out the most colossal and dangerous underwater creatures around the world in this adrenaline-packed series.,,2026-05-17T16:57:37.993727
152185,Cheapest Weddings,Cheapest Weddings,158.38,7.5,9241,2016-09-01,"[""Australia""]",[10764],Couples on a tiny budget try to ensure that the day of their wedding turns out to be the magical experience they always dreamed it would be.,,2026-05-17T16:57:37.994022
152186,Cheers,Cheers,103.57,6.7,3916,1992-09-01,"[""United States""]",[18],"Sam Malone, an ex-baseball player turned bar owner, operates a saloon that's always filled with quirky customers and even more eccentric staff.",,2026-05-17T16:57:37.994219
152187,Chef & My Fridge,Chef & My Fridge,384.28,5.4,3103,2017-09-01,"[""South Korea""]",[10764],The best chefs of Korea go head-to-head to create impromptu dishes that feature ingredients found inside the guest stars' very own refrigerators.,,2026-05-17T16:57:37.994377
152188,Chewin' the Fat,Chewin' the Fat,52.24,7.7,6137,1999-09-01,"[""United Kingdom""]",[18],"Petty criminals, dodgy decorators, full-bore Glaswegians and oddball documentary presenters converge in this sketch show that parodies Scottish life.",,2026-05-17T16:57:37.994511
152189,Chewing Gum,Chewing Gum,227.2,4.9,2214,2017-09-01,"[""United Kingdom""]",[18],"The virginal Tracey, who was raised in a strictly religious Tower Hamlets flat, is ready to realize her potential. And the first step is having sex.",,2026-05-17T16:57:37.994809
152190,Chill with Bob Ross,Chill with Bob Ross,41.19,5.4,5453,1994-09-01,"[""US""]",[18],Iconic artist and master of relaxation Bob Ross demonstrates the process of creating wintry scenes in these episodes dedicated to the season.,,2026-05-17T16:57:37.994991
152191,Christiane Amanpour: Sex & Love Around the World,Christiane Amanpour: Sex & Love Around the World,59.5,6.3,3273,2018-09-01,"[""United States""]",[18],"A contextual, acculturated dive into how adults in six, big global cities celebrate love and accentuate sex. CNN's Christiane Amanpour reports.",,2026-05-17T16:57:37.995205
152192,Chuck Chicken,Chuck Chicken,66.9,8.3,703,2017-09-01,"[""Malaysia""]",[18],"On the island of Rocky Perch, security company owner Chuck Adoodledoo and his friends provide kung fu-style protection for their fellow bird citizens.",,2026-05-17T16:57:37.995380
152193,City in the Sky,City in the Sky,57.67,7.2,7717,2016-09-01,"[""United Kingdom""]",[18],"This series explores the magnitude and scale of modern air travel, and the challenges faced by those responsible for its smooth functioning.",,2026-05-17T16:57:37.995529
152194,Civilizations,Civilizations,114.38,6.8,3938,2018-09-01,"[""United Kingdom""]",[18],"Expanding Kenneth Clark's 1969 ""Civilisation"" series for a new generation, this reboot explores the art of cultures around the world, throughout time.",,2026-05-17T16:57:37.997977
152195,Classic Legends,Classic Legends,213.21,5.5,1370,2012-09-01,"[""India""]",[18],This documentary series explores the glamour of Bollywood through the stories of the men and women who have illuminated its screens.,,2026-05-17T16:57:37.998198
152196,Click for Murder,Click for Murder,19.22,8.2,4146,2017-09-01,"[""United Kingdom""]",[18],Crime journalist Donal MacIntyre reveals how deadly the internet can be as he dissects the technological methods behind heinous acts.,,2026-05-17T16:57:37.998360
152197,Club Friday The Series 6,Club Friday The Series 6,35.62,4.1,6338,2015-09-01,"[""US""]",[18],"Based on a Thai radio show that gives love advice to callers, this series dramatizes stories of infidelity, love triangles, sexual identity and more.",,2026-05-17T16:57:37.998499
152198,Club Friday The Series 7,Club Friday The Series 7,13.22,5.9,1552,2016-09-01,"[""US""]",[18],More confessional tales of love and heartbreak play out in this next installment of the popular Thai TV series based on a real-life call-in radio show.,,2026-05-17T16:57:37.998676
152199,Club Friday The Series 8,Club Friday The Series 8,292.87,7.2,8929,2017-09-01,"[""US""]",[18],"The eighth installment of this popular Thai series, based on a real-life call-in radio show, dramatizes personal stories of romance and heartbreak.",,2026-05-17T16:57:37.998925
152200,Club Friday To Be Continued - Friend & Enemy,Club Friday To Be Continued - Friend & Enemy,96.15,6.6,3998,2016-09-01,"[""US""]",[18],"A love triangle spirals out of control, wreaking havoc on a couple's relationship and a friendship between two women.",,2026-05-17T16:57:37.999085
152201,Club Friday To Be Continued - My Beautiful Tomboy,Club Friday To Be Continued - My Beautiful Tomboy,18.73,7.5,7840,2016-09-01,"[""US""]",[18],"A change in sexual identity complicates young Meen's relationships, while memories of a past romance remain fresh.",,2026-05-17T16:57:37.999226
152202,Club Friday To Be Continued - The Promise,Club Friday To Be Continued - The Promise,134.17,6.9,8014,2016-09-01,"[""US""]",[18],"Two young lovers vow to stay friends through thick and thin, but separation tests their bond until fate allows them to reunite.",,2026-05-17T16:57:37.999369
152203,Cold Case Files,Cold Case Files,11.93,5.6,893,2017-09-01,"[""United States""]",[18],Masterful detectives utilize forensic science and criminal psychology to re-examine long-standing cases.,,2026-05-17T16:57:37.999500
152204,Cold Case Files Classic,Cold Case Files Classic,62.47,6.5,3958,1999-09-01,"[""United States""]",[18],"Through forensic science and criminal psychology, an elite breed of detectives reexamine long-unsolved crimes to deliver justice and the truth.",,2026-05-17T16:57:38.001979
152205,Comedy Bang! Bang!,Comedy Bang! Bang!,8.26,8.5,2810,2016-09-01,"[""United States""]",[18],"Scott Aukerman brings his popular podcast Comedy Bang! Bang! to television, along with his co-host and bandleader, Reggie Watts.",,2026-05-17T16:57:38.002318
152206,Comedy High School,Comedy High School,210.95,6.6,8791,2018-09-01,"[""US""]",[18],"Featuring goofy sketches and celebrity appearances, this offbeat stage show follows an assortment of oddball characters at an eccentric high school.",,2026-05-17T16:57:38.002510
152207,Conan Without Borders,Conan Without Borders,264.44,6.6,5255,2018-09-01,"[""United States""]",[18],Late-night talk show host Conan O'Brien hits the road in this special that brings him and his sense of humor to far-flung destinations.,,2026-05-17T16:57:38.002741
152208,Cooking on High,Cooking on High,328.44,5.4,2265,2018-09-01,"[""United States""]",[10764],"In the first-ever competitive cannabis cooking show, two chefs prepare mouthwatering marijuana-infused dishes for a panel of very chill celeb judges.",,2026-05-17T16:57:38.002913
152209,Court Justice,Court Justice,89.21,5.0,2889,2017-09-01,"[""Australia""]",[18],"In a bustling local court in Sydney, 12 magistrates preside over different levels of criminal offenses and deliver life-changing verdicts.",,2026-05-17T16:57:38.003100
152210,Crime Time,Crime Time,12.62,6.0,3099,2017-09-01,"[""France""]",[18],"Born into poverty and trapped in a grim job as a cop in the favelas, a wannabe actor forges a bloody path to celebrity and wealth. Based on true events.",,2026-05-17T16:57:38.003313
152211,Dad's Army,Dad's Army,71.77,8.5,3082,1977-09-01,"[""United Kingdom""]",[18],This beloved sitcom follows the unlikely heroes of the volunteer British Home Guard as they prepare for German invasion in World War II.,,2026-05-17T16:57:38.003525
152212,Dance Academy,Dance Academy,63.67,5.6,4037,2013-09-01,"[""Australia""]",[18],Fifteen-year-old Tara Webster's dream of dancing comes true when she gets into a top dance academy. She soon realizes dancing is only half the battle.,,2026-05-17T16:57:38.006035
152213,Dandy,Dandy,159.81,8.7,3677,2016-09-01,"[""Mexico""]",[18],A law professor is enlisted by Mexico's attorney general to join a special operations unit infiltrating the capital's most notorious drug cartel.,,2026-05-17T16:57:38.006246
152214,Dangerous Roads,Dangerous Roads,81.34,6.0,1846,2012-09-01,"[""United Kingdom""]",[18],"Using various 4x4 vehicles, celebrities steer their way across some of the most infamous roads and trickiest terrains on earth.",,2026-05-17T16:57:38.006449
152215,Darr Sabko Lagta Hai,Darr Sabko Lagta Hai,54.16,8.2,3869,2015-09-01,"[""India""]",[18],"In this chilling horror anthology series, actress and model Bipasha Basu meets people who have had disconcerting paranormal experiences.",,2026-05-17T16:57:38.006667
152216,Day and Night,Day and Night,217.96,8.5,3149,2017-09-01,"[""China""]",[18],A detective assists with an investigation into a brutal mass murder case in which his twin brother is the prime suspect.,,2026-05-17T16:57:38.006860
152217,Days We Stared at the Sun,Days We Stared at the Sun,41.12,3.9,2487,2017-09-01,"[""Taiwan""]",[18],A model student resorts to violence after witnessing greed and corruption wreak havoc on his life.,,2026-05-17T16:57:38.007018
152218,Deep Undercover Collection,Deep Undercover Collection,104.64,8.0,3645,2017-09-01,"[""United States""]",[18],"Former FBI agent Joe Pistone, the real-life ""Donnie Brasco,"" hosts this series that reveals the true stories of undercover crime-fighting operations.",,2026-05-17T16:57:38.007240
152219,Deep Water,Deep Water,8.94,8.3,1344,2016-09-01,"[""Australia""]",[18],"Back in Bondi Beach, where she grew up, DC Tori Lustigman investigates a gay man's murder and finds a link to her brother's death decades earlier.",,2026-05-17T16:57:38.007403
152220,Devlok with Devdutt Pattanaik,Devlok with Devdutt Pattanaik,5.57,5.9,856,2017-09-01,"[""India""]",[18],"Through chats with host Rasika Dugal, mythologist Devdutt Pattanaik explores the meaning and modern-day relevance of Indian folklore and philosophy.",,2026-05-17T16:57:38.008835
152221,Dexter,Dexter,10.23,7.4,1748,2013-09-01,"[""United States""]",[18],"By day, mild-mannered Dexter is a blood-spatter analyst for the Miami police. But at night, he is a serial killer who only targets other murderers.",,2026-05-17T16:57:38.009937
152222,Dinner for Five,Dinner for Five,40.89,9.6,1003,2007-09-01,"[""United States""]",[18],"In each episode, four celebrities join host Jon Favreau for dinner and share revealing stories about both show business and their personal lives.",,2026-05-17T16:57:38.010151
152223,Dino Hunt,Dino Hunt,175.52,7.4,8710,2016-09-01,"[""Canada""]",[18],"Top scientists and paleontologists examine dinosaur fossils located throughout Canada, while searching for elusive new species.",,2026-05-17T16:57:38.012942
152224,Diva Brides,Diva Brides,81.64,6.3,4607,2017-09-01,"[""US""]",[10764],"In this reality series, brides-to-be stop at nothing to have their dream weddings despite meager funds, fallouts with friends or even absent grooms.",,2026-05-17T16:57:38.013222
152225,Doomsday Preppers,Doomsday Preppers,56.84,12.0,5464,2013-09-01,"[""United States""]",[10764],This series highlights a diverse group of survivalists as they prepare for various catastrophic scenarios that could cause civilization to collapse.,,2026-05-17T16:57:38.013446
152226,Dramaworld,Dramaworld,235.66,4.8,5668,2016-09-01,"[""United States""]",[18],"A huge fan of a Korean TV drama is transported to a magical realm where she has the power to alter her favorite show's story line as a ""Facilitator.""",,2026-05-17T16:57:38.013661
152227,"Drugs, Inc.","Drugs, Inc.",220.05,6.9,3088,2015-09-01,"[""United States""]",[18],"This absorbing documentary series follows the entire supply chain of the illicit drug trade, tracing its production, export, sale and consumption.",,2026-05-17T16:57:38.013854
152228,Dueños del paraíso,Dueños del paraíso,8.79,7.0,4291,2015-09-01,"[""United States""]",[18],"When Anastasia Cardona's drug lord husband is murdered, she inherits his cocaine empire, leading to a life of wealth, power, violence and betrayal.",,2026-05-17T16:57:38.014009
152229,Earth to Luna!,Earth to Luna!,105.07,5.5,4184,2014-09-01,"[""Brazil""]",[18],"Curious about everything and excited about science, 6-year-old Luna, her brother Jupiter and pet Clyde explore nature to learn about the world.",,2026-05-17T16:57:38.014193
152230,Earth's Natural Wonders,Earth's Natural Wonders,108.55,7.3,8985,2015-09-01,"[""United Kingdom""]",[18],Earth's most sublime landscapes can also be the most forbidding. Discover how inhabitants survive and flourish in our planet's harshest environments.,,2026-05-17T16:57:38.014363
152231,Earth's Natural Wonders: Life at the Extremes,Earth's Natural Wonders: Life at the Extremes,196.82,5.9,9924,2018-09-01,"[""US""]",[18],"From the Arctic to the Outback, humans battle the elements and use their ingenuity to survive in the most extreme environments in the world.",,2026-05-17T16:57:38.014510
152232,Easy Fortune Happy Life,Easy Fortune Happy Life,150.94,6.4,6510,2009-09-01,"[""Taiwan""]",[18],"Years after a wealthy man is healed by a rural herbalist, fate lands him in the same hospital where the woman's granddaughter is treating patients.",,2026-05-17T16:57:38.014767
152233,El Barco,El Barco,229.8,7.6,8990,2013-09-01,"[""Spain""]",[18],Forty young crew members traveling aboard a training vessel are in for the adventure of a lifetime – especially when a storm leaves them lost at sea.,,2026-05-17T16:57:38.014954
152234,El Cartel,El Cartel,425.98,8.6,4991,2008-09-01,"[""Colombia""]",[18],One man makes a fateful decision to get involved with a Colombian drug cartel in this series based on a novel by Andrés López López.,,2026-05-17T16:57:38.015160
152235,El Cartel 2,El Cartel 2,12.11,7.3,2134,2010-09-01,"[""Colombia""]",[18],Drug trafficker Pepe Cadena navigates the treacherous waters of warring cartels in Mexico and Colombia while avoiding capture by the DEA and police.,,2026-05-17T16:57:38.015316
152236,El Chavo,El Chavo,183.59,6.1,4580,1979-09-01,"[""Mexico""]",[18],"El Chavo is a poor, nameless orphan who lives in an apartment building with La Chilindrina, Quico, Doña Florinda, Don Ramón and Professor Jirafales.",,2026-05-17T16:57:38.015467
152237,El Clon,El Clon,100.0,4.2,3937,2010-09-01,"[""United States""]",[18],"Religion thwarted Lucas and Jade's young love. They reunite decades later, but Jade's heart is torn between the man she knew and his younger clone.",,2026-05-17T16:57:38.017775
152238,El Vato,El Vato,54.17,7.9,109,2017-09-01,"[""United States""]",[18],"Regional Mexican singer El Vato and his friends struggle to succeed in the enticing but deceptive music world in Los Angeles, California.",,2026-05-17T16:57:38.018172
152239,Emogenius,Emogenius,323.97,7.6,6519,2017-09-01,"[""United States""]",[10764],"Two pairs of contestants go head-to-head for several rounds, deciphering puzzles and messages comprised of emojis for a chance at a $10,000 prize.",,2026-05-17T16:57:38.019120
152240,Encerrados,Encerrados,21.56,5.4,1752,2018-09-01,"[""US""]",[18],"This fictional series tells the stories of what happens to people when they feel caged in, whether physically, psychologically or emotionally.",,2026-05-17T16:57:38.019368
152241,Encounters with Evil,Encounters with Evil,87.84,6.4,2365,2016-09-01,"[""United Kingdom""]",[18],"This documentary series tries to get at the root of some of the most heinous crimes ever committed by deranged, cold-blooded criminals.",,2026-05-17T16:57:38.019529
152242,Enemigo íntimo,Enemigo íntimo,25.39,4.8,5036,2018-09-01,"[""US""]",[18],"Siblings separated as children who no longer recognize each other are pitted against each other in a war involving drugs, crime and betrayal.",,2026-05-17T16:57:38.019840
152243,Eurovision Song Contest,Eurovision Song Contest,37.36,6.2,1268,2019-09-01,"[""US""]",[18],Singers from all over Europe represent their countries in an international showdown and vie for superstar glory.,,2026-05-17T16:57:38.020113
152244,Everyday Miracles,Everyday Miracles,220.4,6.7,4270,2014-09-01,"[""United Kingdom""]",[18],Materials scientist Mark Miodownik takes us into the world of everyday objects that make our lives more comfortable than those of our ancestors.,,2026-05-17T16:57:38.020347
152245,Ex-Boyfriend,Ex-Boyfriend,81.76,4.3,4615,2011-09-01,"[""China""]",[18],"Still haunted by the traumatic event that ended her high school romance, a young professional gets a new subordinate: her former sweetheart.",,2026-05-17T16:57:38.020516
152246,Exclusive Edition,Exclusive Edition,156.5,8.3,663,2008-09-01,"[""US""]",[18],"Young journalists working for a magazine juggle careers, romance and other challenges while reporting on social issues and news stories in Malaysia.",,2026-05-17T16:57:38.022903
152247,Extras,Extras,206.58,7.8,4206,2006-09-01,"[""United Kingdom""]",[18],"Grasping hungrily for stardom, bit actor Andy Millman and his pal Maggie spend their days chasing after work as film and TV extras.",,2026-05-17T16:57:38.023128
152248,Ezel,Ezel,149.12,5.2,1649,2009-09-01,"[""Turkey""]",[18],A young man framed for a crime escapes a prison sentence by faking his own death and assuming a new identity as he seeks revenge.,,2026-05-17T16:57:38.023284
152249,Fairy Tail,Fairy Tail,89.72,6.9,1353,2009-09-01,"[""Japan""]",[18],"When four young wizards team up to take jobs across the kingdom, they forge a bond more powerful than any magic and grow stronger with every mission.",,2026-05-17T16:57:38.023428
152250,Fake or Fortune?,Fake or Fortune?,150.69,5.7,7003,2015-09-01,"[""United Kingdom""]",[18],Fiona Bruce and Philip Mould use investigative skills and scientific techniques to determine if paintings are real or just impressive forgeries.,,2026-05-17T16:57:38.023598
152251,Fatal Destiny,Fatal Destiny,18.41,4.9,7047,2016-09-01,"[""US""]",[18],A young man from a humble family is drawn into a life of crime – and soon confronts a determined cop in hot pursuit.,,2026-05-17T16:57:38.023792
152252,Father Brown,Father Brown,153.51,6.1,2807,2017-09-01,"[""United Kingdom""]",[18],"A modest, compassionate priest doubles as an effective crime solver in this series based on the short stories by G.K. Chesterton.",,2026-05-17T16:57:38.023935
152253,Fear Files... Har Mod Pe Darr,Fear Files... Har Mod Pe Darr,110.2,7.7,7767,2015-09-01,"[""India""]",[18],"Possessed lovers, witches, haunted houses and more bring tales of horror to the screen in this anthology series.",,2026-05-17T16:57:38.024091
152254,Filinta,Filinta,61.08,8.3,3188,2015-09-01,"[""Turkey""]",[18],"In 19th-century Istanbul, a young police officer investigates crimes and falls in love with the daughter of a wealthy merchant conspiring against him.",,2026-05-17T16:57:38.024235
152255,Fit for Fashion,Fit for Fashion,19.9,6.0,2243,2015-09-01,"[""US""]",[10764],"In this reality series, physique meets fashion as contestants compete in challenges to transform both body and image for the grand prize of $100,000.",,2026-05-17T16:57:38.024374
152256,Fix It and Finish It,Fix It and Finish It,218.12,7.3,1534,2014-09-01,"[""United States""]",[10764],"A team of skilled contractors and designers hosted by Antonio Sabato Jr. renovates houses, cabins and even RVs, transforming properties in one day.",,2026-05-17T16:57:38.024503
152257,Flowering Heart,Flowering Heart,87.0,5.7,327,2016-09-01,"[""South Korea""]",[18],"An ordinary student, who forms an advice club with her friends to help others, gains special powers after a mysterious encounter.",,2026-05-17T16:57:38.027028
152258,Food: Delicious Science,Food: Delicious Science,99.93,6.6,7350,2017-09-01,"[""US""]",[18],"In this series, TV presenter Michael Mosley and botanist James Wong explore the physics, chemistry and biology inside every bite of food we eat.",,2026-05-17T16:57:38.027481
152259,Footprints in the Sand,Footprints in the Sand,96.25,7.6,4398,2011-09-01,"[""United States""]",[18],"Familial bonds strain as dramas concerning love, greed, business and generosity simmer across generations.",,2026-05-17T16:57:38.027692
152260,For the Win,For the Win,106.14,8.8,9172,2017-09-01,"[""United States""]",[10764],Frisbee national champion Brodie Smith challenges inventive athletes across the US to an exhibition match in the unconventional sports they've created.,,2026-05-17T16:57:38.027847
152261,Forces of Nature,Forces of Nature,253.36,6.9,1148,2016-09-01,"[""United Kingdom""]",[18],"This dynamic series spans the globe to explain the complex natural forces that govern the planet, from shape and color to motion and the elements.",,2026-05-17T16:57:38.027986
152262,Forget Me Not,Forget Me Not,41.34,6.7,2574,2011-09-01,"[""United Kingdom""]",[18],"Teenage Xue Ming was forced to marry the man who raped her. Years after abandoning her young sons to find a better life, can she escape the guilt?",,2026-05-17T16:57:38.028137
152263,Four Seasons in Havana,Four Seasons in Havana,329.71,9.5,6999,2016-09-01,"[""Spain""]",[18],"As Havana slowly revolves through the year, wistful detective Mario Conde probes the sultry heart of the city to investigate dark and deadly crimes.",,2026-05-17T16:57:38.028295
152264,Frasier,Frasier,32.99,5.9,8459,2003-09-01,"[""United States""]",[18],Frasier Crane is a snooty but lovable Seattle psychiatrist who dispenses advice on his call-in radio show while ignoring it in his own relationships.,,2026-05-17T16:57:38.028500
152265,Friday Night Tykes,Friday Night Tykes,92.39,6.3,2663,2017-09-01,"[""United States""]",[10764],"This docuseries dives into the cutthroat world of Texas youth football, where kids face grueling demands and pressure from coaches and parents to win.",,2026-05-17T16:57:38.032144
152266,Friends,Friends,168.75,4.6,4451,2003-09-01,"[""United States""]",[18],"This hit sitcom follows the merry misadventures of six 20-something pals as they navigate the pitfalls of work, life and love in 1990s Manhattan.",,2026-05-17T16:57:38.032478
152267,Frozen Planet,Frozen Planet,190.53,6.0,7094,2011-09-01,"[""United Kingdom""]",[18],Go on a journey through the Arctic and Antarctic with this visually stunning program that explores these wildernesses and their inhabitants.,,2026-05-17T16:57:38.034805
152268,Gabru: Hip Hop Revolution,Gabru: Hip Hop Revolution,9.81,3.6,4356,2018-09-01,"[""India""]",[18],"Three young, aspiring Indian rappers make their way in a cutthroat music industry, dreaming of fame, stardom and ultimate hip-hop domination .",,2026-05-17T16:57:38.035083
152269,Galavant,Galavant,303.31,6.2,4162,2016-09-01,"[""United States""]",[18],"In a time of legend, Galavant the knight embarks on a quest to save his fair lady and become a hero in this tongue-in-cheek musical comedy.",,2026-05-17T16:57:38.035436
152270,Game Winning Hit,Game Winning Hit,255.42,7.2,604,2009-09-01,"[""Taiwan""]",[18],An army deserter hiding out in a small coastal town becomes the coach of a youth baseball team and develops warm relationships in his new community.,,2026-05-17T16:57:38.037760
152271,Gangs of Hassepur,Gangs of Hassepur,178.28,5.8,8603,2014-09-01,"[""India""]",[18],"Training a keen eye on hot-button political topics, this variety show features stand-up comedy, sketches and sarcastic celebrity impersonations.",,2026-05-17T16:57:38.038143
152272,Gargantia on the Verdurous Planet,Gargantia on the Verdurous Planet,233.45,5.9,1877,2013-09-01,"[""Japan""]",[18],"After falling through a wormhole, a space-dwelling teen mecha pilot awakes to find himself amid the inhabitants of a strange planet called ... Earth.",,2026-05-17T16:57:38.038429
152273,Genius of the Ancient World,Genius of the Ancient World,271.29,8.3,3715,2015-09-01,"[""United Kingdom""]",[18],"Historian Bettany Hughes travels to India, Greece and China to explore the lives and times of Buddha, Socrates and Confucius.",,2026-05-17T16:57:38.038765
152274,Genius of the Modern World,Genius of the Modern World,183.5,8.4,6232,2016-09-01,"[""United Kingdom""]",[18],"Historian Bettany Hughes explores the intellectual landscapes that helped shape the work of Karl Marx, Friedrich Nietzsche and Sigmund Freud.",,2026-05-17T16:57:38.038998
152275,Gentlemen and Gangsters,Gentlemen and Gangsters,69.38,5.8,1927,2016-09-01,"[""Sweden""]",[18],"Now on the run, a writer relates his previous year's escapades when he got sucked into the thrilling, sordid orbit of boxer and jazz man Henry Morgan.",,2026-05-17T16:57:38.039278
152276,Geronimo Stilton,Geronimo Stilton,148.43,7.2,11380,2011-09-01,"[""Italy""]",[18],"With the help of brainy and adventurous sidekicks, New Mouse City's favorite journalist investigates mysteries that take him around the world,",,2026-05-17T16:57:38.041646
152277,Get Shorty,Get Shorty,73.4,3.3,3939,2017-09-01,"[""United States""]",[18],Organized crime enforcer Miles Daly strives to reinvent himself as a Hollywood filmmaker in this satire based on Elmore Leonard's best-selling novel.,,2026-05-17T16:57:38.042001
152278,Ghost Town Gold,Ghost Town Gold,182.92,5.9,8949,2012-09-01,"[""United States""]",[10764],"Two history buffs with an eye for valuables traverse through forgotten mines and abandoned landmarks in the wild, wild West to score collectibles.",,2026-05-17T16:57:38.042325
152279,Glowing Embers,Glowing Embers,489.61,6.6,6337,2010-09-01,"[""US""]",[18],"Amid Malaysia's charcoal industry, a woman deftly adapts to her environs as she juggles three men in her life: her husband, her lover and her friend.",,2026-05-17T16:57:38.042578
152280,Goldie & Bear,Goldie & Bear,108.15,5.8,2727,2017-09-01,"[""United States""]",[18],"Best pals Goldie and Bear, from ""Goldilocks and the Three Bears,"" join other characters from beloved stories for adventures in the Fairy Tale Forest.",,2026-05-17T16:57:38.042915
152281,Gomorrah,Gomorrah,36.62,5.0,3729,2016-09-01,"[""Italy""]",[18],"Mafia activity in Naples is at the center of this series, which focuses on internal struggles that follow after the head of a family is imprisoned.",,2026-05-17T16:57:38.043178
152282,Gonul,Gonul,207.31,4.7,2891,2015-09-01,"[""Turkey""]",[18],"A nurse escapes from her surgeon fiancé after his ex reveals his dark secrets. She later finds love again, but a car accident changes everything.",,2026-05-17T16:57:38.043422
152283,Gossip Girl,Gossip Girl,155.54,6.9,7145,2012-09-01,"[""United States""]",[18],A group of hyperprivileged Manhattan private-school kids seem to get away with everything. Except an anonymous blogger is watching their every move.,,2026-05-17T16:57:38.046597
152284,Grand Designs,Grand Designs,146.38,6.7,4748,2017-09-01,"[""United Kingdom""]",[10764],"Host Kevin McCloud presents people who take self-building houses to a new level, following every step of their ambitious plans from beginning to end.",,2026-05-17T16:57:38.046879
152285,Grand Hotel,Grand Hotel,267.8,5.3,9991,2013-09-01,"[""Spain""]",[18],"To learn the truth about his sister's mysterious disappearance, a young man infiltrates a hotel in the guise of a footman and begins an investigation.",,2026-05-17T16:57:38.047031
152286,Great Interior Design Challenge,Great Interior Design Challenge,66.77,3.7,7120,2016-09-01,"[""United Kingdom""]",[10764],"In this reality series, amateur interior designers on tight budgets test their mettle transforming rooms with speed and style.",,2026-05-17T16:57:38.048419
152287,Great Yellowstone Thaw,Great Yellowstone Thaw,40.79,5.4,7805,2017-09-01,"[""United Kingdom""]",[18],This series explores the effects of the extreme temperature variations at Yellowstone National Park on the animals that live there.,,2026-05-17T16:57:38.048837
152288,Gunslinger Girl,Gunslinger Girl,176.45,5.8,3204,2008-09-01,"[""Japan""]",[18],"On the surface, the Social Welfare Agency appears to help orphaned schoolgirls, but it's actually turning them into lethal agents.",,2026-05-17T16:57:38.049130
152289,Ha Unlimited,Ha Unlimited,24.39,6.6,978,2016-09-01,"[""US""]",[18],"Three comedians launch a company designed to spread happiness far and wide in this Thai sitcom packed with gags, sound effects and special guests.",,2026-05-17T16:57:38.049342
152290,Hannibal,Hannibal,117.68,6.2,5464,2015-09-01,"[""United States""]",[18],This drama series focuses on the early years of the relationship between FBI criminal profiler Will Graham and homicidal cannibal Dr. Hannibal Lecter.,,2026-05-17T16:57:38.052603
152291,Happy 300 Days,Happy 300 Days,91.47,6.5,2388,2013-09-01,"[""Taiwan""]",[18],"An unexpected pregnancy sends a woman back to her hometown to share a house with three nice guys. Each has problems, but each would make a great dad.",,2026-05-17T16:57:38.053149
152292,Happy Valley,Happy Valley,17.85,5.6,1659,2016-09-01,"[""United Kingdom""]",[18],"Yorkshire police sergeant Catherine Cawood pursues the man who assaulted her late daughter, unaware he is now part of a secret kidnapping plot.",,2026-05-17T16:57:38.053363
152293,Happyish,Happyish,47.27,4.2,9350,2015-09-01,"[""United States""]",[18],"A middle-aged adman is shaken up by his new boss, a 25-year-old who advises him to ""rebrand"" himself. Is it possible, or is this as good as he'll get?",,2026-05-17T16:57:38.053512
152294,Harold Shipman - Driven to Kill,Harold Shipman - Driven to Kill,24.45,6.7,1578,2014-09-01,"[""United Kingdom""]",[18],"Interviews and dramatic reconstructions illuminate the twisted motivations and brazen crimes of serial killer and respected physician, Harold Shipman.",,2026-05-17T16:57:38.053700
152295,Harry & Bunnie,Harry & Bunnie,182.55,5.0,5737,2017-09-01,"[""Malaysia""]",[18],A young wannabe magician and his mischievous stage rabbit battle and sabotage each other while putting on shows.,,2026-05-17T16:57:38.053860
152296,Hart of Dixie,Hart of Dixie,12.1,7.6,10117,2014-09-01,"[""United States""]",[18],Fast-talking city girl Zoe Hart winds up patching up the locals of a tiny town in the Deep South when she inherits a medical practice in Alabama.,,2026-05-17T16:57:38.054046
152297,Hati Perempuan,Hati Perempuan,36.41,9.0,2492,2015-09-01,"[""Indonesia""]",[18],Sparks of both passion and contempt fly when a self-sufficient architect is forced to work with a snobbish industrialist.,,2026-05-17T16:57:38.054239
152298,Haven,Haven,181.48,8.5,4165,2015-09-01,"[""Canada""]",[18],"Residents of Haven, Maine, are plagued by supernatural afflictions. To reveal the truth, FBI agent Audrey Parker must delve into her own strange past.",,2026-05-17T16:57:38.054391
152299,Heavy Rescue: 401,Heavy Rescue: 401,202.58,3.4,3811,2018-09-01,"[""Canada""]",[10764],"In the harshest weather, rookie and veteran heavy recovery operators fight to keep southern Ontario's busy, treacherous highways clear and safe.",,2026-05-17T16:57:38.054530
152300,Helix,Helix,159.28,7.6,8517,2015-09-01,"[""United States""]",[18],"While investigating a possible outbreak at an Arctic research facility, scientists discover a new virus that could wipe out every human on the planet.",,2026-05-17T16:57:38.057362
152301,Hell on Wheels,Hell on Wheels,59.51,7.7,5903,2016-09-01,"[""Canada""]",[18],Former Confederate soldier Cullen Bohannon sets out on a quest to find his wife's killer as post-Civil War America struggles to rebuild its identity.,,2026-05-17T16:57:38.058749
152302,Herrens veje,Herrens veje,66.42,6.4,7537,2018-09-01,"[""Denmark""]",[18],A family with a storied history of service to the Church of Denmark fractures under the tyrannical rule and ambition of its hard-driving patriarch.,,2026-05-17T16:57:38.059024
152303,Hidden Singer,Hidden Singer,36.0,8.2,1622,2015-09-01,"[""South Korea""]",[10764],Pop stars and impersonators face off to be the last one standing as the audience tries to determine the real singer by listening to their voices only.,,2026-05-17T16:57:38.059220
152304,Highway Thru Hell,Highway Thru Hell,323.09,4.9,8568,2016-09-01,"[""Canada""]",[10764],"On the hazardous highways of Canada's interior, heavy vehicle towing companies experience hardship and triumph rescuing wrecked and stranded trucks.",,2026-05-17T16:57:38.064032
152305,Highway to Heaven,Highway to Heaven,43.92,5.3,3315,1988-09-01,"[""United States""]",[18],"Under God's direction, angel Jonathan and ex-cop Mark help troubled souls overcome adversity and embrace honesty, kindness and forgiveness.",,2026-05-17T16:57:38.064480
152306,Hinterland,Hinterland,417.65,5.7,7155,2016-09-01,"[""United Kingdom""]",[18],"Forsaking London for the rustic landscapes of Wales, a police detective with a troubled soul finds himself in a place with secrets as dark as his own.",,2026-05-17T16:57:38.064723
152307,Historia de un clan,Historia de un clan,66.67,6.9,1501,2015-09-01,"[""Argentina""]",[18],"This drama based on a true story follows the Puccios, a criminal family who kidnaps wealthy people and holds them hostage in their home.",,2026-05-17T16:57:38.065091
152308,History's Greatest Hoaxes,History's Greatest Hoaxes,25.75,7.6,1116,2016-09-01,"[""Australia""]",[18],"Using previously unseen footage, this documentary series offers new insights into some of the biggest scams and forgeries in human history.",,2026-05-17T16:57:38.067874
152309,Hogie the Globehopper,Hogie the Globehopper,67.43,7.1,5064,2016-09-01,"[""United States""]",[18],"Hogie and his friends travel the world, exploring far-flung locales like Buenos Aires, Cairo, Hawaii and the Galapagos Islands.",,2026-05-17T16:57:38.068219
152310,Hormones,Hormones,246.14,6.5,2199,2015-09-01,"[""Thailand""]",[18],"High school students in Bangkok wrestle with issues such as sex, teen pregnancy, drugs, school violence, family turmoil and more in this Thai drama.",,2026-05-17T16:57:38.068492
152311,Horror Homes,Horror Homes,18.51,3.7,7474,2016-09-01,"[""United Kingdom""]",[18],"Dream homes turn into property nightmares when mold, maggots, natural disasters and other inconveniences move in.",,2026-05-17T16:57:38.071881
152312,Hotel Beau Séjour,Hotel Beau Séjour,58.7,2.0,2675,2017-09-01,"[""Belgium""]",[18],"Caught in an afterlife limbo, teenage Kato investigates her own mysterious death and unravels a web of secrets in her seemingly tranquil village.",,2026-05-17T16:57:38.072154
152313,How to Live Mortgage Free with Sarah Beeny,How to Live Mortgage Free with Sarah Beeny,79.2,7.1,1415,2018-09-01,"[""US""]",[10764],Real estate expert and TV presenter Sarah Beeny meets with clever property owners who share their colorful stories about living mortgage free.,,2026-05-17T16:57:38.072335
152314,Humsafar,Humsafar,38.23,6.5,5245,2011-09-01,"[""Pakistan""]",[18],"To fulfill her mother's dying wish, middle-class Khirad marries elite Ashar. But those who disapprove plot to turn Ashar against his wife.",,2026-05-17T16:57:38.072488
152315,Hunters of the South Seas,Hunters of the South Seas,188.32,7.6,1558,2015-09-01,"[""United Kingdom""]",[18],"In a far corner of the Pacific Ocean, people who live entirely at sea share insights into their incredible amphibious lifestyle.",,2026-05-17T16:57:38.074896
152316,Huntik: Secrets and Seekers,Huntik: Secrets and Seekers,71.09,8.7,746,2011-09-01,"[""United States""]",[18],"A high school student searching for his missing father joins a secret group known as the Seekers, who ally with aliens to protect the world from evil.",,2026-05-17T16:57:38.075186
152317,Hyori's Bed & Breakfast,Hyori's Bed & Breakfast,2.68,4.7,5164,2018-09-01,"[""US""]",[10764],"K-pop diva Lee Hyo-ri and her husband open up their home on the beautiful Jeju Island to welcome travelers for free stays, meals and late-night chats.",,2026-05-17T16:57:38.075365
152318,I Am Me!,I Am Me!,71.89,5.9,1139,2016-09-01,"[""Mexico""]",[18],Aspiring hip-hop star Francisco builds a name for himself as a musical artist while his conscience helps him through family drama and discrimination.,,2026-05-17T16:57:38.075511
152319,I'm Sorry,I'm Sorry,75.67,8.6,2178,2019-09-01,"[""United States""]",[18],"Life is a series of awkward situations for comedy writer and mom Andrea, thanks to plenty of neuroses and a knack for sticking her foot in her mouth.",,2026-05-17T16:57:38.077221
152320,Idiotest,Idiotest,51.72,7.8,855,2014-09-01,"[""United States""]",[10764],Comedian Ben Gleib hosts this game show in which teams of two compete to solve increasingly tough brain teasers. Faster answers mean more money.,,2026-05-17T16:57:38.077447
152321,In Between,In Between,209.83,6.2,6021,2012-09-01,"[""Taiwan""]",[18],An author having trouble finishing his new romance novel because he's lost faith in love regains his romantic soul after meeting a flight attendant.,,2026-05-17T16:57:38.077639
152322,India: Nature's Wonderland,India: Nature's Wonderland,137.56,6.0,7388,2015-09-01,"[""United Kingdom""]",[18],Wildlife biologist Liz Bonnin explores the natural wonders of India in this series that reveals the species and cultures unique to this ancient land.,,2026-05-17T16:57:38.077802
152323,Inside The Freemasons,Inside The Freemasons,25.27,8.3,1753,2017-09-01,"[""United Kingdom""]",[18],"Explore the history and future of the Freemasons, a fraternal order steeped in both secrecy and tradition.",,2026-05-17T16:57:38.077946
152324,Inside the Mind of a Serial Killer,Inside the Mind of a Serial Killer,209.21,6.4,1738,2015-09-01,"[""United States""]",[18],"Mixing dramatic re-enactments with real-life footage, this series delves into the tormented psyches of the world's most infamous serial killers.",,2026-05-17T16:57:38.080975
152325,Inside the Mossad,Inside the Mossad,255.14,6.9,5784,2017-09-01,"[""Israel""]",[18],"In this documentary, dozens of former agents from the Mossad, Israel's foreign intelligence agency, reveal their top-secret operations.",,2026-05-17T16:57:38.081205
152326,Inst@famous,Inst@famous,131.28,7.4,2270,2018-09-01,"[""United Kingdom""]",[10764],Self-made social media celebrities share the stories of how they built their online empires and where they plan to take their unexpected fame next.,,2026-05-17T16:57:38.081383
152327,Intelligence,Intelligence,181.14,5.4,2893,2007-09-01,"[""Canada""]",[18],Clashes both on the street and in the bedroom pits the female head of the Organized Crime Unit against the cocky leader of a pot-smuggling ring.,,2026-05-17T16:57:38.081614
152328,Iron Man: Armored Adventures,Iron Man: Armored Adventures,67.98,5.7,1167,2011-09-01,"[""Canada""]",[18],Teen phenom Tony Stark takes to the skies with an ingeniously engineered suit of armor to learn the truth about his father's mysterious death.,,2026-05-17T16:57:38.081951
152329,Islands of the Future,Islands of the Future,48.02,4.7,5731,2014-09-01,"[""United Kingdom""]",[18],"Amid rising oil and gas prices and dwindling resources, tiny islands off the coast of Europe are rethinking the future of energy.",,2026-05-17T16:57:38.082163
152330,마녀사냥,마녀사냥,357.81,5.3,9084,2015-09-01,"[""South Korea""]",[18],"Four Korean celebrity men and guest stars of both genders discuss women, sex and relationships – to an unprecedented degree of openness.",,2026-05-17T16:57:38.082352
152331,Jack Taylor,Jack Taylor,118.46,6.8,160,2016-09-01,"[""United States""]",[18],Ken Bruen's bestselling crime novels leap to life in this series of TV movies featuring Irish cop-turned-private-investigator Jack Taylor.,,2026-05-17T16:57:38.082513
152332,Japanese Style Originator,Japanese Style Originator,134.74,4.4,1879,2008-09-01,"[""Japan""]",[18],"Find out everything there is to know about Japanese tradition, from food to culture to objects and arts, and the people who are continuing it today.",,2026-05-17T16:57:38.085018
152333,Jeopardy!,Jeopardy!,42.1,8.2,822,2019-09-01,"[""United States""]",[10764],"Alex Trebek hosts one of TV's longest-running game shows, where a trio of players buzz in with their knowledge of history, arts, pop culture and more.",,2026-05-17T16:57:38.085271
152334,Jericho,Jericho,165.08,7.6,10800,2008-09-01,"[""United States""]",[18],"Jake returns to his Kansas town to collect an inheritance, but a nuclear blast cuts off the outside world and makes him a reluctant leader amid chaos.",,2026-05-17T16:57:38.085434
152335,Jhansi Ki Rani,Jhansi Ki Rani,84.14,6.6,4130,2009-09-01,"[""India""]",[18],"In British-ruled, 19th-century India, a 14-year-old girl trains as a warrior and becomes a devoted crusader in her country's fight for independence.",,2026-05-17T16:57:38.085626
152336,JingleKids,JingleKids,106.66,6.2,11375,2017-09-01,"[""Russia""]",[18],"In a magical wonderland, merry children and their furry friends explore their unique hobbies while making eye-opening discoveries through adventures.",,2026-05-17T16:57:38.085794
152337,Jonathan Strange & Mr Norrell,Jonathan Strange & Mr Norrell,56.75,6.9,4335,2015-09-01,"[""United Kingdom""]",[18],"In 1806, ambitious magician Norrell leads a revival of practical magic in England and ignites a fierce rivalry with bold young conjurer Strange.",,2026-05-17T16:57:38.085938
152338,Juana Brava,Juana Brava,267.72,7.1,3624,2015-09-01,"[""Chile""]",[18],"After many years away, a woman returns to her hometown, where her mayor father presides over a corrupt, lawless and rundown municipality.",,2026-05-17T16:57:38.086106
152339,Juana Inés,Juana Inés,98.69,6.8,2521,2016-09-01,"[""Mexico""]",[18],"Juana Inés de la Cruz, a powerful feminist nun involved in a forbidden love affair with a woman, faces oppression in 17th-century Mexico.",,2026-05-17T16:57:38.086255
152340,Julius Jr.,Julius Jr.,7.12,5.8,1255,2014-09-01,"[""United States""]",[18],Paul Frank's fun artwork comes to life in this show that follows monkey Julius Jr. and his friends as they explore the world and help each other out.,,2026-05-17T16:57:38.086394
152341,K,K,131.32,5.2,1334,2012-09-01,"[""Japan""]",[18],"A young boy is wanted for a crime he has no recollection of committing and must go on the run, hunted by two powerful kings and their forces.",,2026-05-17T16:57:38.086533
152342,Kaçak,Kaçak,110.49,5.2,2224,2013-09-01,"[""Turkey""]",[18],A cop who killed a mobster's son and fled to a small town with a changed identity finds his quiet new life disrupted when he becomes a local hero.,,2026-05-17T16:57:38.088927
152343,Ken Burns: The Civil War,Ken Burns: The Civil War,142.87,7.4,9867,1990-09-01,"[""United States""]",[18],"Ken Burns's documentary depicts the action of famous Civil War battles, and relates the stories of soldiers, generals and a beleaguered president.",,2026-05-17T16:57:38.089220
152344,Ken Burns: The Roosevelts: An Intimate History,Ken Burns: The Roosevelts: An Intimate History,134.12,8.0,2242,2014-09-01,"[""United States""]",[18],"Award-winning documentarian Burns profiles three members of one of America's premier political families: Theodore, Franklin and Eleanor Roosevelt.",,2026-05-17T16:57:38.089388
152345,Ken Burns: The West,Ken Burns: The West,317.29,6.2,6680,1996-09-01,"[""United States""]",[18],Historian Ken Burns and his team bring to life the challenges Americans faced in the 19th century as they embarked on westward expansion.,,2026-05-17T16:57:38.089528
152346,Khaani,Khaani,366.47,7.2,748,2017-09-01,"[""Pakistan""]",[18],"After a rich politician's son kills a young woman's brother, an unlikely romantic connection complicates her pursuit of justice.",,2026-05-17T16:57:38.091352
152347,Khan: No. 1 Crime Hunter,Khan: No. 1 Crime Hunter,239.57,8.1,6031,2018-09-01,"[""India""]",[18],"From fake marriages to online shopping fraud, a whip-smart police officer investigates truly baffling cons that were inspired by true stories.",,2026-05-17T16:57:38.091671
152348,Khelti Hai Zindagi Aankh Micholi,Khelti Hai Zindagi Aankh Micholi,100.42,7.4,3686,2013-09-01,"[""India""]",[18],"The life of a 14-year-old girl is thrown into turmoil when her father dies, forcing her mother to make hard choices for their family.",,2026-05-17T16:57:38.091886
152349,Khotey Sikkey,Khotey Sikkey,238.53,7.3,1498,2011-09-01,"[""India""]",[18],Five affluent youths find a new sense of purpose as they team up with a Mumbai police officer on crime-busting missions around the city.,,2026-05-17T16:57:38.092049
152350,Kikoriki,Kikoriki,7.98,6.4,7109,2010-09-01,"[""US""]",[18],"A wacky rabbit and his gang of animal pals have fun solving problems, sharing stories and exploring their sometimes magical, always special world.",,2026-05-17T16:57:38.092245
152351,Kingdoms of the Sky,Kingdoms of the Sky,423.12,6.1,6405,2018-09-01,"[""US""]",[18],Meet the astonishing animals and adventurous people living on some of the most spectacular – and formidable – mountain ranges in the world.,,2026-05-17T16:57:38.092409
152352,Kiss The Series,Kiss The Series,101.06,6.2,10480,2016-09-01,"[""US""]",[18],"After a night out, Sandee wakes to discover she and her buddy have either taken their platonic friendship to a whole new level or ruined it forever.",,2026-05-17T16:57:38.094672
152353,Kitten Rescuers,Kitten Rescuers,121.4,7.2,984,2017-09-01,"[""United Kingdom""]",[10764],Cat-crazy host Jo Brand follows vets and animal welfare officers who take on daring rescues to save furry felines subjected to different cat-astrophes.,,2026-05-17T16:57:38.095027
152354,Knights of Sidonia,Knights of Sidonia,136.85,7.0,4222,2015-09-01,"[""Japan""]",[18],A hero rises to save a world that's also a spaceship under siege by an alien threat in this original anime series based on the popular manga comic.,,2026-05-17T16:57:38.095272
152355,Kon Kon Kon,Kon Kon Kon,9.08,6.1,2821,2014-09-01,"[""US""]",[18],Explore the stories of ordinary people dealing with extraordinary circumstances in this series that focuses on overcoming obstacles and odds.,,2026-05-17T16:57:38.095430
152356,Krishna Balram,Krishna Balram,36.79,4.9,2215,2019-09-01,"[""US""]",[18],"From playing pranks to destroying demons, Lord Krishna and brother Balaram's lives in Vrindavan are action-packed in this mythological series.",,2026-05-17T16:57:38.095607
152357,Kurt Seyit & Sura,Kurt Seyit & Sura,42.9,7.1,5512,2014-09-01,"[""Turkey""]",[18],A Turkish lieutenant and the daughter of Russian nobles fight for their love against forces of family and social expectation and historical events.,,2026-05-17T16:57:38.095771
152358,La Familia P. Luche,La Familia P. Luche,214.47,7.5,207,2012-09-01,"[""United States""]",[18],"This irreverent sitcom featues Ludovico, Federica and their three children Bibi, Junior and Ludoviquito, living in Ciudad P. Luche.",,2026-05-17T16:57:38.095916
152359,La Femme,La Femme,197.37,8.1,3618,2016-09-01,"[""US""]",[18],"Personal desires guide the lives of a marriage-averse entrepreneur, a housewife coping with infidelity and a career woman who leaves her spouse.",,2026-05-17T16:57:38.096046
152360,La Piloto,La Piloto,191.82,4.7,6588,2017-09-01,"[""Mexico""]",[18],"Dreaming her whole life of becoming a pilot, Yolanda finds work as a flight attendant, unaware she'll soon be thrust into a drug smuggling operation.",,2026-05-17T16:57:38.096206
152361,La Rosa de Guadalupe,La Rosa de Guadalupe,127.87,6.6,1849,2010-09-01,"[""Mexico""]",[18],"This series responds to the need to believe in miracles, dreams, love stories and happy endings, with positive characters.",,2026-05-17T16:57:38.096351
152362,La Viuda Negra,La Viuda Negra,191.14,6.2,10284,2016-09-01,"[""Colombia""]",[18],"Beautiful and ruthless Griselda Blanco, known as the queen of cocaine, becomes Pablo Escobar's boss and governs a world of deceit and death.",,2026-05-17T16:57:38.096486
152363,"Lady, la vendedora de rosas","Lady, la vendedora de rosas",141.0,5.4,132,2015-09-01,"[""Colombia""]",[18],"This series tells the life story of Colombian film star Lady Tabares, who was plucked off the mean streets to star in a film and quickly rose to fame.",,2026-05-17T16:57:38.098970
152364,Land Girls,Land Girls,205.71,9.2,6858,2011-09-01,"[""United Kingdom""]",[18],"Follow the lives, loves, highs and lows of four members of the Women's Land Army who are working at the Hoxley Estate during WWII.",,2026-05-17T16:57:38.099285
152365,Last,Last,89.14,6.8,5790,2015-09-01,"[""South Korea""]",[18],"When his big stock plan fails, a hotshot fund manager winds up homeless and must learn the secret ranking system of the street in order to survive.",,2026-05-17T16:57:38.099459
152366,Learning Time with Timmy,Learning Time with Timmy,182.92,7.9,2179,2018-09-01,"[""United Kingdom""]",[18],Colorful characters and edutaining activities help make learning English fun in this series geared toward youngsters.,,2026-05-17T16:57:38.099648
152367,Legends of Strength,Legends of Strength,96.27,6.7,1290,2017-09-01,"[""United States""]",[18],"From a circus entertainer to a grip master, meet the bodybuilding heroes who defied physical limits and redefined the meaning of strength.",,2026-05-17T16:57:38.099817
152368,Lego Friends,Lego Friends,98.67,5.9,2671,2017-09-01,"[""US""]",[18],"As a way to make friends, new girl in town Olivia volunteers to work at the Heartlake City World Petacular with four other girls.",,2026-05-17T16:57:38.099957
152369,Lego Friends: Girls on a Mission,Lego Friends: Girls on a Mission,289.94,6.5,868,2018-09-01,"[""Denmark""]",[18],"Five best friends put their teamwork, wits and courage to the test when they take on a mission to protect Heartlake City from bad people.",,2026-05-17T16:57:38.100118
152370,Leo & Tig,Leo & Tig,352.54,6.3,4154,2017-09-01,"[""US""]",[18],Spunky leopard cub Leo and his loyal tiger pal Tig team up for fun and adventure as they explore the forest and learn about ancient legends.,,2026-05-17T16:57:38.102439
152371,Leyla and Mecnun,Leyla and Mecnun,160.21,5.6,4444,2014-09-01,"[""Turkey""]",[18],"Destiny brings Mecnun and Leyla together as newborns, and again years later. Despite unexpected turns in Mecnun's zany life, Leyla remains a constant.",,2026-05-17T16:57:38.102881
152372,License to Drill: Louisiana,License to Drill: Louisiana,26.32,7.4,673,2014-09-01,"[""Canada""]",[10764],"A crew of oil riggers work an off-season job and swap the blistering cold of their native Canada for sunny, Southern comfort in the Big Easy.",,2026-05-17T16:57:38.103096
152373,Life on Location,Life on Location,403.65,6.9,6250,2009-09-01,"[""United States""]",[18],"Members of the BBC's ""Life"" production crew go behind the scenes to explain just what it took to capture key sequences of the program.",,2026-05-17T16:57:38.103257
152374,Life Story,Life Story,62.17,7.9,8885,2014-09-01,"[""United Kingdom""]",[18],This documentary series follows wild creatures in their native habitats as they navigate the perilous journey from birth to adulthood and beyond.,,2026-05-17T16:57:38.103400
152375,Limmy's Show!,Limmy's Show!,30.78,4.5,7202,2012-09-01,"[""United Kingdom""]",[18],"Scottish comic Brian ""Limmy"" Limond headlines this sketch series featuring him in various roles from a TV psychic to costumed adventurer ""Falconhoof.""",,2026-05-17T16:57:38.103534
152376,Little Lunch,Little Lunch,247.97,6.2,3341,2015-09-01,"[""Australia""]",[18],"Adopting a child's perspective, this show takes a humorous look at what happens during those action-packed 15 minutes of snack time each day.",,2026-05-17T16:57:38.103714
152377,Liv and Maddie,Liv and Maddie,441.53,6.6,3994,2017-09-01,"[""United States""]",[18],"After four years in Hollywood as a television star, Liv returns to Wisconsin to discover that either she – or her family – has changed.",,2026-05-17T16:57:38.103861
152378,Lo que la verdad esconde: El caso Asunta (Operacion Nenúfar),Lo que la verdad esconde: El caso Asunta (Operacion Nenúfar),25.91,6.0,1591,2017-09-01,"[""Spain""]",[18],"This true crime series investigates newfound evidence and unanswered questions in famous criminal cases, such as the murder of Asunta Basterra Porto.",,2026-05-17T16:57:38.103993
152379,Lo que la vida me robó,Lo que la vida me robó,374.49,5.6,9007,2013-09-01,"[""Mexico""]",[18],"In seaside Aguazul, beautiful Montserrat and her wily mother tangle with lovers, gangsters, financial ruin, obsession – and murder.",,2026-05-17T16:57:38.104146
152380,LoliRock,LoliRock,65.72,5.1,2352,2016-09-01,"[""South Korea""]",[18],A teenager with a beautiful voice becomes a pop star but discovers she has powers that come from a magical realm where she's a lost princess.,,2026-05-17T16:57:38.104289
152381,London Spy,London Spy,106.29,6.3,3941,2015-09-01,"[""United Kingdom""]",[18],"When his reclusive-banker lover disappears, a hard-partying young British hedonist plunges into the dangerous world of espionage to find the truth.",,2026-05-17T16:57:38.104425
152382,Los 10 años de Peter Capusotto,Los 10 años de Peter Capusotto,437.3,6.5,6397,2015-09-01,"[""US""]",[18],Fictional personality Peter Capusotto parodies Argentine culture and rock music in a series of humorous sketches with recurring characters.,,2026-05-17T16:57:38.106736
152383,Los tiempos de Pablo Escobar,Los tiempos de Pablo Escobar,58.17,7.6,2288,2012-09-01,"[""Colombia""]",[18],"Featuring never-before-seen images, personal testimonies and more, this is the story of one of the most notorious drug smugglers of all time.",,2026-05-17T16:57:38.107058
152384,Lost Girl,Lost Girl,114.12,6.8,2779,2015-09-01,"[""Canada""]",[18],"Discovering she's a succubus who sustains herself by feeding on the sexual energy of humans, seductive Bo sets out on a journey to understand herself.",,2026-05-17T16:57:38.107306
152385,Love Cuisine,Love Cuisine,74.66,10.2,3578,2015-09-01,"[""Taiwan""]",[18],A successful Taiwanese chef moves home from Europe to teach at a cooking school. He soon clashes with a pretty teacher he met under odd circumstances.,,2026-05-17T16:57:38.107453
152386,Love Rain,Love Rain,192.47,8.2,1391,2012-09-01,"[""South Korea""]",[18],"A story of two couples' journey of new love, loss and unexpected reunion spans decades, from the 1970s through present day.",,2026-05-17T16:57:38.109219
152387,Love Rhythms - Accidental Daddy,Love Rhythms - Accidental Daddy,177.22,8.7,1135,2016-09-01,"[""US""]",[18],A successful DJ's bachelor lifestyle is upended by a young woman who claims to be his long lost daughter.,,2026-05-17T16:57:38.109578
152388,Love Your Garden,Love Your Garden,92.48,7.1,3896,2013-09-01,"[""United Kingdom""]",[10764],Famed horticulturist Alan Titchmarsh hosts this uplifting show in which he and his team travel the U.K. planting dream gardens for deserving citizens.,,2026-05-17T16:57:38.109820
152389,Lucky Days,Lucky Days,63.86,4.2,4061,2010-09-01,"[""China""]",[18],"When laidback Ren, who is about to divorce his money-crazy wife, finds a time-traveling computer, he decides to use it to reboot his marriage.",,2026-05-17T16:57:38.112934
152390,Mad Men,Mad Men,137.7,5.8,625,2014-09-01,"[""United States""]",[18],"Set in 1960s New York City, this award-winning series takes a peek inside an ad agency during an era when the cutthroat business had a glamorous lure.",,2026-05-17T16:57:38.113280
152391,Maggie & Bianca: Fashion Friends,Maggie & Bianca: Fashion Friends,158.53,8.2,6294,2017-09-01,"[""Italy""]",[18],"Originally polar opposites, an American fashion student and the daughter of an industry mogul form an everlasting bond and start a rock band in Milan.",,2026-05-17T16:57:38.113484
152392,Magi: Adventure of Sinbad,Magi: Adventure of Sinbad,223.3,3.9,3623,2016-09-01,"[""Japan""]",[18],The Magi who became High King of the Seven Seas started as a boy determined to make the world a better place. He begins with a dangerous dungeon.,,2026-05-17T16:57:38.113709
152393,Maharakshak Devi,Maharakshak Devi,178.25,5.8,5807,2015-09-01,"[""India""]",[18],"After years spent in isolation, a young girl with extraordinary powers returns to human society to battle dark, mythological beings.",,2026-05-17T16:57:38.113897
152394,Maharakshak: Aryan,Maharakshak: Aryan,45.88,6.9,4610,2014-09-01,"[""India""]",[18],"Shy nerd Aryan learns soon after his 18th birthday that he has inherited superpowers, which he must use to vanquish a variety of evil threats.",,2026-05-17T16:57:38.114055
152395,Mahi Way,Mahi Way,125.92,6.7,4595,2010-09-01,"[""India""]",[18],"Though worried she's doomed to be single forever, Mahi embraces her vivacious and creative nature while working to tame her inner critic.",,2026-05-17T16:57:38.114253
152396,Mahmut & Meryem,Mahmut & Meryem,179.94,7.0,3325,2013-09-01,"[""Turkey""]",[18],"In the 16th century, the heir to a Muslim empire embarks on a dangerous journey to find his true love, who was taken away by her Christian father.",,2026-05-17T16:57:38.114419
152397,Man vs Wild with Sunny Leone,Man vs Wild with Sunny Leone,208.99,4.0,6051,2018-09-01,"[""US""]",[10764],The adventures of Bear Grylls get a unique spin as Bollywood star Sunny Leone hosts the show famous for revealing Bear's wilderness survival skills.,,2026-05-17T16:57:38.117753
152398,Marching Orders,Marching Orders,171.23,4.9,9199,2018-09-01,"[""United States""]",[18],"A top-ranked college marching band’s members fight to keep their spots, memorize routines, tend to their social lives – and slay the competition.",,2026-05-17T16:57:38.118108
152399,Maron,Maron,217.56,5.5,1113,2016-09-01,"[""United States""]",[18],"Marc Maron stars as Marc Maron, who interviews fellow comedians for his popular podcast, only to reveal more about his own neuroses and relationships.",,2026-05-17T16:57:38.119088
152400,Married at First Sight,Married at First Sight,352.98,6.9,3537,2019-09-01,"[""United States""]",[10764],"Set up by experts, four couples meet at the altar for the first time and test their compatibility after the wedding.",,2026-05-17T16:57:38.119347
152401,Mars,Mars,50.74,5.4,5945,2018-09-01,"[""United States""]",[18],Fact meets fiction in this docudrama chronicling the journey of a spacecraft crew as it embarks in 2033 on a mission to colonize the red planet.,,2026-05-17T16:57:38.119505
152402,Mary Portas: Secret Shopper,Mary Portas: Secret Shopper,46.82,5.0,5277,2016-09-01,"[""United Kingdom""]",[10764],Retail consultant Mary Portas collaborates with Britain's most complained-about stores to help them better serve fed-up customers.,,2026-05-17T16:57:38.119688
152403,Mega Food,Mega Food,21.73,9.6,3052,2013-09-01,"[""United Kingdom""]",[18],"Visiting the busiest kitchens in the world, this reality series focuses on large-scale food production – and the people who make it happen.",,2026-05-17T16:57:38.119820
152404,MegaTruckers,MegaTruckers,70.73,4.6,2718,2012-09-01,"[""Australia""]",[10764],"This reality ride-along offers a glimpse into the can-do, high-stakes world of big rig drivers who haul massive loads of cargo across Australia.",,2026-05-17T16:57:38.119933
152405,Melodies of Life - Born This Way,Melodies of Life - Born This Way,513.08,4.8,1500,2016-09-01,"[""US""]",[18],"A celebrated pastry chef and his fellow staff members at a bake shop embark on bittersweet adventures in love, work and friendship.",,2026-05-17T16:57:38.120047
152406,Mere Papa Hero Hiralal,Mere Papa Hero Hiralal,161.75,4.0,1058,2018-09-01,"[""US""]",[18],"A simple auto-rickshaw driver on the streets of Lucknow, Hiralal Tiwari does everything he can to give his gravely ill daughter a happy life.",,2026-05-17T16:57:38.120183
152407,Merlí,Merlí,85.05,7.3,182,2015-09-01,"[""Spain""]",[18],"An unconventional high school philosophy teacher upsets a few parents and staff, romances others and inspires all his pupils, including his gay son.",,2026-05-17T16:57:38.120303
152408,Mexico Diseña,Mexico Diseña,306.39,5.9,4377,2016-09-01,"[""United States""]",[10764],Young fashion designers vie for the chance to become Mexico's next big talent by competing before judges in grueling tests of creativity and stamina.,,2026-05-17T16:57:38.120414
152409,Midnight Misadventures With Mallika Dua,Midnight Misadventures With Mallika Dua,210.79,6.2,6085,2018-09-01,"[""India""]",[18],"In this talk show, comedian Mallika Dua serves up big laughs as Shalishka and whips up a meal with her celebrity pals who dish on their diets and lives.",,2026-05-17T16:57:38.122840
152410,Mighty Morphin Alien Rangers,Mighty Morphin Alien Rangers,256.43,5.7,4000,1996-09-01,"[""US""]",[18],Visitors arrive from space to help Red Ranger and his squad – temporarily stripped of their powers – fight against Lord Zedd and Rita Repulsa.,,2026-05-17T16:57:38.123218
152411,Mini Wolf,Mini Wolf,219.95,3.9,2315,2014-09-01,"[""France""]",[18],Mini-Wolf and his fun-loving pals friends are always on the look out for a new adventure – even if it includes a little bit of mischief.,,2026-05-17T16:57:38.123435
152412,Minute to Win It,Minute to Win It,284.06,9.7,10158,2013-09-01,"[""United States""]",[10764],"In this game show hosted by Olympian Apolo Anton Ohno, contestants compete by completing 60-second challenges using common household items.",,2026-05-17T16:57:38.125838
152413,Miss Dynamite,Miss Dynamite,229.02,7.8,4074,2015-09-01,"[""Mexico""]",[18],"Wealthy, beautiful Valentina falls in love, only to realize that her man and her family are involved with one of Mexico's most powerful drug cartels.",,2026-05-17T16:57:38.126133
152414,Miss Rose,Miss Rose,205.61,3.0,4789,2015-09-01,"[""Taiwan""]",[18],"Resolving to get married soon, hardworking Si-yi finds love in an unexpected place, but her ex and her job interfere with her plans.",,2026-05-17T16:57:38.126333
152415,Momo Salon,Momo Salon,9.97,6.0,6422,2014-09-01,"[""South Korea""]",[18],"An aspiring hair stylist opens her own salon. It turns into a mail-holding hub for busy neighbors, but she seizes the chance to promote her business.",,2026-05-17T16:57:38.126530
152416,Money for Nothing,Money for Nothing,271.02,6.8,5726,2015-09-01,"[""US""]",[10764],"Aided by designers and craftspeople, entrepreneur Sarah Moore rescues items bound for the garbage dump and turns them into valuable, unique objects.",,2026-05-17T16:57:38.126743
152417,Monkey Planet,Monkey Planet,29.32,5.4,3181,2014-09-01,"[""United Kingdom""]",[18],"Join zoologist Dr. George McGavin for a fascinating, up-close look at the habits and behaviors of primates, our closest animal relatives.",,2026-05-17T16:57:38.126893
152418,Monster Math Squad,Monster Math Squad,76.42,7.2,6312,2012-09-01,"[""Canada""]",[18],"Max, Lily and Goo love to put their minds together and use their math skills to overcome any obstacle, even ones with two left feet or ten thumbs.",,2026-05-17T16:57:38.127024
152419,Monty Don's French Gardens,Monty Don's French Gardens,46.84,5.5,1846,2013-09-01,"[""United Kingdom""]",[18],"TV personality Monty Don visits France’s most famous gardens to dig up the influence of power, culture and passion on their conceptions and designs.",,2026-05-17T16:57:38.127225
152420,Monty Don's Italian Gardens,Monty Don's Italian Gardens,199.07,5.5,3678,2011-09-01,"[""United Kingdom""]",[18],"From horticultural hideaways to luxurious botanical displays, TV personality Monty Don explores the history behind Italy’s most extraordinary gardens.",,2026-05-17T16:57:38.127373
152421,Mr. Young,Mr. Young,257.08,6.4,25,2013-09-01,"[""Canada""]",[18],"After Adam graduates from college at age 14, he heads back to high school to teach science, where his crush and his best friends are his students!",,2026-05-17T16:57:38.127504
152422,Murderous Affairs,Murderous Affairs,324.72,5.9,1085,2017-09-01,"[""United States""]",[18],"Mixing interviews with dramatic re-enactments, this series focuses on lethal love affairs and spouses driven to murder.",,2026-05-17T16:57:38.127674
152423,Mutant Busters,Mutant Busters,163.68,4.6,527,2017-09-01,"[""Spain""]",[18],"After a natural disaster known as the Big Fart leaves Earth divided, only Sheriff and his rebel misfits can protect the planet from a mutant invasion.",,2026-05-17T16:57:38.127824
152424,My Hotter Half,My Hotter Half,80.21,5.0,7390,2017-09-01,"[""United Kingdom""]",[10764],"Couples compete to see who can take the sexiest selfie, with the loser getting a much-needed makeover.",,2026-05-17T16:57:38.127955
152425,My Life My Story,My Life My Story,264.39,6.6,2230,2017-09-01,"[""US""]",[18],"Host RJ Anmol conducts in-depth interviews with prominent Indian celebrities, who share the stories that lie behind their successes and failures.",,2026-05-17T16:57:38.128107
152426,My Tattoo Addiction,My Tattoo Addiction,89.65,8.5,433,2013-09-01,"[""United Kingdom""]",[18],Ink junkies dig skin deep and share personal stories about their collection of body art.,,2026-05-17T16:57:38.128256
152427,Mystery Science Theater 3000,Mystery Science Theater 3000,288.1,7.1,3544,1999-09-01,"[""United States""]",[18],Hosts Joel and Mike and their robot companions offer hilarious running commentary on B movies they're forced to watch in these classic MST3K episodes.,,2026-05-17T16:57:38.128438
152428,Nature: Animals With Cameras,Nature: Animals With Cameras,87.25,4.1,3411,2018-09-01,"[""United Kingdom""]",[18],"With custom-built cameras attached to their bodies, animals from nine species offer a rare and intimate glimpse into their lives.",,2026-05-17T16:57:38.132773
152429,NATURE: Natural Born Hustlers,NATURE: Natural Born Hustlers,114.21,6.1,3318,2016-09-01,"[""United States""]",[18],"Sometimes being shady is the only way to survive, a fact these sneaky animal ""hustlers"" – including orcas, owls and otters – use to their advantage.",,2026-05-17T16:57:38.133126
152430,Nature's Great Events (2009),Nature's Great Events (2009),158.78,6.0,7395,2009-09-01,"[""United States""]",[18],"This series looks at how seasonal changes cause shifting weather patterns and ocean currents, creating the conditions for spectacular wildlife events.",,2026-05-17T16:57:38.133335
152431,Nature's Great Events: Diaries,Nature's Great Events: Diaries,97.78,6.0,716,2009-09-01,"[""United States""]",[18],Look behind the scenes of this wildlife documentary series that examines how animals around the world adapt to chaotic natural phenomena.,,2026-05-17T16:57:38.133497
152432,Nature's Great Race,Nature's Great Race,41.17,6.5,1515,2016-09-01,"[""United Kingdom""]",[18],"Epic footage captures three of the world's most significant land migrations, following elephants, caribou and zebras on their treacherous journeys.",,2026-05-17T16:57:38.136280
152433,Nature's Weirdest Events,Nature's Weirdest Events,81.31,6.8,8822,2015-09-01,"[""United Kingdom""]",[18],"Host Chris Packham examines bizarre natural phenomena from around the globe, from strange creatures to geographical oddities.",,2026-05-17T16:57:38.136620
152434,Nazi Mega Weapons,Nazi Mega Weapons,4.52,7.4,2574,2016-09-01,"[""United States""]",[18],"This documentary series examines Nazi Germany's military hardware, defenses and technology, including fortifications, U-boats and ballistic missiles.",,2026-05-17T16:57:38.137327
152435,"Nightmare Tenants, Slum Landlords","Nightmare Tenants, Slum Landlords",39.46,8.0,5457,2016-09-01,"[""US""]",[10764],The ongoing housing crisis in Britain has led to an increased number of nasty conflicts between fed-up landlords and exasperated tenants.,,2026-05-17T16:57:38.139310
152436,Ninja Hattori,Ninja Hattori,264.71,9.9,8559,1981-09-01,"[""Japan""]",[18],"Elementary school student Kenichi Mitsuba's household gains a surprising new member: Kanzo Hattori, a mischievous but helpful young ninja.",,2026-05-17T16:57:38.139611
152437,Ninja Turtles: The Next Mutation,Ninja Turtles: The Next Mutation,84.44,6.3,4150,1997-09-01,"[""Canada""]",[18],Everyone's favorite teenage mutants are back in live action to fight crime with help from a new ninja turtle – a female named Venus De Milo.,,2026-05-17T16:57:38.140090
152438,Nobel,Nobel,53.84,6.8,3397,2016-09-01,"[""Norway""]",[18],A series of incidents in Afghanistan set complicated political and personal events in motion for a returning Norwegian Special Forces officer.,,2026-05-17T16:57:38.140338
152439,North & South,North & South,164.23,4.6,1531,2004-09-01,"[""United Kingdom""]",[18],"When her father moves his family to an industrial mill town, the parson's daughter, Margaret Hale, struggles to adapt to her harsh new surroundings.",,2026-05-17T16:57:38.140509
152440,NSU German History X,NSU German History X,17.55,6.9,7672,2016-09-01,"[""Germany""]",[18],"After German reunification, the neo-Nazi National Socialist Underground begins a killing spree while cops fight an uphill battle to catch them.",,2026-05-17T16:57:38.141890
152441,Nuestra Lucha Libre,Nuestra Lucha Libre,112.58,6.9,2300,2018-09-01,"[""US""]",[18],"This documentary series lifts the mask on Mexican wrestling, diving into the daily lives of its stars, examining the sport’s cultural impact and more.",,2026-05-17T16:57:38.142428
152442,Nura: Rise of the Yokai Clan: Demon Capital,Nura: Rise of the Yokai Clan: Demon Capital,19.9,4.4,2824,2011-09-01,"[""Japan""]",[18],"By night, teenage Rikuo becomes a form of demon called yokai, preparing to fulfill his destiny as the head of his legendary yokai clan.",,2026-05-17T16:57:38.145143
152443,Nurse Jackie,Nurse Jackie,226.52,3.7,668,2015-09-01,"[""United States""]",[18],A flawed but dedicated ER nurse works in a New York City hospital and relies on pain meds to get through exhausting days in this Emmy-winning show.,,2026-05-17T16:57:38.145402
152444,Nurses Who Kill,Nurses Who Kill,76.37,7.0,2333,2016-09-01,"[""United Kingdom""]",[18],"Top medical, criminal and psychological experts analyze the motives and methods of nurses who use their positions to kill rather than heal.",,2026-05-17T16:57:38.145592
152445,"O-Negative, Love Can’t Be Designed","O-Negative, Love Can’t Be Designed",162.36,4.9,4757,2016-09-01,"[""US""]",[18],"Five schoolmates who share a blood type navigate the vagaries of friendship, love and university life.",,2026-05-17T16:57:38.146091
152446,OCTB,OCTB,68.41,6.9,5608,2017-09-01,"[""Hong Kong""]",[18],An undercover detective crosses paths with familiar faces in the mafia underworld during the final years of Britain's ruling of Hong Kong.,,2026-05-17T16:57:38.146639
152447,Oh No! It's an Alien Invasion,Oh No! It's an Alien Invasion,339.4,6.7,4187,2014-09-01,"[""Canada""]",[18],Nate and his Super Wicked Extreme Emergency Team –  S.W.E.E.T. – take on alien invaders who have captured all the world's grownups.,,2026-05-17T16:57:38.146908
152448,Oliver Stone's Untold History of the United States,Oliver Stone's Untold History of the United States,115.79,4.7,2235,2013-09-01,"[""United States""]",[18],"This documentary series offers an alternative take on modern American history, focusing on underreported events that shaped the nation's character.",,2026-05-17T16:57:38.147204
152449,Ollie & Moon,Ollie & Moon,255.1,6.2,1631,2018-09-01,"[""France""]",[18],"Two quirky cats, Ollie and Moon, and their friend Stanley the snail travel the world, solving everyday problems and learning about different cultures.",,2026-05-17T16:57:38.147370
152450,One Strange Rock,One Strange Rock,121.61,5.8,863,2018-09-01,"[""United States""]",[18],"Hosted by Will Smith, this series follows eight astronauts who share their unique perspectives on Earth, the fragile and beautiful planet we call home.",,2026-05-17T16:57:38.147509
152451,Operation Gold Rush,Operation Gold Rush,72.9,7.2,8316,2016-09-01,"[""United Kingdom""]",[10764],A team of modern-day adventurers follows the footsteps of the money-hungry explorers who trekked the Klondike in search of Canadian gold.,,2026-05-17T16:57:38.149594
152452,Operation Ouch!,Operation Ouch!,388.01,5.7,3212,2012-09-01,"[""United Kingdom""]",[18],Drs. Chris and Xand van Tulleken take an entertaining approach to educate children about medicine and biology through experiments and hospital visits.,,2026-05-17T16:57:38.149951
152453,Operation Proposal,Operation Proposal,22.67,8.5,7284,2012-09-01,"[""South Korea""]",[18],"On Yi-seul's wedding day, her friend Baek-ho wishes he could turn back time to tell her he loves her. Soon he gets a chance to change everything.",,2026-05-17T16:57:38.150177
152454,Origins Collection,Origins Collection,279.04,7.8,6768,2018-09-01,"[""United States""]",[18],"This documentary series explores the stories behind history's most fascinating innovations, including games, technology, sports, medicine and more.",,2026-05-17T16:57:38.150414
152455,P. King Duckling,P. King Duckling,83.04,4.4,7305,2016-09-01,"[""United States""]",[18],"P. King, the daring but hapless duck, teams up with best buddies Wombat and Chumpkins to find wacky and wild ways to solve their problems.",,2026-05-17T16:57:38.152595
152456,Pacific Heat,Pacific Heat,90.34,9.6,9585,2016-09-01,"[""Australia""]",[18],"In this animated satire, a covert squad of operatives short on smarts but long on confidence tackles crime on the glitzy Gold Coast of Australia.",,2026-05-17T16:57:38.152904
152457,Pajanimals,Pajanimals,219.17,7.5,2322,2011-09-01,"[""United States""]",[18],"From the comfort of their bedroom, the Pajanimals puppets explore a larger world through imaginary adventures, accompanied by friendships and songs.",,2026-05-17T16:57:38.153104
152458,Paranormal Survivor,Paranormal Survivor,48.97,6.2,2433,2016-09-01,"[""Canada""]",[18],"In interviews and reenactments, ordinary people relive their terrifying encounters with unwelcome guests from beyond the world of the living.",,2026-05-17T16:57:38.153258
152459,Parks and Recreation,Parks and Recreation,29.66,5.3,3303,2015-09-01,"[""United States""]",[18],"In this Emmy-nominated comedy, an employee with a rural Parks and Recreation department is full of energy and ideas but bogged down by bureaucracy.",,2026-05-17T16:57:38.153400
152460,Pasión de Gavilanes,Pasión de Gavilanes,189.1,6.2,4988,2003-09-01,"[""Colombia""]",[18],"Three brothers seek to avenge the tragic death of a loved one, but become emotionally entangled with the daughters of those they hold responsible.",,2026-05-17T16:57:38.153536
152461,Pawn Stars,Pawn Stars,341.07,8.0,1899,2010-09-01,"[""United States""]",[10764],"Father Richard Harrison, son Rick and grandson Corey appraise an array of strange objects brought into their Gold & Silver Pawn Shop in Las Vegas.",,2026-05-17T16:57:38.155056
152462,Pee-wee's Playhouse,Pee-wee's Playhouse,112.21,6.9,2373,1990-09-01,"[""United States""]",[18],"Pee-wee Herman brings his stage show to the masses with this innovative live-action kids series that invites viewers into his quirky, childlike world.",,2026-05-17T16:57:38.155320
152463,Penny Dreadful,Penny Dreadful,148.68,5.8,3525,2016-09-01,"[""Ireland""]",[18],"The classic tales of Dracula, Frankenstein, Dorian Gray and more are woven together in this horror series set on the dark streets of Victorian London.",,2026-05-17T16:57:38.155521
152464,Person of Interest,Person of Interest,142.61,6.2,6630,2016-09-01,"[""United States""]",[18],Ex-CIA agent John Reese and enigmatic billionaire Mr. Finch use software that can predict future events to prevent violent crimes before they occur.,,2026-05-17T16:57:38.156283
152465,Pioneers of African-American Cinema,Pioneers of African-American Cinema,118.88,7.0,2090,1946-09-01,"[""United States""]",[18],This newly preserved collection features more than 20 films made by groundbreaking African American directors for black audiences from 1915 to 1946.,,2026-05-17T16:57:38.156776
152466,Planet Earth II,Planet Earth II,148.98,6.3,1894,2016-09-01,"[""United Kingdom""]",[18],"In this sequel to the Emmy-winning ""Planet Earth"" series, viewers are treated to rich and intimate views of the natural diversity of our planet.",,2026-05-17T16:57:38.156994
152467,Planet Earth: The Complete Collection,Planet Earth: The Complete Collection,79.38,6.4,9798,2006-09-01,"[""United Kingdom""]",[18],This landmark series transports nature lovers from the Himalayan Mountains to the depths of the ocean and everywhere in between.,,2026-05-17T16:57:38.157238
152468,Portlandia,Portlandia,86.12,5.9,1828,2018-09-01,"[""United States""]",[18],"Fred Armisen and Carrie Brownstein send up the residents of Portland, Ore. Typical targets include artisanal light bulbs and feminist bookstores.",,2026-05-17T16:57:38.157407
152469,Powder,Powder,274.94,5.8,3056,2010-09-01,"[""India""]",[18],"Two men who grew up in Mumbai's slums are drawn into the city's brutal narcotics trade, where they fight on opposite sides of the law.",,2026-05-17T16:57:38.157607
152470,Power Battle Watch Car,Power Battle Watch Car,320.73,5.7,1611,2016-09-01,"[""US""]",[18],"Jino and his Watch Car, Bluewill, compete in the Battle League to become world champions. Meanwhile, a dark force threatens to destroy them all.",,2026-05-17T16:57:38.157816
152471,Power Rangers Dino Charge,Power Rangers Dino Charge,242.88,7.8,5161,2015-09-01,"[""United States""]",[18],"In the time of dinosaurs, the ancient and powerful Energems were lost on Earth, and now the evil bounty hunter Sledge has returned to find them.",,2026-05-17T16:57:38.157959
152472,Power Rangers Dino Super Charge,Power Rangers Dino Super Charge,188.94,5.4,5506,2016-09-01,"[""US""]",[18],Just when you thought the Rangers' mission was accomplished there's an even more difficult challenge for them to face with the arrival of a new enemy.,,2026-05-17T16:57:38.158112
152473,Power Rangers Dino Thunder,Power Rangers Dino Thunder,156.18,4.9,4072,2004-09-01,"[""United States""]",[18],"Dr. Tommy Oliver returns when his students discover the Dino Gems that morph them into the Dino Power Rangers, enabling them to stop the evil Mesogog.",,2026-05-17T16:57:38.158253
152474,Power Rangers in Space,Power Rangers in Space,62.64,7.2,4870,1998-09-01,"[""United States""]",[18],"With the Power Chamber destroyed, former Turbo Power Rangers T.J., Cassie, Carlos and Ashley search for Zordon, who's been abducted by Dark Specter.",,2026-05-17T16:57:38.158387
152475,Power Rangers Jungle Fury,Power Rangers Jungle Fury,35.3,6.5,5442,2008-09-01,"[""United States""]",[18],The Power Rangers travel to California in search of their new master and find him running a pizza parlor – so they join the staff to be trained.,,2026-05-17T16:57:38.158515
152476,Power Rangers Lightspeed Rescue,Power Rangers Lightspeed Rescue,11.46,6.6,2936,2000-09-01,"[""France""]",[18],"As demons rumble from their graves beneath Mariner Bay, a government organization called Lightspeed recruits five civilians to defend the city.",,2026-05-17T16:57:38.159125
152477,Power Rangers Lost Galaxy,Power Rangers Lost Galaxy,82.94,6.4,3013,1999-09-01,"[""United States""]",[18],"Five teenagers, transformed by the mystical powers of the Quasar Sabers into the Galaxy Power Rangers, battle the evil Scorpius and Captain Mutiny.",,2026-05-17T16:57:38.159593
152478,Power Rangers Mystic Force,Power Rangers Mystic Force,209.27,5.4,955,2006-09-01,"[""United States""]",[18],"When the wicked Undead Army is unleashed, sorceress Udonna empowers five teenagers – the Mystic Force Power Rangers – to save mankind.",,2026-05-17T16:57:38.159874
152479,Power Rangers Ninja Storm,Power Rangers Ninja Storm,160.59,6.2,1637,2003-09-01,"[""United States""]",[18],"When the elite warriors from the Wind Ninja Academy are captured by the evil Lothor, Shane, Tori and Waldo become Wind Power Rangers to fight back.",,2026-05-17T16:57:38.160056
152480,Power Rangers Operation Overdrive,Power Rangers Operation Overdrive,94.17,5.3,2106,2007-09-01,"[""United States""]",[18],"To keep powerful jewels from falling into the hands of two wicked brothers, five young Power Rangers set out on a dangerous global adventure.",,2026-05-17T16:57:38.160256
152481,Power Rangers RPM,Power Rangers RPM,245.1,5.6,4247,2009-09-01,"[""United States""]",[18],"The Power Rangers' new member, Dillon, isn't sure he wants to be on the team until he has a dream that sets the Rangers into action.",,2026-05-17T16:57:38.160417
152482,Power Rangers S.P.D.,Power Rangers S.P.D.,63.53,4.5,4082,2005-09-01,"[""United States""]",[18],"When the Troobian Empire attacks Earth, the B-Squad Power Rangers Space Patrol Delta morphs into action to squash the alien threat and save the world.",,2026-05-17T16:57:38.160766
152483,Power Rangers Samurai,Power Rangers Samurai,236.72,7.2,11637,2011-09-01,"[""United States""]",[18],"A new generation of Power Rangers must master the Symbols of Samurai Power, which give them control over the Earth's elements to battle dark forces.",,2026-05-17T16:57:38.161011
152484,Power Rangers Super Megaforce,Power Rangers Super Megaforce,134.92,7.6,5376,2014-09-01,"[""US""]",[18],"Armed with a key that allows them to morph into any team of Legendary Rangers from the past, the Super Megaforce Rangers fight ruthless Prince Vekar.",,2026-05-17T16:57:38.161206
152485,Power Rangers Super Samurai,Power Rangers Super Samurai,88.67,6.8,4162,2012-09-01,"[""US""]",[18],"The Samurai Power Rangers continue their battle against the evil Master Xandred, who has now joined forces with the malevolent Serrator.",,2026-05-17T16:57:38.161357
152486,Power Rangers Time Force,Power Rangers Time Force,42.97,4.9,3296,2001-09-01,"[""United States""]",[18],"The team launches a new campaign against evil in the year 3000, when the imprisoned criminal mastermind Ransik is freed by his daughter.",,2026-05-17T16:57:38.161486
152487,Power Rangers Turbo,Power Rangers Turbo,188.91,5.0,5751,1997-09-01,"[""United States""]",[18],"The Rangers use high-tech battle cars to take on Queen Divatox and her Divazords, who mount an attack on the Rangers' beloved Angel Grove.",,2026-05-17T16:57:38.161692
152488,Power Rangers Wild Force,Power Rangers Wild Force,65.23,8.4,2474,2002-09-01,"[""United States""]",[18],"Raised in the wilderness, young Cole Evans leads the Wild Force Power Rangers as they summon their animal powers to battle the evil Master Org.",,2026-05-17T16:57:38.162265
152489,Power Rangers Zeo,Power Rangers Zeo,11.57,8.7,2176,1996-09-01,"[""United States""]",[18],"This ""Mighty Morphin Power Rangers"" spinoff finds Tommy and the gang battling new enemies, using abilities acquired from the Zeo Crystal.",,2026-05-17T16:57:38.162483
152490,Power Rangers: Megaforce,Power Rangers: Megaforce,93.89,7.1,7339,2013-09-01,"[""United States""]",[18],"When Earth is threatened by a massive alien invasion, the planet's supernatural guardian calls upon five teenagers to form the ultimate defense team.",,2026-05-17T16:57:38.162823
152491,Prince Jai Aur Dumdaar Viru,Prince Jai Aur Dumdaar Viru,207.34,8.2,5076,2017-09-01,"[""US""]",[18],"A prince and a commoner who are best friends keep having to thwart the plots of the prince's scheming, ambitious minister.",,2026-05-17T16:57:38.163002
152492,Prohibition: A Film by Ken Burns and Lynn Novick,Prohibition: A Film by Ken Burns and Lynn Novick,42.22,6.8,1167,2011-09-01,"[""United States""]",[18],"Ken Burns's documentary traces the passage of the 18th Amendment, the social and legal effects of prohibiting alcohol, and the repeal of Prohibition.",,2026-05-17T16:57:38.163341
152493,Psiconautas,Psiconautas,141.05,5.2,2655,2016-09-01,"[""Argentina""]",[18],A Spanish con man masquerades as a therapist and starts leading group sessions in Argentina for a crew of gullible misfits.,,2026-05-17T16:57:38.163534
152494,Pyaar Tune Kya Kiya,Pyaar Tune Kya Kiya,318.06,7.9,3277,2014-09-01,"[""India""]",[18],"From teen lovers defying social and religious taboos to a student falling for her teacher, these stories explore joy and heartache in modern romance.",,2026-05-17T16:57:38.163754
152495,Qué pena tu serie,Qué pena tu serie,292.21,4.8,3320,2015-09-01,"[""United States""]",[18],"Javier is happily in love with Sofia, so when she breaks up their perfect life, he has to get her back – or maybe try finding a new perfect love.",,2026-05-17T16:57:38.163918
152496,Queen of No Marriage,Queen of No Marriage,10.31,4.2,9634,2009-09-01,"[""Taiwan""]",[18],Sparks begin to fly when a successful 33-year-old single woman and a 25-year-old romantic with few prospects navigate love and differences.,,2026-05-17T16:57:38.164095
152497,Queens of Comedy,Queens of Comedy,129.92,4.6,4001,2017-09-01,"[""US""]",[18],Eight women perform in front of celebrity judges and compete for the title of India’s top female stand-up comedian.,,2026-05-17T16:57:38.164335
152498,Queens vs. Kings,Queens vs. Kings,365.03,7.5,3796,2018-09-01,"[""US""]",[18],"No ""ism"" is left unturned in this celebrity game show that battles stereotypes and sexism by pitting male and female comedians against each other.",,2026-05-17T16:57:38.164505
152499,Rab Se Sohna Isshq,Rab Se Sohna Isshq,183.63,6.4,2724,2012-09-01,"[""US""]",[18],"A complex love triangle goes horribly wrong in this epic, multigenerational saga involving romance, revenge, mistaken identity and amnesia.",,2026-05-17T16:57:38.164832
152500,Ramayan,Ramayan,302.34,4.7,131,2012-09-01,"[""India""]",[18],A prince's divine destiny to rule as a king is thwarted by his stepmother's scheme to put her own child on the throne in this legendary epic.,,2026-05-17T16:57:38.164983
152501,Razia Sultan,Razia Sultan,249.48,8.5,1537,2015-09-01,"[""India""]",[18],"This sweeping historical drama charts the rise of a remarkable real-life figure, the first woman to ever rule the Delhi Sultanate.",,2026-05-17T16:57:38.165139
152502,Reality of Dream,Reality of Dream,118.31,5.1,2815,2015-09-01,"[""US""]",[18],"Five friends from college chase their post-grad dreams of becoming a successful writer, film director, singer, rich wife and out-and-proud hair stylist.",,2026-05-17T16:57:38.165311
152503,Rebelde,Rebelde,51.6,6.0,6022,2004-09-01,"[""Mexico""]",[18],"Six students at an exclusive prep school, some on scholarship, discover that music can close the class divide.",,2026-05-17T16:57:38.165504
152504,Rectify,Rectify,313.88,4.5,2565,2016-09-01,"[""United States""]",[18],"Convicted of rape and murder at age 18, Daniel Holden spends nearly 20 years on death row until DNA evidence brings the verdict into question.",,2026-05-17T16:57:38.165808
152505,Red vs. Blue,Red vs. Blue,443.79,5.9,3250,2015-09-01,"[""United States""]",[18],"This parody of first-person shooter games, military life and science-fiction films centers on a civil war fought in the middle of a desolate canyon.",,2026-05-17T16:57:38.166010
152506,Reggie Yates Outside Man,Reggie Yates Outside Man,70.66,5.1,3915,2017-09-01,"[""United Kingdom""]",[18],"Award-winning filmmaker Reggie Yates travels around the world tackling big issues such as gun violence, racism, gay rights and addiction.",,2026-05-17T16:57:38.166205
152507,Republic of Doyle,Republic of Doyle,87.75,5.4,6010,2014-09-01,"[""Canada""]",[18],A pair of father and son private investigators tries to keep their combustible personal lives in check while tackling an intriguing array of cases.,,2026-05-17T16:57:38.166409
152508,Revenge,Revenge,277.4,4.4,361,2017-09-01,"[""US""]",[18],"After a mother and her daughter are gang-raped by seven men, the daughter suffers a mental breakdown, and the single mom sets out to get revenge.",,2026-05-17T16:57:38.166985
152509,Revolting Rhymes,Revolting Rhymes,150.75,5.6,2302,2017-09-01,"[""United Kingdom""]",[18],Popular fairy tales take on a darkly comic edge in these short animated films based on a book by Roald Dahl and illustrator Quentin Blake.,,2026-05-17T16:57:38.167328
152510,"Rica, Famosa, Latina","Rica, Famosa, Latina",53.32,6.6,3378,2016-09-01,"[""United States""]",[10764],"This reality series follows the lives of a group of wealthy, successful Latina women in Los Angeles.",,2026-05-17T16:57:38.167528
152511,Ripper Street,Ripper Street,211.42,5.5,2795,2017-09-01,"[""United Kingdom""]",[18],"It's been six months since the last Jack the Ripper killing, and East London is hopeful that his reign of terror might have run its course.",,2026-05-17T16:57:38.167887
152512,Rishta.com,Rishta.com,1.77,7.7,4527,2010-09-01,"[""India""]",[18],Partners at an Indian matrimonial agency face endlessly challenging and often impossible demands as they help clients make the perfect match.,,2026-05-17T16:57:38.168040
152513,Robotech,Robotech,22.34,6.6,1810,1985-09-01,"[""United States""]",[18],"When a mysterious spaceship crashes in the Pacific, the people of Earth work to master the science of robotechnology and rebuild the giant fortress.",,2026-05-17T16:57:38.168203
152514,Roonpi Secret Love,Roonpi Secret Love,283.51,6.7,2045,2016-09-01,"[""Thailand""]",[18],High school senior Belle pursues a shy junior boy. Dog-phobic Emma meets a handsome veterinary student. Baking blogger Mielle falls for her critic.,,2026-05-17T16:57:38.168346
152515,Royal Pains,Royal Pains,127.93,8.9,4430,2016-09-01,"[""United States""]",[18],Dr. Hank Lawson unexpectedly gets a career upgrade as a freelance physician treating New York's aristocratic upper crust in their posh Hamptons homes.,,2026-05-17T16:57:38.168478
152516,Rubi,Rubi,206.52,9.5,3393,2004-09-01,"[""Mexico""]",[18],"Ruby, jealous of her wealthy best friend Maribel, cooks up a scheme to marry a millionaire. Hector, Maribel's boyfriend, is her target.",,2026-05-17T16:57:38.168671
152517,Rurouni Kenshin,Rurouni Kenshin,15.67,5.8,6268,1998-09-01,"[""Japan""]",[18],"A nomadic swordsman arrives at a martial arts school in Meiji-era Japan, where he lands in the middle of a conflict involving the opium trade.",,2026-05-17T16:57:38.168926
152518,Russell Peters vs. the World,Russell Peters vs. the World,266.57,4.0,8488,2013-09-01,"[""United States""]",[18],"A four-part docu-series that's an exclusive, backstage pass to global comedy superstar Russell Peters' record-breaking ""Notorious"" world tour.",,2026-05-17T16:57:38.169350
152519,Sadqay Tumhare,Sadqay Tumhare,13.93,4.9,7864,2014-09-01,"[""Pakistan""]",[18],"An arranged engagement between a village girl and her city cousin shows signs of true love, but an indiscretion decades ago could doom their romance.",,2026-05-17T16:57:38.169794
152520,Satrangi,Satrangi,315.36,5.8,4184,2014-09-01,"[""US""]",[18],Young musicians from 13 states in India demonstrate their cultural heritage by performing regional folk music using traditional instruments.,,2026-05-17T16:57:38.170017
152521,Save Our Shelter,Save Our Shelter,22.09,5.5,2471,2015-09-01,"[""United States""]",[10764],"Pet rescue expert Rocky Kanaka and renovation specialist Rob North travel across North America, transforming animal shelters to help homeless pets.",,2026-05-17T16:57:38.170251
152522,Scandal,Scandal,33.04,5.0,2852,2018-09-01,"[""United States""]",[18],"A powerful team of Washington, D.C. lawyers makes scandals disappear while handling government crises and coping with problems of their own.",,2026-05-17T16:57:38.170424
152523,Secret Affair,Secret Affair,55.17,5.2,7009,2014-09-01,"[""South Korea""]",[18],"A married middle-aged woman is swept off her feet, both romantically and artistically, by a gifted young pianist.",,2026-05-17T16:57:38.170856
152524,Sensitive Skin,Sensitive Skin,37.03,5.8,3382,2016-09-01,"[""Canada""]",[18],Davina and Al try to revamp their lives as they struggle with the uncertainties of middle age in this darkly comic adaptation of the British hit.,,2026-05-17T16:57:38.171413
152525,Servant of the People,Servant of the People,387.37,6.1,1194,2015-09-01,"[""Ukraine""]",[18],"After a Ukrainian high school teacher's tirade against government corruption goes viral on social media, he finds himself the country's new president.",,2026-05-17T16:57:38.171700
152526,Shadow of Truth,Shadow of Truth,21.97,6.2,5823,2016-09-01,"[""Israel""]",[18],This documentary series explores the explosive 2006 murder case of a 13-year-old Israeli girl and the subsequent conviction of a Ukrainian immigrant.,,2026-05-17T16:57:38.172088
152527,Shaka Zulu,Shaka Zulu,234.26,4.3,5560,1986-09-01,"[""Italy""]",[18],"This miniseries recounts the early 19th-century conflict between the expanding British Empire in Africa and Shaka, the leader of the vast Zulu Nation.",,2026-05-17T16:57:38.172272
152528,Sherlock,Sherlock,292.66,6.4,1725,2017-09-01,"[""United Kingdom""]",[18],"In this updated take on Sir Arthur Conan Doyle's beloved mystery tales, the eccentric sleuth prowls the streets of modern London in search of clues.",,2026-05-17T16:57:38.172418
152529,Sid the Science Kid,Sid the Science Kid,165.29,6.8,5433,2008-09-01,"[""United States""]",[18],"Armed with a healthy sense of humor and the help of his teacher, friends and family, curious kid Sid tackles questions youngsters have about science.",,2026-05-17T16:57:38.172609
152530,Silver Spoon,Silver Spoon,45.2,7.6,2227,2015-09-01,"[""Russia""]",[18],"Forced to become an apprentice cop, cocky playboy Igor finds he's got a knack for police work. But his job soon takes him down a dark personal path.",,2026-05-17T16:57:38.172781
152531,Sin senos no hay paraíso,Sin senos no hay paraíso,221.51,6.3,4516,2008-09-01,"[""Colombia""]",[18],"Inspired by a true story, this TV drama shadows a young Colombian woman who goes to shocking lengths to escape a life of poverty.",,2026-05-17T16:57:38.172922
152532,Sin Senos sí Hay Paraíso,Sin Senos sí Hay Paraíso,143.09,6.6,7006,2018-09-01,"[""United States""]",[18],"Born into a small town controlled by the mafia, an irate young woman seeks revenge on the forces that tore apart and wrongfully imprisoned her family.",,2026-05-17T16:57:38.173090
152533,Skin Wars,Skin Wars,264.13,5.1,5805,2016-09-01,"[""United States""]",[10764],"Artists test their creativity and body painting skills as they face off in a series of elaborate challenges, vying for a grand prize of $100,000.",,2026-05-17T16:57:38.173295
152534,Skin Wars: Fresh Paint,Skin Wars: Fresh Paint,49.78,10.2,9983,2016-09-01,"[""United States""]",[10764],"In each episode of this ""Skin Wars"" spinoff hosted by RuPaul, talented artists from various fields compete in body art for the first time.",,2026-05-17T16:57:38.173460
152535,Slobby's World,Slobby's World,259.08,6.7,1594,2018-09-01,"[""United States""]",[10764],Welcome to the irreverent world of Robert Hall – aka Slobby Robby – a pop culture junkie who buys and sells collectable goods from the '80s and '90s.,,2026-05-17T16:57:38.173687
152536,Sotus The Series,Sotus The Series,469.61,7.1,1559,2016-09-01,"[""Thailand""]",[18],"When freshman engineering student Kongpob stands up to older bully Arthit, their confrontation soon leads to a deep attraction between the two boys.",,2026-05-17T16:57:38.174055
152537,Space Racers,Space Racers,238.94,9.4,3006,2014-09-01,"[""United States""]",[18],"Spaceships Eagle, Robyn, Hawk and their pals at the Stardust Space Academy rocket through the galaxy, teaching kids about the wonders of science.",,2026-05-17T16:57:38.174323
152538,Spartacus,Spartacus,373.02,6.6,435,2013-09-01,"[""United States""]",[18],"A Thracian man is condemned to a brutal death in the arena, only to outlast his executioners and be reborn as the enslaved gladiator Spartacus.",,2026-05-17T16:57:38.174494
152539,Splash and Bubbles,Splash and Bubbles,145.32,5.1,4783,2018-09-01,"[""United States""]",[18],"Curious pals Splash, Bubbles, Dunk and Ripple have fun exploring new places, making new friends and learning all about their amazing ocean home.",,2026-05-17T16:57:38.174853
152540,Star-Crossed,Star-Crossed,166.12,6.0,6859,2014-09-01,"[""United States""]",[18],The passionate love between an alien boy and a human girl grows more and more dangerous as they face the wrath of their families and communities.,,2026-05-17T16:57:38.175156
152541,Station Horizon,Station Horizon,49.83,8.5,923,2015-09-01,"[""Switzerland""]",[18],"Ex-con Joris returns to his Swiss hometown, a community obsessed with American culture and ideals, to start over and save his family's gas station.",,2026-05-17T16:57:38.175357
152542,Stoked,Stoked,52.3,5.7,5925,2010-09-01,"[""United States""]",[18],Six teenage groms come together one summer to share a dream: to work at the world-renowned Surfer's Paradise Resort on the legendary Sunset Island.,,2026-05-17T16:57:38.175496
152543,Stone Age,Stone Age,384.14,5.5,1765,2017-09-01,"[""South Korea""]",[18],"Woody sets out to become the Stone Age's best animal trainer with a little help from his faithful pet dinosaur, Moga.",,2026-05-17T16:57:38.176058
152544,Storage Wars: Northern Treasures,Storage Wars: Northern Treasures,77.03,8.3,3483,2015-09-01,"[""United States""]",[10764],"In Canada, a colorful collection of treasure-seeking scavengers bid on the largely unknown contents of repossessed and abandoned storage units.",,2026-05-17T16:57:38.176372
152545,Strawberry Shortcake: Berry Bitty Adventures,Strawberry Shortcake: Berry Bitty Adventures,174.27,4.9,1844,2015-09-01,"[""France""]",[18],"Join Strawberry Shortcake and her berry best friends in the whimsical land of Berry Bitty City, where they learn about teamwork and decision-making.",,2026-05-17T16:57:38.176712
152546,Strong Girl Bong-soon,Strong Girl Bong-soon,126.57,7.0,2369,2017-09-01,"[""South Korea""]",[18],"Born with supernatural strength, Bong-soon fights evil and procures justice while getting tangled in a love triangle with her CEO boss and cop crush.",,2026-05-17T16:57:38.176988
152547,Strongland,Strongland,246.37,4.6,3457,2018-09-01,"[""US""]",[18],"From Spain's countryside to Scotland's stony terrain, this collection of uplifting documentaries explores the cultural roots of great strongman traditions.",,2026-05-17T16:57:38.177198
152548,Suits,Suits,99.4,7.0,1060,2018-09-01,"[""South Korea""]",[18],A renowned corporate attorney at a prestigious firm gambles on a dropout with a photographic memory but no law degree to help on high-stakes cases.,,2026-05-17T16:57:38.177350
152549,Super Bheem,Super Bheem,116.85,6.5,2516,2019-09-01,"[""India""]",[18],"In this 3D-animated spinoff from the Chhota Bheem series, valiant superhero Bheem goes beyond his village to fight the good fight across the universe.",,2026-05-17T16:57:38.177487
152550,Super Wings,Super Wings,21.34,6.4,3302,2020-09-01,"[""United States""]",[18],A cheerful jet and his transforming pals strive to find peaceful solutions to their problems while delivering packages to children around the globe.,,2026-05-17T16:57:38.177656
152551,SuperNature: Wild Flyers,SuperNature: Wild Flyers,50.74,8.1,3687,2016-09-01,"[""United Kingdom""]",[18],This series examines the aerodynamics of flight and the evolutionary processes that have enabled certain species to survive by taking to the skies.,,2026-05-17T16:57:38.177805
152552,Surviving R. Kelly Part II: The Reckoning,Surviving R. Kelly Part II: The Reckoning,135.09,6.2,8037,2020-09-01,"[""United States""]",[18],"As more women come forward with harrowing accusations against R. Kelly, his criminal case gains momentum in this follow-up to the powerful docuseries.",,2026-05-17T16:57:38.177934
152553,Swami Baba Ramdev: The Untold Story,Swami Baba Ramdev: The Untold Story,47.08,6.7,4880,2018-09-01,"[""US""]",[18],"Born into poverty and denied an education, a village boy overcomes society’s obstacles to become India’s foremost spiritual guru, revered by millions.",,2026-05-17T16:57:38.178046
152554,Sym-Bionic Titan,Sym-Bionic Titan,65.11,5.7,7618,2010-09-01,"[""United States""]",[18],"Aliens fleeing their planet land on Earth, pose as teenagers and fight off mutant space monsters by joining forces to become a powerful giant robot.",,2026-05-17T16:57:38.178194
152555,Taken,Taken,116.74,7.2,1400,2018-09-01,"[""France""]",[18],"After a personal tragedy upends his life, a highly skilled former Green Beret is drawn into a career as a secret government operative.",,2026-05-17T16:57:38.178315
152556,Tales of the City (1993),Tales of the City (1993),49.81,5.3,6866,1993-09-01,"[""United Kingdom""]",[18],"In 1976, naive Mary Ann Singleton moves to San Francisco and finds a new family in her bohemian landlady and the eclectic residents at 28 Barbary Lane.",,2026-05-17T16:57:38.178743
152557,Teresa,Teresa,103.87,4.0,5980,2010-09-01,"[""Mexico""]",[18],"We all want so much more than we have, but how far are we willing to go to get it?",,2026-05-17T16:57:38.179019
152558,Th Eena Meena Deeka Chase Comedy Show,Th Eena Meena Deeka Chase Comedy Show,298.01,7.4,2965,2015-09-01,"[""India""]",[18],"A hungry fox and three resourceful, surprisingly formidable birds turn the animal kingdom on its head in this lively animated series.",,2026-05-17T16:57:38.179276
152559,Thackeray,Thackeray,39.89,4.4,1852,2019-09-01,"[""India""]",[18],"From controversial cartoonist to powerful Mumbai politician, this biopic maps the meteoric rise of far-right Shiv Sena party founder, Bal Thackeray.",,2026-05-17T16:57:38.179465
152560,That '70s Show,That '70s Show,34.56,7.2,6397,2005-09-01,"[""United States""]",[18],"Feel groovy in 1970s suburbia, where a teen and his pals hang in the basement, listening to rock and indulging other hazy benefits of '70s culture.",,2026-05-17T16:57:38.179935
152561,The 2000s,The 2000s,443.09,5.1,3226,2018-09-01,"[""United States""]",[18],"Examine the triumphs, tragedies, cultural shifts and technological leaps that occurred during the millennium's first decade.",,2026-05-17T16:57:38.180188
152562,The Adjusters,The Adjusters,8.83,6.6,2617,2010-09-01,"[""US""]",[18],"An insurance adjuster investigates cases of possible fraud while hiding a romance with a colleague, unaware that someone he trusts is toying with him.",,2026-05-17T16:57:38.180348
152563,The Adventures of Figaro Pho,The Adventures of Figaro Pho,94.36,7.7,756,2015-09-01,"[""Australia""]",[18],"Imagine your worst fears, then multiply them: Figaro is a boy with any number of phobias and a highly quirky and imaginative way of dealing with them.",,2026-05-17T16:57:38.180487
152564,The Andy Griffith Show,The Andy Griffith Show,219.72,5.7,5071,1967-09-01,"[""United States""]",[18],"Homespun humor and easygoing Sheriff Andy Taylor are at the center of this nostalgic look at Mayberry, a small town filled with lovable characters.",,2026-05-17T16:57:38.180657
152565,The Apartment,The Apartment,163.7,7.4,1531,2014-09-01,"[""Singapore""]",[10764],"With their eyes on the grand prize, amateur designers push their creative limits in this reality competition show hosted by design icon Jamie Durie.",,2026-05-17T16:57:38.180854
152566,The Bachelor,The Bachelor,104.05,6.0,1670,2009-09-01,"[""US""]",[10764],A single man searches for his soulmate through a series of dates with 25 contestants ready to romance him for a chance at love.,,2026-05-17T16:57:38.181039
152567,The Beat,The Beat,19.31,6.5,3528,2012-09-01,"[""US""]",[18],"The artistic pursuits of two childhood friends, an aspiring singer and a talented dancer, lead them to four other 20-somethings in a drumming group.",,2026-05-17T16:57:38.181389
152568,The Beginning of Life: The Series,The Beginning of Life: The Series,64.72,6.3,5599,2016-09-01,"[""Brazil""]",[18],"Using breakthroughs in technology and neuroscience, this series examines how environment affects infants – and how infants can affect our future.",,2026-05-17T16:57:38.181783
152569,The Bible's Buried Secrets,The Bible's Buried Secrets,32.73,7.3,3060,2011-09-01,"[""United Kingdom""]",[18],"Host Francesca Stavrakopoulou travels across the Middle East, offering extraordinary insights into the stories of the Old Testament.",,2026-05-17T16:57:38.182001
152570,The Big Catch,The Big Catch,198.5,5.7,2430,2015-09-01,"[""United Kingdom""]",[10764],"In a global competition, eight fishing enthusiasts battle extreme conditions and dangerous waters to be crowned the ultimate angler.",,2026-05-17T16:57:38.182196
152571,The Blue Planet: A Natural History of the Oceans,The Blue Planet: A Natural History of the Oceans,374.26,4.3,792,2001-09-01,"[""United Kingdom""]",[18],"David Attenborough narrates this definitive exploration of the marine world, from the familiar to the unknown, revealing the sea and its communities.",,2026-05-17T16:57:38.182423
152572,The Bomb Squad,The Bomb Squad,308.03,6.5,395,2011-09-01,"[""United Kingdom""]",[18],This documentary follows British bomb disposal teams in Afghanistan and the dangers they face in their methodical lives on the front lines of war.,,2026-05-17T16:57:38.182683
152573,The Calling,The Calling,232.82,6.5,3181,2018-09-01,"[""India""]",[10764],"Food-crazed travel junkies journey across India, completing bucket list challenges for a chance to win a once-in-a-lifetime scholarship.",,2026-05-17T16:57:38.182961
152574,The Chefs' Line,The Chefs' Line,190.71,4.0,348,2017-09-01,"[""Australia""]",[10764],Home cooks face off against trained chefs to see if passion can beat profession in the kitchen in this reality competition show.,,2026-05-17T16:57:38.183161
152575,The Code,The Code,38.39,3.4,9548,2011-09-01,"[""United Kingdom""]",[18],"In this three-part documentary series, host Marcus du Sautoy examines the mathematical code underlying all of life on Earth and the universe itself.",,2026-05-17T16:57:38.183341
152576,The Cravings,The Cravings,160.69,7.1,1684,2016-09-01,"[""South Korea""]",[18],"Thirtysomething career woman Jae-yeong attempts to juggle her job and personal relationships, all the while never failing to eat well.",,2026-05-17T16:57:38.183537
152577,The Curse of Oak Island,The Curse of Oak Island,41.25,5.3,3581,2016-09-01,"[""United States""]",[18],"On an ominous island off of Nova Scotia, two brothers chase historical theories on a quest for enigmatic treasure.",,2026-05-17T16:57:38.183812
152578,The Day My Butt Went Psycho!,The Day My Butt Went Psycho!,96.81,5.6,4791,2015-09-01,"[""Canada""]",[18],A boy and his best friend – his newly detached butt – embark on wacky adventures in a world where humans and their butts live side by side.,,2026-05-17T16:57:38.183957
152579,The Devil Is a Part-Timer!,The Devil Is a Part-Timer!,351.33,7.1,597,2013-09-01,"[""Japan""]",[18],"Thwarted in their attempt to take over the world of Ente Isla, Satan and his general Alciel land in modern-day Tokyo, where they take on human form.",,2026-05-17T16:57:38.184114
152580,The Drunk and on Drugs Happy Funtime Hour,The Drunk and on Drugs Happy Funtime Hour,21.8,8.9,5679,2011-09-01,"[""Canada""]",[18],"A variety-show production trips up big time when the cast members take their roles to new heights, and the line between fact and fiction blurs.",,2026-05-17T16:57:38.184257
152581,The Eighties,The Eighties,333.41,7.2,5041,2016-09-01,"[""United States""]",[18],"This nostalgic documentary series relives the 1980s from a variety of angles, exploring its impact on the politics, technology and culture of today.",,2026-05-17T16:57:38.184391
152582,The Fear,The Fear,128.72,6.1,1123,2012-09-01,"[""United Kingdom""]",[18],"Richie Beckett is an aging Brighton crime boss who's struggling with the onset of dementia, just as a rival gang is trying to take over his territory.",,2026-05-17T16:57:38.184523
152583,The Five,The Five,47.18,7.2,4362,2016-09-01,"[""United Kingdom""]",[18],"Twenty years after 5-year-old Jesse disappears near his home, his DNA turns up at the scene of a woman's murder, baffling his family and the police.",,2026-05-17T16:57:38.184703
152584,The Fosters,The Fosters,242.33,7.8,7998,2017-09-01,"[""United States""]",[18],"This offbeat drama charts the ups and downs of an interracial lesbian couple and their multiethnic brood of biological, adopted and foster children.",,2026-05-17T16:57:38.184853
152585,The Furchester Hotel,The Furchester Hotel,68.67,3.2,5254,2015-09-01,"[""United Kingdom""]",[18],"Elmo hops across the pond to help his extended monster family solve problems at their ""almost"" world-class establishment, the Furchester Hotel.",,2026-05-17T16:57:38.184983
152586,The Future of Water,The Future of Water,21.74,6.3,2234,2007-09-01,"[""Norway""]",[18],A look at the deeply intertwined history of humanity and fresh water reveals looming challenges that could upend power structures around the world.,,2026-05-17T16:57:38.185133
152587,The Golden Years with Javed Akhtar,The Golden Years with Javed Akhtar,53.55,9.2,2200,2016-09-01,"[""India""]",[18],"Writer, poet and lyricist Javed Akhtar hosts this musical trip down memory lane, revealing untold stories behind India's best songs of 1950-75.",,2026-05-17T16:57:38.185269
152588,The Great British Baking Show: Masterclass,The Great British Baking Show: Masterclass,96.05,5.6,2114,2018-09-01,"[""United Kingdom""]",[10764],Hosts Mary Berry and Paul Hollywood leave the tent and go into the kitchen to put their professional spin on baking techniques used in the show.,,2026-05-17T16:57:38.185398
152589,The Great Train Robbery,The Great Train Robbery,29.26,7.3,917,2013-09-01,"[""United Kingdom""]",[18],"This two-part tale delivers the true story of the Great Train Robbery of 1963, the biggest one in England's history.",,2026-05-17T16:57:38.185525
152590,The Guild,The Guild,190.57,9.0,1395,2013-09-01,"[""United States""]",[18],Fantasy and reality collide when a surprisingly diverse group of online video-game addicts struggle to balance the game with personal relationships.,,2026-05-17T16:57:38.185786
152591,The Homecoming,The Homecoming,126.88,5.4,1670,2015-09-01,"[""US""]",[10764],"Panelists from the Korean show ""Abnormal Summit"" lead cast mates on tours of their home countries, including China, Nepal, Italy, Canada and France.",,2026-05-17T16:57:38.185979
152592,The House That Made Me,The House That Made Me,5.69,7.9,2645,2015-09-01,"[""India""]",[10764],"With host Vinay Pathak, Indian celebrities return to their childhood homes to reconnect with the past and share stories of their journey to success.",,2026-05-17T16:57:38.186160
152593,The Hunt,The Hunt,163.11,8.8,1586,2015-09-01,"[""United Kingdom""]",[18],"Witness some of the most riveting showdowns in the animal kingdom as cameras capture leopards, polar bears and other predators targeting their prey.",,2026-05-17T16:57:38.186321
152594,The Inbetweeners,The Inbetweeners,72.63,6.9,5921,2010-09-01,"[""United Kingdom""]",[18],This rib-tickling series follows four English lads as they try – and fail spectacularly – to navigate the wretched no-man's land of adolescence.,,2026-05-17T16:57:38.186459
152595,The Investigator: A British Crime Story,The Investigator: A British Crime Story,80.07,6.7,8846,2018-09-01,"[""United Kingdom""]",[18],"After 40 years of inconclusive evidence, renowned criminologist Mark Williams-Thomas re-examines a string of mysterious murders.",,2026-05-17T16:57:38.186633
152596,The Irish Mob,The Irish Mob,70.3,8.0,9255,2008-09-01,"[""US""]",[18],"This documentary crime series charts the rise of the Irish Mob in America, from urban immigrant poverty to political power and wealth.",,2026-05-17T16:57:38.187031
152597,The Jaime Maussan Show,The Jaime Maussan Show,92.47,8.2,1786,2010-09-01,"[""United States""]",[18],Mexican journalist and UFO investigator Jaime Maussan travels the world collecting evidence and firsthand accounts of extraterrestrial phenomena.,,2026-05-17T16:57:38.187476
152598,The Jungle Book,The Jungle Book,144.08,5.5,1188,2010-09-01,"[""India""]",[18],"This animated series follows young Mowgli and his animal mentors Bagheera and Baloo, who do their best to protect him from fierce tiger Shere Khan.",,2026-05-17T16:57:38.187720
152599,The Kindness Diaries,The Kindness Diaries,323.42,6.8,3475,2019-09-01,"[""US""]",[10764],"Host Leon Logothetis travels the world with only a vintage motorbike and the kindness of strangers, which he pays back in unexpected, inspiring ways.",,2026-05-17T16:57:38.187953
152600,The L Word,The L Word,120.21,7.3,9314,2009-09-01,"[""Canada""]",[18],This trailblazing series follows the tangled lives and ever-changing relationships among a close-knit group of lesbians who call Los Angeles home.,,2026-05-17T16:57:38.188158
152601,The Lady in Dignity,The Lady in Dignity,141.04,8.3,830,2017-09-01,"[""South Korea""]",[18],The wife of a corporate heir finds her luxurious life overturned by a mysterious woman who joins the household as a caregiver for her father-in-law.,,2026-05-17T16:57:38.188326
152602,The Liar,The Liar,324.21,8.2,10852,2013-09-01,"[""US""]",[18],"At the CARE detective agency, investigators see a lot of action but must always keep their cases secret, even when it affects their personal lives.",,2026-05-17T16:57:38.188461
152603,The Lizzie Borden Chronicles,The Lizzie Borden Chronicles,212.22,6.4,6638,2015-09-01,"[""United States""]",[18],"Exonerated in the murder of her father and stepmother, Lizzie Borden takes on crime lords, detectives and other foes as she savors her new infamy.",,2026-05-17T16:57:38.188773
152604,The Making of Frozen Planet,The Making of Frozen Planet,8.77,8.3,1300,2012-09-01,"[""United Kingdom""]",[18],Documentary crew members brave Earth's most frigid regions to capture the majesty and mystery found in the chillier side of the animal kingdom.,,2026-05-17T16:57:38.189000
152605,The Messengers,The Messengers,219.18,5.9,5706,2015-09-01,"[""United States""]",[18],A group of strangers who are killed by a mysterious object soon come back to life and learn they have been chosen to prevent the apocalypse.,,2026-05-17T16:57:38.189190
152606,The Mind of a Chef,The Mind of a Chef,245.68,4.5,7236,2016-09-01,"[""United States""]",[18],Producer and narrator Anthony Bourdain explores the creative processes of international celebrity chefs to learn what fuels their culinary artistry.,,2026-05-17T16:57:38.189343
152607,The Minimighty Kids,The Minimighty Kids,125.87,4.0,4012,2012-09-01,"[""France""]",[18],"Some have big feet or a sniffly nose, others are clumsy or too sweaty – but these kids soon discover their mini problems can become superpowers.",,2026-05-17T16:57:38.189480
152608,The Ministry of Time,The Ministry of Time,11.44,6.8,5824,2017-09-01,"[""Spain""]",[18],Three officers from different eras work for a secret agency guarding Spain's past from time-traveling intruders trying to manipulate history.,,2026-05-17T16:57:38.189911
152609,The Mortified Guide,The Mortified Guide,104.23,8.8,779,2018-09-01,"[""United States""]",[18],"Brave people get onstage to read hilarious and humiliating tales of gawky teenage love, family dysfunction and other stories from their younger years.",,2026-05-17T16:57:38.190267
152610,The Most Beautiful Hands of Delhi,The Most Beautiful Hands of Delhi,159.95,4.1,2888,2017-09-01,"[""Sweden""]",[18],"A stalled career, failed marriage and receding hairline drive a middle-aged Swedish man to try to revitalize his life by visiting India.",,2026-05-17T16:57:38.190453
152611,The Murder Detectives,The Murder Detectives,197.85,6.4,2106,2015-09-01,"[""United Kingdom""]",[18],"This series tracks the ups and downs of an 18-month investigation into the 2014 stabbing murder of teenager Nicholas Robinson in Bristol, England.",,2026-05-17T16:57:38.190650
152612,The Netflix Afterparty,The Netflix Afterparty,213.56,5.5,6719,2021-09-01,"[""United States""]",[18],"Hosts David Spade, Fortune Feimster and London Hughes welcome guests from the newest and biggest Netflix titles for fun conversations, skits and more.",,2026-05-17T16:57:38.190853
152613,The Nineties,The Nineties,17.42,4.8,3459,2017-09-01,"[""United States""]",[18],This U.S.-focused series dives into the cultural and political changes that swept the last decade of the 20th century. Executive produced by Tom Hanks.,,2026-05-17T16:57:38.191201
152614,The Office (U.S.),The Office (U.S.),126.93,3.1,107,2012-09-01,"[""United States""]",[18],This hit comedy chronicles the foibles of disgruntled office workers – led by deluded boss Michael Scott – at the Dunder Mifflin paper company.,,2026-05-17T16:57:38.191745
152615,The Pyramid Code,The Pyramid Code,238.36,5.0,938,2009-09-01,"[""Canada""]",[18],How was the scientific understanding of the ancients so advanced? A team of experts answers this and other questions in this fascinating series.,,2026-05-17T16:57:38.191958
152616,The Rap Game,The Rap Game,170.47,8.5,4505,2016-09-01,"[""United States""]",[10764],Young lyricists between the ages of 12 and 16 compete for a chance to sign to Jermaine Dupri's label while being mentored by hip-hop and R&B's finest.,,2026-05-17T16:57:38.192151
152617,The Real Football Factories,The Real Football Factories,121.42,5.9,4805,2006-09-01,"[""United Kingdom""]",[18],Examine the troubling history of football hooliganism and hear from real hooligans about their bitter rivalries and rowdiest brawls.,,2026-05-17T16:57:38.192370
152618,The Returned,The Returned,223.55,5.2,1801,2015-09-01,"[""France""]",[18],"On returning home and finding they're believed to be dead, a collection of near-strangers from the same village try to find a reason for their plight.",,2026-05-17T16:57:38.192524
152619,The Road to Calvary,The Road to Calvary,313.66,6.4,2345,2017-09-01,"[""Russia""]",[18],"Swept up in political unrest during World War I, two sisters in St. Petersburg cope with turbulent romances as Russian history is made around them.",,2026-05-17T16:57:38.192812
152620,The Seventies,The Seventies,90.41,1.8,4457,2015-09-01,"[""United States""]",[18],"This series examines 1970s America, focusing on the major political and historical landmarks of the decade and the cultural response to those events.",,2026-05-17T16:57:38.193012
152621,The Sniffer,The Sniffer,212.63,7.0,1924,2017-09-01,"[""Ukraine""]",[18],"An extraordinary sense of smell gives a crime investigator unique insight into solving mysteries, but his gift takes a toll on his personal life.",,2026-05-17T16:57:38.193192
152622,The Story of God with Morgan Freeman,The Story of God with Morgan Freeman,17.33,8.8,3143,2017-09-01,"[""United States""]",[18],"Host Morgan Freeman explores religion's role in human history, how our beliefs connect us and possible answers to life's million-dollar questions.",,2026-05-17T16:57:38.193345
152623,The Story of Us with Morgan Freeman,The Story of Us with Morgan Freeman,205.67,8.5,2729,2017-09-01,"[""United States""]",[18],"Explore the forces of love, belief, power, war, peace, rebellion and freedom in this series about the ties that bind – and destroy – humanity.",,2026-05-17T16:57:38.193736
152624,The Super Mario Bros. Super Show!,The Super Mario Bros. Super Show!,252.13,9.0,4415,1989-09-01,"[""United States""]",[18],"Mixing live action and animation, this classic series brought the beloved Super Mario Bros. video game characters to television screens everywhere.",,2026-05-17T16:57:38.194169
152625,The Traffickers,The Traffickers,171.69,7.2,4061,2016-09-01,"[""United States""]",[18],"In this hard-hitting series, journalist Nelufar Hedayat travels the globe to expose an array of black markets, from guns and gold to human body parts.",,2026-05-17T16:57:38.194402
152626,The Tudors,The Tudors,281.7,5.5,3616,2010-09-01,"[""Ireland""]",[18],All the splendor and scandal of England's 16th-century royal court comes to life in this series that follows notorious Tudor monarch Henry VIII.,,2026-05-17T16:57:38.194755
152627,The Twilight Zone (Original Series),The Twilight Zone (Original Series),30.48,7.8,4300,1963-09-01,"[""United States""]",[18],"Hosted by creator Rod Serling, this groundbreaking anthology series presents tales of the supernatural that are often tinged with social commentary.",,2026-05-17T16:57:38.194952
152628,The Underwear,The Underwear,163.49,8.5,4461,2017-09-01,"[""US""]",[18],Virtual and real worlds collide as a group of teenagers who are grappling with matters of the heart cross paths in a cafe and on an anonymous website.,,2026-05-17T16:57:38.195213
152629,The Universe,The Universe,447.17,6.0,910,2009-09-01,"[""United States""]",[18],"Discover the secrets of the universe in this series that pairs animation with insights on distant planets, black holes and other celestial marvels.",,2026-05-17T16:57:38.195428
152630,The Vietnam War: A Film by Ken Burns and Lynn Novick,The Vietnam War: A Film by Ken Burns and Lynn Novick,192.29,5.6,709,2017-09-01,"[""United States""]",[18],"Ken Burns presents an epic 10-part, 18-hour chronicle of the Vietnam War, featuring the soldiers, protesters, politicians and families that lived it.",,2026-05-17T16:57:38.195632
152631,The War: A Film by Ken Burns and Lynn Novick,The War: A Film by Ken Burns and Lynn Novick,59.42,6.4,6242,2007-09-01,"[""United States""]",[18],"A seven-part series brings World War II to life through the harrowing personal accounts of soldiers and others from ""typical"" American towns.",,2026-05-17T16:57:38.195860
152632,The West Wing,The West Wing,14.23,7.0,730,2005-09-01,"[""United States""]",[18],This powerful political epic chronicles the triumphs and travails of White House senior staff under the administration of President Josiah Bartlet.,,2026-05-17T16:57:38.196009
152633,The Womanizer,The Womanizer,248.41,4.9,8464,2010-09-01,"[""China""]",[18],Libertine He-jie finds himself torn between the lovely Amanda and fiery Xiao-qian. But now he faces a new problem: arrogant rival suitor Cheng-en.,,2026-05-17T16:57:38.196204
152634,The Year of Happiness and Love,The Year of Happiness and Love,147.86,4.8,6229,2009-09-01,"[""Taiwan""]",[18],"Jiang Chen-bo is a loser without prospects for success, until a surprise promotion becomes the catalyst for his entire family's upturn in fortune.",,2026-05-17T16:57:38.196363
152635,ThirTEEN Terrors,ThirTEEN Terrors,86.37,8.0,4098,2014-09-01,"[""Thailand""]",[18],A group of teens searches for the dark truth behind their school's mysterious and brutal history.,,2026-05-17T16:57:38.196503
152636,This Is My Love,This Is My Love,328.46,4.1,4315,2015-09-01,"[""South Korea""]",[18],"A renowned actor who is still pining over the loss of his first real love writes an autobiography about his memories of her, hoping to reconnect.",,2026-05-17T16:57:38.196686
152637,Tientsin Mystic,Tientsin Mystic,67.26,8.6,3986,2017-09-01,"[""China""]",[18],"In an otherworldly river town, a policeman follows the trail of a sinister force to save his community from deadly spells.",,2026-05-17T16:57:38.197148
152638,Timeless Season,Timeless Season,69.57,6.6,8530,2009-09-01,"[""US""]",[18],"A decade after college, a wake reunites five female friends struggling with illness, infidelity, toxic in-laws, spousal abuse and other life issues.",,2026-05-17T16:57:38.197379
152639,Timeline,Timeline,163.01,6.9,4714,2014-09-01,"[""US""]",[18],"Firsthand accounts, re-enactments and computer-generated graphics retell in detail Thailand's biggest news stories from the past.",,2026-05-17T16:57:38.197579
152640,Tip the Mouse,Tip the Mouse,26.78,5.5,3114,2014-09-01,"[""Germany""]",[18],"In his tiny meadow village, curious little mouse Tip enjoys fun and adventure while learning about the world with his furry friends and family.",,2026-05-17T16:57:38.197792
152641,Toast of London,Toast of London,210.54,5.0,6956,2015-09-01,"[""United Kingdom""]",[18],"After a divorce and fatal career move, a classically trained British stage actor navigates single life with his odd roommate and takes on horrid jobs.",,2026-05-17T16:57:38.197990
152642,Tobot,Tobot,131.41,9.0,6781,2018-09-01,"[""Canada""]",[18],They’re robots that can transform into cars – and the Tobots are committed to fighting villains to protect the city and root out crime.,,2026-05-17T16:57:38.198531
152643,Top 10 Secrets and Mysteries,Top 10 Secrets and Mysteries,298.57,6.8,7189,2018-09-01,"[""United Kingdom""]",[18],"This series investigates mysteries that persistently elude scientific explanation, such as mythical creatures, UFOs, sacred sites and more.",,2026-05-17T16:57:38.198789
152644,Top Grier,Top Grier,195.4,5.0,2087,2018-09-01,"[""United States""]",[10764],"Social media star Hayes Grier returns to North Carolina for a reality series packed with action sports, pranks and romantic escapades.",,2026-05-17T16:57:38.199096
152645,Towies,Towies,182.93,7.5,954,2016-09-01,"[""US""]",[10764],Australia's toughest tow truck operators work to keep Queensland's streets clear of overturned semis and other automotive disasters.,,2026-05-17T16:57:38.199387
152646,Trotsky,Trotsky,12.4,4.3,1968,2017-09-01,"[""Russia""]",[18],The complex historical figure of Leon Trotsky comes to life in this epic biography that depicts the tumultuous life of the Russian revolutionary.,,2026-05-17T16:57:38.199865
152647,Twin Peaks,Twin Peaks,93.73,8.6,5206,1990-09-01,"[""United States""]",[18],"""Who killed Laura Palmer?"" is the question on everyone's lips in a secretive small town, but as an eccentric FBI agent learns, the answer isn't easy.",,2026-05-17T16:57:38.200288
152648,Twirlywoos,Twirlywoos,243.1,8.6,8308,2018-09-01,"[""United Kingdom""]",[18],"The colorful and curious family of Twirlywoos bounces around their boat and visits new places, turning learning into adventures wherever they land.",,2026-05-17T16:57:38.200647
152649,Ugly Duckling,Ugly Duckling,55.2,5.9,3268,2015-09-01,"[""Thailand""]",[18],"Young women face up to their insecurities and circumstances, finding love and laughs along the way. Featuring a different storyline every season.",,2026-05-17T16:57:38.200887
152650,V.R. Troopers,V.R. Troopers,8.84,7.0,6377,1995-09-01,"[""United States""]",[18],Three friends who study martial arts find themselves defending humanity from a criminal mastermind and his invading army from another dimension.,,2026-05-17T16:57:38.201060
152651,ViR: The Robot Boy,ViR: The Robot Boy,101.42,7.5,5596,2013-09-01,"[""US""]",[18],"Humanoid robot boy ViR lives with his inventor, Dr. Prem Sahay, and, with his best friends, is always ready to use his superpowers to save the day.",,2026-05-17T16:57:38.201341
152652,Vroomiz,Vroomiz,307.17,6.1,2304,2016-09-01,"[""South Korea""]",[18],"For these half-car, half-animal friends, each day in Zippy City is a chance to have fun, be creative and use teamwork to solve difficult problems.",,2026-05-17T16:57:38.201503
152653,Wake Up,Wake Up,84.81,8.0,1889,2017-09-01,"[""US""]",[18],"After taking the blame for a patient death, an anesthesiologist battling psychiatric trauma fights to stay afloat in the corrupt hospital system.",,2026-05-17T16:57:38.201690
152654,Wartime Portraits,Wartime Portraits,66.7,8.0,1632,2014-09-01,"[""Poland""]",[18],"Part live-action and part animation, this visually inventive series offers striking portrayals of some of the unsung heroes of World War II.",,2026-05-17T16:57:38.201846
152655,Weeds,Weeds,60.41,5.4,2573,2012-09-01,"[""United States""]",[18],A suburban mother starts selling marijuana to her affluent neighbors so she can maintain her comfortable lifestyle after her husband's sudden death.,,2026-05-17T16:57:38.201985
152656,Weird Wonders of the World,Weird Wonders of the World,171.24,5.3,2454,2016-09-01,"[""United Kingdom""]",[18],"From animal oddities and bizarre science to medical marvels, scientists and experts examine some of the world's strangest mysteries and phenomena.",,2026-05-17T16:57:38.202694
152657,What Happens to My Family,What Happens to My Family,39.88,7.0,408,2016-09-01,"[""Turkey""]",[18],A naïve young woman goes to Istanbul to meet the now-grown boy who jokingly promised to marry her in 11 years after she saved his life as a child.,,2026-05-17T16:57:38.202952
152658,What Is Love?,What Is Love?,29.51,6.6,768,2012-09-01,"[""Taiwan""]",[18],"A 32-year-old romantic looking for a long-term, monogamous relationship meets a handsome bad boy who only believes in one-night stands.",,2026-05-17T16:57:38.203136
152659,When Calls the Heart,When Calls the Heart,236.25,5.8,5138,2017-09-01,"[""United States""]",[18],"Leaving behind her upper-crust city roots, a woman journeys west in the early 1900s to become a teacher in a small Canadian mining community.",,2026-05-17T16:57:38.203322
152660,Who's the One,Who's the One,42.88,7.9,2799,2011-09-01,"[""Taiwan""]",[18],"A doctor performs plastic surgery on a fat man who's been jilted, and continues his transformation by turning him into a handsome, desirable man.",,2026-05-17T16:57:38.203499
152661,Wild Alaska,Wild Alaska,270.18,8.4,7577,2015-09-01,"[""United Kingdom""]",[18],"The natural bounty of Alaska sustains its diverse species through extreme weather conditions in three seasons, each with its rewards and challenges.",,2026-05-17T16:57:38.203868
152662,Wild Arabia,Wild Arabia,167.39,7.1,6573,2013-09-01,"[""United Kingdom""]",[18],The widely varied geology and dramatic landscapes in the continental crossroads of Arabia harbors a rich history and an abundance of wildlife.,,2026-05-17T16:57:38.204201
152663,Winsanity,Winsanity,283.51,7.3,3445,2016-09-01,"[""United States""]",[10764],Actor Donald Faison hosts this game show in which contestants must arrange numerical-based trivia tidbits from largest to smallest for various prizes.,,2026-05-17T16:57:38.204409
152664,Winter Sun,Winter Sun,130.67,8.6,3125,2014-09-01,"[""Turkey""]",[18],"Years after ruthless businessmen kill his father and order the death of his twin brother, a modest fisherman adopts a new persona to exact revenge.",,2026-05-17T16:57:38.204752
152665,Women Behind Bars,Women Behind Bars,156.8,7.5,2510,2010-09-01,"[""United States""]",[18],"This reality series recounts true stories of women who have been convicted for murder, including an in-depth examination of each crime.",,2026-05-17T16:57:38.204973
152666,World's Busiest Cities,World's Busiest Cities,144.11,5.8,1387,2017-09-01,"[""United Kingdom""]",[18],"From Moscow to Mexico City, three BBC journalists delve into the inner workings of some of the most burgeoning metropolises on Earth.",,2026-05-17T16:57:38.205168
152667,Yeh Meri Family,Yeh Meri Family,81.17,5.9,997,2018-09-01,"[""India""]",[18],"In the summer of 1998, middle child Harshu balances school, family, friendship and other challenges of growing up.",,2026-05-17T16:57:38.205337
152668,Yo-Kai Watch,Yo-Kai Watch,7.03,5.5,6436,2015-09-01,"[""United States""]",[18],"Nate frees a mythical being trapped in a magic capsule, and the two new friends have adventures with all sorts of troublesome supernatural creatures.",,2026-05-17T16:57:38.205489
152669,Yoko,Yoko,75.37,4.9,7043,2016-09-01,"[""US""]",[18],"Friends Mai, Oto and Vik's games at the park become magical adventures, thanks to Yoko, who can turn playgrounds into spaceships and camping sites.",,2026-05-17T16:57:38.205708
152670,YOM,YOM,195.43,5.8,3266,2016-09-01,"[""US""]",[18],"With the mind of a human being, and the body of whichever animal he chooses to be, a young boy protects the world from danger.",,2026-05-17T16:57:38.205879
152671,Yu-Gi-Oh! Arc-V,Yu-Gi-Oh! Arc-V,85.5,4.2,1077,2015-09-01,"[""Japan""]",[18],"Now that he's discovered the Pendulum Summoning technique, Yuya's dream of becoming the greatest ""dueltainer"" is in reach – but it won't be easy!",,2026-05-17T16:57:38.206025
152672,Yunus Emre,Yunus Emre,276.16,5.3,2222,2016-09-01,"[""Turkey""]",[18],"During the Mongol invasions, Yunus Emre leaves his home to travel across the Ottoman Empire, defying hardships and temptations to become a dervish.",,2026-05-17T16:57:38.206188
152673,Zak Storm,Zak Storm,70.02,5.9,2757,2016-09-01,"[""United States""]",[18],"Teen surfer Zak Storm is mysteriously transported to the Bermuda Triangle, where he becomes the captain of a magical ship full of misfits.",,2026-05-17T16:57:38.206364
152674,Zindagi Gulzar Hai,Zindagi Gulzar Hai,162.64,7.1,9073,2012-09-01,"[""Pakistan""]",[18],"Strong-willed, middle-class Kashaf and carefree, wealthy Zaroon meet in college, but before love can take root, they each have some growing up to do.",,2026-05-17T16:57:38.206507
152675,Zombie Dumb,Zombie Dumb,242.82,4.8,10068,2018-09-01,"[""US""]",[18],"While living alone in a spooky town, a young girl befriends a motley crew of zombie children with diverse personalities.",,2026-05-17T16:57:38.206689
